{
"type": "FeatureCollection",
"name": "sfincs_alaska_flowpaths_nwm",
"crs": { "type": "name", "properties": { "name": "urn:ogc:def:crs:EPSG::4269" } },
"features": [
{ "type": "Feature", "properties": { "OBJECTID": 12675, "ID": 75004300001228.0, "Shape_Length": 0.026015008770576574 }, "geometry": { "type": "MultiLineString", "coordinates": [ [ [ -151.734017473999984, 59.802136503000042 ], [ -151.73403117899997, 59.802127406000068 ], [ -151.734042524999978, 59.802118237000059 ], [ -151.734050929999967, 59.802109150000035 ], [ -151.734055552999962, 59.802100300000063 ], [ -151.734055242999972, 59.802091860000075 ], [ -151.734049062999958, 59.802083959000072 ], [ -151.734038036999976, 59.802076531000068 ], [ -151.734023420999961, 59.802069464000056 ], [ -151.734006181999973, 59.802062682000042 ], [ -151.733987046999971, 59.80205612900005 ], [ -151.733966554999967, 59.802049778000082 ], [ -151.733945103999957, 59.802043622000042 ], [ -151.733923318999985, 59.802037774000041 ], [ -151.733908811999981, 59.802037526000049 ], [ -151.733813837999975, 59.802041824000071 ], [ -151.733720074999979, 59.802028386000075 ], [ -151.733578220999959, 59.802025964000052 ], [ -151.733506890999962, 59.802030664000029 ], [ -151.733435557999968, 59.802035366000041 ], [ -151.733327956999972, 59.802051283000083 ], [ -151.733196711999966, 59.802066797000066 ], [ -151.73308910999998, 59.802082716000029 ], [ -151.732983928999971, 59.802063163000071 ], [ -151.732974933999969, 59.802021581000076 ], [ -151.732978567999965, 59.801968378000026 ], [ -151.733030292999985, 59.80190415800007 ], [ -151.733154961999958, 59.801811593000082 ], [ -151.733267406999971, 59.80172473600004 ], [ -151.73337702699996, 59.801679261000061 ], [ -151.733643548999964, 59.801589117000049 ], [ -151.733692446999981, 59.801566278000053 ], [ -151.733731137999968, 59.801519592000034 ], [ -151.733728482999965, 59.801457454000058 ], [ -151.733726680999979, 59.801452899000083 ], [ -151.733719874999963, 59.801441530000034 ], [ -151.733711304999957, 59.801430247000042 ], [ -151.733701350999979, 59.801419122000027 ], [ -151.733690248999977, 59.801408251000055 ], [ -151.733678103999978, 59.801397760000043 ], [ -151.733664912999984, 59.801387816000044 ], [ -151.733650552999961, 59.801378636000038 ], [ -151.733634789999968, 59.801370507000058 ], [ -151.733617255999974, 59.801363803000072 ], [ -151.733597529999969, 59.801358808000032 ], [ -151.733576136999972, 59.801355331000082 ], [ -151.733553585999971, 59.801353080000069 ], [ -151.733530285999962, 59.801351864000083 ], [ -151.733506574999979, 59.801351589000035 ], [ -151.733482742999968, 59.801352248000057 ], [ -151.73345906299997, 59.801353924000068 ], [ -151.733435794999963, 59.801356789000067 ], [ -151.733412432999984, 59.801361137000072 ], [ -151.733389642999981, 59.801366630000075 ], [ -151.733367291999969, 59.801372952000065 ], [ -151.733345277999973, 59.801379871000051 ], [ -151.733323515999984, 59.801387212000066 ], [ -151.73331371499998, 59.801390737000077 ], [ -151.733290009999962, 59.801393692000033 ], [ -151.733206052999975, 59.801410013000066 ], [ -151.733133108999965, 59.801438359000031 ], [ -151.73308461299996, 59.801455286000078 ], [ -151.73297660999998, 59.801477116000058 ], [ -151.732916697999968, 59.801487929000075 ], [ -151.732833142999965, 59.801498339000034 ], [ -151.732797678999958, 59.801497734000066 ], [ -151.732705532999972, 59.801460649000035 ], [ -151.732660268999979, 59.801430284000048 ], [ -151.732663094999964, 59.801388904000078 ], [ -151.73266713199996, 59.801329788000032 ], [ -151.732668746999963, 59.801306143000033 ], [ -151.732684199999966, 59.801253141000075 ], [ -151.732688641999971, 59.80118811400007 ], [ -151.732669440999985, 59.801122683000074 ], [ -151.73265963999998, 59.801092924000045 ], [ -151.732711362999964, 59.801028705000078 ], [ -151.73283118699996, 59.801007077000065 ], [ -151.733008903999973, 59.801004195000075 ], [ -151.733126708999976, 59.801012124000067 ], [ -151.733267348999959, 59.801032281000062 ], [ -151.73344304799997, 59.80105895500003 ], [ -151.733571462999976, 59.801084822000064 ], [ -151.733699071999979, 59.801122510000027 ], [ -151.733816069999961, 59.801142262000042 ], [ -151.73397914399996, 59.801180557000066 ], [ -151.73410330699997, 59.801193713000032 ], [ -151.734134024999975, 59.801165446000027 ], [ -151.734137251999982, 59.801118153000061 ], [ -151.734142093999964, 59.801047216000029 ], [ -151.734100458999961, 59.80096364700006 ], [ -151.734056402999983, 59.800915548000035 ], [ -151.734049424999967, 59.800844407000056 ], [ -151.734079521999973, 59.800750226000048 ], [ -151.734084767999974, 59.800673376000077 ], [ -151.733983625999969, 59.800594711000031 ], [ -151.733843391999983, 59.800568643000076 ], [ -151.733724377999977, 59.800578448000067 ], [ -151.733615165999964, 59.800618012000029 ], [ -151.733495343999977, 59.800639641000032 ], [ -151.733376731999982, 59.800643534000073 ], [ -151.733260542999972, 59.800611958000047 ], [ -151.733205878999968, 59.800545922000083 ], [ -151.733339943999965, 59.800489027000083 ], [ -151.733544526999964, 59.800439254000082 ], [ -151.733806195999961, 59.800420048000035 ], [ -151.734114744999971, 59.800407559000064 ], [ -151.734412278999969, 59.800383047000082 ], [ -151.734543515999974, 59.800367531000063 ], [ -151.734686975999978, 59.800346305000062 ], [ -151.734783960999977, 59.800312450000035 ], [ -151.734837293999959, 59.800224584000034 ], [ -151.734818089999976, 59.800159153000038 ], [ -151.734750797999965, 59.800104739000062 ], [ -151.734708353999963, 59.800032995000038 ], [ -151.734665105999966, 59.799973073000046 ], [ -151.734599426999978, 59.799895012000036 ], [ -151.734521927999964, 59.799816750000048 ], [ -151.73439674499997, 59.799743593000073 ], [ -151.734330661999962, 59.799671444000069 ], [ -151.734346112999958, 59.799618442000053 ], [ -151.734467544999973, 59.799573167000062 ], [ -151.734540482999961, 59.799544820000051 ], [ -151.734718191999974, 59.799541934000047 ], [ -151.734855599999975, 59.799609381000039 ], [ -151.735018262999972, 59.799653586000034 ], [ -151.735316595999961, 59.799617248000061 ], [ -151.73543842899997, 59.799566059000028 ], [ -151.73547651399997, 59.79955631200005 ], [ -151.735511366999958, 59.799537712000074 ], [ -151.735585110999978, 59.79949754200004 ], [ -151.735670272999982, 59.799463484000057 ], [ -151.735778670999963, 59.799435741000082 ], [ -151.735923335999956, 59.799396779000062 ], [ -151.73608143499996, 59.799334374000068 ], [ -151.736202458999969, 59.799295009000048 ], [ -151.736370360999985, 59.799262361000046 ], [ -151.73651341599998, 59.799247046000062 ], [ -151.736693540999966, 59.799208688000078 ], [ -151.736801533999966, 59.799186856000063 ], [ -151.736933167999979, 59.799165426000059 ], [ -151.737041565999959, 59.799137682000037 ], [ -151.737162990999963, 59.799092406000057 ], [ -151.73731826599996, 59.799071378000065 ], [ -151.737497179999963, 59.799050755000053 ], [ -151.737640632999984, 59.799029527000073 ], [ -151.737819144999975, 59.799014813000042 ], [ -151.737973610999973, 59.799005609000062 ], [ -151.738187583999974, 59.798991500000056 ], [ -151.738365288999972, 59.798988609000048 ], [ -151.738518951999964, 59.798991227000045 ], [ -151.738613916999981, 59.798986927000044 ], [ -151.738709281999974, 59.798976714000048 ], [ -151.738887792999975, 59.798962001000064 ], [ -151.738984367999961, 59.798934054000028 ], [ -151.739067510999973, 59.798929552000061 ], [ -151.739197935999982, 59.798925854000061 ], [ -151.739292497999969, 59.79892746400003 ], [ -151.739446158999982, 59.798930082000027 ], [ -151.739575778999978, 59.798938208000038 ], [ -151.739728636999956, 59.798952648000068 ], [ -151.739893313999971, 59.798967288000028 ], [ -151.740094256999981, 59.798970709000059 ], [ -151.74025974099996, 59.798973527000044 ], [ -151.740366121999983, 59.798975337000059 ], [ -151.74047451399997, 59.798947591000058 ], [ -151.740525417999976, 59.798895192000032 ], [ -151.74055227599996, 59.798848302000067 ], [ -151.740473959999974, 59.798781867000059 ], [ -151.740392424999982, 59.798762724000028 ], [ -151.740299474999972, 59.79873746800007 ], [ -151.740147019999966, 59.79871711800007 ], [ -151.740019411999981, 59.798679434000064 ], [ -151.739950906999979, 59.798642757000039 ], [ -151.739941903999977, 59.798601175000044 ], [ -151.739933303999976, 59.798553682000033 ], [ -151.739973993999968, 59.798477435000052 ], [ -151.740048133999977, 59.798431350000044 ], [ -151.740202598999957, 59.798422144000028 ], [ -151.740284935999966, 59.798429462000058 ], [ -151.740378288999977, 59.798448807000057 ], [ -151.74042436199997, 59.798467347000042 ], [ -151.740503480999962, 59.798521959000027 ], [ -151.740595225999982, 59.79856495100006 ], [ -151.740735456999971, 59.798591010000052 ], [ -151.740888312999971, 59.798605449000036 ], [ -151.74098327699997, 59.798601147000056 ], [ -151.741044790999979, 59.798566683000047 ], [ -151.741083466999982, 59.79851999400006 ], [ -151.74112335099997, 59.798455571000034 ], [ -151.741102124999969, 59.798419699000078 ], [ -151.741021798999981, 59.798382822000065 ], [ -151.740941472999964, 59.798345945000051 ], [ -151.740826490999979, 59.798296641000036 ], [ -151.740663021999978, 59.798264266000047 ], [ -151.740511374999983, 59.798232093000081 ], [ -151.740336892999977, 59.798187694000035 ], [ -151.740219497999959, 59.798173858000041 ], [ -151.740044612999981, 59.798135370000068 ], [ -151.739835074999974, 59.798084455000037 ], [ -151.739718082999957, 59.798064708000027 ], [ -151.739709482999984, 59.798017214000083 ], [ -151.739986569999957, 59.797944993000044 ], [ -151.740046473999968, 59.797934176000069 ], [ -151.740213963999963, 59.79790743600006 ], [ -151.740474401999961, 59.797905951000075 ], [ -151.740637465999981, 59.797944237000081 ], [ -151.74075445699998, 59.797963984000035 ], [ -151.740917922999984, 59.797996358000034 ], [ -151.741034109999958, 59.798027928000067 ], [ -151.741208191999959, 59.798078237000027 ], [ -151.741350832999984, 59.798068827000066 ], [ -151.741493879999979, 59.798053507000077 ], [ -151.741602268999969, 59.798025759000041 ], [ -151.74175793699996, 59.797998816000074 ], [ -151.741867531999958, 59.797953333000066 ], [ -151.741883373999968, 59.797894419000045 ], [ -151.741840112999967, 59.797834499000032 ], [ -151.741794845999976, 59.797804136000082 ], [ -151.741689674999975, 59.797784592000028 ], [ -151.741538026999962, 59.797752420000052 ], [ -151.741410019999961, 59.797720649000041 ], [ -151.741211899999968, 59.797675849000029 ], [ -151.741122167999976, 59.797603302000027 ], [ -151.741113968999969, 59.797549896000078 ], [ -151.741201531999963, 59.797480366000059 ], [ -151.74133516699996, 59.797429374000046 ], [ -151.741470008999983, 59.797360648000051 ], [ -151.741602840999974, 59.797321480000051 ], [ -151.741781340999978, 59.797306761000073 ], [ -151.741886911999984, 59.797320394000053 ], [ -151.742026334999963, 59.797358277000058 ], [ -151.742151929999977, 59.797425516000033 ], [ -151.742255090999976, 59.797474618000081 ], [ -151.742369267999976, 59.797535744000072 ], [ -151.742401108999957, 59.797589550000055 ], [ -151.742456992999962, 59.797637848000079 ], [ -151.742536916999967, 59.797680636000052 ], [ -151.742570768999968, 59.79770488500003 ], [ -151.742652702999976, 59.797718116000055 ], [ -151.742775321999972, 59.797655099000053 ], [ -151.742814799999962, 59.797596585000065 ], [ -151.742866498999973, 59.797532363000073 ], [ -151.742895361999985, 59.797455914000068 ], [ -151.742887963999976, 59.797390686000028 ], [ -151.742796621999958, 59.797341786000061 ], [ -151.742740335999969, 59.797299400000043 ], [ -151.742709298999984, 59.797233770000048 ], [ -151.742642398999976, 59.79717344800008 ], [ -151.742623180999971, 59.797108019000063 ], [ -151.742626396999981, 59.79706072700003 ], [ -151.742760028999982, 59.797009733000039 ], [ -151.742855791999972, 59.796993606000058 ], [ -151.743057525999973, 59.796985201000041 ], [ -151.743128844999973, 59.79698049600006 ], [ -151.743200967999968, 59.796963967000067 ], [ -151.743251056999981, 59.796923389000028 ], [ -151.743266493999982, 59.796870385000034 ], [ -151.743198790999969, 59.796821887000078 ], [ -151.743171057999973, 59.796815150000043 ], [ -151.743168427999962, 59.79681258800008 ], [ -151.743155805999976, 59.79680202000003 ], [ -151.743142097999964, 59.79679163600008 ], [ -151.743127636999958, 59.796781386000077 ], [ -151.743081934999964, 59.796750644000042 ], [ -151.743065497999964, 59.796738548000064 ], [ -151.743049049999968, 59.796725167000034 ], [ -151.743033576999977, 59.796710977000032 ], [ -151.743024095999971, 59.796700821000059 ] ] ] } },
{ "type": "Feature", "properties": { "OBJECTID": 12847, "ID": 75004300002142.0, "Shape_Length": 0.051555717254967708 }, "geometry": { "type": "MultiLineString", "coordinates": [ [ [ -151.70424365599996, 59.799312470000075 ], [ -151.704274259999977, 59.79929114600003 ], [ -151.704390022999974, 59.799260004000075 ], [ -151.704553390999962, 59.799224951000042 ], [ -151.70458371099997, 59.799218830000029 ], [ -151.704629366999967, 59.799221530000068 ], [ -151.704788483999977, 59.799247955000055 ], [ -151.704916946999958, 59.799306994000062 ], [ -151.705005621999959, 59.79939375400005 ], [ -151.705046691999968, 59.79948442500006 ], [ -151.705107981999959, 59.799556507000034 ], [ -151.705198292999967, 59.799619621000033 ], [ -151.705336866999971, 59.799669364000067 ], [ -151.705489472999972, 59.799653062000061 ], [ -151.705532200999983, 59.799582779000048 ], [ -151.705576561999976, 59.799488851000035 ], [ -151.705589284999974, 59.799441723000029 ], [ -151.705639180999981, 59.799404707000065 ], [ -151.705859611999983, 59.79936590300008 ], [ -151.705902665999957, 59.799290891000055 ], [ -151.705932033999972, 59.799139884000056 ], [ -151.705964976999979, 59.799074167000072 ], [ -151.706055636999963, 59.798995242000046 ], [ -151.706219655999973, 59.798950728000079 ], [ -151.706486382999969, 59.798926928000071 ], [ -151.706706484999984, 59.798892853000041 ], [ -151.706870501999958, 59.798848338000028 ], [ -151.707024409999974, 59.798813119000044 ], [ -151.707224944999979, 59.798788174000038 ], [ -151.70747992799997, 59.798797312000033 ], [ -151.707677523999962, 59.798814930000049 ], [ -151.707882024999975, 59.798837546000073 ], [ -151.707896459999972, 59.798839714000053 ], [ -151.708031777999963, 59.798850929000082 ], [ -151.708214374999983, 59.798862959000076 ], [ -151.708333797999984, 59.798847266000053 ], [ -151.708447516999968, 59.798828514000036 ], [ -151.708562252999968, 59.79879498400004 ], [ -151.708659055999959, 59.798764103000053 ], [ -151.708727532999973, 59.798714978000078 ], [ -151.70880232899998, 59.79866004400003 ], [ -151.708865303999971, 59.798604905000047 ], [ -151.708964553999976, 59.79853855500005 ], [ -151.709121677999974, 59.798490960000038 ], [ -151.709196083999984, 59.798471776000042 ], [ -151.709217232999976, 59.798453258000052 ], [ -151.709400156999976, 59.798409068000069 ], [ -151.709579406999978, 59.798392794000051 ], [ -151.70960181199996, 59.798392713000055 ], [ -151.709796839999967, 59.798396078000053 ], [ -151.709925837999975, 59.798413101000051 ], [ -151.710084590999969, 59.798427676000074 ], [ -151.710218886999968, 59.798453667000047 ], [ -151.71036541099997, 59.798473950000073 ], [ -151.710511934999971, 59.798494233000042 ], [ -151.710706758999976, 59.798500552000064 ], [ -151.710843095999962, 59.798496985000043 ], [ -151.710909733999983, 59.798474460000079 ], [ -151.71098411899996, 59.798425436000059 ], [ -151.71105320199996, 59.798367443000075 ], [ -151.711091310999961, 59.798329629000079 ], [ -151.711147760999978, 59.798283254000069 ], [ -151.711234166999958, 59.798231478000048 ], [ -151.711296117999979, 59.798191118000034 ], [ -151.711339727999984, 59.798159318000046 ], [ -151.711390876999957, 59.798103974000071 ], [ -151.711393932999982, 59.798059637000051 ], [ -151.711390672999983, 59.798021112000072 ], [ -151.711391503999977, 59.798016501000063 ], [ -151.711437721999971, 59.797966 ], [ -151.711461849999978, 59.797890659000075 ], [ -151.711419459999973, 59.797818906000032 ], [ -151.711375115999971, 59.797775529000035 ], [ -151.711340552999957, 59.797727585000075 ], [ -151.711315445999958, 59.79767980400004 ], [ -151.711329139999975, 59.797618488000069 ], [ -151.711455322999967, 59.797573316000069 ], [ -151.71171127599996, 59.797568259000059 ], [ -151.712002458999962, 59.79759070800003 ], [ -151.712045993999965, 59.797590142000047 ], [ -151.712123070999979, 59.79761056600006 ], [ -151.712215792999984, 59.797638798000037 ], [ -151.712308719999982, 59.797664073000078 ], [ -151.712473176999964, 59.79768170400007 ], [ -151.712568139999973, 59.797677422000049 ], [ -151.712659229999957, 59.797643480000033 ], [ -151.712775179999966, 59.79759221200004 ], [ -151.71284731999998, 59.797575700000039 ], [ -151.71298344799996, 59.797575086000052 ], [ -151.713065166999968, 59.79759129100006 ], [ -151.713175416999974, 59.797622782000076 ], [ -151.713255199999963, 59.79762415700003 ], [ -151.713364934999959, 59.797620129000052 ], [ -151.713468250999966, 59.797580480000079 ], [ -151.713553228999984, 59.797549392000064 ], [ -151.713665716999969, 59.797548370000072 ], [ -151.713723389999984, 59.797570078000035 ], [ -151.713773931999981, 59.797609419000082 ], [ -151.713809495999982, 59.797627009000053 ], [ -151.713825492999973, 59.797633981000047 ], [ -151.713873191999966, 59.797649819000071 ], [ -151.713929440999976, 59.797663299000078 ], [ -151.714012260999965, 59.797697870000036 ], [ -151.714143990999958, 59.797709607000058 ], [ -151.714269193999968, 59.797678620000056 ], [ -151.714448849999968, 59.797681713000031 ], [ -151.714560691999964, 59.797707313000046 ], [ -151.71459395499997, 59.79777417300005 ], [ -151.714596575999963, 59.797873648000063 ], [ -151.71458973999998, 59.797972961000028 ], [ -151.714641265999973, 59.798049605000074 ], [ -151.714873427999976, 59.798115154000072 ], [ -151.715125153999963, 59.798171571000069 ], [ -151.71534884099998, 59.798222768000073 ], [ -151.715583281999983, 59.798255212000072 ], [ -151.715597900999967, 59.798255464000079 ], [ -151.715622556999961, 59.798259728000062 ], [ -151.715770101999965, 59.798265227000059 ], [ -151.715948822999962, 59.798247588000038 ], [ -151.716139768999966, 59.798224241000071 ], [ -151.716284247999965, 59.79818825600006 ], [ -151.716405087999959, 59.798151864000033 ], [ -151.716502899999966, 59.798106200000063 ], [ -151.716593987999971, 59.798072256000069 ], [ -151.716702803999965, 59.798038617000032 ], [ -151.716851361999971, 59.798029335000081 ], [ -151.716950408999963, 59.798051754000028 ], [ -151.717024796999965, 59.798088545000041 ], [ -151.717081862999976, 59.798119119000035 ], [ -151.717090634999977, 59.798163657000032 ], [ -151.717098594999982, 59.798220020000031 ], [ -151.717089430999977, 59.798267210000063 ], [ -151.717092903999969, 59.798302780000029 ], [ -151.717101267999965, 59.798353231000078 ], [ -151.717170967999976, 59.798372185000062 ], [ -151.717295075999971, 59.79837432000005 ], [ -151.71737862699996, 59.798363920000043 ], [ -151.717440164999971, 59.79832946700003 ], [ -151.717460942999963, 59.798285436000072 ], [ -151.717462047999959, 59.798269369000081 ], [ -151.717488132999961, 59.798226430000057 ], [ -151.717510945999976, 59.798170005000031 ], [ -151.717544189999984, 59.798099554000032 ], [ -151.717567326999983, 59.798038401000042 ], [ -151.717570378999966, 59.798033376000035 ], [ -151.717604555999969, 59.79800381900003 ], [ -151.717673426999966, 59.797948777000045 ], [ -151.717771029999966, 59.797906068000032 ], [ -151.717861912999979, 59.79787507900005 ], [ -151.71803634699998, 59.797833688000082 ], [ -151.718113781999961, 59.797826143000066 ], [ -151.718252348999982, 59.797790054000075 ], [ -151.718400907999978, 59.797780772000067 ], [ -151.718529703999963, 59.79780074100006 ], [ -151.718617336999984, 59.797817044000055 ], [ -151.718723103999963, 59.79782773800008 ], [ -151.718723524999973, 59.797827682000047 ], [ -151.718851271999966, 59.797770756000034 ], [ -151.718923814999982, 59.797748330000047 ], [ -151.719093755999978, 59.797686147000036 ], [ -151.719292840999969, 59.797630384000058 ], [ -151.71938881899996, 59.797611318000065 ], [ -151.719538389999968, 59.797587255000053 ], [ -151.719694480999976, 59.797554426000033 ], [ -151.719914359999962, 59.797540447000074 ], [ -151.720102865999962, 59.797552563000067 ], [ -151.720315209999967, 59.797562129000028 ], [ -151.720487000999981, 59.797559160000048 ], [ -151.720584195999976, 59.797522359000027 ], [ -151.720624118999979, 59.79745794300004 ], [ -151.720598626999958, 59.79739832100006 ], [ -151.720493445999978, 59.79729294100008 ], [ -151.720464479999976, 59.797197748000031 ], [ -151.72047219199996, 59.797085430000038 ], [ -151.720496414999957, 59.796991150000053 ], [ -151.720542651999978, 59.796920923000073 ], [ -151.720611107999957, 59.796871792000047 ], [ -151.720755171999969, 59.796841713000049 ], [ -151.720879273999969, 59.796843845000069 ], [ -151.72100847599998, 59.796857901000067 ], [ -151.721161315999979, 59.796872361000055 ], [ -151.721278697999963, 59.79688621300005 ], [ -151.721384258999962, 59.796899862000032 ], [ -151.721566241999966, 59.796920743000044 ], [ -151.721648368999979, 59.796931030000053 ], [ -151.72176105799997, 59.796927046000064 ], [ -151.721868650999966, 59.796911137000052 ], [ -151.721899617999981, 59.796890953000059 ], [ -151.721904182999964, 59.79687812800006 ], [ -151.721879831999956, 59.796834389000082 ], [ -151.721853426999957, 59.796813458000031 ], [ -151.721851905999984, 59.796810235000066 ], [ -151.721781367999967, 59.796717288000082 ], [ -151.72180274699997, 59.796664391000036 ], [ -151.721829225999983, 59.796623416000045 ], [ -151.721897678999966, 59.796574283000041 ], [ -151.721971228999962, 59.79653707600005 ], [ -151.722043565999968, 59.796517603000041 ], [ -151.722173779999963, 59.796516878000034 ], [ -151.722296460999956, 59.796539698000061 ], [ -151.72237858699998, 59.79654998400008 ], [ -151.722404153999975, 59.796555201000047 ], [ -151.72244956199998, 59.796559792000039 ], [ -151.722667035999962, 59.796563523000032 ], [ -151.722679433999957, 59.796561928000074 ], [ -151.722739478999983, 59.796550259000071 ], [ -151.722841564999982, 59.796528336000051 ], [ -151.722913898999963, 59.796508862000053 ], [ -151.72301905499998, 59.796528423000041 ], [ -151.723105470999968, 59.796562456000061 ], [ -151.723156223999979, 59.796598837000033 ], [ -151.723162773999974, 59.796675891000064 ], [ -151.723165845999972, 59.796717372000046 ], [ -151.723203969999958, 59.796765374000074 ], [ -151.723346205999974, 59.796761895000031 ], [ -151.723459705999971, 59.796746086000041 ], [ -151.723545885999982, 59.796697257000062 ], [ -151.72360761799996, 59.796659846000068 ], [ -151.723616365999959, 59.796618568000042 ], [ -151.723631425999969, 59.796571478000033 ], [ -151.723640375999963, 59.79652724400006 ], [ -151.723713316999977, 59.796498902000053 ], [ -151.723796657999969, 59.796491453000044 ], [ -151.723925454999971, 59.79651141800008 ], [ -151.724030205999981, 59.796536887000059 ], [ -151.724128035999968, 59.796577035000041 ], [ -151.724248290999981, 59.796635323000032 ], [ -151.724311674999967, 59.796660083000063 ], [ -151.724380360999959, 59.796693811000068 ], [ -151.724450264999973, 59.796709806000081 ], [ -151.724519965999974, 59.796728757000039 ], [ -151.724613303999973, 59.796748112000046 ], [ -151.724731091999956, 59.796756050000056 ], [ -151.724808119999977, 59.796754411000052 ], [ -151.724850297999978, 59.796743297000035 ], [ -151.724886768999966, 59.796729126000059 ], [ -151.724889603999969, 59.796687746000032 ], [ -151.724874304999958, 59.796651973000053 ], [ -151.724829458999977, 59.796615694000081 ], [ -151.724808048999961, 59.796582775000047 ], [ -151.724798861999972, 59.796544148000066 ], [ -151.724802911999973, 59.796485033000067 ], [ -151.724819593999968, 59.796414297000069 ], [ -151.724824251999962, 59.79634631600004 ], [ -151.724821580999958, 59.796298922000062 ], [ -151.724836236999977, 59.796257744000059 ], [ -151.724862304999959, 59.796222679000039 ], [ -151.724900800999961, 59.796178951000059 ], [ -151.724952531999975, 59.79611473500006 ], [ -151.725003454999978, 59.796062342000027 ], [ -151.725072306999976, 59.796007297000074 ], [ -151.725141766999968, 59.795943383000065 ], [ -151.725217135999969, 59.795879573000036 ], [ -151.725339577999961, 59.795819528000038 ], [ -151.72541393299997, 59.795770495000056 ], [ -151.725486669999981, 59.795745109000052 ], [ -151.725606883999973, 59.795717577000062 ], [ -151.725742194999981, 59.795728773000064 ], [ -151.725827085999981, 59.795780351000076 ], [ -151.725871395999974, 59.795804086000032 ], [ -151.726000853999977, 59.795848918000047 ], [ -151.726198765999982, 59.795861777000027 ], [ -151.726325892999967, 59.795802403000039 ], [ -151.726465064999957, 59.795705357000031 ], [ -151.726483869999981, 59.795697755000049 ], [ -151.726484623999966, 59.795696224000039 ], [ -151.72657360599996, 59.795640930000047 ], [ -151.72670824399998, 59.79561009400004 ], [ -151.726979137999962, 59.795524773000068 ], [ -151.727001126999966, 59.79551450200006 ], [ -151.727089632999963, 59.79549144300006 ], [ -151.727139334999976, 59.795456783000077 ], [ -151.727166816999983, 59.795401029000061 ], [ -151.727143340999959, 59.795311850000076 ], [ -151.727059553999965, 59.795239394000077 ], [ -151.72699920499997, 59.795170298000073 ], [ -151.726913600999978, 59.795124444000066 ], [ -151.726864057999961, 59.795070329000055 ], [ -151.726785576999958, 59.795006842000078 ], [ -151.726759873999981, 59.794950176000043 ], [ -151.726746394999964, 59.794887801000073 ], [ -151.726750644999981, 59.79482573100006 ], [ -151.726781809999977, 59.794802592000053 ], [ -151.727071569999964, 59.794804594000027 ], [ -151.727142075999978, 59.794811720000041 ], [ -151.727281067999968, 59.794855529000074 ], [ -151.727325105999967, 59.794903631000068 ], [ -151.727355502999984, 59.79497813200004 ], [ -151.72738161099997, 59.795028885000079 ], [ -151.727402214999984, 59.795073627000079 ], [ -151.727453173999976, 59.795107051000059 ], [ -151.727557923999967, 59.795132518000059 ], [ -151.72766409099998, 59.795137296000064 ], [ -151.727806320999974, 59.795133811000028 ], [ -151.72788415399998, 59.795120349000058 ], [ -151.727950369999974, 59.795103727000082 ], [ -151.728034516999969, 59.795084452000083 ], [ -151.728129672999984, 59.795077204000052 ], [ -151.728213212999975, 59.795066797000061 ], [ -151.728314480999984, 59.795056694000039 ], [ -151.728380292999958, 59.795045982000033 ], [ -151.728434285999981, 59.79503507000004 ], [ -151.728489492999984, 59.795006423000075 ], [ -151.72852697099998, 59.794977472000028 ], [ -151.728523689999975, 59.794938946000059 ], [ -151.728456619999974, 59.794881573000055 ], [ -151.728399952999979, 59.794845093000049 ], [ -151.728300100999974, 59.79483450500004 ], [ -151.728158477999983, 59.794829122000067 ], [ -151.728069680999965, 59.79480482300005 ], [ -151.728008349999982, 59.794732752000073 ], [ -151.728021041999966, 59.794685621000042 ], [ -151.728069608999959, 59.794667514000082 ], [ -151.728194464999973, 59.794641243000058 ], [ -151.728318348999977, 59.794629159000067 ], [ -151.728320005999961, 59.794629187000055 ], [ -151.728451178999961, 59.794615150000027 ], [ -151.728540021999976, 59.794613710000078 ], [ -151.72867573299996, 59.794618993000029 ], [ -151.72877619199997, 59.794620712000039 ], [ -151.728870133999976, 59.794631198000047 ], [ -151.728999125999962, 59.79464820100003 ], [ -151.729109987999976, 59.79467081100006 ], [ -151.729190898999974, 59.794698829000083 ], [ -151.729260800999981, 59.794714821000071 ], [ -151.72931438699996, 59.794709820000037 ], [ -151.729387523999975, 59.794678520000048 ], [ -151.729425606999968, 59.794640702000038 ], [ -151.729428637999973, 59.794596364000029 ], [ -151.729425557999974, 59.794554883000046 ], [ -151.729404144999961, 59.794521966000048 ], [ -151.729352778999981, 59.794494454000073 ], [ -151.729266970999959, 59.79445155600007 ], [ -151.729239648999965, 59.794418538000059 ], [ -151.729230254999976, 59.794382867000081 ], [ -151.729238386999981, 59.794350454000039 ], [ -151.729282581999968, 59.794309781000038 ], [ -151.729315565999968, 59.794260038000061 ], [ -151.729390517999974, 59.79420213700007 ], [ -151.729479964999967, 59.794191830000045 ], [ -151.729562693999981, 59.794193245000031 ], [ -151.72963890699998, 59.79420342700007 ], [ -151.729708401999972, 59.794225330000074 ], [ -151.729795626999959, 59.794247536000057 ], [ -151.729871031999977, 59.794269541000062 ], [ -151.729981489999972, 59.794298063000042 ], [ -151.730097853999979, 59.794326686000034 ], [ -151.730225432999958, 59.794364379000058 ], [ -151.730389679999973, 59.794384943000068 ], [ -151.730526602999959, 59.794372488000079 ], [ -151.730682262999977, 59.794345558000032 ], [ -151.730788326999971, 59.794323237000071 ], [ -151.731075707999963, 59.794301978000078 ], [ -151.731141516999969, 59.794291266000073 ], [ -151.731214245999979, 59.794265877000043 ], [ -151.731305306999957, 59.794231923000041 ], [ -151.731393542999967, 59.794239350000055 ], [ -151.731543344999977, 59.79429813400003 ], [ -151.731552061999963, 59.794307655000068 ], [ -151.731582891999977, 59.794325444000037 ], [ -151.731614914999966, 59.794376298000032 ], [ -151.731659160999982, 59.794421443000033 ], [ -151.731716233999975, 59.794452010000043 ], [ -151.731848915999961, 59.794501625000066 ], [ -151.73196629399996, 59.794515468000043 ], [ -151.732098115999975, 59.79449108700004 ], [ -151.732173570999976, 59.794465744000036 ], [ -151.732206298999984, 59.794466303000036 ], [ -151.732295544999971, 59.794458950000035 ], [ -151.732379282999972, 59.794445585000062 ], [ -151.732450192999977, 59.794446797000035 ], [ -151.732526004999983, 59.794462887000066 ], [ -151.732602824999958, 59.79446420000005 ], [ -151.732856261999984, 59.794391591000078 ], [ -151.732948532999984, 59.794339900000068 ], [ -151.732976205999961, 59.79428118800007 ], [ -151.733009787999976, 59.794222578000074 ], [ -151.733042359999956, 59.794178747000046 ], [ -151.733056600999959, 59.79414347900007 ], [ -151.733100184999984, 59.794111672000042 ], [ -151.733161093999968, 59.794086079000067 ], [ -151.733267659999967, 59.794084941000051 ], [ -151.733355895999978, 59.794092367000076 ], [ -151.733448627999962, 59.794120582000062 ], [ -151.733504895999971, 59.794162972000038 ], [ -151.733567273999967, 59.79420250700008 ], [ -151.733618035999967, 59.794238885000027 ], [ -151.733687936999956, 59.794254874000046 ], [ -151.733776778999982, 59.794253432000062 ], [ -151.733866021999972, 59.794246078000072 ], [ -151.733955669999972, 59.794232813000065 ], [ -151.734040415999971, 59.794204669000067 ], [ -151.734101927999973, 59.794170207000036 ], [ -151.73416364299996, 59.794132792000028 ], [ -151.73417767799998, 59.794100480000054 ], [ -151.734157268999979, 59.79405278400003 ], [ -151.73412423299996, 59.794016709000061 ], [ -151.734090796999965, 59.793986547000031 ], [ -151.73405655199997, 59.793968206000045 ], [ -151.734017002999963, 59.793940898000074 ], [ -151.733983967999961, 59.793904824000037 ], [ -151.733974770999964, 59.793866197000057 ], [ -151.733972291999976, 59.793815848000065 ], [ -151.733975115999982, 59.793774468000038 ], [ -151.734006678999975, 59.793745414000057 ], [ -151.734137081999961, 59.79374172200005 ], [ -151.734242639999962, 59.79375536100008 ], [ -151.734323956999958, 59.793777463000083 ], [ -151.734481083999981, 59.793815657000039 ], [ -151.73457502499997, 59.793826138000043 ], [ -151.73472174699998, 59.793843438000067 ], [ -151.734880285999964, 59.793860941000048 ], [ -151.734973623999963, 59.793880288000082 ], [ -151.735072667999958, 59.793902694000053 ], [ -151.735230401999956, 59.793932018000078 ], [ -151.735347173999969, 59.793954725000049 ], [ -151.73543460199997, 59.79397397200006 ], [ -151.735508598999957, 59.794016663000036 ], [ -151.735571583999985, 59.794047330000069 ], [ -151.735585078999975, 59.79410970400005 ], [ -151.735563722999984, 59.794162605000054 ], [ -151.735525648999982, 59.794200426000032 ], [ -151.735487169999971, 59.794244157000037 ], [ -151.735465610999967, 59.794300014000044 ], [ -151.735481122999971, 59.79433283000003 ], [ -151.73555632999998, 59.794357787000081 ], [ -151.735601788999958, 59.794385196000064 ], [ -151.735682704999959, 59.794413209000027 ], [ -151.735679681999983, 59.794457546000046 ], [ -151.735629383999964, 59.794501076000074 ], [ -151.735587011999968, 59.794515149000063 ], [ -151.735526104999963, 59.794540743000027 ], [ -151.73545868399998, 59.794575103000057 ], [ -151.735425709999959, 59.79462484700008 ], [ -151.735457536999974, 59.794678655000041 ], [ -151.735543555999982, 59.794718593000027 ], [ -151.735603253999983, 59.794710734000034 ], [ -151.735687396999964, 59.794691455000077 ], [ -151.735724060999956, 59.794674325000074 ], [ -151.735784161999959, 59.794660555000064 ], [ -151.735867294999963, 59.794656054000029 ], [ -151.73594431799998, 59.794654409000032 ], [ -151.736037406999969, 59.794667054000058 ], [ -151.736077488999967, 59.794671780000044 ], [ -151.736170425999973, 59.794697038000038 ], [ -151.736289148999958, 59.794760616000076 ], [ -151.736329974999961, 59.794856005000042 ], [ -151.736372090999964, 59.794932480000057 ], [ -151.73638745599996, 59.794984825000029 ], [ -151.736411306999969, 59.795051517000047 ], [ -151.736427636999963, 59.795089674000053 ], [ -151.736452109999959, 59.795189809000078 ], [ -151.736405102999981, 59.795271866000064 ], [ -151.73639556599997, 59.795324969000035 ], [ -151.736415174999962, 59.795384487000035 ], [ -151.736465536999958, 59.795426775000067 ], [ -151.736541151999972, 59.795445821000044 ], [ -151.736635300999978, 59.795453344000066 ], [ -151.736765107999958, 59.795458517000043 ], [ -151.736875572999963, 59.795487033000029 ], [ -151.736901897999957, 59.795534829000076 ], [ -151.736880543999973, 59.795587731000069 ], [ -151.736864090999973, 59.795655512000053 ], [ -151.736902768999983, 59.795729010000059 ], [ -151.736974124999961, 59.795786712000051 ], [ -151.737103328999979, 59.795800752000048 ], [ -151.737186061999978, 59.79580216200003 ], [ -151.73728141899997, 59.795791952000059 ], [ -151.737390610999967, 59.795752384000082 ], [ -151.737465149999963, 59.795700389000046 ], [ -151.737527467999968, 59.79565410400005 ], [ -151.737637867999979, 59.795596802000034 ], [ -151.737756458999968, 59.795592905000035 ], [ -151.737898286999979, 59.795595323000043 ], [ -151.738097195999984, 59.795628304000047 ], [ -151.73822559499996, 59.795654166000077 ], [ -151.738363395999983, 59.795715698000038 ], [ -151.738477559999978, 59.795776828000044 ], [ -151.738528919999965, 59.795807789000037 ], [ -151.738734123999961, 59.795909326000071 ], [ -151.738802421999964, 59.795948959000043 ], [ -151.738876226999963, 59.795994605000033 ], [ -151.738980786999974, 59.796023019000074 ], [ -151.73908124999997, 59.796024730000056 ], [ -151.739141552999968, 59.796008002000065 ], [ -151.739191446999968, 59.795970382000064 ], [ -151.739247650999971, 59.795926951000069 ], [ -151.739252953999966, 59.795919814000058 ], [ -151.739298451999957, 59.795885507000037 ], [ -151.739304086999965, 59.79580274500006 ], [ -151.739321541999971, 59.79572018500005 ], [ -151.739373244999967, 59.795655962000069 ], [ -151.739482432999978, 59.795616394000035 ], [ -151.739621144999973, 59.795589417000031 ], [ -151.739669747999983, 59.795549445000063 ], [ -151.739689286999976, 59.795523144000072 ], [ -151.739697610999968, 59.795487775000026 ], [ -151.739700226999958, 59.795449350000069 ], [ -151.73972077199997, 59.795408271000042 ], [ -151.739769657999972, 59.795385430000067 ], [ -151.739800813999977, 59.795362287000046 ], [ -151.739829554999972, 59.795364297000049 ], [ -151.739925620999969, 59.795363531000078 ], [ -151.740029577999962, 59.795400812000082 ], [ -151.740131924999957, 59.795461739000075 ], [ -151.740234270999963, 59.795522666000068 ], [ -151.740290549999969, 59.795565053000075 ], [ -151.740301468999974, 59.795572676000063 ], [ -151.74049064099998, 59.795658116000027 ], [ -151.740580365999961, 59.795730664000075 ], [ -151.74068982999998, 59.795773957000051 ], [ -151.740768542999973, 59.795834480000053 ], [ -151.740930388999971, 59.795890501000031 ], [ -151.741057382999969, 59.795937050000077 ], [ -151.741233665999971, 59.795954847000075 ], [ -151.74134043799998, 59.795950745000027 ], [ -151.741456338999967, 59.795899452000072 ], [ -151.741488299999958, 59.795864485000038 ], [ -151.741526772999975, 59.795820752000054 ], [ -151.741552621999972, 59.795788642000048 ], [ -151.741608220999979, 59.795754076000037 ], [ -151.741685647999958, 59.795746517000055 ], [ -151.741796922999981, 59.795763206000061 ], [ -151.741895173999978, 59.795797428000071 ], [ -151.741928419999965, 59.795830545000058 ], [ -151.741924801999971, 59.795883749000041 ], [ -151.741909968999977, 59.795927884000037 ], [ -151.741834429999983, 59.795994661000066 ], [ -151.741807172999984, 59.796047462000047 ], [ -151.741821886999958, 59.796092102000046 ], [ -151.741885082999971, 59.796119809000061 ], [ -151.741959093999981, 59.796162498000058 ], [ -151.742052441999959, 59.796181841000077 ], [ -151.742111335999965, 59.796185802000082 ], [ -151.742177748999978, 59.796166218000053 ], [ -151.742255578999959, 59.796152745000029 ], [ -151.742385387999974, 59.79615791100008 ], [ -151.742496062999976, 59.796183469000027 ], [ -151.742710498999969, 59.796249258000046 ], [ -151.742748280999962, 59.796262112000079 ], [ -151.742808655999966, 59.79629443500005 ], [ -151.742829481999962, 59.796336218000079 ], [ -151.742813241999983, 59.796401045000039 ], [ -151.742786788999979, 59.796442023000054 ], [ -151.742747713999961, 59.796494624000047 ], [ -151.742718851999967, 59.796571072000063 ], [ -151.742737667999961, 59.79664241200004 ], [ -151.742818395999961, 59.796673378000037 ], [ -151.742910938999984, 59.796704544000079 ], [ -151.743024095999971, 59.796700821000059 ] ] ] } },
{ "type": "Feature", "properties": { "OBJECTID": 12863, "ID": 75004300003185.0, "Shape_Length": 0.066265818362775161 }, "geometry": { "type": "MultiLineString", "coordinates": [ [ [ -150.900830786999961, 59.738410466000062 ], [ -150.901056497999974, 59.738397982000038 ], [ -150.901280006999968, 59.738409132000072 ], [ -150.901560829999966, 59.738439389000064 ], [ -150.901851240999974, 59.738493555000048 ], [ -150.902126009999961, 59.738588805000063 ], [ -150.902212870999961, 59.738621347000048 ], [ -150.902376560999983, 59.738648327000078 ], [ -150.90248332699997, 59.738685984000028 ], [ -150.902942929999966, 59.738827006000065 ], [ -150.903190029999962, 59.738838704000045 ], [ -150.903604429999973, 59.738830628000073 ], [ -150.90390530199997, 59.738772525000059 ], [ -150.904112932999965, 59.738700398000049 ], [ -150.904307667999973, 59.738639814000067 ], [ -150.904564117999968, 59.738551062000056 ], [ -150.904740216999983, 59.738436748000026 ], [ -150.904891627999973, 59.738333698000076 ], [ -150.905086911999973, 59.738267203000078 ], [ -150.905337854999971, 59.738237539000067 ], [ -150.905589900999956, 59.73819605500006 ], [ -150.905934085999974, 59.738180409000051 ], [ -150.906311998999968, 59.738183316000061 ], [ -150.906477095999975, 59.738187172000039 ], [ -150.906581580999983, 59.738207377000037 ], [ -150.906867602999966, 59.738308801000073 ], [ -150.907146778999959, 59.738356771000042 ], [ -150.907419110999967, 59.738351286000068 ], [ -150.907691442999976, 59.738345802000083 ], [ -150.90804522199997, 59.738354061000052 ], [ -150.908324950999969, 59.738396121000051 ], [ -150.908581900999962, 59.738556077000055 ], [ -150.908607389999958, 59.738663259000077 ], [ -150.908596402999962, 59.738781433000042 ], [ -150.908513011999958, 59.738915680000048 ], [ -150.90850092499997, 59.739045672000032 ], [ -150.908608417999972, 59.739160690000062 ], [ -150.908734842999962, 59.739199170000063 ], [ -150.908911189999969, 59.739209206000055 ], [ -150.909085887999964, 59.739236969000046 ], [ -150.909164593999975, 59.739280256000029 ], [ -150.909229310999962, 59.739346903000069 ], [ -150.909198584999984, 59.739423166000051 ], [ -150.909214480999964, 59.739506437000045 ], [ -150.909372443999956, 59.739587103000076 ], [ -150.909536160999977, 59.739733039000043 ], [ -150.909707017999978, 59.739802161000057 ], [ -150.909866081999979, 59.739871009000069 ], [ -150.91000430699998, 59.739909762000082 ], [ -150.910225634999961, 59.739944533000028 ], [ -150.910420628999958, 59.740008297000031 ], [ -150.91059998999998, 59.740113146000056 ], [ -150.910778250999982, 59.740229812000052 ], [ -150.911007531999957, 59.740306217000068 ], [ -150.911168797999977, 59.740351428000054 ], [ -150.911590336999978, 59.74052113700003 ], [ -150.91164052299996, 59.740617052000061 ], [ -150.911692354999957, 59.740695240000036 ], [ -150.911850878999957, 59.740769993000072 ], [ -150.912032441999969, 59.74085120500007 ], [ -150.912161893999979, 59.740984496000067 ], [ -150.912116635999979, 59.741090027000041 ], [ -150.912056405999977, 59.741165305000038 ], [ -150.912059031999974, 59.741201193000052 ], [ -150.912071096999966, 59.741325825000047 ], [ -150.912293253999962, 59.741479042000037 ], [ -150.912542842999983, 59.741591446000029 ], [ -150.912770490999975, 59.74168557400003 ], [ -150.913008286999968, 59.741797702000042 ], [ -150.913359089999972, 59.74196575700006 ], [ -150.913523931999976, 59.742099870000061 ], [ -150.913506927999975, 59.742283041000064 ], [ -150.913489923999975, 59.742466209000042 ], [ -150.913455089999957, 59.742714101000047 ], [ -150.913451524999971, 59.742879819000052 ], [ -150.913442199999963, 59.742980266000075 ], [ -150.913611436999958, 59.743067110000027 ], [ -150.913784511999978, 59.743112593000035 ], [ -150.913984469999974, 59.743123172000082 ], [ -150.914137247999975, 59.743132653000032 ], [ -150.914408520999984, 59.743138972000054 ], [ -150.914595038999977, 59.743167002000064 ], [ -150.914817488999972, 59.743189948000065 ], [ -150.915159526999958, 59.743197914000064 ], [ -150.91541104999996, 59.743162321000057 ], [ -150.915614295999973, 59.743137446000048 ], [ -150.915780514999966, 59.743129473000067 ], [ -150.916005705999964, 59.743122873000061 ], [ -150.916345004999982, 59.743160379000074 ], [ -150.91648324999997, 59.743199125000046 ], [ -150.916579206999984, 59.743276259000027 ], [ -150.91739287599998, 59.743520575000048 ], [ -150.917483371999964, 59.74357791500006 ], [ -150.91766137999997, 59.743623281000055 ], [ -150.91781883699997, 59.743709846000058 ], [ -150.917897563999958, 59.743753128000037 ], [ -150.918011128999979, 59.743803142000047 ], [ -150.918113446999968, 59.743846972000028 ], [ -150.918288176999965, 59.743874723000033 ], [ -150.918438770999984, 59.743907833000037 ], [ -150.918719105999969, 59.74394396100007 ], [ -150.918846657999978, 59.743970614000034 ], [ -150.919010141999962, 59.743992180000077 ], [ -150.91920104999997, 59.743972934000055 ], [ -150.919362594999967, 59.743887870000037 ], [ -150.919479149999972, 59.743778073000044 ], [ -150.919614914999983, 59.743716094000035 ], [ -150.919821445999958, 59.743655759000035 ], [ -150.920151695999976, 59.743663439000045 ], [ -150.920385947999961, 59.74368664900004 ], [ -150.920524746999973, 59.743719482000074 ], [ -150.920681664999961, 59.743811952000044 ], [ -150.920730831999975, 59.743842193000035 ], [ -150.920791402999981, 59.743903325000076 ], [ -150.920862473999961, 59.744029327000078 ], [ -150.920973772999957, 59.744114865000029 ], [ -150.921119527999963, 59.744189258000063 ], [ -150.921275899999983, 59.744287636000081 ], [ -150.921446257999975, 59.744362653000053 ], [ -150.921594668999973, 59.744419394000033 ], [ -150.921812206999959, 59.744495506000078 ], [ -150.922105988999959, 59.744514176000052 ], [ -150.922380007999976, 59.744490934000055 ], [ -150.922607941999956, 59.74445477900008 ], [ -150.922916252999983, 59.744444177000048 ], [ -150.923097551999973, 59.74440101700003 ], [ -150.923300253999969, 59.744382039000072 ], [ -150.923473897999969, 59.744421600000067 ], [ -150.923608875999975, 59.744495792000066 ], [ -150.923734245999981, 59.744546075000073 ], [ -150.923919139999981, 59.74459181800006 ], [ -150.924179176999957, 59.744591934000027 ], [ -150.924370085999982, 59.744572681000079 ], [ -150.924556618999958, 59.744600698000056 ], [ -150.924740967999981, 59.744652348000045 ], [ -150.92500405499996, 59.744747276000055 ], [ -150.925418296999965, 59.744869399000038 ], [ -150.92574091299997, 59.744959785000049 ], [ -150.926121411999958, 59.745063357000049 ], [ -150.926438789999963, 59.745082565000075 ], [ -150.926640946999981, 59.745069490000049 ], [ -150.926809904999971, 59.745031959000073 ], [ -150.926961278999983, 59.744928885000036 ], [ -150.927061868999971, 59.744735811000055 ], [ -150.927037951999978, 59.744610907000038 ], [ -150.927036535999974, 59.744498367000062 ], [ -150.92711986599997, 59.74436410800007 ], [ -150.927325843999967, 59.744309672000043 ], [ -150.927683513999966, 59.744276518000049 ], [ -150.928182723999981, 59.744246644000043 ], [ -150.92866795499998, 59.744240130000037 ], [ -150.929130687999958, 59.744221251000056 ], [ -150.929323227999959, 59.744184264000069 ], [ -150.929578014999976, 59.744113192000043 ], [ -150.929915366999978, 59.744044031000044 ], [ -150.930091406999964, 59.743929683000033 ], [ -150.930464346999969, 59.743731076000074 ], [ -150.931091481999971, 59.743384683000045 ], [ -150.931127651999958, 59.743331945000079 ], [ -150.931252688999962, 59.743257865000032 ], [ -150.931609253999966, 59.743236517000071 ], [ -150.93183825899996, 59.743188528000076 ], [ -150.931938614999979, 59.743125718000044 ], [ -150.932086146999978, 59.743063998000082 ], [ -150.932276494999968, 59.743050642000071 ], [ -150.932454503999963, 59.743042922000029 ], [ -150.932662644999965, 59.742964842000049 ], [ -150.932823603999964, 59.742885669000032 ], [ -150.932902548999976, 59.742798677000053 ], [ -150.933029758999965, 59.742700957000068 ], [ -150.933203056999957, 59.742616149000071 ], [ -150.933412826999984, 59.742520342000034 ], [ -150.93365688999998, 59.742437170000073 ], [ -150.93386393199998, 59.742370906000076 ], [ -150.934093474999969, 59.742317005000075 ], [ -150.934376537999981, 59.742323556000031 ], [ -150.934704054999969, 59.742360743000063 ], [ -150.935242780999971, 59.74241465700004 ], [ -150.935801287999965, 59.742510477000053 ], [ -150.937533074999976, 59.742828830000064 ], [ -150.937894350999983, 59.742884552000078 ], [ -150.938360691999975, 59.742954545000032 ], [ -150.938757354999979, 59.743011082000066 ], [ -150.939141137999968, 59.74307916500004 ], [ -150.939487904999964, 59.743164154000056 ], [ -150.939930120999975, 59.743239506000066 ], [ -150.940242051999974, 59.743317768000054 ], [ -150.940516968999958, 59.743412937000073 ], [ -150.940671763999973, 59.743529018000061 ], [ -150.940687742999984, 59.74361228500004 ], [ -150.940645831999973, 59.743682375000049 ], [ -150.940604466999957, 59.74374655400004 ], [ -150.940459665999981, 59.743778739000049 ], [ -150.94031160199998, 59.743846375000032 ], [ -150.94024501399997, 59.743927736000046 ], [ -150.940213810999978, 59.744009915000049 ], [ -150.940192769999982, 59.744110092000028 ], [ -150.940145964999971, 59.744233359000077 ], [ -150.94011829599998, 59.744277131000047 ], [ -150.940108777999967, 59.744380534000072 ], [ -150.940075942999982, 59.744480439000029 ], [ -150.939935148999979, 59.744725884000047 ], [ -150.939872193999975, 59.744896150000045 ], [ -150.939801251999967, 59.745024781000041 ], [ -150.93972813299996, 59.745177047000027 ], [ -150.939778950999965, 59.74526704200008 ], [ -150.940092906999979, 59.745451934000073 ], [ -150.94046438099997, 59.745525649000058 ], [ -150.940676155999967, 59.745536460000039 ], [ -150.940853632999961, 59.745534639000027 ], [ -150.941076116999966, 59.74555753900006 ], [ -150.941261582999971, 59.745597350000082 ], [ -150.941514018999982, 59.745680155000059 ], [ -150.941822714999972, 59.745793867000032 ], [ -150.942036502999969, 59.745911306000039 ], [ -150.942156473999972, 59.746020660000056 ], [ -150.942402007999959, 59.746050012000069 ], [ -150.94258492199998, 59.745989099000042 ], [ -150.942690699999957, 59.745867192000048 ], [ -150.942771798999956, 59.745756558000039 ], [ -150.942848548999962, 59.745693194000069 ], [ -150.943084460999984, 59.745698637000032 ], [ -150.943302057999972, 59.745774715000039 ], [ -150.943432739999963, 59.745896156000072 ], [ -150.943493190999959, 59.746010056000046 ], [ -150.943565982999957, 59.746118320000051 ], [ -150.943583781999962, 59.746256079000034 ], [ -150.943729275999971, 59.746413907000033 ], [ -150.943986476999982, 59.746516775000032 ], [ -150.944043956999963, 59.746532242000058 ], [ -150.944129544999981, 59.746545815000047 ], [ -150.944527889999961, 59.746584609000081 ], [ -150.944916069999977, 59.746605404000036 ], [ -150.945222219999977, 59.746618384000044 ], [ -150.945620024999982, 59.746663084000033 ], [ -150.946024741999963, 59.746761234000076 ], [ -150.946368306999972, 59.746881659000053 ], [ -150.946719331999958, 59.747049625000045 ], [ -150.947047851999969, 59.747205229000031 ], [ -150.947298142999983, 59.747311659000047 ], [ -150.94750613399998, 59.747363821000079 ], [ -150.947629381999974, 59.747437718000072 ], [ -150.947693105999974, 59.747516162000068 ], [ -150.947824585999967, 59.747616065000045 ], [ -150.948105133999974, 59.747766004000027 ], [ -150.948118038999979, 59.747780569000042 ], [ -150.948228950999976, 59.747860101000072 ], [ -150.948353285999957, 59.747922178000067 ], [ -150.948502842999972, 59.747967072000051 ], [ -150.948594502999981, 59.747998790000054 ], [ -150.948658773999966, 59.748071325000069 ], [ -150.948711247999967, 59.748143590000041 ], [ -150.948865007999984, 59.748271478000049 ], [ -150.949076126999984, 59.748418452000067 ], [ -150.949310298999961, 59.748571877000074 ], [ -150.949417420999964, 59.748692770000048 ], [ -150.949626917999979, 59.748857469000029 ], [ -150.949720074999959, 59.749001724000038 ], [ -150.94986421699997, 59.74910570600008 ], [ -150.950049040999971, 59.749281678000045 ], [ -150.95017121799998, 59.749367389000042 ], [ -150.950419366999967, 59.749497449000046 ], [ -150.950654636999957, 59.749639053000067 ], [ -150.950743591999981, 59.749700314000052 ], [ -150.950873381999969, 59.74979759100006 ], [ -150.950945807999972, 59.750000175000082 ], [ -150.950993474999962, 59.750133707000032 ], [ -150.951036383999963, 59.750179080000066 ], [ -150.951062943999972, 59.750317242000051 ], [ -150.951271241999962, 59.750520990000041 ], [ -150.951368354999971, 59.750802709000027 ], [ -150.951546175999965, 59.75102944300005 ], [ -150.951703190999979, 59.751483074000078 ], [ -150.951832526999965, 59.751722901000051 ], [ -150.951994514999967, 59.751916109000035 ], [ -150.95221650199997, 59.752177015000029 ], [ -150.952423519999968, 59.752394944000059 ], [ -150.952441464999964, 59.75245244000007 ], [ -150.952525916999974, 59.752516040000046 ], [ -150.952649819999976, 59.752608893000058 ], [ -150.952763419999968, 59.752710983000043 ], [ -150.952805411999975, 59.752768794000076 ], [ -150.952849097999973, 59.752886782000076 ], [ -150.952995320999975, 59.752967064000075 ], [ -150.953208075999981, 59.753019325000082 ], [ -150.953575747999963, 59.753032516000076 ], [ -150.953851201999981, 59.753019900000027 ], [ -150.954148564999969, 59.752974628000061 ], [ -150.954429214999976, 59.752905286000043 ], [ -150.954612877999978, 59.752862136000033 ], [ -150.954892226999959, 59.752806975000055 ], [ -150.955150531999976, 59.752775015000054 ], [ -150.955247503999971, 59.752755247000039 ], [ -150.955577507999976, 59.752611530000081 ] ] ] } },
{ "type": "Feature", "properties": { "OBJECTID": 13359, "ID": 75004300007360.0, "Shape_Length": 0.015541099044502299 }, "geometry": { "type": "MultiLineString", "coordinates": [ [ [ -151.624458870999973, 59.719345910000072 ], [ -151.624612160999959, 59.719315515000062 ], [ -151.62477589599996, 59.719271100000071 ], [ -151.624947375999966, 59.719250501000033 ], [ -151.62517511599998, 59.719235645000083 ], [ -151.625430480999967, 59.71923075400008 ], [ -151.625628233999976, 59.719239035000044 ], [ -151.625843843999974, 59.719261843000027 ], [ -151.626022055999982, 59.719279243000074 ], [ -151.626161865999961, 59.719305426000062 ], [ -151.626271687999974, 59.719354745000032 ], [ -151.626285023999969, 59.71937471800004 ], [ -151.626362729999983, 59.719404703000066 ], [ -151.626382517999957, 59.71945832800003 ], [ -151.626344192999966, 59.719499074000055 ], [ -151.626280176999984, 59.719568953000078 ], [ -151.626288173999967, 59.719622366000067 ], [ -151.626369447999963, 59.71964158000003 ], [ -151.626474727999977, 59.71965530500006 ], [ -151.62666085799998, 59.71969415500007 ], [ -151.626777506999957, 59.719714003000036 ], [ -151.626939213999975, 59.719764251000072 ], [ -151.627012654999959, 59.719784335000043 ], [ -151.627195082999975, 59.719783251000081 ], [ -151.627338265999981, 59.719762142000036 ], [ -151.627473026999979, 59.719726675000061 ], [ -151.627578475999968, 59.71970488900007 ], [ -151.627731090999958, 59.719683948000068 ], [ -151.627938618999963, 59.719687666000027 ], [ -151.628174781999974, 59.719687160000035 ], [ -151.628362769999967, 59.719699998000067 ], [ -151.628496583999976, 59.719698206000032 ], [ -151.628767719999956, 59.719716721000054 ], [ -151.628926683999964, 59.719727576000082 ], [ -151.629113333999982, 59.719721093000032 ], [ -151.629144605999983, 59.719719310000073 ], [ -151.629338339999975, 59.719730280000078 ], [ -151.629504259999976, 59.719721413000059 ], [ -151.629634384999974, 59.719717824000043 ], [ -151.629777988999962, 59.71969080000008 ], [ -151.63002939499998, 59.719642029000056 ], [ -151.630245427999967, 59.719592626000065 ], [ -151.630438718999983, 59.719530977000034 ], [ -151.630573473999959, 59.719462361000069 ], [ -151.630709912999976, 59.719370101000038 ], [ -151.630751597999961, 59.719282064000083 ], [ -151.630803813999961, 59.71921197100005 ], [ -151.630833286999973, 59.71912963300008 ], [ -151.630898133999978, 59.719047929000055 ], [ -151.630988245999959, 59.718943001000071 ], [ -151.631030772999964, 59.718843141000036 ], [ -151.631035589999982, 59.718775470000082 ], [ -151.631064958999957, 59.718758730000047 ], [ -151.631183539999967, 59.718685090000065 ], [ -151.631319973999979, 59.71862597300003 ], [ -151.631484033999982, 59.718576822000045 ], [ -151.631570275999962, 59.718559424000034 ], [ -151.631676391999974, 59.718528176000063 ], [ -151.631763641999981, 59.718496592000065 ], [ -151.631859988999963, 59.718469903000027 ], [ -151.63201326899997, 59.718439500000045 ], [ -151.632156104999979, 59.718423114000075 ], [ -151.632299614999965, 59.718397269000036 ], [ -151.632501065999975, 59.718353520000051 ], [ -151.632626718999973, 59.718313150000029 ], [ -151.632724073999981, 59.718272275000061 ], [ -151.632849053999962, 59.71824136400005 ], [ -151.633012098999984, 59.718206398000063 ], [ -151.633203444999964, 59.718171936000033 ], [ -151.633450373999978, 59.718152675000056 ], [ -151.633706066999963, 59.718143040000029 ], [ -151.633844866999965, 59.718183401000033 ], [ -151.633924044999958, 59.718265313000074 ], [ -151.63394729999996, 59.718336755000053 ], [ -151.634027823999958, 59.71839975000006 ], [ -151.634071288999962, 59.718452613000068 ], [ -151.634074670999979, 59.718537906000051 ], [ -151.634078388999967, 59.718618469000035 ], [ -151.634073008999962, 59.718694134000032 ], [ -151.634058196999973, 59.718769632000033 ], [ -151.634016766999963, 59.718820977000064 ], [ -151.633926155999973, 59.718899855000075 ], [ -151.63388472699998, 59.718951201000039 ], [ -151.633831845999964, 59.719030753000027 ], [ -151.633741569999984, 59.719104901000037 ], [ -151.633707554999972, 59.719184791000032 ], [ -151.63368364599998, 59.719255390000058 ], [ -151.633677592999959, 59.719340514000066 ], [ -151.633718704999978, 59.719426481000028 ], [ -151.633798894999984, 59.719494205000046 ], [ -151.633870324999975, 59.719552303000057 ], [ -151.633943434999964, 59.71958675500008 ], [ -151.634017218999958, 59.71961174900008 ], [ -151.63413917699998, 59.719623399000056 ], [ -151.634269559999979, 59.719649403000062 ], [ -151.634391518999962, 59.719661052000049 ], [ -151.634495280999971, 59.719662906000053 ], [ -151.634637114999975, 59.719660705000081 ], [ -151.634835208999959, 59.719664244000057 ], [ -151.63495783999997, 59.719666434000032 ], [ -151.63507170799997, 59.719658997000067 ], [ -151.635222974999976, 59.71965696400008 ], [ -151.635409956999979, 59.719683978000035 ], [ -151.635568975999973, 59.719705758000032 ], [ -151.635662299999979, 59.719721630000038 ], [ -151.635772137999965, 59.719770943000071 ], [ -151.635862773999975, 59.719824647000053 ], [ -151.635927462999973, 59.719844743000067 ], [ -151.636000574999969, 59.719879193000054 ], [ -151.636112428999979, 59.719900130000042 ], [ -151.636215858999975, 59.719906713000057 ], [ -151.636356684999981, 59.719918696000036 ], [ -151.63649717499996, 59.719935408000083 ], [ -151.636571968999959, 59.71994621500005 ], [ -151.636722563999967, 59.719953636000071 ], [ -151.636844523999969, 59.719965284000068 ], [ -151.636985686999964, 59.719972538000036 ], [ -151.637117751999966, 59.719974895000064 ], [ -151.637131657999959, 59.719974217000072 ], [ -151.637335014999962, 59.719993129000045 ] ] ] } },
{ "type": "Feature", "properties": { "OBJECTID": 13925, "ID": 75004300008149.0, "Shape_Length": 0.0057548634922996583 }, "geometry": { "type": "MultiLineString", "coordinates": [ [ [ -150.574987784999962, 59.796228409000037 ], [ -150.576745476999974, 59.796053375000042 ], [ -150.580733276999979, 59.796126908000076 ] ] ] } },
{ "type": "Feature", "properties": { "OBJECTID": 14331, "ID": 75004300004365.0, "Shape_Length": 0.0096103782604990105 }, "geometry": { "type": "MultiLineString", "coordinates": [ [ [ -151.618846965999978, 60.00557432800008 ], [ -151.618853161999965, 60.005564742000047 ], [ -151.618861230999983, 60.005555688000072 ], [ -151.618873947999958, 60.005545642000072 ], [ -151.618876173999979, 60.005544309000072 ], [ -151.618877481999959, 60.005526188000033 ], [ -151.618881533999968, 60.005470036000077 ], [ -151.618949506999968, 60.005435737000028 ], [ -151.619022147999971, 60.005419277000044 ], [ -151.619082894999963, 60.005402604000039 ], [ -151.619141935999977, 60.005409576000034 ], [ -151.619259375999974, 60.005432383000027 ], [ -151.619328175999982, 60.005469120000043 ], [ -151.619390604999978, 60.005511661000071 ], [ -151.619399511999973, 60.005553249000059 ], [ -151.619426687999976, 60.005589244000078 ], [ -151.619459593999977, 60.005628301000058 ], [ -151.619540290999964, 60.00566524900006 ], [ -151.619592103999963, 60.005689846000053 ], [ -151.619704025999965, 60.00570663600007 ], [ -151.619833148999959, 60.005732610000052 ], [ -151.619939123999984, 60.005749295000044 ], [ -151.620038725999962, 60.005771784000046 ], [ -151.620166996999984, 60.005809581000051 ], [ -151.620224758999967, 60.00583428300007 ], [ -151.620391244999979, 60.005920107000065 ], [ -151.620468566999961, 60.005975361000083 ], [ -151.620534678999974, 60.006007409000063 ], [ -151.620718488999984, 60.006088692000048 ], [ -151.620868629999961, 60.006153510000047 ], [ -151.621172749999971, 60.006229947000065 ], [ -151.621301023999962, 60.006267742000034 ], [ -151.621423563999969, 60.00630247600003 ], [ -151.621528902999984, 60.006328025000073 ], [ -151.621657815999981, 60.006356953000079 ], [ -151.621722377999959, 60.006369939000081 ], [ -151.621833876999972, 60.006392639000069 ], [ -151.621975749999962, 60.00640700200006 ], [ -151.622128664999963, 60.00643339700008 ], [ -151.622205121999968, 60.006446595000057 ], [ -151.622263739999966, 60.006459476000032 ], [ -151.62235538799996, 60.006462629000055 ], [ -151.622453398999966, 60.006471729000054 ], [ -151.62259039099996, 60.00647120800005 ], [ -151.622698926999959, 60.006452426000067 ], [ -151.622850792999969, 60.006410740000035 ], [ -151.62292577599996, 60.006361768000033 ], [ -151.622970810999959, 60.006315222000069 ], [ -151.623003738999984, 60.006271420000076 ], [ -151.623073413999975, 60.006213477000074 ], [ -151.623129063999983, 60.006184875000031 ], [ -151.623177916999964, 60.006167988000072 ], [ -151.623244182999969, 60.006157331000054 ], [ -151.623345278999977, 60.006159130000071 ], [ -151.623458268999968, 60.006161140000074 ], [ -151.623553629999975, 60.006159878000062 ], [ -151.62367894099998, 60.006156188000034 ], [ -151.623803823999964, 60.006158410000069 ], [ -151.623874972999971, 60.006162635000067 ], [ -151.624027673999962, 60.006191984000054 ], [ -151.624031280999958, 60.006224600000053 ], [ -151.624010460999983, 60.006265658000075 ], [ -151.624007692999982, 60.006304079000074 ], [ -151.623998977999975, 60.006342392000079 ], [ -151.623984530999962, 60.006377646000033 ], [ -151.623964348999976, 60.006409838000081 ], [ -151.623955208999973, 60.006454064000081 ], [ -151.62395073999997, 60.006516128000044 ], [ -151.623953279999967, 60.006563520000043 ], [ -151.624039289999956, 60.006609437000066 ], [ -151.624090896999974, 60.006636988000082 ], [ -151.624155035999962, 60.006655885000043 ], [ -151.624219388999961, 60.006671825000069 ], [ -151.624354891999957, 60.006691990000036 ], [ -151.624455775999962, 60.006696743000077 ], [ -151.624562820999984, 60.006698647000064 ], [ -151.624646715999972, 60.006691261000071 ], [ -151.62474781399996, 60.006693059000042 ], [ -151.624825123999983, 60.006694434000053 ], [ -151.62493790299996, 60.00669939900007 ], [ -151.625009265999978, 60.006700667000075 ], [ -151.625122682999972, 60.006696765000072 ], [ -151.625206365999958, 60.006692334000036 ], [ -151.625302367999979, 60.006682205000061 ], [ -151.62542810399998, 60.006672603000027 ], [ -151.625595043999965, 60.006669653000074 ], [ -151.625733736999962, 60.006645485000035 ], [ -151.625865845999982, 60.006630078000057 ], [ -151.626010697999959, 60.006603060000032 ], [ -151.626095443999958, 60.006583853000052 ], [ -151.626174879999979, 60.006555672000047 ], [ -151.62626536099998, 60.006539525000051 ], [ -151.626337360999969, 60.006531927000083 ], [ -151.626438457999967, 60.006533722000029 ], [ -151.626515554999969, 60.006538053000043 ], [ -151.626604333999978, 60.00654554700003 ], [ -151.626699057999957, 60.006553150000059 ], [ -151.626769783999976, 60.006563284000038 ], [ -151.626858775999978, 60.006567824000058 ], [ -151.626959873999965, 60.00656962000005 ], [ -151.627084120999967, 60.006580705000033 ], [ -151.627193611999957, 60.006580285000041 ], [ -151.627201612999983, 60.006581233000077 ], [ -151.627302490999966, 60.006609037000032 ], [ -151.627378517999972, 60.006631017000075 ], [ -151.627509651999958, 60.006668239000078 ] ] ] } },
{ "type": "Feature", "properties": { "OBJECTID": 15055, "ID": 75004300002353.0, "Shape_Length": 0.055473198232615567 }, "geometry": { "type": "MultiLineString", "coordinates": [ [ [ -151.595159171999967, 59.984830095000063 ], [ -151.595235915999979, 59.984920256000066 ], [ -151.59531525099996, 59.984984349000058 ], [ -151.595396049999977, 59.985017851000066 ], [ -151.59549970599997, 59.985060831000055 ], [ -151.595560880999983, 59.985086950000039 ], [ -151.595600785999977, 59.985104831000058 ], [ -151.595620256999979, 59.985114029000044 ], [ -151.595638928999961, 59.985123271000077 ], [ -151.595657259999967, 59.985132696000051 ], [ -151.595661553999975, 59.985134991000052 ], [ -151.596467818999969, 59.985472111000036 ], [ -151.596852730999984, 59.985677904000056 ], [ -151.597349852999969, 59.985898177000081 ], [ -151.597474964999975, 59.98595898800005 ], [ -151.597652646999961, 59.986068719000059 ], [ -151.597914878999973, 59.986194176000083 ], [ -151.598235200999966, 59.98630647300007 ], [ -151.598744562999968, 59.986372454000048 ], [ -151.599300844999959, 59.986382459000083 ], [ -151.599800588999983, 59.986384342000065 ], [ -151.600074176999982, 59.986353751000081 ], [ -151.600278507999974, 59.986293504000059 ], [ -151.60042630199996, 59.986225139000055 ], [ -151.600631663999962, 59.986150706000046 ], [ -151.600933260999966, 59.986127717000045 ], [ -151.601290365999972, 59.986127033000059 ], [ -151.60161378799998, 59.986196763000066 ], [ -151.602046683999959, 59.986332381000068 ], [ -151.602468766999976, 59.986616948000062 ], [ -151.602655422999959, 59.986996716000078 ], [ -151.60313358999997, 59.987885974000051 ], [ -151.603210162999972, 59.988011637000056 ], [ -151.603304089999966, 59.988094999000054 ], [ -151.603382467999978, 59.988195836000045 ], [ -151.603563270999985, 59.988263002000053 ], [ -151.603816943999959, 59.988310168000055 ], [ -151.604056349999979, 59.988357078000035 ], [ -151.604251204999969, 59.98837450700006 ], [ -151.604478624999985, 59.98844278100006 ], [ -151.605728480999971, 59.988933945000042 ], [ -151.606946894999965, 59.989268287000073 ], [ -151.607619274999962, 59.989450789000045 ], [ -151.607940174999982, 59.989555970000083 ], [ -151.608105701999961, 59.989637060000064 ], [ -151.608141815999971, 59.989730034000047 ], [ -151.608134619999959, 59.989829336000071 ], [ -151.608100432999976, 59.989906848000032 ], [ -151.608069521999965, 59.989947960000052 ], [ -151.607835433999981, 59.990015735000043 ], [ -151.607568376999978, 59.990152992000048 ], [ -151.607237571999974, 59.990381436000064 ], [ -151.606971917999971, 59.990696271000047 ], [ -151.606726560999959, 59.991125107000073 ], [ -151.607081908999959, 59.991543402000048 ], [ -151.607705368999973, 59.99181025200005 ], [ -151.608153145999978, 59.991939012000046 ], [ -151.608695771999976, 59.991941629000053 ], [ -151.609084553999963, 59.99189887700004 ], [ -151.609472821999958, 59.99186321600007 ], [ -151.60989977899996, 59.99188506400003 ], [ -151.610612055999979, 59.991912017000061 ], [ -151.611521495999966, 59.991978004000032 ], [ -151.612233265999976, 59.992012042000056 ], [ -151.612590904999962, 59.99203929600003 ], [ -151.612815100999967, 59.992065059000083 ], [ -151.613265466999962, 59.992158336000045 ], [ -151.613731124999958, 59.992237681000063 ], [ -151.614051557999971, 59.992349939000064 ], [ -151.614258375999981, 59.992453065000063 ], [ -151.614293482999983, 59.992560225000034 ], [ -151.614195578999983, 59.992728926000041 ], [ -151.613957572999965, 59.992859614000054 ], [ -151.613752710999961, 59.992926974000056 ], [ -151.613605941999964, 59.992981168000028 ], [ -151.613432176999964, 59.993047460000071 ], [ -151.613339910999969, 59.99310425200008 ], [ -151.613319489999981, 59.993189112000039 ], [ -151.61326899499997, 59.993294742000046 ], [ -151.613233792999978, 59.993386440000052 ], [ -151.613270950999976, 59.993465229000037 ], [ -151.613363637999981, 59.993566315000066 ], [ -151.613426765999975, 59.993681078000066 ], [ -151.613506211999976, 59.993767724000065 ], [ -151.613671260999979, 59.993855899000039 ], [ -151.613781805999963, 59.993907590000049 ], [ -151.614018704999978, 59.993989946000056 ], [ -151.614229635999976, 59.99403632800005 ], [ -151.614372260999971, 59.994065865000039 ], [ -151.614678491999967, 59.994150880000063 ], [ -151.614972974999972, 59.994227161000083 ], [ -151.615320941999983, 59.994354112000053 ], [ -151.61583286399997, 59.994782280000038 ], [ -151.615904633999975, 59.994975318000058 ], [ -151.615967771999976, 59.995090081000058 ], [ -151.616071151999961, 59.995241070000077 ], [ -151.616453228999973, 59.995489363000047 ], [ -151.616966718999976, 59.995896247000076 ], [ -151.617244322999966, 59.996206592000078 ], [ -151.617101056999957, 59.996409997000058 ], [ -151.616837060999984, 59.996504716000061 ], [ -151.616614840999972, 59.996614384000054 ], [ -151.616460887999978, 59.996767883000075 ], [ -151.616421079999981, 59.996923418000051 ], [ -151.616468931999975, 59.997052112000063 ], [ -151.616570782999958, 59.997224380000034 ], [ -151.616670589999984, 59.997425020000037 ], [ -151.616676225999981, 59.997557255000061 ], [ -151.616676078999973, 59.997557406000055 ], [ -151.616650820999979, 59.997581230000037 ], [ -151.616571402999966, 59.997652006000067 ], [ -151.61655879099996, 59.997663849000048 ], [ -151.616546786999976, 59.997675746000027 ], [ -151.616535672999959, 59.997687720000044 ], [ -151.616525824999968, 59.997699804000035 ], [ -151.616517750999975, 59.997712037000042 ], [ -151.61651211399996, 59.997724471000083 ], [ -151.616509505999971, 59.997736677000034 ], [ -151.616509183999966, 59.997749069000065 ], [ -151.616510545999972, 59.997761603000072 ], [ -151.616513133999973, 59.997774237000044 ], [ -151.616516607999984, 59.997786940000083 ], [ -151.616520728999973, 59.997799685000075 ], [ -151.616530314999977, 59.99782519300004 ], [ -151.616541365999979, 59.997850520000043 ], [ -151.616547535999985, 59.997863011000049 ], [ -151.616554312999966, 59.997875302000068 ], [ -151.616561922999978, 59.997887303000027 ], [ -151.616570682999964, 59.997898900000052 ], [ -151.616581026999967, 59.997909939000067 ], [ -151.616593517999974, 59.997920220000083 ], [ -151.616609100999966, 59.997929849000059 ], [ -151.616626939999975, 59.997938680000061 ], [ -151.616646422999963, 59.997946928000033 ], [ -151.616667083999971, 59.99795475600007 ], [ -151.616688571999958, 59.997962286000075 ], [ -151.61673309699998, 59.997976771000083 ], [ -151.616778722999982, 59.997990802000061 ], [ -151.616848160999979, 59.998011201000054 ], [ -151.61689512199996, 59.998024134000048 ], [ -151.616918939999977, 59.998030244000063 ], [ -151.616943336999981, 59.998036102000071 ], [ -151.616992804999967, 59.99804709600005 ], [ -151.617067848999966, 59.998062651000055 ], [ -151.617093197999964, 59.998067733000028 ], [ -151.617480613999959, 59.998078666000083 ], [ -151.617950973999967, 59.998094159000061 ], [ -151.618220032999972, 59.998127366000062 ], [ -151.618361187999966, 59.998151190000044 ], [ -151.618597102999956, 59.998247726000045 ], [ -151.618800900999958, 59.998393402000033 ], [ -151.619052112999981, 59.998476004000054 ], [ -151.619321689999964, 59.998502116000054 ], [ -151.619579554999973, 59.998492508000027 ], [ -151.619696267999984, 59.998459079000042 ], [ -151.619878239999963, 59.998313178000046 ], [ -151.619973061999957, 59.998187029000064 ], [ -151.620056681999984, 59.998018069000068 ], [ -151.620165261999972, 59.997899268000083 ], [ -151.620399188999983, 59.997825314000067 ], [ -151.620799225999974, 59.99782533900003 ], [ -151.621212508999974, 59.997839805000069 ], [ -151.621796505999981, 59.99786441100008 ], [ -151.621986139999962, 59.997897789000035 ], [ -151.622104796999963, 59.99794802200006 ], [ -151.622601100999958, 59.998198331000083 ], [ -151.623069894999958, 59.998433942000077 ], [ -151.62359117699998, 59.99873440600004 ], [ -151.623906088999973, 59.998924664000072 ], [ -151.624010505999962, 59.999340640000071 ], [ -151.623999239999961, 59.99961522500007 ], [ -151.623896256999984, 59.999854862000063 ], [ -151.623387075999972, 60.00017960100007 ], [ -151.623100620999963, 60.00038756500004 ], [ -151.622921835999961, 60.000510075000079 ], [ -151.622920185999959, 60.000512191000041 ], [ -151.622664310999966, 60.000692291000064 ], [ -151.62245430599998, 60.000830594000035 ], [ -151.622312587999971, 60.001012727000045 ], [ -151.622254442999974, 60.001224754000077 ], [ -151.622253378999972, 60.00143779900003 ], [ -151.622298703999974, 60.001601953000034 ], [ -151.62256469099998, 60.001876567000068 ], [ -151.623008024999962, 60.002267971000038 ], [ -151.624075681999983, 60.002919054000074 ], [ -151.62440541999996, 60.003102471000034 ], [ -151.624780525999967, 60.003251184000078 ], [ -151.625086321999959, 60.00337025500005 ], [ -151.62532382699996, 60.003445499000065 ], [ -151.625561842999957, 60.00351364900007 ], [ -151.62576621499997, 60.003652221000038 ], [ -151.625885469999957, 60.003782179000041 ], [ -151.625800840999972, 60.003965329000039 ], [ -151.625708576999983, 60.00405601500006 ], [ -151.625579623999982, 60.004060825000067 ], [ -151.625465960999975, 60.004051702000027 ], [ -151.625352299999975, 60.004042580000032 ], [ -151.625253931999964, 60.004019524000057 ], [ -151.625112238999975, 60.00400280100007 ], [ -151.624940468999966, 60.004006849000064 ], [ -151.624722823999974, 60.004052692000073 ], [ -151.624621385999973, 60.004099625000038 ], [ -151.624575683999979, 60.00409505600004 ], [ -151.624491156999966, 60.004111308000063 ], [ -151.624265392999973, 60.004187190000039 ], [ -151.624066590999973, 60.004302022000047 ], [ -151.624030247999968, 60.004475969000055 ], [ -151.624044242999958, 60.004612340000051 ], [ -151.624090525999975, 60.004713778000053 ], [ -151.624289705999956, 60.004924463000066 ], [ -151.624527345999979, 60.005014507000055 ], [ -151.624769667999971, 60.005039531000079 ], [ -151.624949129999976, 60.005027927000071 ], [ -151.625092699999982, 60.005018641000049 ], [ -151.625281929999971, 60.005036803000053 ], [ -151.625416788999956, 60.00506583300006 ], [ -151.625545060999968, 60.005103624000071 ], [ -151.625686928999983, 60.005117982000058 ], [ -151.625829222999982, 60.005126430000075 ], [ -151.625959199999983, 60.005140577000077 ], [ -151.626140354999961, 60.005188185000065 ], [ -151.626327247999967, 60.005238853000037 ], [ -151.62648865099996, 60.005312742000058 ], [ -151.626621597999957, 60.005368369000053 ], [ -151.626719289999983, 60.005417453000064 ], [ -151.626790856999975, 60.005498622000061 ], [ -151.626830989999974, 60.005602907000082 ], [ -151.626878132999963, 60.005692520000082 ], [ -151.626982638999976, 60.005752624000081 ], [ -151.626992419999965, 60.005756878000057 ], [ -151.627034023999983, 60.005774436000081 ], [ -151.627055132999971, 60.005782990000057 ], [ -151.627076556999981, 60.005791314000078 ], [ -151.62709840499997, 60.005799319000062 ], [ -151.627120820999977, 60.005806894000045 ], [ -151.627143414999978, 60.005813807000038 ], [ -151.627166513999981, 60.005820325000059 ], [ -151.627260270999983, 60.005844832000037 ], [ -151.627283113999965, 60.005851103000055 ], [ -151.627305236999973, 60.005857668000033 ], [ -151.627326290999974, 60.005864692000046 ], [ -151.62734582799996, 60.005872375000081 ] ] ] } },
{ "type": "Feature", "properties": { "OBJECTID": 15595, "ID": 75004300007881.0, "Shape_Length": 0.033570424400447246 }, "geometry": { "type": "MultiLineString", "coordinates": [ [ [ -151.124986399999983, 60.390387110000063 ], [ -151.125227003999981, 60.390392229000042 ], [ -151.125495394999973, 60.390524792000065 ], [ -151.125566481999982, 60.390541903000042 ], [ -151.125722345999975, 60.390595407000035 ], [ -151.125949157999969, 60.390647589000082 ], [ -151.126140809999981, 60.390661136000062 ], [ -151.126258800999977, 60.390635231000033 ], [ -151.126344127999971, 60.390542331000063 ], [ -151.126355796999974, 60.390409978000037 ], [ -151.126385044999978, 60.390296943000067 ], [ -151.126523949999978, 60.390252539000073 ], [ -151.126775010999978, 60.390248405000079 ], [ -151.127082981999962, 60.390254953000067 ], [ -151.12740770299996, 60.390290272000072 ], [ -151.127695595999967, 60.390305863000037 ], [ -151.127988483999957, 60.390264730000069 ], [ -151.128314871999976, 60.390281138000034 ], [ -151.128622844999967, 60.390287682000064 ], [ -151.128874735999972, 60.390274092000027 ], [ -151.129068052999969, 60.390268727000034 ], [ -151.129283946999976, 60.390225957000041 ], [ -151.129401100999956, 60.390209503000051 ], [ -151.129580994999969, 60.390137552000056 ], [ -151.129739975999968, 60.390084100000081 ], [ -151.129898122999975, 60.390040102000057 ], [ -151.130110684999977, 60.390035146000059 ], [ -151.13032657499997, 60.389992373000041 ], [ -151.130464640999975, 60.389957419000041 ], [ -151.13064037099997, 60.389932736000048 ], [ -151.130756690999959, 60.38992573400003 ], [ -151.130969251999971, 60.389920776000054 ], [ -151.131221142999976, 60.389907181000069 ], [ -151.13137679099998, 60.389891542000044 ], [ -151.131498102999984, 60.389827818000072 ], [ -151.131523173999966, 60.389762049000069 ], [ -151.131452005999961, 60.38969423900005 ], [ -151.131302180999967, 60.389643700000079 ], [ -151.131173268999959, 60.389574664000065 ], [ -151.131125508999958, 60.38945999200007 ], [ -151.131093670999974, 60.389383545000044 ], [ -151.131046742999956, 60.389259419000041 ], [ -151.130962153999974, 60.389125023000076 ], [ -151.130931977999978, 60.389029668000035 ], [ -151.130959545999957, 60.388935539000045 ], [ -151.131080022999981, 60.388881268000034 ], [ -151.131256578999967, 60.388847129000055 ], [ -151.131413886999979, 60.38881258300006 ], [ -151.131593768999977, 60.388740630000029 ], [ -151.131720065999957, 60.388620183000057 ], [ -151.131768542999964, 60.388507554000057 ], [ -151.131719117999978, 60.388411791000067 ], [ -151.131534963999968, 60.388313167000035 ], [ -151.131406887999958, 60.388234676000081 ], [ -151.131322301999973, 60.388100279000071 ], [ -151.131260286999975, 60.38792847700006 ], [ -151.131235104999973, 60.387776399000074 ], [ -151.131247583999965, 60.38763459200004 ], [ -151.131262557999975, 60.387464424000029 ], [ -151.131313528999982, 60.387323433000063 ], [ -151.131475820999981, 60.387232165000057 ], [ -151.131678267999973, 60.387122805000047 ], [ -151.131747651999973, 60.386991678000072 ], [ -151.131719138999983, 60.386877415000072 ], [ -151.131729951999972, 60.386754516000053 ], [ -151.131913979999979, 60.38663529300004 ], [ -151.132116422999957, 60.38652593200004 ], [ -151.132317198999971, 60.386435479000056 ], [ -151.132519637999962, 60.386326118000056 ], [ -151.132605767999962, 60.386223759000075 ], [ -151.132732051999966, 60.386103311000056 ], [ -151.132865819999978, 60.385897778000071 ], [ -151.13298449499996, 60.385644567000043 ], [ -151.133188461999964, 60.38529845000005 ], [ -151.133365700999974, 60.385037010000076 ], [ -151.133421895999959, 60.384910817000048 ], [ -151.133478396999976, 60.384910336000075 ], [ -151.133521845999979, 60.384888077000028 ], [ -151.133520703999977, 60.384855253000069 ], [ -151.133542428999959, 60.38484412300005 ], [ -151.133542048999971, 60.384833181000033 ], [ -151.13365067099997, 60.384777533000033 ], [ -151.133650288999974, 60.384766592000062 ], [ -151.133715461999969, 60.384733202000064 ], [ -151.13371508299997, 60.384722261000036 ], [ -151.133736807999981, 60.384711131000074 ], [ -151.133735668999975, 60.384678306000069 ], [ -151.133779114999982, 60.384656046000032 ], [ -151.133770748999979, 60.384415335000028 ], [ -151.133792473999961, 60.384404205000067 ], [ -151.133786767999965, 60.384240082000076 ], [ -151.133808492999975, 60.384228952000058 ], [ -151.134127777999964, 60.384103997000068 ], [ -151.134350474999962, 60.384013770000081 ], [ -151.134358804999977, 60.383918994000055 ], [ -151.134371761999972, 60.383771566000064 ], [ -151.134383794999962, 60.38363466900006 ], [ -151.134388422999962, 60.383582016000048 ], [ -151.134434996999971, 60.383540803000074 ], [ -151.134556059999966, 60.383385118000035 ], [ -151.134724620999975, 60.383177689000036 ], [ -151.134859712999969, 60.383106702000077 ], [ -151.135138380999962, 60.383112611000058 ], [ -151.135305242999976, 60.383168900000044 ], [ -151.135385434999961, 60.383233902000029 ], [ -151.13557558499997, 60.383269584000061 ], [ -151.135763883999971, 60.383326328000066 ], [ -151.13583760299997, 60.383465044000047 ], [ -151.135875849999962, 60.383518604000074 ], [ -151.136028838999977, 60.383732851000048 ], [ -151.136235801999959, 60.383821641000054 ], [ -151.136383083999959, 60.383856413000046 ], [ -151.136708329999976, 60.383821105000038 ], [ -151.136823834999973, 60.383728602000076 ], [ -151.136933789999972, 60.38369928000003 ], [ -151.13710250699998, 60.383734507000042 ], [ -151.137246089999962, 60.38381140100006 ], [ -151.137303926999977, 60.383886477000033 ], [ -151.13760033899996, 60.383934958000054 ], [ -151.137837990999969, 60.383918893000043 ], [ -151.137973079999966, 60.38384790300006 ], [ -151.138020573999967, 60.383796158000052 ], [ -151.138134226999966, 60.383724715000028 ], [ -151.138392387999971, 60.383719633000055 ], [ -151.138494949999966, 60.383774555000059 ], [ -151.13857699899998, 60.383818494000082 ], [ -151.138662744999976, 60.383820310000033 ], [ -151.138882652999968, 60.383761667000044 ], [ -151.138928298999957, 60.383730983000078 ], [ -151.139142661999983, 60.383735522000052 ], [ -151.139449239999976, 60.383668163000038 ], [ -151.139642168999984, 60.383672248000039 ], [ -151.139856530999964, 60.383676785000034 ], [ -151.140332196999964, 60.383746390000056 ], [ -151.140513240999979, 60.38374483900003 ], [ -151.140839058999973, 60.383577875000071 ], [ -151.140838675999959, 60.383566933000054 ], [ -151.141148087999966, 60.383408376000034 ], [ -151.141349783999971, 60.383357282000077 ], [ -151.141775138999975, 60.383233682000082 ], [ -151.142003077999959, 60.383162733000063 ], [ -151.142086684999981, 60.383088730000054 ], [ -151.142221713999959, 60.382977930000038 ], [ -151.14243206499998, 60.382887666000045 ], [ -151.142786742999959, 60.382800453000073 ], [ -151.143143488999982, 60.382689604000063 ], [ -151.14340360099996, 60.382581448000053 ], [ -151.143616427999973, 60.382462820000057 ], [ -151.143830497999971, 60.382330011000079 ], [ -151.144024077999973, 60.382210975000078 ], [ -151.144164165999968, 60.382152372000064 ], [ -151.14425200499997, 60.382140022000044 ], [ -151.144551523999979, 60.38213214600006 ], [ -151.144766929999975, 60.382094077000033 ], [ -151.144867287999972, 60.382048841000028 ], [ -151.145009028999965, 60.381971330000056 ], [ -151.145210570999978, 60.381871404000037 ], [ -151.145326340999958, 60.381760194000037 ], [ -151.145394416999977, 60.381643240000074 ], [ -151.145527361999967, 60.381556071000034 ], [ -151.145656168999977, 60.381516171000044 ], [ -151.145832668999958, 60.381482015000074 ], [ -151.146003682999975, 60.381400384000074 ], [ -151.146079308999958, 60.381307269000047 ], [ -151.146127311999976, 60.381199363000064 ], [ -151.146204178999966, 60.381092065000075 ], [ -151.146375603999957, 60.381005707000043 ], [ -151.146595136999963, 60.380920368000034 ], [ -151.146750212999962, 60.380800515000033 ], [ -151.146984328999963, 60.380658652000079 ], [ -151.147209233999973, 60.38051186000007 ], [ -151.147404446999957, 60.380373911000049 ], [ -151.147551135999976, 60.380239674000052 ], [ -151.14765437899996, 60.380161348000058 ], [ -151.14778317699998, 60.380121446000032 ], [ -151.147955005999961, 60.380030359000045 ], [ -151.148109246999979, 60.379919959000063 ], [ -151.148256759999981, 60.379776268000057 ], [ -151.148448128999974, 60.379571938000083 ], [ -151.148509460999975, 60.379421690000072 ], [ -151.148470862999972, 60.379311955000048 ], [ -151.14838209399997, 60.379224839000074 ], [ -151.148332221999965, 60.379133807000073 ], [ -151.148407008999982, 60.379050145000065 ], [ -151.148533207999975, 60.378929680000056 ], [ -151.148637683999965, 60.378837172000033 ], [ -151.148757680999978, 60.378787613000043 ], [ -151.148905712999976, 60.378748116000054 ], [ -151.149008534999979, 60.378674515000057 ], [ -151.149104626999957, 60.378567622000048 ], [ -151.149170615999964, 60.37847430100004 ], [ -151.149162532999981, 60.37834626800003 ] ] ] } },
{ "type": "Feature", "properties": { "OBJECTID": 15785, "ID": 75004300005039.0, "Shape_Length": 0.0084203072417381869 }, "geometry": { "type": "MultiLineString", "coordinates": [ [ [ -150.857936593999966, 59.796320256000058 ], [ -150.858072585999963, 59.796383821000063 ], [ -150.858083449999981, 59.796394793000047 ], [ -150.858163342999973, 59.796426293000081 ], [ -150.858230865999957, 59.796463422000045 ], [ -150.858320893999974, 59.796512927000038 ], [ -150.858377721999972, 59.796537958000044 ], [ -150.85845985399996, 59.796545825000067 ], [ -150.858578541999975, 59.796542713000065 ], [ -150.858710720999966, 59.796522156000037 ], [ -150.858750633999961, 59.796475729000065 ], [ -150.858823187999974, 59.796459681000044 ], [ -150.858897979999966, 59.796420001000058 ], [ -150.858929076999971, 59.796413123000036 ], [ -150.859044766999972, 59.796370182000032 ], [ -150.859293955999959, 59.796364237000034 ], [ -150.85963205799996, 59.796419612000079 ], [ -150.860029223999959, 59.796476385000062 ], [ -150.860348172999977, 59.796483933000047 ], [ -150.860390785999982, 59.796483876000082 ], [ -150.860483536999965, 59.796500588000072 ], [ -150.860620820999969, 59.796551209000029 ], [ -150.860758664999963, 59.796595922000051 ], [ -150.861014638999961, 59.796643429000028 ], [ -150.86124978099997, 59.796660835000068 ], [ -150.86147311299996, 59.796677961000057 ], [ -150.86173978399998, 59.796737563000079 ], [ -150.861995201999974, 59.796790977000057 ], [ -150.862264667999966, 59.79682103600004 ], [ -150.862405107999962, 59.796839327000043 ], [ -150.862513548999971, 59.796872685000039 ], [ -150.862717428999957, 59.796906073000059 ], [ -150.862764252999966, 59.796921673000043 ], [ -150.863028137999976, 59.797010816000068 ], [ -150.863328019999983, 59.797094884000046 ], [ -150.863605394999979, 59.797166579000077 ], [ -150.863859703999964, 59.79723180600007 ], [ -150.864103872999976, 59.797279028000048 ], [ -150.864393622999984, 59.797345092000057 ], [ -150.864507848999978, 59.797389242000065 ], [ -150.864728951999979, 59.797429997000052 ], [ -150.864891548999964, 59.797463447000041 ], [ -150.86498326399996, 59.797495221000077 ], [ -150.865105957999958, 59.797575100000074 ], [ -150.865253950999971, 59.797637812000062 ], [ -150.865341493999978, 59.797666978000052 ], [ -150.866079595999963, 59.797769505000076 ] ] ] } },
{ "type": "Feature", "properties": { "OBJECTID": 16651, "ID": 75004300006837.0, "Shape_Length": 0.031896619752344951 }, "geometry": { "type": "MultiLineString", "coordinates": [ [ [ -151.110002299999962, 60.242020558000036 ], [ -151.116606837999967, 60.237870384000075 ], [ -151.124742811999965, 60.234019063000062 ], [ -151.13047841499997, 60.232217624000043 ], [ -151.133365884999961, 60.23164089100004 ], [ -151.134065008999983, 60.231409907000057 ], [ -151.136136008999983, 60.230558773000041 ], [ -151.137146476999959, 60.230572973000051 ], [ -151.139094607999965, 60.229657305000046 ] ] ] } },
{ "type": "Feature", "properties": { "OBJECTID": 17046, "ID": 75004300002027.0, "Shape_Length": 0.0069544632234587317 }, "geometry": { "type": "MultiLineString", "coordinates": [ [ [ -150.851864602999967, 59.892342861000031 ], [ -150.852023788999958, 59.892259992000049 ], [ -150.852199295999981, 59.89211255500004 ], [ -150.852179576999958, 59.892106261000038 ], [ -150.852241701999958, 59.892066187000069 ], [ -150.852264252999959, 59.892028823000032 ], [ -150.852315685999969, 59.891987405000066 ], [ -150.85243885899996, 59.891890839000041 ], [ -150.852481261999969, 59.89184447000008 ], [ -150.85254576899996, 59.891765464000059 ], [ -150.852590103999972, 59.891726032000065 ], [ -150.852677066999973, 59.891683301000057 ], [ -150.852774538999967, 59.891657183000063 ], [ -150.852881936999978, 59.891626563000045 ], [ -150.852968580999971, 59.891614402000073 ], [ -150.853101266999971, 59.891617539000038 ], [ -150.853214096999977, 59.89162968200003 ], [ -150.853345434999966, 59.891646999000045 ], [ -150.85344923599996, 59.891654191000043 ], [ -150.853515577999957, 59.891655760000049 ], [ -150.853621177999969, 59.891644046000067 ], [ -150.853728126999982, 59.891618152000035 ], [ -150.853768282999965, 59.891595414000051 ], [ -150.853808888999964, 59.891567952000059 ], [ -150.853814300999971, 59.891560974000072 ], [ -150.853868897999973, 59.891536210000027 ], [ -150.853970412999956, 59.891467553000041 ], [ -150.854090879999973, 59.891399345000082 ], [ -150.854175234999957, 59.891311332000043 ], [ -150.854384143999965, 59.89121205400005 ], [ -150.854446398999983, 59.891156680000051 ], [ -150.85453434599998, 59.891030856000043 ], [ -150.854824459999975, 59.890876651000042 ], [ -150.855034709999984, 59.890763191000076 ], [ -150.855205703999957, 59.89066301500003 ], [ -150.855219429999977, 59.890649389000032 ], [ -150.855400543999963, 59.890411813000071 ], [ -150.855413070999958, 59.890179989000046 ], [ -150.855211714999967, 59.889999955000064 ], [ -150.855107871999962, 59.889893284000038 ], [ -150.854993205999961, 59.889800567000066 ], [ -150.85485504899998, 59.889655187000074 ], [ -150.854839643999981, 59.88951744700006 ], [ -150.854923496999959, 59.889334679000058 ], [ -150.855128213999961, 59.888979495000058 ], [ -150.855537415999976, 59.888423954000075 ], [ -150.855768995999966, 59.88830362200008 ] ] ] } },
{ "type": "Feature", "properties": { "OBJECTID": 17780, "ID": 75004300003723.0, "Shape_Length": 0.032468721844584408 }, "geometry": { "type": "MultiLineString", "coordinates": [ [ [ -151.21195240299997, 59.488063720000071 ], [ -151.212071633999983, 59.488085022000064 ], [ -151.212342767999957, 59.488209189000031 ], [ -151.212637060999981, 59.488334740000028 ], [ -151.212826756999959, 59.48838776100007 ], [ -151.213589886999983, 59.488688138000043 ], [ -151.21421725899998, 59.488928795000049 ], [ -151.214952313999959, 59.489228569000034 ], [ -151.215574991999972, 59.489525960000037 ], [ -151.215967000999967, 59.489889512000047 ], [ -151.216014759999979, 59.490331035000054 ], [ -151.21589628199996, 59.490740617000029 ], [ -151.215744984999958, 59.491206344000034 ], [ -151.215627680999972, 59.491601741000068 ], [ -151.215625130999967, 59.491971148000061 ], [ -151.215681139999958, 59.492313374000048 ], [ -151.215850733999957, 59.492643797000028 ], [ -151.216185399999972, 59.493020343000069 ], [ -151.216576276999973, 59.493398080000077 ], [ -151.216998798999981, 59.493733852000048 ], [ -151.217448253999976, 59.494084405000081 ], [ -151.217702178999957, 59.494416609000041 ], [ -151.21781795299998, 59.494717468000033 ], [ -151.217993466999957, 59.494976961000077 ], [ -151.218077608999977, 59.495319782000081 ], [ -151.218069196999977, 59.495760113000074 ], [ -151.218015614999956, 59.496134123000047 ], [ -151.218018263999966, 59.496147441000062 ], [ -151.217952518999965, 59.496487090000073 ], [ -151.217852443999959, 59.49678811900003 ], [ -151.217752367999964, 59.497089148000043 ], [ -151.217686618999977, 59.497428797000055 ], [ -151.217694246999969, 59.497788944000035 ], [ -151.217736204999966, 59.49818771200006 ], [ -151.217931203999967, 59.498551823000071 ], [ -151.218318292999982, 59.498863158000063 ], [ -151.218933380999971, 59.499141419000068 ], [ -151.219629708999975, 59.499345609000045 ], [ -151.220255802999958, 59.499491470000066 ], [ -151.220881902999963, 59.499637328000063 ], [ -151.221462685999967, 59.499876959000062 ], [ -151.222043478999979, 59.500116588000083 ], [ -151.222549326999967, 59.50035463100005 ], [ -151.22300673099997, 59.500724274000049 ], [ -151.223167459999956, 59.501049759000068 ], [ -151.223214190999983, 59.501391784000077 ], [ -151.223187535999983, 59.501713313000039 ], [ -151.223156176999964, 59.502091581000059 ], [ -151.22326689199997, 59.50256758200004 ], [ -151.223560305999968, 59.50310427800008 ], [ -151.223781902999974, 59.503601566000043 ], [ -151.224306485999961, 59.504067355000075 ], [ -151.224848324999982, 59.504325092000045 ], [ -151.225694721999957, 59.50453241200006 ], [ -151.226623922999977, 59.504646740000055 ], [ -151.227596872999982, 59.504686197000069 ], [ -151.228377723999984, 59.504778440000052 ], [ -151.228894640999982, 59.504884064000066 ], [ -151.229698902999957, 59.505147309000051 ], [ -151.230357938999958, 59.505350651000072 ], [ -151.231201267999978, 59.505595764000077 ], [ -151.231936850999972, 59.505781763000073 ], [ -151.232969134999962, 59.505992651000042 ] ] ] } },
{ "type": "Feature", "properties": { "OBJECTID": 17816, "ID": 75004300007828.0, "Shape_Length": 0.0051417365612774239 }, "geometry": { "type": "MultiLineString", "coordinates": [ [ [ -151.156602074999967, 59.509688908000044 ], [ -151.158086341999962, 59.509406785000067 ], [ -151.161716920999964, 59.509358875000032 ] ] ] } },
{ "type": "Feature", "properties": { "OBJECTID": 17995, "ID": 75004300005478.0, "Shape_Length": 0.0086268239775511082 }, "geometry": { "type": "MultiLineString", "coordinates": [ [ [ -151.543211965999973, 60.057825814000068 ], [ -151.543238627999983, 60.05782249400005 ], [ -151.54327969199997, 60.057823712000072 ], [ -151.543311766999977, 60.057825484000034 ], [ -151.543364177999962, 60.057826446000036 ], [ -151.543415619999962, 60.057824433000064 ], [ -151.543461500999967, 60.057816989000059 ], [ -151.543514837999965, 60.057805539000071 ], [ -151.543551587999957, 60.057792602000063 ], [ -151.543587055999978, 60.05778082300003 ], [ -151.543622571999975, 60.05776845500003 ], [ -151.543655834999981, 60.057754269000043 ], [ -151.543687377999959, 60.057731174000082 ], [ -151.543714861999973, 60.057714515000043 ], [ -151.543749140999978, 60.057702715000062 ], [ -151.54375075599998, 60.057702352000035 ], [ -151.543765169999972, 60.057695710000075 ], [ -151.543825829999975, 60.057682027000055 ], [ -151.543897299999969, 60.05768333900005 ], [ -151.543974725999959, 60.057684760000029 ], [ -151.544057446999972, 60.057695157000069 ], [ -151.544162890999957, 60.057720767000035 ], [ -151.544209875999968, 60.057730508000077 ], [ -151.544291054999974, 60.05776159100003 ], [ -151.544365837999976, 60.057798474000037 ], [ -151.544446135999976, 60.057841379000081 ], [ -151.544522240999981, 60.057860532000063 ], [ -151.544582019999979, 60.057858669000041 ], [ -151.544642679999981, 60.057844986000077 ], [ -151.544723191999964, 60.057805034000069 ], [ -151.544785173999969, 60.057773619000045 ], [ -151.54484186199997, 60.057733230000053 ], [ -151.544833032999975, 60.057691637000062 ], [ -151.54479200199998, 60.057682007000039 ], [ -151.544715236999963, 60.05767172000003 ], [ -151.544650383999965, 60.057661652000036 ], [ -151.544585308999984, 60.057654539000055 ], [ -151.544514059999983, 60.057650271000057 ], [ -151.544425380999968, 60.057639766000079 ], [ -151.544349276999981, 60.05762061300004 ], [ -151.544285966999979, 60.057589858000028 ], [ -151.544276259999975, 60.05756008700007 ], [ -151.544333385999977, 60.057513787000062 ], [ -151.54436560299996, 60.057500603000051 ], [ -151.544369754999963, 60.057489610000061 ], [ -151.544376444999983, 60.057478785000058 ], [ -151.544387023999974, 60.057467421000069 ], [ -151.544400314999962, 60.057456531000071 ], [ -151.544415559999976, 60.057445990000076 ], [ -151.54443219199996, 60.057435704000056 ], [ -151.544436194999975, 60.05743340500004 ], [ -151.54444278699998, 60.057406302000061 ], [ -151.544487120999975, 60.057371605000071 ], [ -151.544561454999979, 60.057334497000056 ], [ -151.544610422999966, 60.057317641000054 ], [ -151.544707698999957, 60.057292793000045 ], [ -151.544781151999985, 60.057267507000063 ], [ -151.544825705999983, 60.05722985400007 ], [ -151.544841580999957, 60.057176879000053 ], [ -151.544833195999956, 60.057129376000034 ], [ -151.544824587999983, 60.057084828000029 ], [ -151.54483296799998, 60.057052430000056 ], [ -151.544849195999973, 60.057027739000034 ], [ -151.544849438999961, 60.057027581000057 ], [ -151.54486658899998, 60.057018331000052 ], [ -151.544885294999972, 60.057009433000076 ], [ -151.544905107999966, 60.057000777000042 ], [ -151.544925693999971, 60.056992280000031 ], [ -151.544968279999978, 60.056975541000043 ], [ -151.54505577599997, 60.056942488000061 ], [ -151.545070750999969, 60.056937014000027 ], [ -151.545116401999962, 60.056930382000075 ], [ -151.545271692999961, 60.056927313000074 ], [ -151.545361028999963, 60.056928953000067 ], [ -151.545425, 60.056950841000059 ], [ -151.545433827999972, 60.056992433000062 ], [ -151.545431845999957, 60.057019031000038 ], [ -151.54541133799998, 60.057054165000068 ], [ -151.54534406099998, 60.057076606000066 ], [ -151.545294652999956, 60.057099373000028 ], [ -151.545237746999959, 60.05714271800008 ], [ -151.545210620999967, 60.057186610000031 ], [ -151.545207757999975, 60.057225028000062 ], [ -151.54521768799998, 60.057251843000074 ], [ -151.545245483999963, 60.057278987000075 ], [ -151.545297103999957, 60.057306568000058 ], [ -151.545367691999957, 60.05731970100004 ], [ -151.545445337999979, 60.057318166000073 ], [ -151.545517689999969, 60.057307657000081 ], [ -151.545579228999969, 60.057282152000028 ], [ -151.545611428999962, 60.057250191000037 ], [ -151.545649587999975, 60.057218338000041 ], [ -151.54567627299997, 60.05718035700005 ], [ -151.545684430999984, 60.057150913000044 ], [ -151.545686633999964, 60.057121361000043 ], [ -151.545695230999968, 60.057086008000056 ], [ -151.545699194999969, 60.057032813000035 ], [ -151.545732055999963, 60.056991986000071 ], [ -151.545800212999978, 60.056957726000064 ], [ -151.545891749999981, 60.056929812000078 ], [ -151.546024758999977, 60.056905617000041 ], [ -151.546127326999965, 60.056889743000056 ], [ -151.546194379999974, 60.05687025800006 ], [ -151.546243566999976, 60.056850445000066 ], [ -151.546292753999978, 60.056830633000061 ], [ -151.546408553999981, 60.056797245000041 ], [ -151.546512001999957, 60.05676954900008 ], [ -151.546626261999961, 60.056756848000077 ], [ -151.546739420999984, 60.056758924000064 ], [ -151.546852137999963, 60.056766910000078 ], [ -151.546928241999979, 60.056786061000082 ], [ -151.546991995999974, 60.056810905000077 ], [ -151.547037879999976, 60.056835419000038 ], [ -151.547041634999971, 60.056865082000058 ], [ -151.54703218399996, 60.056889009000031 ], [ -151.546993121999975, 60.056955930000072 ], [ -151.546978129999957, 60.056997085000035 ], [ -151.54698188499998, 60.057026746000076 ], [ -151.547003945999961, 60.057050826000079 ], [ -151.547050272999968, 60.057069431000059 ], [ -151.547102993999971, 60.057082234000063 ], [ -151.547168505999963, 60.057083436000028 ], [ -151.54722982499996, 60.057060885000055 ], [ -151.547284307999973, 60.057050047000075 ], [ -151.547326657999974, 60.057041945000037 ], [ -151.547404083999965, 60.057043365000027 ], [ -151.54745128999997, 60.057050149000077 ], [ -151.547519897999962, 60.057089878000056 ], [ -151.54755894799996, 60.057126105000066 ], [ -151.547584546999957, 60.057182801000067 ], [ -151.547600213999971, 60.057212681000067 ], [ -151.547634406999975, 60.057234022000046 ], [ -151.547674776999969, 60.057252518000041 ], [ -151.547733015999967, 60.057271342000035 ], [ -151.54780338599997, 60.057287428000052 ], [ -151.547856327999966, 60.057297276000043 ], [ -151.547933093999973, 60.057307561000073 ], [ -151.547986254999984, 60.057314455000039 ], [ -151.548027945999962, 60.057315218000042 ], [ -151.548081328999984, 60.057319156000062 ], [ -151.548158094999962, 60.057329441000036 ], [ -151.548198904999964, 60.057342026000072 ], [ -151.54828030699997, 60.057370152000033 ], [ -151.548350677999963, 60.05738623700006 ], [ -151.548380015999982, 60.057392693000054 ], [ -151.54846295699997, 60.057400132000055 ], [ -151.548528252999972, 60.057404288000043 ], [ -151.548617589999964, 60.057405924000079 ], [ -151.548706927999973, 60.057407562000037 ], [ -151.548766486999966, 60.057408654000028 ], [ -151.548814791999973, 60.057400660000042 ], [ -151.548837847999977, 60.057388270000047 ], [ -151.548929068999968, 60.057388256000081 ] ] ] } },
{ "type": "Feature", "properties": { "OBJECTID": 18295, "ID": 75004300004156.0, "Shape_Length": 0.073069980563609055 }, "geometry": { "type": "MultiLineString", "coordinates": [ [ [ -150.853373674999972, 59.756468774000041 ], [ -150.853488408999965, 59.756659307000064 ], [ -150.853373210999962, 59.756859507000058 ], [ -150.853200209999983, 59.757004907000066 ], [ -150.853028875999968, 59.757177306000074 ], [ -150.85300000999996, 59.757333974000062 ], [ -150.853142275999971, 59.757493507000049 ], [ -150.853256474999966, 59.757567307000045 ], [ -150.85342860999998, 59.75769577300008 ], [ -150.85359940799998, 59.757842373000074 ], [ -150.853571732999967, 59.758307033000051 ], [ -150.853602786999971, 59.758409910000069 ], [ -150.85365069599996, 59.758503426000061 ], [ -150.853666259999983, 59.758638810000036 ], [ -150.85361304099996, 59.758751244000052 ], [ -150.853502511999977, 59.758869422000032 ], [ -150.853300250999979, 59.758907256000043 ], [ -150.853114835999975, 59.758917066000038 ], [ -150.852877482999958, 59.758875899000031 ], [ -150.852810099999971, 59.758987995000041 ], [ -150.852741374999965, 59.75911427300008 ], [ -150.852615339999971, 59.759246294000036 ], [ -150.852462326999984, 59.759363462000067 ], [ -150.852211538999967, 59.759464097000034 ], [ -150.851993769999979, 59.759515773000032 ], [ -150.851761169999975, 59.759574202000067 ], [ -150.851706597999964, 59.759700815000031 ], [ -150.85169652099998, 59.75980716600003 ], [ -150.851591357999979, 59.759868621000066 ], [ -150.851209714999982, 59.75985244900005 ], [ -150.851016536999964, 59.759823332000053 ], [ -150.850903275999968, 59.759819507000032 ], [ -150.850216275999969, 59.75977690700006 ], [ -150.850083595999962, 59.759773683000049 ], [ -150.850053315999958, 59.759775227000034 ], [ -150.849277931999978, 59.759870493000051 ], [ -150.849008934999972, 59.760013324000056 ], [ -150.848808047999967, 59.760186199000032 ], [ -150.848634132999962, 59.760373928000035 ], [ -150.848586311999981, 59.760578867000049 ], [ -150.848655133999983, 59.760751049000078 ], [ -150.848951866999982, 59.760914436000064 ], [ -150.84921149799996, 59.76102009400006 ], [ -150.849403019999983, 59.761095707000038 ], [ -150.849788752999984, 59.761218573000065 ], [ -150.850117175999969, 59.761347181000076 ], [ -150.850250044999967, 59.761442718000069 ], [ -150.850453713999968, 59.761539936000077 ], [ -150.85054275799996, 59.761648643000058 ], [ -150.850643272999974, 59.761786046000054 ], [ -150.850719500999958, 59.761880235000035 ], [ -150.85075391899997, 59.761966326000049 ], [ -150.850784975999971, 59.762087867000048 ], [ -150.850844357999961, 59.762210080000045 ], [ -150.850941515999978, 59.762382933000083 ], [ -150.851101366999984, 59.762493322000068 ], [ -150.851240339999976, 59.762674275000052 ], [ -150.851311308999982, 59.762735773000031 ], [ -150.851508778999971, 59.762836984000046 ], [ -150.851772517999962, 59.763049324000065 ], [ -150.851989692999979, 59.763153967000051 ], [ -150.852239892999961, 59.763209651000068 ], [ -150.852519759999979, 59.763251827000033 ], [ -150.852769962999957, 59.763307510000061 ], [ -150.853123993999958, 59.763315916000067 ], [ -150.85352051199996, 59.763325329000054 ], [ -150.853819241999958, 59.763318208000044 ], [ -150.854158441999971, 59.76333336600004 ], [ -150.854319650999969, 59.763429570000028 ], [ -150.854338575999975, 59.763529503000029 ], [ -150.854358171999962, 59.76362234700008 ], [ -150.85450790799996, 59.763689854000063 ], [ -150.854700797999982, 59.763751280000065 ], [ -150.854934832999959, 59.763827893000041 ], [ -150.855212022999979, 59.763898424000047 ], [ -150.855473712999981, 59.763982798000029 ], [ -150.855705737999983, 59.764080681000053 ], [ -150.855856818999968, 59.764134007000052 ], [ -150.856022733999964, 59.764180579000083 ], [ -150.856189318999981, 59.764220059000081 ], [ -150.856380873999967, 59.764295663000041 ], [ -150.856512428999963, 59.764405373000045 ], [ -150.856596803999963, 59.764563706000047 ], [ -150.85658607199997, 59.764677148000033 ], [ -150.856572654999979, 59.764818949000073 ], [ -150.856571875999975, 59.764827183000079 ], [ -150.856718375999975, 59.764928996000037 ], [ -150.856953168999979, 59.765147743000057 ], [ -150.857416572999966, 59.765350592000061 ], [ -150.857844201999967, 59.765481531000034 ], [ -150.858305523999974, 59.765556420000053 ], [ -150.858902438999962, 59.765698474000033 ], [ -150.859387397999967, 59.765823660000081 ], [ -150.859911497999974, 59.765985302000047 ], [ -150.860439714999984, 59.766253630000051 ], [ -150.860679903999966, 59.766415650000056 ], [ -150.860925452999965, 59.76652094800005 ], [ -150.861302488999968, 59.766586724000035 ], [ -150.861807661999961, 59.766648426000074 ], [ -150.862285178999969, 59.766702366000061 ], [ -150.862634563999961, 59.766760377000082 ], [ -150.862814664999974, 59.766807275000076 ], [ -150.863433310999966, 59.76701455400007 ], [ -150.86373546599998, 59.767127513000048 ], [ -150.864037683999982, 59.767234148000057 ], [ -150.864461347999963, 59.767407606000063 ], [ -150.864849886999963, 59.767502068000056 ], [ -150.865243110999984, 59.767546896000056 ], [ -150.865464876999965, 59.767603096000073 ], [ -150.866140313999978, 59.767816818000028 ], [ -150.866580833999961, 59.767962244000046 ], [ -150.866947866999965, 59.768134355000029 ], [ -150.867339887999975, 59.768342585000028 ], [ -150.867512648999963, 59.768467470000076 ], [ -150.867615261999958, 59.768583590000048 ], [ -150.867698363999978, 59.768756096000061 ], [ -150.86767015999996, 59.768904654000039 ], [ -150.867569130999982, 59.769072809000079 ], [ -150.867376307999962, 59.769160630000044 ], [ -150.86697102499997, 59.769243430000074 ], [ -150.866705373999963, 59.769350847000055 ], [ -150.866488350999958, 59.769544683000049 ], [ -150.866394723999974, 59.769700507000039 ], [ -150.866281476999973, 59.769781396000042 ], [ -150.866021520999965, 59.770279773000027 ], [ -150.865948925999959, 59.770597825000038 ], [ -150.865914140999962, 59.770966510000051 ], [ -150.86581388099998, 59.771276802000045 ], [ -150.865691541999979, 59.771821068000065 ], [ -150.865582458999967, 59.77211021200003 ], [ -150.86557497299998, 59.772169683000072 ], [ -150.865540753999966, 59.772215435000078 ], [ -150.865395202999963, 59.77240385500005 ], [ -150.865347467999982, 59.772608799000068 ], [ -150.865542667999961, 59.772947393000038 ], [ -150.865887119999968, 59.773509799000067 ], [ -150.865949367999974, 59.773752872000045 ], [ -150.866008941999979, 59.774024305000069 ], [ -150.865993671999973, 59.774336606000077 ], [ -150.865923190999979, 59.77478261300007 ], [ -150.865727216999971, 59.775204337000048 ], [ -150.865558786999969, 59.775484594000034 ], [ -150.865370719999959, 59.775672008000072 ], [ -150.865182650999969, 59.775859422000053 ], [ -150.865112599999975, 59.775999884000043 ], [ -150.86508170099998, 59.776176802000066 ], [ -150.865125097999965, 59.776469172000077 ], [ -150.865134023999957, 59.776675454000042 ], [ -150.865133951999979, 59.776676959000042 ], [ -150.86544380899997, 59.776853321000033 ], [ -150.865678742999961, 59.777072052000051 ], [ -150.865678188999965, 59.777228369000056 ], [ -150.865591962999957, 59.777389767000045 ], [ -150.865566417999958, 59.777509965000036 ], [ -150.865611043999962, 59.777638926000066 ], [ -150.865680659999981, 59.777804007000043 ], [ -150.865679436999983, 59.777967415000035 ], [ -150.865658692999972, 59.778187208000077 ], [ -150.865494930999972, 59.778417833000049 ], [ -150.865165949999977, 59.778744035000045 ], [ -150.864883370999962, 59.778879474000064 ], [ -150.864771477999966, 59.779011841000056 ], [ -150.864686578999965, 59.779159058000062 ], [ -150.864746821999972, 59.779423401000031 ], [ -150.864800260999971, 59.779609420000043 ], [ -150.864871883999967, 59.779753231000029 ], [ -150.864965149999961, 59.77996861500003 ], [ -150.865108287999959, 59.780107009000062 ], [ -150.865285785999959, 59.780182266000054 ], [ -150.865487722999973, 59.780449958000077 ], [ -150.86555466599998, 59.780643400000031 ], [ -150.865678285999962, 59.780838181000036 ], [ -150.865714573999981, 59.780958168000041 ], [ -150.865814737999983, 59.781047477000072 ], [ -150.865940367999968, 59.78122098800003 ], [ -150.865939632999982, 59.78131927000004 ], [ -150.865980314999973, 59.781399581000073 ], [ -150.866062768999967, 59.781579178000072 ], [ -150.866021716999967, 59.781713219000039 ], [ -150.86595700999996, 59.781796961000055 ], [ -150.865849795999964, 59.781879699000058 ], [ -150.865654216999957, 59.781995878000032 ], [ -150.86553015299998, 59.782106639000062 ], [ -150.865451942999982, 59.782182957000032 ], [ -150.865272539999978, 59.782278199000075 ], [ -150.865163980999966, 59.782375116000082 ], [ -150.865146494999976, 59.782412987000043 ], [ -150.864979889999972, 59.782519988000047 ], [ -150.864824804999984, 59.78265844200007 ], [ -150.864782407999968, 59.782806663000031 ], [ -150.864770357999959, 59.782934284000078 ], [ -150.86477582599997, 59.783026792000044 ], [ -150.864848794999972, 59.783156423000037 ], [ -150.864919755999978, 59.783307324000077 ], [ -150.864888849999971, 59.783484242000043 ], [ -150.864857944999983, 59.783661159000076 ], [ -150.864684666999977, 59.783841817000052 ], [ -150.864360870999974, 59.78396206900004 ], [ -150.864177435999977, 59.784099850000075 ], [ -150.864175649999964, 59.784101211000063 ], [ -150.864083410999967, 59.78433237400003 ], [ -150.863702758999978, 59.784844946000078 ], [ -150.863558598999958, 59.784937928000033 ], [ -150.863533558999961, 59.785019660000046 ], [ -150.863297709999983, 59.785294160000035 ], [ -150.863114089999982, 59.785498744000051 ], [ -150.863107562999971, 59.785502842000028 ], [ -150.862917416999977, 59.785711522000042 ], [ -150.862814302999965, 59.785900944000048 ], [ -150.862631724999972, 59.786330085000031 ], [ -150.862523145999972, 59.78642700100005 ], [ -150.862383545999961, 59.786551605000056 ], [ -150.862287796999965, 59.786663034000071 ], [ -150.862246052999978, 59.786804167000071 ], [ -150.862245482999981, 59.78696048300003 ], [ -150.862317779999984, 59.787097206000055 ], [ -150.862409611999965, 59.787177543000041 ], [ -150.862684332999976, 59.787276418000033 ], [ -150.862838880999959, 59.78729428500003 ], [ -150.862996109999983, 59.787283792000039 ], [ -150.863118190999984, 59.787194302000046 ], [ -150.863210588999976, 59.787118322000083 ], [ -150.863302986999969, 59.787042342000063 ], [ -150.863437896999983, 59.786967367000045 ], [ -150.863626814999975, 59.786922093000044 ], [ -150.863900091999966, 59.786885919000042 ], [ -150.864028304999977, 59.78688184400005 ], [ -150.864327243999981, 59.786874700000055 ], [ -150.864519619999982, 59.786943201000042 ], [ -150.864683650999979, 59.787011031000077 ], [ -150.864842326999963, 59.787135582000076 ], [ -150.864890310999982, 59.787229094000054 ], [ -150.864935615999968, 59.787350964000041 ], [ -150.864973444999976, 59.787401600000067 ], [ -150.86519416699997, 59.787470770000027 ], [ -150.865448587999964, 59.787483887000064 ], [ -150.865632150999971, 59.787495332000049 ], [ -150.865842050999959, 59.787528714000075 ], [ -150.865952077999964, 59.787566845000072 ], [ -150.866070252999975, 59.787669119000043 ], [ -150.866095401999956, 59.787747979000073 ], [ -150.865910075999977, 59.787959507000039 ], [ -150.865892775999981, 59.788179734000039 ], [ -150.865952660999966, 59.788312978000079 ], [ -150.866066824999962, 59.788457793000077 ], [ -150.866185674999969, 59.788552978000041 ], [ -150.866370700999965, 59.788699467000072 ], [ -150.866504392999957, 59.788787896000031 ], [ -150.866667098999983, 59.78886990400008 ], [ -150.866800792999982, 59.78895833200005 ], [ -150.86689464799997, 59.789017397000066 ], [ -150.867070860999974, 59.789106829000048 ], [ -150.867161702999965, 59.789128333000065 ], [ -150.867197609999977, 59.789130174000036 ], [ -150.867427075999984, 59.789147374000038 ], [ -150.867541876999979, 59.789216574000079 ], [ -150.86748427699996, 59.789350373000048 ], [ -150.867254875999976, 59.78941850700005 ], [ -150.867111610999984, 59.78951950700008 ], [ -150.866995676999977, 59.789607507000028 ], [ -150.866852009999974, 59.789780307000058 ], [ -150.866852327999965, 59.789832070000045 ], [ -150.866989229999973, 59.789971820000062 ], [ -150.867280169999958, 59.790049750000037 ], [ -150.867403709999962, 59.790095303000044 ], [ -150.867583274999959, 59.790149284000051 ], [ -150.867775673999972, 59.790217780000035 ], [ -150.867995751999956, 59.790294035000045 ], [ -150.86804307899996, 59.790394635000041 ], [ -150.868085057999963, 59.790551956000058 ], [ -150.868115535999976, 59.790680581000061 ], [ -150.868148021999957, 59.790787937000061 ], [ -150.868211528999979, 59.790867601000059 ], [ -150.868515442999978, 59.79110926900006 ], [ -150.868616791999983, 59.791239568000037 ], [ -150.868723490999969, 59.791313145000061 ], [ -150.868937560999967, 59.791453209000053 ], [ -150.869215679999968, 59.791516621000028 ], [ -150.869424939999959, 59.791557087000058 ], [ -150.869577503999977, 59.791596218000052 ], [ -150.869629517999982, 59.791647185000045 ], [ -150.869744377999979, 59.791784907000078 ], [ -150.869796340999983, 59.791865600000051 ], [ -150.869827720999979, 59.791899585000067 ], [ -150.869867394999972, 59.791986775000055 ], [ -150.86991753999996, 59.792208241000083 ], [ -150.869914998999974, 59.792385827000032 ], [ -150.869994829999968, 59.792593781000051 ], [ -150.870030133999961, 59.792822001000047 ], [ -150.870068111999984, 59.793021861000057 ], [ -150.870078409999962, 59.793213962000038 ], [ -150.869988149999983, 59.79341790400008 ], [ -150.869660402999983, 59.793729935000044 ], [ -150.869549814999971, 59.793848126000057 ], [ -150.869493365999972, 59.793909044000031 ], [ -150.869326497999964, 59.793956551000065 ], [ -150.869025619999974, 59.794134203000056 ], [ -150.868784112999975, 59.794284832000073 ], [ -150.868714705999963, 59.794418206000046 ], [ -150.868713496999959, 59.794581612000059 ], [ -150.868855374999981, 59.794734184000049 ], [ -150.868970909999973, 59.794864817000075 ], [ -150.868960208999965, 59.794978257000082 ], [ -150.868923833999958, 59.795062671000039 ], [ -150.868846270999967, 59.795131899000069 ], [ -150.868706655999972, 59.795256509000069 ], [ -150.868538021999967, 59.795387541000082 ], [ -150.86831335399998, 59.795510143000058 ], [ -150.868187404999958, 59.795604725000032 ], [ -150.868160009999968, 59.79561777300006 ], [ -150.868122737999983, 59.79564205500003 ], [ -150.868046990999972, 59.795655175000036 ], [ -150.867899215999984, 59.795715638000047 ], [ -150.867675882999976, 59.795824061000076 ], [ -150.867592291999983, 59.795957100000066 ], [ -150.867499210999966, 59.796040172000062 ], [ -150.867433810999984, 59.796131004000074 ], [ -150.867296192999959, 59.796234343000037 ], [ -150.867116718999966, 59.796329587000059 ], [ -150.867024303999983, 59.796405570000047 ], [ -150.866834666999978, 59.796457939000049 ], [ -150.866699055999959, 59.796540007000033 ], [ -150.86657694799996, 59.796629500000051 ], [ -150.866464332999982, 59.79676895800003 ], [ -150.866438087999967, 59.796874310000078 ], [ -150.866293209999981, 59.797047174000056 ], [ -150.866292009999967, 59.797397507000028 ], [ -150.866148409999965, 59.797655707000047 ], [ -150.866079595999963, 59.797769505000076 ] ] ] } },
{ "type": "Feature", "properties": { "OBJECTID": 18301, "ID": 75004300004983.0, "Shape_Length": 0.053698838210699408 }, "geometry": { "type": "MultiLineString", "coordinates": [ [ [ -150.927760475999975, 59.724394374000042 ], [ -150.927846209999984, 59.724409174000073 ], [ -150.927875677999964, 59.724508507000053 ], [ -150.927932810999977, 59.724608174000082 ], [ -150.928017810999961, 59.724726307000083 ], [ -150.928017807999964, 59.724798174000057 ], [ -150.92813287499996, 59.724970707000068 ], [ -150.92830380999996, 59.725045107000028 ], [ -150.928561809999962, 59.725116574000083 ], [ -150.928676475999964, 59.725131907000048 ], [ -150.928705010999977, 59.72517270700007 ], [ -150.928704609999983, 59.725217574000055 ], [ -150.928847875999963, 59.725273774000073 ], [ -150.929019675999967, 59.725388774000066 ], [ -150.929029675999971, 59.725451183000075 ], [ -150.929106589999975, 59.725478858000031 ], [ -150.929215222999972, 59.725632967000081 ], [ -150.929251903999983, 59.72574750900003 ], [ -150.929349968999958, 59.725811367000063 ], [ -150.92956932499996, 59.725892249000083 ], [ -150.92975995499998, 59.725977201000035 ], [ -150.929894436999973, 59.726056114000073 ], [ -150.930001062999963, 59.726129643000036 ], [ -150.930107688999982, 59.726203174000034 ], [ -150.930163670999974, 59.726313426000047 ], [ -150.930206731999959, 59.726461276000066 ], [ -150.930227905999971, 59.726537066000049 ], [ -150.930249010999972, 59.726544507000028 ], [ -150.930421008999957, 59.726677374000076 ], [ -150.930471583999974, 59.726763256000027 ], [ -150.93068704999996, 59.726889281000069 ], [ -150.931029729999977, 59.727067761000058 ], [ -150.931230345999978, 59.727351903000056 ], [ -150.931269051999976, 59.727547023000056 ], [ -150.931196266999962, 59.727801656000054 ], [ -150.931198390999981, 59.727822819000039 ], [ -150.931275377999981, 59.727888245000031 ], [ -150.931304380999961, 59.727983659000074 ], [ -150.93131131399997, 59.728028032000054 ], [ -150.931327005999975, 59.728045767000083 ], [ -150.931447979999973, 59.728271217000042 ], [ -150.931362496999981, 59.728378189000068 ], [ -150.931062978999961, 59.728551259000028 ], [ -150.930854555999957, 59.728863817000047 ], [ -150.930553993999979, 59.729150553000068 ], [ -150.930323373999983, 59.729396276000045 ], [ -150.930286622999972, 59.729589647000068 ], [ -150.930424443999982, 59.729734956000073 ], [ -150.930686190999978, 59.729868927000041 ], [ -150.931087237999975, 59.730029810000076 ], [ -150.931351603999957, 59.730135418000032 ], [ -150.931583043999979, 59.730188152000039 ], [ -150.93184059799998, 59.730265176000046 ], [ -150.932001815999968, 59.730259437000029 ], [ -150.932286955999984, 59.730242358000055 ], [ -150.932444407999981, 59.730174949000059 ], [ -150.932630430999978, 59.730207681000081 ], [ -150.932704856999976, 59.730323097000053 ], [ -150.932605145999958, 59.730481849000057 ], [ -150.932564206999984, 59.730618278000065 ], [ -150.932579423999982, 59.730760745000055 ], [ -150.93265123599997, 59.73090452200006 ], [ -150.932768464999981, 59.731068300000061 ], [ -150.932859321999956, 59.731132109000043 ], [ -150.932935471999969, 59.73120480800003 ], [ -150.93321784799997, 59.731320302000029 ], [ -150.933429560999969, 59.731382051000082 ], [ -150.933596728999959, 59.731414345000076 ], [ -150.933802060999966, 59.73144278400008 ], [ -150.934032204999966, 59.731509696000046 ], [ -150.934196324999959, 59.731575079000038 ], [ -150.934398171999959, 59.731641334000074 ], [ -150.934600892999981, 59.731698135000045 ], [ -150.934777495999981, 59.731730646000074 ], [ -150.934972963999968, 59.731763593000039 ], [ -150.93521559499996, 59.731797631000063 ], [ -150.935368920999963, 59.731834109000033 ], [ -150.935623543999981, 59.731961330000047 ], [ -150.935867444999957, 59.73200693900003 ], [ -150.936085986999984, 59.732097262000082 ], [ -150.936356336999978, 59.732240895000075 ], [ -150.936592728999983, 59.732445322000046 ], [ -150.936585616999963, 59.732625169000073 ], [ -150.936440493999982, 59.732763925000029 ], [ -150.93650042799996, 59.732831631000067 ], [ -150.936754676999982, 59.732842250000033 ], [ -150.937013715999967, 59.732800870000062 ], [ -150.937252146999981, 59.732777962000057 ], [ -150.937421067999963, 59.732791343000031 ], [ -150.937560381999958, 59.732818251000083 ], [ -150.937734381999974, 59.732879120000064 ], [ -150.937957287999978, 59.732922171000041 ], [ -150.938109518999966, 59.732911479000052 ], [ -150.938377118999966, 59.732879769000078 ], [ -150.938508011999971, 59.732792790000076 ], [ -150.938600770999983, 59.732750405000047 ], [ -150.938618300999963, 59.732724283000039 ], [ -150.938738020999978, 59.732655993000037 ], [ -150.938902293999973, 59.73261715600006 ], [ -150.939128678999964, 59.732622390000074 ], [ -150.93930398699996, 59.732669075000047 ], [ -150.939467685999972, 59.732739178000031 ], [ -150.939684500999959, 59.732848405000027 ], [ -150.939857200999967, 59.732923453000069 ], [ -150.940069371999982, 59.732980464000036 ], [ -150.940293150999963, 59.733014057000048 ], [ -150.94050836599996, 59.733037977000038 ], [ -150.940722713999975, 59.733071352000081 ], [ -150.940972617999961, 59.733129233000057 ], [ -150.94116810099996, 59.73316217100006 ], [ -150.941346020999958, 59.733180492000031 ], [ -150.941554414999956, 59.73317583100004 ], [ -150.94183870699996, 59.733168184000078 ], [ -150.942063326999971, 59.733202725000069 ], [ -150.942124207999967, 59.73319357400004 ], [ -150.942496475999974, 59.733253374000071 ], [ -150.94281107599997, 59.733397507000063 ], [ -150.943154408999959, 59.733438774000035 ], [ -150.943612610999963, 59.733436974000028 ], [ -150.943689655999975, 59.733460389000072 ], [ -150.943777295999979, 59.733468741000081 ], [ -150.943955219999964, 59.733487057000048 ], [ -150.944082504999983, 59.733542103000048 ], [ -150.944270607999982, 59.733655397000064 ], [ -150.94440602399996, 59.733724841000083 ], [ -150.944601077999977, 59.733762500000068 ], [ -150.944824868999973, 59.733796085000051 ], [ -150.944952153999964, 59.733851130000062 ], [ -150.944999198999966, 59.73395643200007 ], [ -150.944974496999976, 59.734036848000073 ], [ -150.94516583799998, 59.73409765100007 ], [ -150.94581258599996, 59.734363633000044 ], [ -150.945987911999964, 59.734410310000044 ], [ -150.94626743699996, 59.734454653000057 ], [ -150.946652031999974, 59.73448720600004 ], [ -150.947013423999977, 59.734566594000057 ], [ -150.947403114999958, 59.734646632000079 ], [ -150.947754527999962, 59.734834741000043 ], [ -150.94805368599998, 59.734974274000081 ], [ -150.948251244999966, 59.735087779000082 ], [ -150.948350453999979, 59.735345867000035 ], [ -150.948329743999977, 59.735468554000079 ], [ -150.948317163999974, 59.735605640000074 ], [ -150.948267281999961, 59.735737129000029 ], [ -150.948204605999962, 59.73580200300006 ], [ -150.948104952999984, 59.735960768000041 ], [ -150.94811080499997, 59.736103015000083 ], [ -150.948127785999958, 59.736134523000032 ], [ -150.947906011999976, 59.736849974000052 ], [ -150.947705610999975, 59.737399174000075 ], [ -150.947448076999962, 59.738136307000048 ], [ -150.947105475999962, 59.738683307000031 ], [ -150.946933074999976, 59.739030973000069 ], [ -150.946847074999965, 59.739218307000044 ], [ -150.947076408999976, 59.739432907000037 ], [ -150.948020608999968, 59.739595908000069 ], [ -150.949424008999983, 59.739869307000049 ], [ -150.949947551999969, 59.740024815000027 ], [ -150.95024323399997, 59.740064953000058 ], [ -150.950546348999978, 59.74016193600005 ], [ -150.950773552999976, 59.740261907000047 ], [ -150.951033296999981, 59.740419473000031 ], [ -150.951275039999956, 59.740567149000071 ], [ -150.951552024999984, 59.740639843000054 ], [ -150.951821307999978, 59.740693409000073 ], [ -150.952201647999971, 59.740773219000062 ], [ -150.952492741999976, 59.740898342000037 ], [ -150.952613568999965, 59.741024284000048 ], [ -150.952857054999981, 59.741153050000037 ], [ -150.953020392999974, 59.741227862000073 ], [ -150.953283618999961, 59.741347606000033 ], [ -150.953558016999978, 59.741448659000071 ], [ -150.953727665999963, 59.741660990000071 ], [ -150.95378288699996, 59.741780686000027 ], [ -150.953944495999963, 59.741874406000079 ], [ -150.954146788999964, 59.742040118000034 ], [ -150.954192389999974, 59.742189727000039 ], [ -150.95427438699997, 59.742246667000074 ], [ -150.954278268999957, 59.742256308000037 ], [ -150.954343794999971, 59.742366767000078 ], [ -150.954393479999965, 59.74244370200006 ], [ -150.954652391999957, 59.742610714000079 ], [ -150.95475860099998, 59.742793164000034 ], [ -150.954670126999957, 59.74293324100006 ], [ -150.95453793599998, 59.743034417000047 ], [ -150.954281779999974, 59.743146954000053 ], [ -150.95408734199998, 59.743308280000065 ], [ -150.954062314999959, 59.743478237000033 ], [ -150.953770728999984, 59.74387418200007 ], [ -150.953688217999968, 59.744052293000038 ], [ -150.953667860999957, 59.744274466000036 ], [ -150.953723517999975, 59.744389435000073 ], [ -150.95392028699996, 59.744512385000064 ], [ -150.954011523999981, 59.744651857000065 ], [ -150.954089862999979, 59.74482892900005 ], [ -150.954118512999969, 59.744929066000054 ], [ -150.954213649999957, 59.745025994000059 ], [ -150.954434058999965, 59.745097379000072 ], [ -150.954687111999959, 59.745122145000039 ], [ -150.954960331999956, 59.745133162000059 ], [ -150.955094173999981, 59.745117291000042 ], [ -150.955338220999977, 59.74513711000003 ], [ -150.955400378999968, 59.745181173000049 ], [ -150.955437170999971, 59.745295707000082 ], [ -150.955432321999979, 59.745451918000072 ], [ -150.955352849999969, 59.745568753000043 ], [ -150.955379874999977, 59.745719707000035 ], [ -150.955524010999966, 59.745964507000053 ], [ -150.955580810999976, 59.746382974000028 ], [ -150.955553210999966, 59.74689010700007 ], [ -150.955009475999958, 59.747743974000059 ], [ -150.955037608999959, 59.747959974000082 ], [ -150.95532400899998, 59.748278774000028 ], [ -150.955410610999962, 59.748464307000063 ], [ -150.955467608999982, 59.748752574000036 ], [ -150.955487407999982, 59.74941317400004 ], [ -150.955493496999964, 59.749439598000038 ], [ -150.955441632999964, 59.749687042000062 ], [ -150.955398422999963, 59.750055537000037 ], [ -150.955385778999982, 59.750296835000029 ], [ -150.955382361999966, 59.750588734000075 ], [ -150.955418298999973, 59.750677926000037 ], [ -150.955514405999963, 59.751177523000081 ], [ -150.955527478999983, 59.751447834000032 ], [ -150.955494658999982, 59.751702880000039 ], [ -150.955485046999968, 59.751911087000053 ], [ -150.955536825999957, 59.75206860000003 ], [ -150.955575703999983, 59.752263710000079 ], [ -150.955578994999968, 59.752434320000077 ], [ -150.955577507999976, 59.752611530000081 ] ] ] } },
{ "type": "Feature", "properties": { "OBJECTID": 19144, "ID": 75004300001833.0, "Shape_Length": 0.0080735460546564261 }, "geometry": { "type": "MultiLineString", "coordinates": [ [ [ -151.127970914999963, 60.217198328000052 ], [ -151.127955230999959, 60.217323589000046 ], [ -151.129425182999967, 60.218604958000071 ], [ -151.130496818999973, 60.219569302000082 ], [ -151.131473345999979, 60.220740961000047 ], [ -151.13235198199996, 60.222045495000032 ], [ -151.133006676999969, 60.223347707000073 ] ] ] } },
{ "type": "Feature", "properties": { "OBJECTID": 19432, "ID": 75004300005844.0, "Shape_Length": 0.0027291525534970315 }, "geometry": { "type": "MultiLineString", "coordinates": [ [ [ -151.159155124999984, 59.508429634000038 ], [ -151.159978591999959, 59.508752064000078 ], [ -151.160559791999958, 59.509009996000032 ], [ -151.161241419999982, 59.509230831000082 ], [ -151.161716920999964, 59.509358875000032 ] ] ] } },
{ "type": "Feature", "properties": { "OBJECTID": 19543, "ID": 75004300002023.0, "Shape_Length": 0.013475978384487802 }, "geometry": { "type": "MultiLineString", "coordinates": [ [ [ -150.861187434999977, 59.894296668000038 ], [ -150.861263425999965, 59.894236591000038 ], [ -150.861333263999967, 59.894193177000034 ], [ -150.861461068999972, 59.894081005000032 ], [ -150.861541949999975, 59.894044313000052 ], [ -150.861830705999978, 59.893777425000053 ], [ -150.861868215999976, 59.893721031000041 ], [ -150.86191151899996, 59.893514803000073 ], [ -150.861855559999981, 59.893353605000073 ], [ -150.861750530999984, 59.893209014000035 ], [ -150.861608841999981, 59.893075402000079 ], [ -150.861499333999973, 59.892978077000066 ], [ -150.861355963999983, 59.892862188000038 ], [ -150.861222200999975, 59.892770212000073 ], [ -150.860959239999971, 59.892663346000063 ], [ -150.860659618999961, 59.892567456000052 ], [ -150.860413628999964, 59.892532046000042 ], [ -150.860152429999971, 59.892531804000043 ], [ -150.85975922999998, 59.892546211000081 ], [ -150.859424145999981, 59.892573832000039 ], [ -150.859143809999978, 59.892650115000038 ], [ -150.858752921999979, 59.892765239000028 ], [ -150.85866113299997, 59.892788327000062 ], [ -150.85831626099997, 59.892821498000046 ], [ -150.857578377999971, 59.892786998000076 ], [ -150.857336926999977, 59.892796940000039 ], [ -150.857065000999967, 59.892784598000048 ], [ -150.856866964999966, 59.892744391000065 ], [ -150.856636753999965, 59.892667897000081 ], [ -150.856292000999957, 59.89254724500006 ], [ -150.856101823999978, 59.892424324000046 ], [ -150.855994017999961, 59.892309268000076 ], [ -150.85595673399996, 59.892201802000045 ], [ -150.855992774999976, 59.892072382000038 ], [ -150.856051948999976, 59.891949430000068 ], [ -150.856170357999957, 59.891827877000082 ], [ -150.856356477999981, 59.891743453000061 ], [ -150.856503132999961, 59.89169954700003 ], [ -150.856720301999957, 59.891663226000048 ], [ -150.857036737999977, 59.891581879000057 ], [ -150.857200845999984, 59.891479170000082 ], [ -150.85731756499996, 59.891375340000081 ], [ -150.857382342999983, 59.891193306000048 ], [ -150.857407653999957, 59.891051789000073 ], [ -150.857426167999961, 59.890856820000067 ], [ -150.857445801999972, 59.890650034000032 ], [ -150.857421417999973, 59.89040667900008 ], [ -150.857292098999977, 59.890143082000066 ], [ -150.857185446999978, 59.890037397000071 ], [ -150.857066857999968, 59.889836206000041 ], [ -150.856872163999981, 59.88950589500007 ], [ -150.85680209299997, 59.889426857000046 ], [ -150.856615860999966, 59.889262578000057 ], [ -150.856394652999967, 59.889091552000082 ], [ -150.856255807999958, 59.888928392000082 ], [ -150.856176752999971, 59.888760724000065 ], [ -150.856142277999965, 59.88862371700003 ], [ -150.856132616999957, 59.888475453000069 ], [ -150.856218841999976, 59.888317611000048 ], [ -150.856276325999971, 59.888212383000052 ], [ -150.856331245999968, 59.888165825000044 ], [ -150.856357374999959, 59.888084027000048 ], [ -150.856460219999974, 59.888001187000043 ], [ -150.856489111999963, 59.88799189100007 ], [ -150.856545979999964, 59.887899879000031 ] ] ] } },
{ "type": "Feature", "properties": { "OBJECTID": 20007, "ID": 75004300002105.0, "Shape_Length": 0.037174793340161119 }, "geometry": { "type": "MultiLineString", "coordinates": [ [ [ -150.546658881999974, 59.782001387000037 ], [ -150.555970186999957, 59.784052741000039 ], [ -150.55865744999997, 59.784644596000078 ], [ -150.576152924999974, 59.793512649000036 ], [ -150.580733276999979, 59.796126908000076 ] ] ] } },
{ "type": "Feature", "properties": { "OBJECTID": 20623, "ID": 75004400007997.0, "Shape_Length": 0.020598161512160575 }, "geometry": { "type": "MultiLineString", "coordinates": [ [ [ -149.633294914999965, 60.842613287000063 ], [ -149.633251589999958, 60.842931948000057 ], [ -149.633246774999975, 60.842967356000031 ], [ -149.633124564999974, 60.843326174000083 ], [ -149.632995431999973, 60.843627876000028 ], [ -149.632863408999981, 60.843950821000078 ], [ -149.63265231799997, 60.844207236000045 ], [ -149.632497606999976, 60.844372992000046 ], [ -149.632195711999969, 60.844541165000066 ], [ -149.631801089999982, 60.844635258000039 ], [ -149.631607148999962, 60.844657519000066 ], [ -149.631230034999959, 60.844730834000075 ], [ -149.630930055999983, 60.844884840000077 ], [ -149.630790919999981, 60.845043980000071 ], [ -149.630625597999966, 60.845287628000051 ], [ -149.630413347999962, 60.845444434000058 ], [ -149.630256523999975, 60.845517663000066 ], [ -149.629952508999963, 60.845593307000058 ], [ -149.629533606999956, 60.845757740000067 ], [ -149.629258039999968, 60.845948084000042 ], [ -149.629164684999978, 60.846094459000028 ], [ -149.629049328999969, 60.846510392000027 ], [ -149.629048351999984, 60.846649581000065 ], [ -149.629150630999959, 60.846733325000059 ], [ -149.629186252999972, 60.846799246000046 ], [ -149.629405765999962, 60.846912935000034 ], [ -149.629701287999978, 60.84700771100006 ], [ -149.630071855999972, 60.84709065800007 ], [ -149.630567290999977, 60.847227372000077 ], [ -149.630962290999975, 60.84734665700006 ], [ -149.631285141999967, 60.847456525000041 ], [ -149.631676294999977, 60.847604133000061 ], [ -149.631996261999973, 60.847735245000081 ], [ -149.63239241499997, 60.847954131000051 ], [ -149.632724122999974, 60.848106950000044 ], [ -149.633042349999982, 60.848358910000059 ], [ -149.633510675999958, 60.848587205000058 ], [ -149.633982856999978, 60.848787173000062 ], [ -149.634550675999975, 60.84903997300006 ], [ -149.635149268999982, 60.849287258000061 ], [ -149.635174114999984, 60.849315878000027 ], [ -149.635420026999981, 60.84945173300008 ], [ -149.635620330999984, 60.849707038000076 ], [ -149.635567981999969, 60.849876061000032 ], [ -149.635431920999963, 60.85012064600005 ], [ -149.635524856999979, 60.850301410000043 ], [ -149.635714391999983, 60.850527924000062 ], [ -149.635766342999972, 60.850686045000032 ], [ -149.635653753999975, 60.850974051000037 ], [ -149.635204598999962, 60.851144652000073 ], [ -149.634625921999969, 60.851403581000056 ], [ -149.634494477999965, 60.851506072000063 ], [ -149.634652651999971, 60.85163913100007 ], [ -149.634937643999962, 60.851811792000035 ], [ -149.634991518999982, 60.851955749000069 ], [ -149.63480945699996, 60.852106413000058 ], [ -149.634630282999979, 60.852235832000076 ], [ -149.634453216999958, 60.852457775000062 ], [ -149.634758617999978, 60.852588414000081 ], [ -149.63516158699997, 60.852757722000035 ], [ -149.635448515999968, 60.852916219000065 ], [ -149.635384423999966, 60.853063530000043 ], [ -149.634798011999976, 60.853379110000049 ], [ -149.634389806999963, 60.853572350000036 ], [ -149.634143719999969, 60.853751233000082 ] ] ] } },
{ "type": "Feature", "properties": { "OBJECTID": 21021, "ID": 75004400008192.0, "Shape_Length": 0.0018904413620283815 }, "geometry": { "type": "MultiLineString", "coordinates": [ [ [ -149.423634956999962, 60.781488468000077 ], [ -149.423849673999968, 60.781590421000033 ], [ -149.423907336999974, 60.781612643000074 ], [ -149.424017514999974, 60.781662571000027 ], [ -149.424177249999957, 60.78172483000003 ], [ -149.424330697999977, 60.781779763000031 ], [ -149.424574957999965, 60.781866191000063 ], [ -149.424753057999965, 60.781953961000056 ], [ -149.424963608999974, 60.782071271000063 ], [ -149.425118313999974, 60.782168928000033 ], [ -149.425197300999969, 60.782232038000075 ], [ -149.425201161999979, 60.782248051000067 ], [ -149.425288646999974, 60.782352651000053 ] ] ] } },
{ "type": "Feature", "properties": { "OBJECTID": 21896, "ID": 75004400008628.0, "Shape_Length": 0.010514278049043039 }, "geometry": { "type": "MultiLineString", "coordinates": [ [ [ -149.039385950999957, 60.695184591000043 ], [ -149.041858025999971, 60.69563947100005 ], [ -149.042859164999982, 60.695813868000073 ], [ -149.043531539999975, 60.695821084000045 ], [ -149.044664792999981, 60.69582781400004 ], [ -149.045768064999976, 60.695798953000065 ], [ -149.047346393999959, 60.695908073000055 ], [ -149.048436502999976, 60.695964941000057 ], [ -149.049822802999984, 60.696170529000028 ] ] ] } },
{ "type": "Feature", "properties": { "OBJECTID": 23553, "ID": 75004400005905.0, "Shape_Length": 0.051745325875537339 }, "geometry": { "type": "MultiLineString", "coordinates": [ [ [ -150.860912659999968, 60.708589062000044 ], [ -150.861505168999969, 60.708525559000066 ], [ -150.862088494999966, 60.708460823000053 ], [ -150.862949498999967, 60.708469964000074 ], [ -150.863177594999968, 60.708479491000048 ], [ -150.863687299999981, 60.708469162000029 ], [ -150.864356696999977, 60.708420605000072 ], [ -150.864984144999966, 60.708427917000051 ], [ -150.865753907999959, 60.70847401900005 ], [ -150.866144700999968, 60.708511414000043 ], [ -150.86647788099998, 60.708540380000045 ], [ -150.866897484999981, 60.70858198600007 ], [ -150.867285872999958, 60.708644188000051 ], [ -150.867551054999979, 60.70869645700003 ], [ -150.867832190999962, 60.708734881000055 ], [ -150.868332310999961, 60.708774778000077 ], [ -150.868806028999984, 60.708785650000038 ], [ -150.869367205999964, 60.708798526000066 ], [ -150.869862101999956, 60.708816984000066 ], [ -150.87015884799996, 60.708845106000069 ], [ -150.870444526999961, 60.70891204600008 ], [ -150.870876996999982, 60.708971697000038 ], [ -150.871361860999968, 60.709018338000078 ], [ -150.871871402999972, 60.70903536700007 ], [ -150.872950503999959, 60.709155040000041 ], [ -150.873277403999964, 60.709225651000054 ], [ -150.873916512999983, 60.709414357000071 ], [ -150.874645305999962, 60.70973299700006 ], [ -150.875876748999957, 60.71014129200006 ], [ -150.877032421999957, 60.710427063000054 ], [ -150.878268720999984, 60.710785715000043 ], [ -150.87950942599997, 60.711382001000061 ], [ -150.879630781999964, 60.71150601100004 ], [ -150.879884699999963, 60.711675222000054 ], [ -150.88026355599996, 60.711836632000029 ], [ -150.880577159999973, 60.711992997000038 ], [ -150.880825013999981, 60.712300608000078 ], [ -150.881027671999959, 60.712546794000048 ], [ -150.881279891999981, 60.712733726000067 ], [ -150.881898373999974, 60.712985862000039 ], [ -150.882305628999973, 60.71308042000004 ], [ -150.882635789999966, 60.713141247000067 ], [ -150.882985762999965, 60.713223839000079 ], [ -150.883454860999962, 60.713358883000069 ], [ -150.883874649999967, 60.713475036000034 ], [ -150.884373150999977, 60.713532597000039 ], [ -150.884900810999966, 60.713590822000072 ], [ -150.885306715999974, 60.713699551000047 ], [ -150.885618050999966, 60.713927364000028 ], [ -150.885678885999965, 60.714006435000044 ], [ -150.885771356999982, 60.714108009000029 ], [ -150.885906539999979, 60.714221214000077 ], [ -150.886024985999967, 60.714280754000072 ], [ -150.886084452999967, 60.714307991000055 ], [ -150.886094800999984, 60.71431431700006 ], [ -150.886309824999984, 60.714432895000073 ], [ -150.886781455999966, 60.714617716000078 ], [ -150.887451837999976, 60.714938502000052 ], [ -150.887621656999983, 60.714995659000067 ], [ -150.887852185999975, 60.715029334000064 ], [ -150.888166660999957, 60.715025847000049 ], [ -150.888467921999961, 60.715007851000053 ], [ -150.888790710999984, 60.714993895000077 ], [ -150.889151312999957, 60.714966592000053 ], [ -150.889575128999979, 60.714965595000081 ], [ -150.889977534999957, 60.715035155000066 ], [ -150.890268889999959, 60.715119942000058 ], [ -150.890537126999959, 60.715293011000028 ], [ -150.890661968999979, 60.715437945000076 ], [ -150.890772346999967, 60.715657147000059 ], [ -150.890610500999969, 60.715820417000032 ], [ -150.890394775999965, 60.715936280000051 ], [ -150.890234859999964, 60.716003682000064 ], [ -150.890047608999964, 60.716127296000082 ], [ -150.889933593999984, 60.71624902800005 ], [ -150.889848169999965, 60.716453112000067 ], [ -150.889870386999974, 60.716677412000081 ], [ -150.89008425199998, 60.716909178000037 ], [ -150.890259039999961, 60.717041493000067 ], [ -150.890569891999974, 60.717151591000061 ], [ -150.890802947999958, 60.717235050000056 ], [ -150.89112315899996, 60.71755139000004 ], [ -150.891390855999958, 60.717806146000044 ], [ -150.891685553999963, 60.718008232000045 ], [ -150.892122865999966, 60.718170937000082 ], [ -150.892762260999973, 60.718359555000063 ], [ -150.893163812999973, 60.718514337000045 ], [ -150.893286969999963, 60.718676993000031 ], [ -150.893280514999958, 60.718971683000063 ], [ -150.893317449999984, 60.719095166000045 ], [ -150.893352546999978, 60.719285920000061 ], [ -150.893485728999963, 60.719420385000035 ], [ -150.893743659999984, 60.719625182000073 ], [ -150.894112998999958, 60.719811198000059 ], [ -150.894643760999969, 60.719990230000064 ], [ -150.895240145999963, 60.720170753000048 ], [ -150.896117465999964, 60.720393182000066 ], [ -150.896492964999965, 60.720515391000049 ], [ -150.896885775999976, 60.720609576000072 ], [ -150.897324853999976, 60.720754542000066 ], [ -150.897552024999982, 60.720823646000042 ], [ -150.897817015999976, 60.720879399000069 ], [ -150.898101360999959, 60.720885861000056 ], [ -150.898424202999962, 60.720871884000076 ], [ -150.898704322999976, 60.720846278000067 ], [ -150.898924616999977, 60.720758923000062 ], [ -150.899087263999974, 60.720663156000057 ], [ -150.899214136999973, 60.720559471000058 ], [ -150.899279275999959, 60.720489906000068 ], [ -150.899374599999959, 60.720410370000081 ], [ -150.899526887999968, 60.720346336000034 ], [ -150.899711540999959, 60.720325664000029 ], [ -150.899893128999963, 60.720336893000081 ], [ -150.900103338999969, 60.720430473000079 ], [ -150.900351705999981, 60.720507158000032 ], [ -150.900646875999968, 60.720581546000062 ], [ -150.900887960999967, 60.720629453000072 ], [ -150.900997803999957, 60.720702991000053 ], [ -150.901048301999964, 60.720785840000076 ], [ -150.901103703999979, 60.720893665000062 ], [ -150.901089745999968, 60.721038989000078 ], [ -150.901029856999969, 60.72112998700004 ], [ -150.900902988999974, 60.721233674000075 ], [ -150.90080732499996, 60.721316756000078 ], [ -150.900606521999975, 60.72142942000005 ], [ -150.900479649999966, 60.721533108000074 ], [ -150.900365995999977, 60.721651304000034 ], [ -150.900280145999972, 60.721784339000067 ], [ -150.900261274999963, 60.721904686000073 ], [ -150.900315997999968, 60.722019601000056 ], [ -150.90049078499996, 60.722101718000033 ], [ -150.900830885999966, 60.722212455000033 ], [ -150.901123354999982, 60.722286587000042 ], [ -150.901523010999966, 60.722309868000082 ], [ -150.901881641999978, 60.722303798000041 ], [ -150.902102276999983, 60.722212895000041 ], [ -150.902283589999968, 60.722074920000068 ], [ -150.902409291999959, 60.721907266000073 ], [ -150.902445436999983, 60.721724374000075 ], [ -150.902476519999965, 60.721663687000046 ], [ -150.902505199999979, 60.721593293000069 ], [ -150.902577966999957, 60.72152034700008 ], [ -150.902634447999958, 60.721464793000052 ], [ -150.902711780999965, 60.721420368000054 ], [ -150.902914083999974, 60.721368123000047 ], [ -150.903056354999961, 60.721332277000045 ], [ -150.903218118999973, 60.721321738000029 ], [ -150.903400393999959, 60.721325872000079 ], [ -150.903624031999982, 60.72135581100008 ], [ -150.903817148999963, 60.721399265000059 ], [ -150.903882454999973, 60.721435968000037 ] ] ] } },
{ "type": "Feature", "properties": { "OBJECTID": 23996, "ID": 75004400009337.0, "Shape_Length": 0.035493240901332532 }, "geometry": { "type": "MultiLineString", "coordinates": [ [ [ -149.861700410999958, 60.840842572000042 ], [ -149.862055878999968, 60.841044707000037 ], [ -149.862204077999962, 60.841189106000058 ], [ -149.862352610999977, 60.841420172000028 ], [ -149.862353011999971, 60.841737972000033 ], [ -149.862234877999981, 60.841925772000081 ], [ -149.862147410999967, 60.842705772000045 ], [ -149.861999677999961, 60.842936972000075 ], [ -149.862030010999973, 60.843370372000038 ], [ -149.862415410999972, 60.843687971000065 ], [ -149.862741277999959, 60.843832306000081 ], [ -149.86354087999996, 60.844048706000081 ], [ -149.863925877999975, 60.844236372000069 ], [ -149.864074210999974, 60.844380706000038 ], [ -149.863897210999966, 60.844669706000047 ], [ -149.863631208999976, 60.84491537200006 ], [ -149.863691010999958, 60.845319772000039 ], [ -149.86348407899996, 60.845608706000064 ], [ -149.863650231999969, 60.846321614000033 ], [ -149.86360228999996, 60.846388686000068 ], [ -149.863463387999957, 60.846555143000046 ], [ -149.863449734999961, 60.846775157000081 ], [ -149.863559480999982, 60.846949123000059 ], [ -149.863841632999964, 60.847135558000048 ], [ -149.864219598999966, 60.847296141000072 ], [ -149.864752647999978, 60.847603766000077 ], [ -149.864664045999973, 60.847835738000072 ], [ -149.864379784999983, 60.847990696000068 ], [ -149.863831288999961, 60.848031018000029 ], [ -149.863736262999964, 60.848198799000045 ], [ -149.863866113999961, 60.848330711000074 ], [ -149.864380866999966, 60.848552459000075 ], [ -149.864831647999978, 60.848814936000053 ], [ -149.864915867999969, 60.848998198000061 ], [ -149.86499079799998, 60.849061496000047 ], [ -149.865029353999972, 60.849560395000083 ], [ -149.86496544299996, 60.849828665000075 ], [ -149.864992073999957, 60.85019210300004 ], [ -149.865358226999973, 60.850300827000069 ], [ -149.865371526999979, 60.85032443700004 ], [ -149.865625789999967, 60.850630752000029 ], [ -149.866029077999968, 60.850920233000068 ], [ -149.866610606999984, 60.851079991000063 ], [ -149.867436267999977, 60.851282665000042 ], [ -149.867826726999965, 60.851443764000066 ], [ -149.86826565399997, 60.851730886000041 ], [ -149.868380210999959, 60.851904972000057 ], [ -149.868380678999984, 60.852193772000078 ], [ -149.868885078999966, 60.852771372000063 ], [ -149.868886411999966, 60.853450372000054 ], [ -149.868946009999974, 60.853638106000062 ], [ -149.869420409999975, 60.854114571000082 ], [ -149.869391277999966, 60.85440350600004 ], [ -149.869303009999982, 60.85466357100006 ], [ -149.869007409999966, 60.854938106000077 ], [ -149.869037478999957, 60.855183706000048 ], [ -149.869719078999964, 60.855472172000077 ], [ -149.869838011999974, 60.855688906000069 ], [ -149.87081600999997, 60.856136306000053 ], [ -149.871320611999977, 60.856713772000035 ], [ -149.872091210999969, 60.857117972000083 ], [ -149.872595278999967, 60.85747890600004 ], [ -149.872833010999983, 60.857839906000038 ], [ -149.872922477999964, 60.858157572000039 ], [ -149.872953210999981, 60.858663172000036 ], [ -149.872805609999972, 60.858952306000049 ], [ -149.872865811999958, 60.859428772000058 ], [ -149.873311076999983, 60.859963106000066 ], [ -149.873400677999967, 60.860324173000038 ], [ -149.874588211999964, 60.861710306000077 ], [ -149.874648076999961, 60.86204250600008 ], [ -149.874500410999957, 60.862360372000069 ], [ -149.87458967699996, 60.862548172000061 ], [ -149.874797410999975, 60.862750306000066 ], [ -149.876220009999969, 60.863154106000081 ], [ -149.876812677999965, 60.863283772000045 ], [ -149.877405477999957, 60.86348590700004 ], [ -149.877998477999967, 60.863803306000079 ], [ -149.878236011999974, 60.864063172000044 ] ] ] } },
{ "type": "Feature", "properties": { "OBJECTID": 24590, "ID": 75004400011558.0, "Shape_Length": 0.017629317004947513 }, "geometry": { "type": "MultiLineString", "coordinates": [ [ [ -149.080290825999981, 61.005579040000043 ], [ -149.08025207999998, 61.005383143000074 ], [ -149.080172332999979, 61.005261687000029 ], [ -149.080200291999972, 61.005144082000072 ], [ -149.080249285999969, 61.005017742000064 ], [ -149.080325818999967, 61.004692829000078 ], [ -149.080325612999957, 61.00432810500007 ], [ -149.080326273999958, 61.004327536000062 ], [ -149.080239374999962, 61.004187157000047 ], [ -149.080266643999977, 61.003946180000071 ], [ -149.080269969999961, 61.003732812000067 ], [ -149.080293603999962, 61.003515425000046 ], [ -149.08037816099997, 61.003285984000058 ], [ -149.080504751999968, 61.003167164000047 ], [ -149.080667250999966, 61.003006929000037 ], [ -149.080731112999956, 61.002904818000047 ], [ -149.080681679999969, 61.002811105000035 ], [ -149.080694581999978, 61.002701933000083 ], [ -149.080712103999957, 61.002651143000037 ], [ -149.080755695999983, 61.002368052000065 ], [ -149.080712245999962, 61.002138778000074 ], [ -149.08075583699997, 61.001855688000035 ], [ -149.080922723999976, 61.001539052000055 ], [ -149.081008377999979, 61.001238489000059 ], [ -149.080940297999973, 61.000913450000041 ], [ -149.080908472999965, 61.000608686000078 ], [ -149.081002842999965, 61.000251503000072 ], [ -149.081200158999962, 60.999992888000065 ], [ -149.081397472999981, 60.999734271000079 ], [ -149.081443960999962, 60.999432306000074 ], [ -149.08160501499998, 60.99915341600007 ], [ -149.08164859599998, 60.998870324000052 ], [ -149.081697984999977, 60.998549488000037 ], [ -149.081624093999977, 60.998262195000052 ], [ -149.08155020199996, 60.997974903000056 ], [ -149.081392188999956, 60.997722555000053 ], [ -149.081144246999969, 60.997542899000052 ], [ -149.080887588999957, 60.997419859000047 ], [ -149.080603399999973, 60.99721992800005 ], [ -149.080391713999973, 60.997060542000042 ], [ -149.080095907999976, 60.996936101000074 ], [ -149.079631857999971, 60.996881546000054 ], [ -149.079243213999973, 60.996848665000073 ], [ -149.078974942999963, 60.996801112000071 ], [ -149.07883285799997, 60.996701145000031 ], [ -149.078825677999959, 60.996492144000058 ], [ -149.078866371999965, 60.996227926000074 ], [ -149.078738821999963, 60.996033595000029 ], [ -149.078502532999977, 60.995778442000073 ], [ -149.078338742999961, 60.995563837000077 ], [ -149.07825907199998, 60.995314289000078 ], [ -149.078308489999984, 60.994993452000074 ], [ -149.07836372099996, 60.994634871000073 ], [ -149.078443568999973, 60.994372055000042 ], [ -149.078466822999957, 60.994221074000052 ], [ -149.078372622999979, 60.994065889000069 ], [ -149.078160968999981, 60.993906499000047 ], [ -149.077823141999971, 60.993799525000043 ], [ -149.077362049999977, 60.993726090000052 ], [ -149.077139799999969, 60.99366219400008 ], [ -149.077018102999972, 60.99364586300004 ], [ -149.076697287999963, 60.993620144000033 ], [ -149.076353652999984, 60.993550911000057 ], [ -149.076080742999977, 60.993405929000062 ], [ -149.075773603999977, 60.993195675000038 ], [ -149.07578291699997, 60.993039451000072 ], [ -149.075935768999983, 60.992909715000053 ], [ -149.075955768999961, 60.992900809000048 ], [ -149.076154710999958, 60.99267332200003 ] ] ] } },
{ "type": "Feature", "properties": { "OBJECTID": 26126, "ID": 75004400005646.0, "Shape_Length": 0.021485225530871354 }, "geometry": { "type": "MultiLineString", "coordinates": [ [ [ -149.05579807899997, 60.997224905000053 ], [ -149.059010479999984, 60.996069105000061 ], [ -149.061182077999973, 60.995534706000058 ], [ -149.062401610999956, 60.994971305000035 ], [ -149.062818248999974, 60.99488664900008 ], [ -149.063143322999963, 60.994791458000066 ], [ -149.063762668999971, 60.994604944000059 ], [ -149.064255809999963, 60.994470828000033 ], [ -149.064754775999972, 60.994298966000031 ], [ -149.065181262999971, 60.994086547000052 ], [ -149.065559852999968, 60.993929340000079 ], [ -149.066212491999977, 60.99378196400005 ], [ -149.066696868999969, 60.993704456000046 ], [ -149.067214566999979, 60.993666097000073 ], [ -149.067684372999963, 60.993682948000071 ], [ -149.068109204999956, 60.993736139000077 ], [ -149.06836578399998, 60.993859202000067 ], [ -149.068574475999981, 60.994037478000052 ], [ -149.06882232199996, 60.994217158000083 ], [ -149.069118058999976, 60.994341625000061 ], [ -149.069467509999981, 60.994373130000042 ], [ -149.069816962999965, 60.994404637000059 ], [ -149.070256366999956, 60.994363458000066 ], [ -149.07051747899996, 60.994202026000039 ], [ -149.070751081999958, 60.993963700000052 ], [ -149.071015100999972, 60.993783395000037 ], [ -149.07146613499998, 60.993666723000047 ], [ -149.071992559999984, 60.993571727000074 ], [ -149.07243241599997, 60.993514165000079 ], [ -149.072706093999983, 60.993462962000081 ], [ -149.072945360999967, 60.993443070000069 ], [ -149.073362492999962, 60.993322804000059 ], [ -149.073755118999969, 60.993265707000035 ], [ -149.074335329999968, 60.993236677000027 ], [ -149.074606141999965, 60.993203679000032 ], [ -149.074876448999959, 60.993078151000077 ], [ -149.074901632999968, 60.99306328800003 ], [ -149.07501301299996, 60.993049106000058 ], [ -149.075637478999965, 60.992846772000064 ], [ -149.076154710999958, 60.99267332200003 ] ] ] } },
{ "type": "Feature", "properties": { "OBJECTID": 26805, "ID": 75004400001498.0, "Shape_Length": 0.07581890649713284 }, "geometry": { "type": "MultiLineString", "coordinates": [ [ [ -151.057616512999971, 60.482612643000039 ], [ -151.059795499999979, 60.482542614000067 ], [ -151.063602182999972, 60.481958688000077 ], [ -151.064590356999958, 60.481685177000031 ], [ -151.06596602999997, 60.481161937000081 ], [ -151.068223933999974, 60.480430055000056 ], [ -151.069481554999982, 60.479741571000034 ], [ -151.071091032999959, 60.478832963000059 ], [ -151.072853459999976, 60.477699924000035 ], [ -151.074754169999977, 60.476504787000067 ], [ -151.077056040999963, 60.475916664000067 ], [ -151.078072051999982, 60.475795634000065 ], [ -151.079192996999979, 60.475884868000037 ], [ -151.080881328999965, 60.47631162700003 ], [ -151.082393431999975, 60.477222534000077 ], [ -151.086471917999972, 60.479554282000038 ], [ -151.091353199999958, 60.481741773000067 ], [ -151.093030381999966, 60.482298254000057 ], [ -151.094592442999982, 60.482657060000065 ], [ -151.095578176999965, 60.482775783000079 ], [ -151.097238480999977, 60.482778827000061 ], [ -151.099099131999964, 60.482620459000032 ], [ -151.099723310999963, 60.48247419300003 ], [ -151.101781664999976, 60.481737496000051 ], [ -151.103655509999982, 60.480834173000062 ], [ -151.105546599999968, 60.479736011000057 ], [ -151.106941929999977, 60.47823687600004 ], [ -151.108723286999975, 60.476876089000029 ], [ -151.109838684999971, 60.476281808000067 ], [ -151.11202898199997, 60.475547783000081 ], [ -151.113513133999959, 60.475286637000067 ], [ -151.115495823999964, 60.475393924000059 ], [ -151.116746543999966, 60.475518137000051 ], [ -151.118294149999969, 60.476039017000062 ], [ -151.119882200999967, 60.47685350900008 ], [ -151.121287592999977, 60.477949223000053 ], [ -151.121613463999978, 60.478404563000083 ], [ -151.122150252999973, 60.479336857000078 ], [ -151.122630408999981, 60.480159606000029 ], [ -151.122998213999978, 60.480752453000036 ], [ -151.123393853999971, 60.481280885000047 ], [ -151.123848974999959, 60.481637235000051 ], [ -151.124415458999977, 60.481985111000029 ], [ -151.124958920999973, 60.482343330000049 ], [ -151.125415465999964, 60.482701128000031 ] ] ] } },
{ "type": "Feature", "properties": { "OBJECTID": 27121, "ID": 75004400007128.0, "Shape_Length": 0.034016377866884481 }, "geometry": { "type": "MultiLineString", "coordinates": [ [ [ -149.05868167899996, 60.977663905000043 ], [ -149.059900612999968, 60.978357372000062 ], [ -149.06004927799998, 60.978574171000048 ], [ -149.059960212999982, 60.978776305000054 ], [ -149.059246877999982, 60.979180905000078 ], [ -149.059365678999967, 60.979354173000047 ], [ -149.060079411999965, 60.979672105000077 ], [ -149.060674012999982, 60.979672105000077 ], [ -149.060882012999969, 60.979758705000052 ], [ -149.060911811999972, 60.979859772000054 ], [ -149.060666303999966, 60.979956533000063 ], [ -149.060590123999958, 60.979969689000029 ], [ -149.060373736999964, 60.980033076000041 ], [ -149.060141580999982, 60.980103015000054 ], [ -149.059877249999971, 60.980285657000081 ], [ -149.059878801999957, 60.980371111000068 ], [ -149.060040687999958, 60.980469442000071 ], [ -149.060143872999959, 60.980565664000039 ], [ -149.060123094999966, 60.98070012800008 ], [ -149.060328373999965, 60.980899648000047 ], [ -149.060758798999984, 60.980979163000029 ], [ -149.061257766999972, 60.980997091000063 ], [ -149.061632308999975, 60.980960732000028 ], [ -149.062013409999963, 60.98088191100004 ], [ -149.062549381999958, 60.980851348000044 ], [ -149.062834554999966, 60.980973290000065 ], [ -149.062764979999969, 60.981079700000066 ], [ -149.062619154999965, 60.981259488000035 ], [ -149.062579337999978, 60.981421735000083 ], [ -149.062714375999974, 60.981789522000042 ], [ -149.062908909999976, 60.981867672000078 ], [ -149.063160585999981, 60.981862478000039 ], [ -149.063568859999975, 60.981798860000083 ], [ -149.063886891999971, 60.981746232000035 ], [ -149.064259253999978, 60.981724022000037 ], [ -149.064611476999971, 60.981736668000053 ], [ -149.064964172999964, 60.981841843000041 ], [ -149.065323899999981, 60.981997085000046 ], [ -149.065737962999975, 60.982182741000031 ], [ -149.066058513999963, 60.982400620000078 ], [ -149.066286162999972, 60.98255111800006 ], [ -149.066518662999982, 60.982765837000045 ], [ -149.066539113999966, 60.98281053200003 ], [ -149.066806527999972, 60.982960219000063 ], [ -149.067490302999971, 60.983310921000054 ], [ -149.068174093999971, 60.983661620000078 ], [ -149.068919052999973, 60.98401450800003 ], [ -149.069349155999959, 60.984415403000071 ], [ -149.069652407999968, 60.984841399000061 ], [ -149.069951120999974, 60.985296882000057 ], [ -149.070073450999956, 60.985474543000066 ], [ -149.070264401999964, 60.985654232000059 ], [ -149.071084447999965, 60.986174662000053 ], [ -149.071344777999968, 60.986304971000038 ], [ -149.071643690999963, 60.986472246000062 ], [ -149.072075801999972, 60.98663717800008 ], [ -149.072495420999957, 60.986787427000081 ], [ -149.07286773499996, 60.986957329000063 ], [ -149.072962251999968, 60.987110160000043 ], [ -149.072986649999962, 60.987239127000066 ], [ -149.07297137599997, 60.98733820700005 ], [ -149.072842440999977, 60.98750437800004 ], [ -149.07265806199996, 60.987647214000049 ], [ -149.072478045999958, 60.987761740000053 ], [ -149.072325202999963, 60.987891472000058 ], [ -149.072276698999957, 60.988110339000059 ], [ -149.072285323999978, 60.988245858000028 ], [ -149.072383115999969, 60.98837745600008 ], [ -149.072515721999963, 60.988474721000046 ], [ -149.072616786999959, 60.988585088000036 ], [ -149.072612950999968, 60.988639127000056 ], [ -149.072958279999966, 60.989076372000056 ], [ -149.073255812999975, 60.989206372000069 ], [ -149.073582878999957, 60.989249705000077 ], [ -149.075754210999975, 60.989321772000039 ], [ -149.076111211999972, 60.989408371000081 ], [ -149.07718227899997, 60.990015105000055 ], [ -149.077122678999956, 60.99013070500007 ], [ -149.076111878999967, 60.990549772000065 ], [ -149.075755078999975, 60.990867571000081 ], [ -149.075755279999981, 60.991026505000036 ], [ -149.076469211999978, 60.991199772000073 ], [ -149.077599276999962, 60.991185105000056 ], [ -149.078164411999978, 60.991083905000039 ], [ -149.078788879999962, 60.991011705000062 ] ] ] } },
{ "type": "Feature", "properties": { "OBJECTID": 27229, "ID": 75004400010402.0, "Shape_Length": 0.031734589109523516 }, "geometry": { "type": "MultiLineString", "coordinates": [ [ [ -151.087616047999973, 60.643454102000078 ], [ -151.087571542999967, 60.643408753000074 ], [ -151.087510391999984, 60.643413364000082 ], [ -151.087507253999973, 60.643380739000065 ], [ -151.087456476999961, 60.643270139000037 ], [ -151.087373737999968, 60.643244691000064 ], [ -151.087315512999965, 60.643216808000034 ], [ -151.087306050999956, 60.643187007000051 ], [ -151.087310307999957, 60.643139740000038 ], [ -151.087344872999978, 60.643093123000028 ], [ -151.087334611999978, 60.643072184000061 ], [ -151.087311958999976, 60.643053940000073 ], [ -151.087254267999981, 60.643020149000051 ], [ -151.087191045999958, 60.64298031800007 ], [ -151.087162598999981, 60.642958991000057 ], [ -151.087121494999963, 60.642943313000046 ], [ -151.087055611999972, 60.642933025000048 ], [ -151.087051945999974, 60.642906307000032 ], [ -151.087023231999979, 60.642887934000044 ], [ -151.086976599999957, 60.642866217000062 ], [ -151.086883334999982, 60.642822785000078 ], [ -151.086824578999966, 60.64280081000004 ], [ -151.086893920999984, 60.64277269400003 ], [ -151.086879194999966, 60.642733902000032 ], [ -151.086797519999976, 60.642696636000039 ], [ -151.086714250999961, 60.642677096000057 ], [ -151.086703991999968, 60.642656158000079 ], [ -151.086700854999975, 60.642623533000062 ], [ -151.086699849999974, 60.642567275000033 ], [ -151.086665872999959, 60.64253990900005 ], [ -151.086565482999958, 60.642508163000059 ], [ -151.086548894999964, 60.64249004900006 ], [ -151.08659558399998, 60.64244369000005 ], [ -151.086651471999971, 60.642430087000037 ], [ -151.08665992799996, 60.642403629000057 ], [ -151.086607234999974, 60.642381783000076 ], [ -151.086542417999965, 60.642359678000048 ], [ -151.086512707999958, 60.642321331000062 ], [ -151.086546941999984, 60.642309457000067 ], [ -151.086557527999958, 60.642259366000076 ], [ -151.086536474999974, 60.642223398000056 ], [ -151.086460332999962, 60.642192170000044 ], [ -151.08638445699998, 60.642157989000054 ], [ -151.08633835699996, 60.642130364000081 ], [ -151.086304117999958, 60.642105954000044 ], [ -151.086248290999976, 60.642051482000056 ], [ -151.086179541999968, 60.642005613000038 ], [ -151.086109726999979, 60.641971561000048 ], [ -151.086040447999977, 60.641931601000067 ], [ -151.086000677999976, 60.641901152000059 ], [ -151.08592773099997, 60.641834474000063 ], [ -151.085887694999968, 60.641806980000069 ], [ -151.085862974999969, 60.641744293000045 ], [ -151.085805285999982, 60.641710501000034 ], [ -151.085733079999983, 60.641703036000081 ], [ -151.085616576999968, 60.641715342000055 ], [ -151.085513795999958, 60.641710183000043 ], [ -151.08541234499998, 60.641690253000036 ], [ -151.085359919999973, 60.641665452000041 ], [ -151.085330942999974, 60.64165003200003 ], [ -151.085251608999982, 60.641654254000059 ], [ -151.085125113999965, 60.641642667000042 ], [ -151.085095869999975, 60.641630202000044 ], [ -151.085062161999957, 60.641599882000037 ], [ -151.08496650799998, 60.641583035000053 ], [ -151.084860060999972, 60.641551158000027 ], [ -151.084886170999965, 60.641530998000064 ], [ -151.084877775999956, 60.641489381000042 ], [ -151.084817692999962, 60.641482175000078 ], [ -151.084727566999959, 60.641471365000029 ], [ -151.084717307999966, 60.641450427000052 ], [ -151.084708645999967, 60.641411764000054 ], [ -151.084674671999977, 60.64138439900006 ], [ -151.084609592999982, 60.641365246000078 ], [ -151.084556369999973, 60.641349307000041 ], [ -151.084546909999972, 60.641319506000059 ], [ -151.084544576999974, 60.641278018000037 ], [ -151.084535648999974, 60.641242310000052 ], [ -151.084471900999972, 60.641208386000073 ], [ -151.084438459999973, 60.641175112000042 ], [ -151.084324951999974, 60.641086848000043 ], [ -151.084266467999981, 60.64106191500008 ], [ -151.084258071999983, 60.641020299000047 ], [ -151.084256803999978, 60.640966994000053 ], [ -151.084172208999973, 60.640962223000031 ], [ -151.084077355999966, 60.640936513000042 ], [ -151.084062100999972, 60.640903629000036 ], [ -151.084058968999983, 60.640871003000029 ], [ -151.084012874999956, 60.640843378000056 ], [ -151.083954123999973, 60.640821401000039 ], [ -151.083956520999976, 60.64079481300007 ], [ -151.083980029999964, 60.640736119000053 ], [ -151.083984557999969, 60.640685900000051 ], [ -151.083986954999972, 60.640659312000082 ], [ -151.083987753999963, 60.640650450000066 ], [ -151.083952513999975, 60.640569780000078 ], [ -151.083898761999961, 60.640559749000033 ], [ -151.083808372999982, 60.640551894000055 ], [ -151.083723511999978, 60.640550077000057 ], [ -151.08370272999997, 60.64051115400008 ], [ -151.08378052599997, 60.64045658200007 ], [ -151.083789518999964, 60.640424217000032 ], [ -151.083786651999958, 60.640388637000058 ], [ -151.083752948999972, 60.640358316000061 ], [ -151.083713181999968, 60.640327866000064 ], [ -151.083700324999967, 60.640268394000032 ], [ -151.083647902999957, 60.640243593000037 ], [ -151.083571501999984, 60.64021531800006 ], [ -151.083555448999959, 60.640191296000069 ], [ -151.083533867999961, 60.640161235000051 ], [ -151.083519411999958, 60.640119488000039 ], [ -151.083533132999975, 60.640102023000054 ], [ -151.083589815999972, 60.640079559000071 ], [ -151.083705779999974, 60.640073162000078 ], [ -151.083774584999958, 60.640050957000028 ], [ -151.083788038999984, 60.640036446000067 ], [ -151.083791501999968, 60.639998042000059 ], [ -151.083789435999961, 60.639953600000069 ], [ -151.083792295999984, 60.639921882000067 ], [ -151.083804486999981, 60.639921364000031 ], [ -151.083898870999974, 60.639884907000067 ], [ -151.084015630999971, 60.639869650000037 ], [ -151.084065986999974, 60.639850008000053 ], [ -151.084069182999968, 60.639814559000058 ], [ -151.084017293999977, 60.639783849000082 ], [ -151.083945622999977, 60.639770476000081 ], [ -151.083954880999983, 60.639735155000039 ], [ -151.083958875999969, 60.639690843000039 ], [ -151.083932030999961, 60.639651790000073 ], [ -151.083856163999968, 60.639617607000048 ], [ -151.083786359999976, 60.639583554000069 ], [ -151.083734736999958, 60.639549890000069 ], [ -151.083641219999976, 60.639509410000073 ], [ -151.083608849999962, 60.639464319000069 ], [ -151.083677919999957, 60.639439159000062 ], [ -151.083761976999966, 60.639449839000065 ], [ -151.083798610999963, 60.639447663000055 ], [ -151.083851094999972, 60.639404390000038 ], [ -151.083884330999979, 60.639372543000036 ], [ -151.083987371999967, 60.639374751000048 ], [ -151.084050113999979, 60.63935241400003 ], [ -151.084070960999981, 60.639323263000051 ], [ -151.084041250999974, 60.639248631000044 ], [ -151.084021267999958, 60.639200845000062 ], [ -151.083931946999968, 60.639181174000043 ], [ -151.08381045699997, 60.639181532000066 ], [ -151.083756973999982, 60.639168547000054 ], [ -151.083754638999977, 60.639127059000032 ], [ -151.083837961999961, 60.639078526000048 ], [ -151.083939468999972, 60.639030383000033 ], [ -151.083962178999968, 60.638980552000078 ], [ -151.083904762999964, 60.638943804000064 ], [ -151.083803587999967, 60.638920918000053 ], [ -151.08370427899996, 60.638877354000044 ], [ -151.083633674999959, 60.638852163000081 ], [ -151.083630544999977, 60.638819538000064 ], [ -151.083718860999966, 60.638782952000042 ], [ -151.083769479999972, 60.638760356000034 ], [ -151.083916543999976, 60.63874574700003 ], [ -151.084033035999965, 60.638733442000046 ], [ -151.084059676999971, 60.638707375000081 ], [ -151.083971957999978, 60.638669978000053 ], [ -151.083900022999984, 60.638659558000029 ], [ -151.083826492999975, 60.638666863000083 ], [ -151.083732710999982, 60.638629336000065 ], [ -151.083698741999967, 60.638601969000035 ], [ -151.083628405999974, 60.638573826000027 ], [ -151.083508250999984, 60.638559412000063 ], [ -151.083457429999982, 60.638516886000048 ], [ -151.083456162999965, 60.638463582000043 ], [ -151.083435113999968, 60.638427612000044 ], [ -151.08334080299997, 60.638395993000074 ], [ -151.083240429999961, 60.638364245000048 ], [ -151.083220179999984, 60.63831941400008 ], [ -151.083228372999969, 60.638295911000057 ], [ -151.083390218999966, 60.638252020000039 ], [ -151.083395545999963, 60.638192938000032 ], [ -151.083410598999961, 60.63816070200005 ], [ -151.083516298999967, 60.63813336700008 ], [ -151.083578238999962, 60.638119894000056 ], [ -151.083613872999962, 60.638061461000063 ], [ -151.083598618999957, 60.638028577000057 ], [ -151.083505105999961, 60.637988095000082 ], [ -151.083452686999976, 60.637963294000031 ], [ -151.083468804999967, 60.637919241000077 ], [ -151.083611402999964, 60.637886778000052 ], [ -151.083646233999957, 60.637837206000029 ], [ -151.083548791999959, 60.637772962000042 ], [ -151.083444223999976, 60.637720405000039 ], [ -151.083350711999969, 60.637679925000043 ], [ -151.083287505999976, 60.637640092000083 ], [ -151.08327968499998, 60.637630975000036 ], [ -151.083294897999963, 60.637625452000066 ], [ -151.083324468999962, 60.637566888000038 ], [ -151.08335244099996, 60.637526050000076 ], [ -151.083355902999983, 60.637487647000057 ], [ -151.083309813999961, 60.637460019000059 ], [ -151.083263991999956, 60.637429440000062 ], [ -151.083201049999957, 60.637386654000068 ], [ -151.083161554999975, 60.637353250000047 ], [ -151.083157624999984, 60.637329486000056 ], [ -151.083179536999978, 60.637288518000048 ], [ -151.083255727999983, 60.637251673000037 ], [ -151.083263121999977, 60.63723703200003 ], [ -151.083271845999974, 60.637207620000027 ], [ -151.083253995999968, 60.637136202000079 ], [ -151.083231883999957, 60.637112049000052 ], [ -151.083234547999979, 60.637082508000049 ], [ -151.083218495999972, 60.637058485000068 ], [ -151.083196117999961, 60.637037287000055 ], [ -151.083234078999965, 60.637020341000039 ], [ -151.083291555999978, 60.636989014000051 ], [ -151.083294219999971, 60.636959473000047 ], [ -151.083348298999965, 60.636898475000066 ], [ -151.083383396999977, 60.636845949000076 ], [ -151.083399511999971, 60.636801897000055 ], [ -151.083455923999963, 60.63678238600005 ], [ -151.083516530999958, 60.636783684000079 ], [ -151.083617231999966, 60.63674440300008 ], [ -151.083650197999958, 60.636715510000045 ], [ -151.083671575999972, 60.636680451000075 ], [ -151.083686360999963, 60.636651169000061 ], [ -151.083701411999982, 60.636618933000079 ], [ -151.083630813999974, 60.636593742000059 ], [ -151.083608435999963, 60.636572543000057 ], [ -151.083528113999961, 60.636520506000068 ], [ -151.083530777999982, 60.636490964000075 ], [ -151.083592449999969, 60.636480447000054 ], [ -151.083648325999974, 60.636466843000051 ], [ -151.083814892999982, 60.636437853000075 ], [ -151.083893680999978, 60.636439540000083 ], [ -151.08402015599998, 60.636451129000079 ], [ -151.084129780999973, 60.636447557000054 ], [ -151.084203306999967, 60.636440252000057 ], [ -151.084222021999977, 60.636434733000044 ], [ -151.084250256999979, 60.63639093900008 ], [ -151.084381054999966, 60.63628718700005 ], [ -151.084402963999963, 60.636246218000053 ], [ -151.084384047999976, 60.636186616000032 ], [ -151.08430106299997, 60.636164119000057 ], [ -151.08427581899997, 60.636107342000059 ], [ -151.084320906999977, 60.636078710000049 ], [ -151.084358866999963, 60.636061763000043 ], [ -151.084366525999968, 60.636044168000069 ], [ -151.08431437599998, 60.63601641300005 ], [ -151.084232191999973, 60.635985055000049 ], [ -151.084161859999966, 60.635956910000061 ], [ -151.084104182999965, 60.635923117000061 ], [ -151.084132418999957, 60.63587932400003 ], [ -151.084202015999978, 60.635848256000031 ], [ -151.084306641999973, 60.635832737000044 ], [ -151.084373306999964, 60.635834165000063 ], [ -151.084452626999962, 60.635829943000033 ], [ -151.084484259999982, 60.63581582200004 ], [ -151.084535673999966, 60.635784365000063 ], [ -151.084612924999959, 60.635735702000034 ], [ -151.08469910499997, 60.635722748000035 ], [ -151.084785548999974, 60.635706839000079 ], [ -151.084871460999977, 60.635696839000047 ], [ -151.084923137999965, 60.635662428000046 ], [ -151.084976148999971, 60.635613245000059 ], [ -151.085008552999966, 60.635562016000051 ], [ -151.085005979999977, 60.635551727000063 ], [ -151.085008375999962, 60.635525140000027 ], [ -151.084945970999968, 60.63547644700003 ], [ -151.084912534999972, 60.635443172000066 ], [ -151.084879631999968, 60.635403990000043 ], [ -151.084872035999979, 60.635353510000073 ], [ -151.084876560999959, 60.635303289000035 ], [ -151.084891078999959, 60.635276962000034 ], [ -151.084934566999976, 60.635266054000056 ], [ -151.085049715999958, 60.635268519000078 ], [ -151.085103725999971, 60.635275594000063 ], [ -151.085188306999981, 60.635280365000028 ], [ -151.085239451999968, 60.635251862000075 ], [ -151.085242379999983, 60.635219366000058 ], [ -151.085198154999972, 60.63517106200004 ], [ -151.085156530999967, 60.635161292000078 ], [ -151.085141809999982, 60.635122499000033 ], [ -151.08514053899998, 60.635069194000039 ], [ -151.085199874999972, 60.635017187000074 ], [ -151.085280522999966, 60.634998195000037 ], [ -151.085336929999983, 60.634978684000032 ], [ -151.085359367999956, 60.634931807000044 ], [ -151.08537521599996, 60.634890708000057 ], [ -151.085409244999965, 60.634849999000039 ], [ -151.085448531999958, 60.634818281000037 ], [ -151.085469906999975, 60.634783222000067 ], [ -151.085497607999969, 60.634745336000037 ], [ -151.08554322599997, 60.634710794000057 ], [ -151.085570393999973, 60.634678817000065 ], [ -151.085590703999969, 60.634655575000068 ], [ -151.085636851999965, 60.634615124000049 ], [ -151.085628722999957, 60.63457055300006 ], [ -151.085642174999975, 60.634556041000053 ], [ -151.085738871999979, 60.634561070000075 ], [ -151.085820316999957, 60.634533215000033 ], [ -151.085913350999959, 60.634511528000075 ], [ -151.08598320699997, 60.634477505000064 ], [ -151.086029353999976, 60.634437055000035 ], [ -151.086075234999981, 60.63439955900003 ], [ -151.086102668999956, 60.634364628000071 ], [ -151.086105595999982, 60.634332133000044 ], [ -151.086067430999975, 60.634283958000083 ], [ -151.086015018999973, 60.634259158000077 ], [ -151.085974458999971, 60.634237572000075 ], [ -151.08593916199996, 60.634224977000031 ], [ -151.08594022699998, 60.634213159000069 ], [ -151.085954207999976, 60.63419274000006 ], [ -151.085949745999983, 60.63417488500005 ], [ -151.085951341999959, 60.634157161000076 ], [ -151.085996423999973, 60.634128528000076 ], [ -151.086021728999981, 60.634117229000083 ], [ -151.086036510999975, 60.634087947000069 ], [ -151.086057085999983, 60.634061750000058 ], [ -151.086102700999959, 60.634027207000031 ], [ -151.086128004999978, 60.634015910000073 ], [ -151.086153575999958, 60.634001658000045 ], [ -151.086155970999982, 60.633975070000076 ], [ -151.086170485999958, 60.63394874200003 ], [ -151.08618000499996, 60.633910468000067 ], [ -151.086181334999964, 60.63389569800006 ], [ -151.086141841999961, 60.633862294000039 ], [ -151.086151625999975, 60.633821065000063 ], [ -151.086173530999957, 60.633780097000056 ], [ -151.086227334999961, 60.633722052000053 ], [ -151.086267420999974, 60.633681472000035 ], [ -151.086283530999964, 60.633637419000081 ], [ -151.086232713999976, 60.633594893000065 ], [ -151.086199015999966, 60.633564574000047 ], [ -151.086195348999979, 60.633537857000078 ], [ -151.086224378999958, 60.633485201000042 ], [ -151.086239956999975, 60.63344705600008 ], [ -151.086237090999958, 60.633411478000028 ], [ -151.08619865999998, 60.633366257000034 ], [ -151.08612593899997, 60.633364701000062 ], [ -151.086040831999981, 60.633365839000078 ], [ -151.085962848999969, 60.633355291000044 ], [ -151.085934944999963, 60.63332805500005 ], [ -151.085907569999961, 60.633294911000064 ], [ -151.085879398999964, 60.633270629000037 ], [ -151.085844900999973, 60.633249172000035 ], [ -151.085834376999969, 60.633231188000082 ], [ -151.085762986999981, 60.633214860000066 ], [ -151.085708978999975, 60.633207785000081 ], [ -151.085693498999973, 60.633200459000079 ], [ -151.085728754999963, 60.63319044900004 ], [ -151.08579201699996, 60.633162205000076 ], [ -151.085830772999969, 60.633136395000065 ], [ -151.085845551999967, 60.633107113000051 ], [ -151.085823973999965, 60.633077053000079 ], [ -151.085722549999957, 60.633057123000071 ], [ -151.085657752999964, 60.633035017000054 ], [ -151.085567649999973, 60.633024209000041 ], [ -151.085538946999975, 60.633005836000052 ], [ -151.085559255999982, 60.63298259100003 ], [ -151.085501849999957, 60.632945844000062 ], [ -151.085516629999972, 60.632916563000038 ], [ -151.085585685999973, 60.632891403000031 ], [ -151.085611255999964, 60.63287715000007 ], [ -151.085602594999983, 60.632838487000072 ], [ -151.085539128999983, 60.632801610000058 ], [ -151.085503832999962, 60.632789015000071 ], [ -151.085402409999972, 60.632769085000064 ], [ -151.08535552799998, 60.632750323000039 ], [ -151.085353991999966, 60.632699973000058 ], [ -151.085355853999971, 60.632679293000081 ], [ -151.085352987999983, 60.63264371300005 ], [ -151.085291456999983, 60.632625820000044 ], [ -151.085269479999965, 60.632627127000035 ], [ -151.085214407999956, 60.632631867000043 ], [ -151.085192030999963, 60.63261066900003 ], [ -151.085177310999967, 60.632571877000032 ], [ -151.085149673999979, 60.632541687000071 ], [ -151.085101991999977, 60.632531786000072 ], [ -151.085073023999968, 60.632516366000061 ], [ -151.085008226999975, 60.632494260000044 ], [ -151.084991910999975, 60.632473192000077 ], [ -151.084994838999961, 60.63244069700005 ], [ -151.084985911999979, 60.632404987000029 ], [ -151.084958540999963, 60.632371843000044 ], [ -151.084941958999963, 60.632353729000044 ], [ -151.08498837099998, 60.632310326000038 ], [ -151.085007880999967, 60.632295943000031 ], [ -151.08502186299998, 60.632275524000079 ], [ -151.085025854999969, 60.632231212000079 ], [ -151.085046429999977, 60.632205014000078 ], [ -151.08507279899996, 60.632181900000035 ], [ -151.085081254999977, 60.632155442000055 ], [ -151.085083650999962, 60.632128855000076 ], [ -151.085072594999957, 60.632116779000057 ], [ -151.085049153999961, 60.632107398000073 ], [ -151.085002004999978, 60.632091589000083 ], [ -151.084956187999978, 60.632061010000029 ], [ -151.084909573999965, 60.632039291000069 ], [ -151.084869548999961, 60.632011797000075 ], [ -151.084822134999968, 60.631998942000052 ], [ -151.084766798999965, 60.632006636000028 ], [ -151.084699342999983, 60.632014072000061 ], [ -151.08463847799996, 60.632015729000045 ], [ -151.084617698999978, 60.631976806000068 ], [ -151.084620893999983, 60.631941355000038 ], [ -151.084647527999977, 60.631915288000073 ], [ -151.084692607999983, 60.631886655000073 ], [ -151.084774579999959, 60.631852891000051 ], [ -151.084823325999963, 60.631850976000067 ], [ -151.08484230199997, 60.63184250300003 ], [ -151.084843898999964, 60.631824778000066 ], [ -151.08482178899996, 60.631800626000029 ], [ -151.084804941999977, 60.631785465000064 ], [ -151.084807335999983, 60.631758878000028 ], [ -151.084810263999969, 60.631726382000068 ], [ -151.084770241999962, 60.631698886000038 ], [ -151.084742338999973, 60.631671651000033 ], [ -151.084702316999966, 60.63164415500006 ], [ -151.084703381999958, 60.631632338000031 ], [ -151.084787684999981, 60.631640064000067 ], [ -151.084824309999959, 60.631637888000057 ], [ -151.084843554999964, 60.631626461000053 ], [ -151.084840953999958, 60.631587927000055 ], [ -151.084837023999967, 60.631564164000054 ], [ -151.084779354999966, 60.631530370000064 ], [ -151.084736670999973, 60.631532417000074 ], [ -151.084670012999965, 60.631530989000055 ], [ -151.084616273999984, 60.631520959000056 ], [ -151.084557273999962, 60.631501936000063 ], [ -151.084474301999961, 60.631479440000078 ], [ -151.084407109999972, 60.631483922000029 ], [ -151.08433992199997, 60.631488402000059 ], [ -151.084267472999983, 60.631483891000073 ], [ -151.084213998999957, 60.631470906000061 ], [ -151.084185296999976, 60.631452532000083 ], [ -151.084138682999964, 60.631430815000044 ], [ -151.084065966999958, 60.631429258000082 ], [ -151.08401669099996, 60.631437082000048 ], [ -151.083968479999982, 60.631433089000041 ], [ -151.083925847999978, 60.631415230000073 ], [ -151.083904649999965, 60.631385697000042 ], [ -151.08384048299996, 60.631370114000049 ], [ -151.083755459999963, 60.631343431000062 ], [ -151.08366124799997, 60.631337861000077 ], [ -151.08358125999996, 60.631336148000059 ], [ -151.083522768999984, 60.631338447000076 ], [ -151.083450690999967, 60.631329799000071 ], [ -151.083431431999969, 60.631300972000076 ], [ -151.08341185499998, 60.631275689000063 ], [ -151.083394511999984, 60.631225592000078 ], [ -151.083377491999983, 60.631171951000056 ], [ -151.083328507999965, 60.631149590000064 ], [ -151.083271932999963, 60.631130618000043 ], [ -151.083229900999982, 60.631111959000066 ], [ -151.083217275999971, 60.631090378000067 ], [ -151.083264100999969, 60.631055862000039 ], [ -151.083296381999958, 60.63102103600005 ], [ -151.083321392999977, 60.630986054000061 ], [ -151.083326504999974, 60.630929334000029 ], [ -151.083262340999966, 60.630913753000073 ], [ -151.083198494999976, 60.630894626000043 ], [ -151.083114751999972, 60.630853761000083 ], [ -151.083110035999965, 60.63082524500004 ], [ -151.083107877999964, 60.630768370000055 ], [ -151.083096531999956, 60.630732609000063 ], [ -151.083101644999971, 60.630675890000077 ], [ -151.083098207999967, 60.63063319400004 ], [ -151.083081506999974, 60.630576008000048 ], [ -151.083013266999984, 60.630524819000073 ], [ -151.082933280999981, 60.630523106000055 ], [ -151.082802713999968, 60.630516757000066 ], [ -151.082710742999978, 60.630486370000028 ], [ -151.082626680999965, 60.630449052000074 ], [ -151.082585610999956, 60.630419757000027 ], [ -151.082573623999963, 60.630391086000031 ], [ -151.082554047999963, 60.630365803000075 ], [ -151.082489244999977, 60.630357311000068 ], [ -151.082433309999971, 60.63033125000004 ], [ -151.082378016999968, 60.630298099000072 ], [ -151.082313531999972, 60.630286061000049 ], [ -151.082228512999961, 60.630259376000083 ], [ -151.082171621999976, 60.630243949000032 ], [ -151.08213686199997, 60.630225444000075 ], [ -151.082124227999969, 60.630223322000063 ], [ -151.082100280999981, 60.630197109000051 ], [ -151.081982032999974, 60.630141418000051 ], [ -151.081961791999959, 60.630147105000049 ], [ -151.081903301999972, 60.630149402000029 ], [ -151.081816045999972, 60.63014753200008 ], [ -151.081721517999966, 60.63014550500003 ], [ -151.08165703399996, 60.630133467000064 ], [ -151.081630826999969, 60.630100939000044 ], [ -151.081626431999979, 60.630068879000078 ], [ -151.081585362999959, 60.630039584000031 ], [ -151.081557876999966, 60.630021235000072 ], [ -151.081524717999969, 60.629985007000073 ], [ -151.081499468999965, 60.62994184300004 ], [ -151.081392637999983, 60.629914691000067 ], [ -151.081328794999962, 60.629895563000048 ], [ -151.081280774999982, 60.629862566000043 ], [ -151.081233391999973, 60.629822481000076 ], [ -151.081179058999965, 60.629778693000048 ], [ -151.081159483999983, 60.629753411000081 ], [ -151.081156049999976, 60.629710716000034 ], [ -151.081158287999983, 60.629685902000062 ], [ -151.081116900999973, 60.629660151000053 ], [ -151.081016701999971, 60.62964024300004 ], [ -151.080966442999966, 60.629632062000042 ], [ -151.080927207999963, 60.629663187000062 ], [ -151.08089620399997, 60.629683834000048 ], [ -151.08083483599998, 60.629718035000053 ], [ -151.080769074999978, 60.629720178000071 ], [ -151.080708430999977, 60.629665599000077 ], [ -151.080689495999962, 60.629633228000046 ], [ -151.080588336999966, 60.629623954000067 ], [ -151.080521296999962, 60.629640276000032 ], [ -151.080412548999959, 60.629634391000081 ], [ -151.080311070999983, 60.629628663000062 ], [ -151.080223496999963, 60.629630336000048 ], [ -151.080134322999982, 60.629649735000044 ], [ -151.08003220599997, 60.629651095000042 ], [ -151.079960772999982, 60.629635357000041 ], [ -151.079881108999984, 60.629630097000074 ], [ -151.079842832999958, 60.629650586000082 ], [ -151.079770440999965, 60.629645481000068 ], [ -151.079727773999963, 60.629633910000052 ], [ -151.079655380999981, 60.629628806000028 ], [ -151.079583628999984, 60.629616611000074 ], [ -151.079511555999972, 60.629607961000033 ], [ -151.079469529999983, 60.629589301000067 ], [ -151.079441404999983, 60.629578042000048 ], [ -151.079354148999982, 60.629576170000064 ], [ -151.079326662999961, 60.629557820000059 ], [ -151.079299498999973, 60.629535927000063 ], [ -151.079258752999976, 60.629503086000057 ], [ -151.079238538999959, 60.629484894000029 ], [ -151.07922008099996, 60.629481447000046 ], [ -151.079040218999978, 60.629487049000033 ], [ -151.078985966999966, 60.629458163000038 ], [ -151.078922765999977, 60.629431944000032 ], [ -151.078873148999975, 60.629416673000037 ], [ -151.078816258999979, 60.629401244000064 ], [ -151.078810267999984, 60.629386909000061 ], [ -151.078798606999982, 60.629354692000049 ], [ -151.078778711999973, 60.629332954000063 ], [ -151.078707281999982, 60.629317213000036 ], [ -151.078677556999963, 60.629323680000027 ], [ -151.078649117999959, 60.629328194000038 ], [ -151.078591903999978, 60.629304082000033 ] ] ] } },
{ "type": "Feature", "properties": { "OBJECTID": 27730, "ID": 75004400010276.0, "Shape_Length": 0.012402525907167353 }, "geometry": { "type": "MultiLineString", "coordinates": [ [ [ -148.824256577999961, 60.786780123000028 ], [ -148.824414701999956, 60.784591240000054 ], [ -148.824821050999958, 60.783919343000036 ], [ -148.825615383999974, 60.783237604000078 ], [ -148.826588919999978, 60.782657559000029 ], [ -148.82778268399997, 60.782228215000032 ], [ -148.829069828999963, 60.781826124000077 ], [ -148.829784237999974, 60.781706506000035 ], [ -148.833684413999976, 60.781615106000061 ] ] ] } },
{ "type": "Feature", "properties": { "OBJECTID": 28458, "ID": 75004400010393.0, "Shape_Length": 0.0012469837444524347 }, "geometry": { "type": "MultiLineString", "coordinates": [ [ [ -151.126612177999959, 60.482350630000042 ], [ -151.125415465999964, 60.482701128000031 ] ] ] } },
{ "type": "Feature", "properties": { "OBJECTID": 28596, "ID": 75004400004457.0, "Shape_Length": 0.048862679936446107 }, "geometry": { "type": "MultiLineString", "coordinates": [ [ [ -150.040618077999966, 60.811078171000077 ], [ -150.040852610999963, 60.811540706000073 ], [ -150.040998477999977, 60.811959771000033 ], [ -150.041262811999957, 60.812335572000052 ], [ -150.041349409999981, 60.812826772000051 ], [ -150.041496077999966, 60.813029306000033 ], [ -150.041761411999971, 60.813260572000047 ], [ -150.042292478999968, 60.81347790600006 ], [ -150.042764612999974, 60.813738372000046 ], [ -150.043589409999981, 60.814461506000043 ], [ -150.04417921199996, 60.814837706000048 ], [ -150.044799411999975, 60.814997306000066 ], [ -150.045301277999982, 60.815185572000075 ], [ -150.045537077999967, 60.815388106000057 ], [ -150.045593877999977, 60.815893772000038 ], [ -150.045681874999957, 60.816067107000038 ], [ -150.046006411999969, 60.816269772000055 ], [ -150.046626877999984, 60.816357106000055 ], [ -150.046951677999971, 60.81648737200004 ], [ -150.047245677999967, 60.81693550600005 ], [ -150.047539810999979, 60.817239107000034 ], [ -150.047805609999983, 60.81736937200003 ], [ -150.048337278999981, 60.817543171000068 ], [ -150.048543410999969, 60.817731306000042 ], [ -150.048511277999978, 60.81829457200007 ], [ -150.048451211999975, 60.81849677200006 ], [ -150.047887609999975, 60.818886172000077 ], [ -150.047619075999961, 60.819420506000029 ], [ -150.047144877999983, 60.819665572000076 ], [ -150.04699641199997, 60.819780972000046 ], [ -150.047024877999974, 60.819997572000034 ], [ -150.047201677999965, 60.820156706000034 ], [ -150.047970077999963, 60.820330772000034 ], [ -150.049476075999962, 60.820939106000083 ], [ -150.04997721099997, 60.821315172000027 ], [ -150.050301874999974, 60.82145990600003 ], [ -150.050745411999969, 60.821518106000042 ], [ -150.051869409999966, 60.821548105000034 ], [ -150.052785411999963, 60.821736771000076 ], [ -150.054440810999978, 60.822027372000036 ], [ -150.05514987799998, 60.82221577100006 ], [ -150.055770011999982, 60.822476506000044 ], [ -150.056154010999961, 60.822606772000029 ], [ -150.056863810999971, 60.822650906000035 ], [ -150.05757361199997, 60.822651506000057 ], [ -150.058135410999967, 60.822738706000052 ], [ -150.058638075999966, 60.822782506000067 ], [ -150.05908181099997, 60.822782906000043 ], [ -150.059910275999982, 60.822711505000029 ], [ -150.060828211999961, 60.822509972000034 ], [ -150.061805410999966, 60.822236506000081 ], [ -150.062308677999965, 60.822121371000037 ], [ -150.063403477999969, 60.822079106000047 ], [ -150.063669810999983, 60.822050372000035 ], [ -150.064202611999974, 60.821920906000059 ], [ -150.064973409999965, 60.821502572000043 ], [ -150.065677688999983, 60.821407238000063 ], [ -150.06608096399998, 60.821489920000033 ], [ -150.066498190999965, 60.821596701000033 ], [ -150.066945309999966, 60.821619029000033 ], [ -150.067503747999979, 60.821530806000055 ], [ -150.068042692999967, 60.821442021000053 ], [ -150.068556367999975, 60.821399904000032 ], [ -150.069228128999981, 60.821504508000032 ], [ -150.069811539999961, 60.821691882000039 ], [ -150.070540490999974, 60.821968740000045 ], [ -150.071016209999982, 60.822077186000058 ], [ -150.071318824999963, 60.822161702000074 ], [ -150.071499879999976, 60.822280645000035 ], [ -150.07168555399997, 60.82236180600006 ], [ -150.072185389999959, 60.822433023000031 ], [ -150.072461722999975, 60.822412516000043 ], [ -150.072685226999965, 60.822504239000068 ], [ -150.072687409999958, 60.822646484000074 ], [ -150.072857058999972, 60.822698746000071 ], [ -150.073179174999979, 60.822783818000062 ], [ -150.07344051299998, 60.822886104000077 ], [ -150.07368582099997, 60.822959493000042 ], [ -150.073950621999984, 60.823033440000074 ], [ -150.074202855999971, 60.823050154000043 ], [ -150.074353017999982, 60.823101854000072 ], [ -150.074276383999972, 60.82332372500008 ], [ -150.074418176999984, 60.823369131000049 ], [ -150.074959322999973, 60.823422565000044 ], [ -150.075077311999962, 60.82357760900004 ], [ -150.075040520999977, 60.823718737000036 ], [ -150.075127597999966, 60.823806543000046 ], [ -150.075572449999981, 60.823847734000083 ], [ -150.075896891999975, 60.823913909000055 ], [ -150.076014884999978, 60.824068952000061 ], [ -150.076205192999964, 60.824112323000065 ], [ -150.07655143599996, 60.824160163000045 ], [ -150.076721097999979, 60.824212419000048 ], [ -150.07672906199997, 60.824307437000073 ], [ -150.076914760999983, 60.82438858900008 ], [ -150.077119951999975, 60.82447030000003 ], [ -150.077169206999969, 60.824547542000062 ], [ -150.07717129599996, 60.824547794000068 ], [ -150.077504276999974, 60.824719972000082 ], [ -150.078656410999969, 60.825154306000059 ], [ -150.078833408999969, 60.825298906000057 ], [ -150.078980679999972, 60.825515572000029 ], [ -150.079383375999981, 60.825831330000028 ] ] ] } },
{ "type": "Feature", "properties": { "OBJECTID": 29635, "ID": 75004400004546.0, "Shape_Length": 0.036138949370342094 }, "geometry": { "type": "MultiLineString", "coordinates": [ [ [ -150.917644134999961, 60.700336889000027 ], [ -150.91764020399998, 60.700378052000076 ], [ -150.917623479999975, 60.700388867000072 ], [ -150.917570844999972, 60.700430305000054 ], [ -150.917502956999982, 60.700478502000067 ], [ -150.917448062999966, 60.700543569000047 ], [ -150.917376790999981, 60.700627212000029 ], [ -150.917329356999971, 60.700716129000057 ], [ -150.917278648999968, 60.700818519000052 ], [ -150.917201824999978, 60.700890509000033 ], [ -150.917099731999969, 60.701143961000071 ], [ -150.917121443999974, 60.701324430000057 ], [ -150.917318270999971, 60.70160831700008 ], [ -150.917509898999981, 60.701844723000079 ], [ -150.917625610999977, 60.70206046900006 ], [ -150.917617726999964, 60.702245007000045 ], [ -150.917530099999965, 60.702550884000061 ], [ -150.917267346999978, 60.702753342000051 ], [ -150.917033287999971, 60.702961185000049 ], [ -150.916764875999974, 60.703120889000047 ], [ -150.916622316999963, 60.703288172000043 ], [ -150.916620747999957, 60.703406544000075 ], [ -150.916651032999965, 60.703497217000063 ], [ -150.91671476999997, 60.703645483000059 ], [ -150.916785274999967, 60.70372285600007 ], [ -150.916960853999967, 60.703821548000064 ], [ -150.917220720999978, 60.703955301000065 ], [ -150.917434263999979, 60.704064323000068 ], [ -150.917604643999965, 60.704115535000028 ], [ -150.917798968999961, 60.704119925000043 ], [ -150.917935898999957, 60.704113545000041 ], [ -150.918183556999963, 60.704171239000061 ], [ -150.918285472999969, 60.704225639000072 ], [ -150.918352375999973, 60.704340821000073 ], [ -150.918356469999964, 60.70450194600005 ], [ -150.918346542999984, 60.704605920000063 ], [ -150.918337970999971, 60.704695715000071 ], [ -150.918356742999975, 60.704805073000045 ], [ -150.91832467499998, 60.704936964000069 ], [ -150.918253741999962, 60.705067978000045 ], [ -150.918257381999979, 60.705233829000065 ], [ -150.918323835999956, 60.705353736000063 ], [ -150.918459449999972, 60.705565195000077 ], [ -150.918479365999957, 60.705764567000074 ], [ -150.918403468999969, 60.705947568000056 ], [ -150.918318305999975, 60.706125621000069 ], [ -150.918359912999961, 60.706301804000077 ], [ -150.918518573999961, 60.706475892000071 ], [ -150.918771248999974, 60.70668525800005 ], [ -150.918812857999967, 60.706861439000079 ], [ -150.918764306999975, 60.707064002000038 ], [ -150.918682751999967, 60.707204248000039 ], [ -150.918672374999971, 60.707312947000048 ], [ -150.918675116999964, 60.707488251000029 ], [ -150.918693848999965, 60.707508223000048 ], [ -150.918831286999961, 60.707586503000073 ], [ -150.919082618999965, 60.707810045000031 ], [ -150.919111355999974, 60.70801909000005 ], [ -150.919026191999961, 60.708197144000053 ], [ -150.918860334999977, 60.708302334000052 ], [ -150.918688367999977, 60.708369494000067 ], [ -150.918548713999968, 60.708404231000031 ], [ -150.918481595999964, 60.708409535000044 ], [ -150.918280924999976, 60.708455018000052 ], [ -150.918184439999976, 60.708547564000071 ], [ -150.91819124099996, 60.708680333000075 ], [ -150.918268320999971, 60.708791008000048 ], [ -150.918478981999982, 60.709032579000052 ], [ -150.918411442999968, 60.709229976000074 ], [ -150.91824693099997, 60.70932098600008 ], [ -150.918086029999984, 60.709374187000037 ], [ -150.917755412999981, 60.709470918000079 ], [ -150.91752308599996, 60.709456196000076 ], [ -150.917337093999976, 60.70946620400008 ], [ -150.917124439999981, 60.709551389000069 ], [ -150.916992239999956, 60.709609973000056 ], [ -150.916829077999978, 60.709686804000057 ], [ -150.916806048999973, 60.709702022000045 ], [ -150.916788398999984, 60.709704830000078 ], [ -150.916527152999976, 60.709788916000036 ], [ -150.916245567999965, 60.709882014000073 ], [ -150.916002400999957, 60.709980717000064 ], [ -150.915984103999961, 60.710070292000069 ], [ -150.915985022999962, 60.71026450100004 ], [ -150.916043566999974, 60.71036528500008 ], [ -150.916272972999963, 60.710512557000072 ], [ -150.916591432999979, 60.710747094000055 ], [ -150.916671457999968, 60.710928881000029 ], [ -150.916609321999971, 60.71106956400007 ], [ -150.916418134999958, 60.711235750000071 ], [ -150.91628796599997, 60.711374897000042 ], [ -150.915806357999969, 60.711624508000057 ], [ -150.915571541999981, 60.711737608000078 ], [ -150.915376950999956, 60.711837407000075 ], [ -150.915330395999973, 60.711937525000053 ], [ -150.915310289999979, 60.712025352000069 ], [ -150.915367024999966, 60.712145040000053 ], [ -150.915603449999963, 60.712320889000068 ], [ -150.915721443999956, 60.712513007000041 ], [ -150.915581097999961, 60.712656659000061 ], [ -150.915420409999967, 60.71280932500008 ], [ -150.915420640999969, 60.712908791000075 ], [ -150.91541816299997, 60.713036614000032 ], [ -150.915349911999982, 60.713139269000067 ], [ -150.91515079399997, 60.713286330000074 ], [ -150.91508299299997, 60.713384259000065 ], [ -150.915024005999982, 60.713491859000044 ], [ -150.915091818999969, 60.713597590000063 ], [ -150.915220889999972, 60.713775750000082 ], [ -150.915361939999968, 60.713930498000082 ], [ -150.915470890999984, 60.714013478000027 ], [ -150.915685398999983, 60.714113051000027 ], [ -150.915821249999965, 60.714220318000059 ], [ -150.915902634999981, 60.714387928000065 ], [ -150.915911231999956, 60.714501792000078 ], [ -150.91551186199996, 60.714909559000034 ], [ -150.915417157999968, 60.714983197000038 ], [ -150.915208530999962, 60.715025845000071 ], [ -150.914999449999982, 60.715073219000033 ], [ -150.914733638999962, 60.715204562000054 ], [ -150.914608869999967, 60.715286993000063 ], [ -150.914569317999963, 60.715395034000039 ], [ -150.914397986999973, 60.715556931000037 ], [ -150.914077464999963, 60.715649145000043 ], [ -150.913800340999984, 60.715694978000045 ], [ -150.913469645999982, 60.715791698000032 ], [ -150.913232075999957, 60.715933150000069 ], [ -150.913107525999976, 60.716115048000063 ], [ -150.913071356999978, 60.716289472000028 ], [ -150.913014619999984, 60.716373442000076 ], [ -150.91279829399997, 60.716496429000074 ], [ -150.91265633499998, 60.716554789000043 ], [ -150.912416724999957, 60.716615678000039 ], [ -150.912244700999963, 60.716682830000082 ], [ -150.91213280599996, 60.716732396000054 ], [ -150.912044192999957, 60.716844062000064 ], [ -150.911912855999958, 60.716893190000064 ], [ -150.91180141199996, 60.71693803200003 ], [ -150.911623956999961, 60.717061896000075 ], [ -150.911427513999968, 60.71718059400007 ], [ -150.911179079999982, 60.717231808000065 ], [ -150.911042093999981, 60.717238181000027 ], [ -150.910736244999981, 60.717278621000048 ], [ -150.910357373999972, 60.717369508000047 ], [ -150.910059647999958, 60.717528538000067 ], [ -150.90976982799998, 60.717706691000046 ], [ -150.909431642999976, 60.717779552000081 ], [ -150.909022243999971, 60.717883952000079 ], [ -150.908568980999974, 60.718039457000032 ], [ -150.908202500999977, 60.718305861000033 ], [ -150.907851380999972, 60.718615238000041 ], [ -150.90739377899996, 60.71891746700004 ], [ -150.907306707999965, 60.719114418000061 ], [ -150.90727977399996, 60.719293787000083 ], [ -150.907262105999962, 60.719478103000029 ], [ -150.907247155999983, 60.719634062000068 ], [ -150.907242378999968, 60.719785515000069 ], [ -150.907211366999974, 60.720007417000033 ], [ -150.907148470999971, 60.720257016000062 ], [ -150.907057564999974, 60.720392309000033 ], [ -150.906867630999983, 60.720544303000054 ], [ -150.906710939999982, 60.720654424000031 ], [ -150.906648988999962, 60.72069091000003 ], [ -150.906549056999978, 60.720717063000052 ], [ -150.906448674999979, 60.72074794200006 ], [ -150.90640525699996, 60.720794322000074 ], [ -150.906401631999984, 60.720832130000076 ], [ -150.906404102999971, 60.720907966000027 ], [ -150.906320441999981, 60.720967642000062 ], [ -150.906152461999966, 60.720992254000066 ], [ -150.906090961999979, 60.721024013000033 ], [ -150.905942874999965, 60.72104433800007 ], [ -150.905886813999984, 60.72101938600008 ], [ -150.905821031999977, 60.72099421300004 ], [ -150.905653503999957, 60.721014097000079 ], [ -150.905570748999963, 60.721064321000028 ], [ -150.905529596999969, 60.721087069000077 ], [ -150.905419489999957, 60.721117728000081 ], [ -150.905262135999976, 60.721133106000082 ], [ -150.905192725999967, 60.721145741000043 ], [ -150.905027463999971, 60.72114199400005 ], [ -150.90496324199998, 60.721202109000046 ], [ -150.904969789999967, 60.721235412000055 ], [ -150.904879123999962, 60.721266511000067 ], [ -150.904808353999982, 60.721293323000054 ], [ -150.904662534999972, 60.721290017000058 ], [ -150.904573227999975, 60.721306938000055 ], [ -150.904542250999981, 60.721325180000065 ], [ -150.90446402699996, 60.721328143000051 ], [ -150.904367266999969, 60.721321212000078 ], [ -150.904258970999962, 60.721332965000045 ], [ -150.904206736999981, 60.721369671000048 ], [ -150.904166857999968, 60.721383194000055 ], [ -150.903882454999973, 60.721435968000037 ] ] ] } },
{ "type": "Feature", "properties": { "OBJECTID": 29809, "ID": 75004400011766.0, "Shape_Length": 0.0093922503961563035 }, "geometry": { "type": "MultiLineString", "coordinates": [ [ [ -148.818162137999963, 60.775108720000048 ], [ -148.825800678999968, 60.778642172000048 ], [ -148.826603612999975, 60.779197106000083 ] ] ] } },
{ "type": "Feature", "properties": { "OBJECTID": 29810, "ID": 75004400011767.0, "Shape_Length": 0.018064225893964968 }, "geometry": { "type": "MultiLineString", "coordinates": [ [ [ -148.808551632999979, 60.778734685000074 ], [ -148.810402671999981, 60.778683922000027 ], [ -148.814921612999967, 60.778677603000062 ], [ -148.826603612999975, 60.779197106000083 ] ] ] } },
{ "type": "Feature", "properties": { "OBJECTID": 30264, "ID": 75004400007388.0, "Shape_Length": 0.11643832242863177 }, "geometry": { "type": "MultiLineString", "coordinates": [ [ [ -150.994124496999973, 60.649935657000071 ], [ -150.99448654699998, 60.649668860000077 ], [ -150.99458524299996, 60.649539565000055 ], [ -150.994706507999979, 60.64949848100008 ], [ -150.994869620999964, 60.649416831000053 ], [ -150.99487840599997, 60.649322304000066 ], [ -150.994908785999968, 60.649204574000066 ], [ -150.994971821999968, 60.649153868000042 ], [ -150.995100119999961, 60.649133018000043 ], [ -150.995259716999982, 60.649089179000043 ], [ -150.995375202999981, 60.648997006000059 ], [ -150.995520666999965, 60.648896023000077 ], [ -150.995768879999957, 60.648839929000076 ], [ -150.996080164999967, 60.648837323000066 ], [ -150.996302390999972, 60.648851695000076 ], [ -150.996446379999981, 60.648915007000028 ], [ -150.99649643799998, 60.648960166000052 ], [ -150.996558191999981, 60.649027833000048 ], [ -150.996618192999961, 60.649114404000045 ], [ -150.996720065999966, 60.649168746000043 ], [ -150.996853237999971, 60.649200099000041 ], [ -150.996989478999978, 60.649198367000054 ], [ -150.99737920299998, 60.649083821000033 ], [ -150.997543183999966, 60.648992716000066 ], [ -150.997559026999966, 60.648926761000041 ], [ -150.997725687999974, 60.648911490000046 ], [ -150.997820933999975, 60.648932534000039 ], [ -150.997834629999971, 60.648994405000053 ], [ -150.997846569999979, 60.649075180000068 ], [ -150.997930362999966, 60.649114915000041 ], [ -150.998033507999963, 60.649050884000076 ], [ -150.998120324999974, 60.648953341000038 ], [ -150.998234484999983, 60.648875345000079 ], [ -150.998240189999962, 60.648813903000075 ], [ -150.998218547999983, 60.64873291300006 ], [ -150.998231319999974, 60.64870004200003 ], [ -150.998349475999959, 60.648683703000074 ], [ -150.998397098999959, 60.648694224000053 ], [ -150.998433705999958, 60.648718710000082 ], [ -150.998508674999982, 60.648748779000073 ], [ -150.998584960999978, 60.648764668000069 ], [ -150.998722078999975, 60.648753482000075 ], [ -150.998811573999973, 60.648731773000065 ], [ -150.998922663999963, 60.648686860000055 ], [ -150.999072112999983, 60.648647529000073 ], [ -150.999218052999964, 60.648646009000061 ], [ -150.999304038999981, 60.648662111000078 ], [ -150.999359169999963, 60.648696478000033 ], [ -150.999376816999984, 60.648715810000056 ], [ -150.999455293999972, 60.64870806700003 ], [ -150.999574326999976, 60.648682274000066 ], [ -150.999806692999982, 60.64869212800005 ], [ -150.99995000399997, 60.648718964000068 ], [ -151.000025412999975, 60.648744305000037 ], [ -151.000121975999974, 60.648751168000047 ], [ -151.000239692999969, 60.648739553000041 ], [ -151.000327432999967, 60.648736749000079 ], [ -151.000360917999984, 60.648690127000066 ], [ -151.000535520999961, 60.648693971000057 ], [ -151.00064090799998, 60.64871050000005 ], [ -151.000725578999976, 60.648740781000072 ], [ -151.000791727999967, 60.648761181000054 ], [ -151.000864888999956, 60.648705960000029 ], [ -151.000986549999965, 60.648651807000078 ], [ -151.001083551999983, 60.648653943000056 ], [ -151.001210092999969, 60.648651992000055 ], [ -151.001365733999961, 60.648650684000074 ], [ -151.001493150999977, 60.648639280000054 ], [ -151.001650543999972, 60.648619065000048 ], [ -151.001781027999982, 60.64857457800008 ], [ -151.001825525999976, 60.648513989000037 ], [ -151.001832099999973, 60.648443093000083 ], [ -151.001806504999962, 60.64840464200006 ], [ -151.001750933999972, 60.648375003000069 ], [ -151.001685223999971, 60.648349876000054 ], [ -151.00163803999996, 60.648334630000079 ], [ -151.001661820999971, 60.648287793000065 ], [ -151.001722212999965, 60.648265442000081 ], [ -151.001840803999983, 60.648244374000058 ], [ -151.001929856999965, 60.648227389000056 ], [ -151.002066972999984, 60.648216200000036 ], [ -151.002174985999972, 60.648204368000052 ], [ -151.00237468399996, 60.648147195000035 ], [ -151.002444774999958, 60.648125058000062 ], [ -151.00259158999998, 60.648114082000063 ], [ -151.00267888999997, 60.648116003000041 ], [ -151.002675822999976, 60.648149087000036 ], [ -151.00264058999997, 60.648214615000029 ], [ -151.002598721999959, 60.648246846000063 ], [ -151.002586392999973, 60.648274991000051 ], [ -151.002583764999969, 60.648303350000049 ], [ -151.00250353499996, 60.64833 ], [ -151.002418925999962, 60.648403914000028 ], [ -151.002436134999982, 60.648427973000082 ], [ -151.002533135999983, 60.648430107000081 ], [ -151.002660114999969, 60.648423430000037 ], [ -151.002728451999957, 60.648420198000053 ], [ -151.002883653999959, 60.648423612000045 ], [ -151.002961254999974, 60.648425319000069 ], [ -151.00304767999998, 60.648436694000054 ], [ -151.003162328999963, 60.648458160000075 ], [ -151.003216149999957, 60.648506705000045 ], [ -151.003213521999982, 60.648535062000064 ], [ -151.003182669999973, 60.648553328000048 ], [ -151.003102876999975, 60.648575252000057 ], [ -151.003070271999974, 60.648612424000078 ], [ -151.003129850999983, 60.648703718000036 ], [ -151.003241434999978, 60.648758268000051 ], [ -151.003294818999962, 60.648811539000064 ], [ -151.003390506999978, 60.648827852000068 ], [ -151.003513981999959, 60.648858985000061 ], [ -151.003470800999963, 60.648905394000053 ], [ -151.003409533999957, 60.648937199000045 ], [ -151.003405591999979, 60.648979736000058 ], [ -151.003501280999984, 60.648996050000051 ], [ -151.003634455999958, 60.649027394000029 ], [ -151.003757932999974, 60.649058527000079 ], [ -151.003804681999981, 60.64907850000003 ], [ -151.003899495999974, 60.649104265000062 ], [ -151.003964332999971, 60.64913884300006 ], [ -151.004006702999959, 60.649206080000056 ], [ -151.004040688999964, 60.649258923000048 ], [ -151.004098014999983, 60.649269655000069 ], [ -151.004176931999979, 60.649257183000032 ], [ -151.004360799999972, 60.649265963000062 ], [ -151.004388149999983, 60.649285509000038 ], [ -151.004374071999962, 60.649332560000062 ], [ -151.004370385999977, 60.649335560000054 ], [ -151.004392706999965, 60.649334615000043 ], [ -151.004369254999972, 60.649384550000036 ], [ -151.004366627999957, 60.649412907000055 ], [ -151.004374138999964, 60.649436752000042 ], [ -151.00439047499998, 60.649470263000069 ], [ -151.004438100999977, 60.649480784000048 ], [ -151.004523215999967, 60.649506335000069 ], [ -151.004620220999982, 60.649508468000079 ], [ -151.004697824999965, 60.649510175000046 ], [ -151.004737063999983, 60.649506302000077 ], [ -151.004786879999983, 60.649493189000054 ], [ -151.004907224999982, 60.649453211000036 ], [ -151.005034643999977, 60.649441805000038 ], [ -151.005168259999976, 60.64946842300003 ], [ -151.005254250999968, 60.649484523000069 ], [ -151.005341992999973, 60.649481715000036 ], [ -151.005391371999963, 60.649473328000056 ], [ -151.005434985999983, 60.649422191000042 ], [ -151.005557518999979, 60.649358582000048 ], [ -151.005653209999963, 60.649374893000072 ], [ -151.005719800999969, 60.649390565000033 ], [ -151.005815492999972, 60.649406877000047 ], [ -151.005902795999958, 60.649408795000056 ], [ -151.005980398999981, 60.64941050200008 ], [ -151.006066826999984, 60.649421873000051 ], [ -151.006137793999983, 60.64939028100008 ], [ -151.006171707999982, 60.649338931000045 ], [ -151.00619548399996, 60.649292093000042 ], [ -151.006323339999966, 60.649275959000079 ], [ -151.006400068999966, 60.649287118000075 ], [ -151.006484308999973, 60.649322120000079 ], [ -151.006538573999961, 60.649365938000074 ], [ -151.006582262999984, 60.64941899300004 ], [ -151.006618001999982, 60.649452931000042 ], [ -151.006647102999978, 60.649453570000048 ], [ -151.006689404999975, 60.649416612000039 ], [ -151.006722006999979, 60.649379440000075 ], [ -151.006762994999974, 60.64935666100007 ], [ -151.006823821999973, 60.649329582000064 ], [ -151.006923014999984, 60.649308082000061 ], [ -151.007038543999982, 60.649320092000039 ], [ -151.00708660899997, 60.649325884000064 ], [ -151.007171725999967, 60.649351434000039 ], [ -151.007187188999978, 60.649394399000073 ], [ -151.007155462999975, 60.649422117000029 ], [ -151.00716341499998, 60.64944123500004 ], [ -151.007259980999976, 60.649448093000046 ], [ -151.007386084999979, 60.649450864000073 ], [ -151.007482215999971, 60.649462448000065 ], [ -151.007539543999968, 60.64947318000003 ], [ -151.00761714799998, 60.649474885000075 ], [ -151.007676225999973, 60.64946671000007 ], [ -151.007734427999964, 60.649467989000073 ], [ -151.007763528999959, 60.649468628000079 ], [ -151.007768777999956, 60.649411911000072 ], [ -151.00770830899998, 60.649330071000065 ], [ -151.007672130999964, 60.649300861000029 ], [ -151.007608603999984, 60.649252106000063 ], [ -151.007563599999969, 60.649213229000054 ], [ -151.007509771999963, 60.649164687000052 ], [ -151.007494307999963, 60.649121724000054 ], [ -151.007553384999966, 60.649113549000049 ], [ -151.007661399999961, 60.649101714000039 ], [ -151.007806031999962, 60.649114363000081 ], [ -151.007871746999967, 60.64913948700007 ], [ -151.007971374999983, 60.649113259000046 ], [ -151.008170112999977, 60.64896133700006 ], [ -151.008239763999967, 60.648943924000037 ], [ -151.00837067599997, 60.648894703000053 ], [ -151.008540391999958, 60.648846334000041 ], [ -151.008687643999963, 60.648830625000073 ], [ -151.008783334999976, 60.648846934000062 ], [ -151.008857439999957, 60.648886450000077 ], [ -151.008894928999979, 60.648901481000053 ], [ -151.008976465999979, 60.648860648000039 ], [ -151.009010812999975, 60.648804569000049 ], [ -151.00912852899998, 60.648792945000082 ], [ -151.009203944999967, 60.648818282000036 ], [ -151.009305838999978, 60.648872615000073 ], [ -151.009434648999957, 60.648951219000082 ], [ -151.009455797999976, 60.648932739000031 ], [ -151.009542142999976, 60.648839916000043 ], [ -151.009567662999984, 60.648774171000071 ], [ -151.009622281999981, 60.648709068000073 ], [ -151.009722343999982, 60.648678112000027 ], [ -151.009848447999957, 60.648680881000075 ], [ -151.009984688999964, 60.648679136000055 ], [ -151.010152213999959, 60.648654398000076 ], [ -151.010280501999972, 60.648633534000055 ], [ -151.010437890999981, 60.648613309000041 ], [ -151.010529998999971, 60.648563234000051 ], [ -151.010590383999983, 60.648540880000041 ], [ -151.010712028999961, 60.648486718000072 ], [ -151.010811215999979, 60.648465214000055 ], [ -151.010902885999968, 60.64841986700003 ], [ -151.010939413999978, 60.648340157000064 ], [ -151.010945529999958, 60.648273988000028 ], [ -151.010849391999983, 60.648226670000042 ], [ -151.010737370999976, 60.648212587000046 ], [ -151.01063809599998, 60.648129896000057 ], [ -151.010680392999973, 60.648092937000058 ], [ -151.010769876999973, 60.648071221000066 ], [ -151.010784382999958, 60.648019444000056 ], [ -151.01083061099996, 60.647939946000065 ], [ -151.011032910999973, 60.647854403000053 ], [ -151.01113122199996, 60.647842353000044 ], [ -151.011239230999962, 60.647830514000077 ], [ -151.011308878999984, 60.647813099000075 ], [ -151.011460056999965, 60.64775484900008 ], [ -151.011545172999973, 60.64778039600003 ], [ -151.01154255199998, 60.647808755000028 ], [ -151.011598131999961, 60.647838389000071 ], [ -151.011657205999967, 60.647830214000066 ], [ -151.011670834999961, 60.647787889000028 ], [ -151.011654929999963, 60.647749652000073 ], [ -151.011657550999956, 60.647721293000075 ], [ -151.011765996999969, 60.647704730000044 ], [ -151.011860813999959, 60.647730489000082 ], [ -151.011904946999977, 60.647778817000074 ], [ -151.011929678999962, 60.647826719000079 ], [ -151.011988751999979, 60.647818543000028 ], [ -151.012011208999979, 60.647785884000029 ], [ -151.011995740999964, 60.647742921000031 ], [ -151.01195204299998, 60.647689867000054 ], [ -151.011964363999965, 60.647661721000077 ], [ -151.012016356999965, 60.647624975000042 ], [ -151.012089603999982, 60.647580274000063 ], [ -151.012137558999967, 60.647575538000069 ], [ -151.012235431999983, 60.647568213000056 ], [ -151.01233330499997, 60.647560887000054 ], [ -151.012404697999983, 60.647524566000072 ], [ -151.01243554499996, 60.647506299000042 ], [ -151.012503442999957, 60.647507788000041 ], [ -151.012581042999983, 60.647509490000061 ], [ -151.012620278999975, 60.647505614000067 ], [ -151.012635653999979, 60.647444385000028 ], [ -151.012858315999978, 60.647454004000053 ], [ -151.012855258999963, 60.647487088000048 ], [ -151.012860156999977, 60.647539291000044 ], [ -151.012930674999978, 60.64751242300008 ], [ -151.012992802999975, 60.647471161000055 ], [ -151.013036841999963, 60.64741529500003 ], [ -151.013124576999957, 60.647412484000029 ], [ -151.013217647999966, 60.647457149000047 ], [ -151.013214154999957, 60.647494959000028 ], [ -151.013259597999962, 60.647529108000072 ], [ -151.013297524999984, 60.647539411000082 ], [ -151.013346896999963, 60.647531023000056 ], [ -151.013379051999976, 60.647498576000032 ], [ -151.013421344999983, 60.647461615000054 ], [ -151.013510389999965, 60.647444624000059 ], [ -151.013547443999983, 60.647464380000031 ], [ -151.013591140999978, 60.647517434000065 ], [ -151.013655548999964, 60.647556733000044 ], [ -151.01373271099996, 60.647563161000051 ], [ -151.013839410999964, 60.647565501000031 ], [ -151.013935100999959, 60.647581807000051 ], [ -151.014021527999972, 60.647593174000065 ], [ -151.014106207999959, 60.647623445000079 ], [ -151.014192634999972, 60.647634812000035 ], [ -151.014316552999958, 60.647661208000045 ], [ -151.014336388999965, 60.647656908000044 ], [ -151.014340315999959, 60.647614370000042 ], [ -151.014354816999969, 60.647562591000053 ], [ -151.014455306999963, 60.647526907000042 ], [ -151.014536831999976, 60.64748607000007 ], [ -151.014643529999972, 60.647488409000061 ], [ -151.01474935799996, 60.647500201000071 ], [ -151.014827392999962, 60.647497175000069 ], [ -151.014859109999975, 60.647469454000031 ], [ -151.014778792999977, 60.647391918000039 ], [ -151.014762447999971, 60.647358409000049 ], [ -151.014641148999971, 60.647303654000041 ], [ -151.014635374999983, 60.647260904000063 ], [ -151.014751338999957, 60.647268182000062 ], [ -151.014856290999973, 60.647289426000043 ], [ -151.014978461999959, 60.647334728000033 ], [ -151.015082105999966, 60.647370150000029 ], [ -151.015139431999984, 60.647380879000082 ], [ -151.015250494999975, 60.647335953000038 ], [ -151.015387600999958, 60.647324750000053 ], [ -151.01552209099998, 60.647341905000076 ], [ -151.015560016999984, 60.64735220700004 ], [ -151.015634022999961, 60.647287526000071 ], [ -151.015635767999981, 60.647268619000045 ], [ -151.015660838999963, 60.647207602000037 ], [ -151.015702253999962, 60.647180093000031 ], [ -151.015800559999974, 60.647168039000064 ], [ -151.01583271399997, 60.647135591000051 ], [ -151.015816367999975, 60.64710208300005 ], [ -151.015781492999963, 60.647058695000055 ], [ -151.015707820999978, 60.647014456000079 ], [ -151.015753597999975, 60.646939685000063 ], [ -151.015853211999968, 60.646913452000035 ], [ -151.015962526999971, 60.646887431000039 ], [ -151.015993370999979, 60.64686916200003 ], [ -151.016037401999967, 60.646813295000072 ], [ -151.016040018999973, 60.646784937000064 ], [ -151.016052771999966, 60.646752065000044 ], [ -151.01611227799998, 60.646739161000028 ], [ -151.016210582999975, 60.646727107000061 ], [ -151.016302241999966, 60.646681755000031 ], [ -151.016421689999959, 60.646651219000034 ], [ -151.016528384999958, 60.646653557000036 ], [ -151.016595410999969, 60.646664498000064 ], [ -151.016627125999975, 60.646636777000083 ], [ -151.016593123999968, 60.64658393600007 ], [ -151.016530023999962, 60.646530458000029 ], [ -151.016470846999965, 60.646434442000043 ], [ -151.016458424999968, 60.64635839400006 ], [ -151.016437741999965, 60.646308687000044 ], [ -151.016444256999961, 60.646301253000047 ], [ -151.016486107999981, 60.646269018000055 ], [ -151.016681844999965, 60.646254362000036 ], [ -151.016807065999984, 60.646266577000063 ], [ -151.016884226999963, 60.646273003000033 ], [ -151.016994844999971, 60.646232803000032 ], [ -151.017003127999971, 60.646143001000041 ], [ -151.01693915499996, 60.646098976000076 ], [ -151.016967274999956, 60.646004873000038 ], [ -151.017051844999969, 60.645930950000036 ], [ -151.017174341999976, 60.645867329000055 ], [ -151.017237768999962, 60.645811887000036 ], [ -151.017282669999958, 60.645746566000071 ], [ -151.01719668299998, 60.64573047600004 ], [ -151.017120831999961, 60.645709870000076 ], [ -151.017134018999968, 60.64567227100008 ], [ -151.017219024999974, 60.645593623000082 ], [ -151.017254225999977, 60.645528089000038 ], [ -151.017251500999976, 60.645452255000066 ], [ -151.017222293999964, 60.645347424000079 ], [ -151.017142846999974, 60.645260437000047 ], [ -151.017173144999958, 60.645142702000044 ], [ -151.017434586999968, 60.645153163000032 ], [ -151.017524058999982, 60.645131443000082 ], [ -151.017556644999956, 60.645094268000037 ], [ -151.017559695999978, 60.645061184000042 ], [ -151.017553481999983, 60.645023160000051 ], [ -151.017585630999974, 60.644990712000038 ], [ -151.017524276999978, 60.644918330000053 ], [ -151.017362550999962, 60.644985827000028 ], [ -151.01725095599997, 60.644931288000066 ], [ -151.017268936999983, 60.64484169900004 ], [ -151.017430225999959, 60.644778927000061 ], [ -151.017541275999974, 60.644734 ], [ -151.017623225999984, 60.644688435000035 ], [ -151.017813174999958, 60.644631027000059 ], [ -151.018160809999983, 60.64444446400006 ], [ -151.018311523999984, 60.644390933000068 ], [ -151.018488283999972, 60.644371123000042 ], [ -151.018721496999973, 60.644371492000062 ], [ -151.018928660999961, 60.64433813900007 ], [ -151.019081115999967, 60.644265702000041 ], [ -151.019202294999957, 60.644216258000029 ], [ -151.019475172999961, 60.644208023000033 ], [ -151.019715032999983, 60.644241687000033 ], [ -151.020013205999959, 60.644380818000059 ], [ -151.020054297999963, 60.644462229000055 ], [ -151.02020294999997, 60.644536520000031 ], [ -151.020322505999957, 60.644610176000072 ], [ -151.020556709999966, 60.644705282000075 ], [ -151.020705798999984, 60.644774848000054 ], [ -151.020835926999979, 60.644839261000072 ], [ -151.021015856999981, 60.644890556000064 ], [ -151.021100102999981, 60.644925551000028 ], [ -151.02109661999998, 60.644963362000055 ], [ -151.021091830999978, 60.645015353000076 ], [ -151.021173463999958, 60.645078706000049 ], [ -151.021229481999967, 60.645103610000035 ], [ -151.021287242999961, 60.645109610000077 ], [ -151.021356491999967, 60.645096390000049 ], [ -151.021358619999972, 60.645073283000045 ], [ -151.021417685999978, 60.645065103000036 ], [ -151.021542034999982, 60.645086766000077 ], [ -151.021538117999967, 60.645129305000069 ], [ -151.021487443999973, 60.645151876000057 ], [ -151.021483525999969, 60.64519441300007 ], [ -151.021537368999958, 60.645242951000057 ], [ -151.021653760999982, 60.64524549500004 ], [ -151.021681988999973, 60.645255585000029 ], [ -151.021754793999975, 60.645309273000066 ], [ -151.021832822999983, 60.645306242000061 ], [ -151.021939516999964, 60.645308576000048 ], [ -151.021986270999975, 60.645328542000073 ], [ -151.022077480999968, 60.645287913000061 ], [ -151.02211627899996, 60.645288761000074 ], [ -151.022131759999979, 60.645331724000073 ], [ -151.022156070999984, 60.645384350000029 ], [ -151.022281291999974, 60.645396560000052 ], [ -151.022269417999979, 60.645419980000042 ], [ -151.022274764999963, 60.645467456000063 ], [ -151.02236806099998, 60.645478689000072 ], [ -151.022381457999984, 60.64546978900006 ], [ -151.02245196399997, 60.645442915000046 ], [ -151.022607588999961, 60.645441581000057 ], [ -151.02264265499997, 60.645456556000056 ], [ -151.022654779999982, 60.645456820000049 ], [ -151.022681702999961, 60.645481088000054 ], [ -151.022687919999981, 60.645519112000045 ], [ -151.022755380999968, 60.645525323000072 ], [ -151.022871772999963, 60.645527866000066 ], [ -151.022948063999962, 60.645543743000076 ], [ -151.022964850999983, 60.64557252600008 ], [ -151.022996515999978, 60.645551487000034 ], [ -151.023009740999981, 60.645507203000079 ], [ -151.02308024499996, 60.645480329000065 ], [ -151.023115561999958, 60.645518988000049 ], [ -151.023111211999975, 60.645566252000037 ], [ -151.023125825999983, 60.645618667000065 ], [ -151.023177930999964, 60.645686109000053 ], [ -151.023212376999965, 60.645734221000055 ], [ -151.023255219999982, 60.645796726000071 ], [ -151.023343384999976, 60.645789180000065 ], [ -151.023395360999984, 60.645752429000026 ], [ -151.023422719999957, 60.645771970000055 ], [ -151.023480480999979, 60.645777968000061 ], [ -151.023645372999965, 60.645781571000043 ], [ -151.023761692999983, 60.645753328000069 ], [ -151.02378900399998, 60.645761505000053 ], [ -151.023792207999975, 60.645761665000066 ], [ -151.023801433999978, 60.645775511000068 ], [ -151.023817786999984, 60.645809019000069 ], [ -151.023845580999961, 60.645823835000044 ], [ -151.023902907999968, 60.645834559000036 ], [ -151.023991072999962, 60.645827014000076 ], [ -151.024052314999977, 60.645795201000055 ], [ -151.024087950999984, 60.645778333000067 ], [ -151.024179276999973, 60.645788503000063 ], [ -151.024236169999966, 60.64580395400003 ], [ -151.02429001699997, 60.645852489000049 ], [ -151.024368482999961, 60.645844732000057 ], [ -151.024453169999958, 60.645874998000068 ], [ -151.024496447999979, 60.645932775000063 ], [ -151.024461260999971, 60.645998309000049 ], [ -151.024372315999983, 60.646029905000034 ], [ -151.024496580999966, 60.646036967000043 ], [ -151.024605383999983, 60.64603934400003 ], [ -151.024706792999979, 60.645970521000038 ], [ -151.024713095999971, 60.645967016000043 ], [ -151.024718667999963, 60.645947102000036 ], [ -151.024826230999963, 60.645939979000048 ], [ -151.024904259999971, 60.645936948000042 ], [ -151.024922865999969, 60.645948874000055 ], [ -151.025028615999958, 60.645958607000068 ], [ -151.025079288999962, 60.645936035000034 ], [ -151.025140093999966, 60.645908948000056 ], [ -151.025336691999968, 60.645884826000042 ], [ -151.025395322999969, 60.645881370000041 ], [ -151.025519677999966, 60.645903030000056 ], [ -151.025553258999963, 60.64596059400003 ], [ -151.025621591999965, 60.64595735100005 ], [ -151.025657209999963, 60.645887090000031 ], [ -151.025710488999977, 60.645836158000066 ], [ -151.025781427999959, 60.64580455600003 ], [ -151.025907086999979, 60.645812036000052 ], [ -151.026010302999964, 60.645852177000052 ], [ -151.02609585999997, 60.645872989000054 ], [ -151.026249313999983, 60.645895283000073 ], [ -151.026336608999969, 60.645897189000038 ], [ -151.026388147999967, 60.645865163000053 ], [ -151.026465744999967, 60.645866858000034 ], [ -151.026534510999966, 60.645858886000042 ], [ -151.026613844999957, 60.645841676000032 ], [ -151.026723145999966, 60.645815646000074 ], [ -151.026785254999965, 60.645774379000045 ], [ -151.026877764999966, 60.645719566000082 ], [ -151.02692298499997, 60.645706892000078 ], [ -151.026947647999975, 60.645707327000082 ], [ -151.026990105999971, 60.645660453000062 ], [ -151.027081745999965, 60.64561509300006 ], [ -151.027131111999978, 60.645606699000041 ], [ -151.027208272999957, 60.645613119000075 ], [ -151.027272258999972, 60.645657139000036 ], [ -151.027325242999979, 60.645715127000074 ], [ -151.027360563999963, 60.645753785000068 ], [ -151.027397189999959, 60.645778264000057 ], [ -151.027462913999983, 60.645803379000029 ], [ -151.027489840999976, 60.645827645000054 ], [ -151.027533557999959, 60.645880694000027 ], [ -151.027641122999967, 60.645873570000049 ], [ -151.027765913999957, 60.645890502000043 ], [ -151.027829464999968, 60.645939248000047 ], [ -151.027965258999984, 60.645942211000033 ], [ -151.02816011799996, 60.645936990000052 ], [ -151.028260152999962, 60.645906023000066 ], [ -151.02838219299997, 60.645847118000063 ], [ -151.028577485999961, 60.645837171000039 ], [ -151.028686351999966, 60.645815867000067 ], [ -151.028782477999982, 60.645827436000047 ], [ -151.028819105999958, 60.645851914000048 ], [ -151.028855296999978, 60.64588111900008 ], [ -151.029058988999964, 60.645885562000046 ], [ -151.029178855999959, 60.645850290000055 ], [ -151.029207953999958, 60.645850925000047 ], [ -151.029271795999961, 60.64579075100005 ], [ -151.02935242999996, 60.645759358000078 ], [ -151.029535851999981, 60.645772831000045 ], [ -151.029654416999961, 60.645751736000079 ], [ -151.029754883999971, 60.645716040000082 ], [ -151.029884449999969, 60.64568097800003 ], [ -151.030022411999965, 60.64566030800006 ], [ -151.030148504999971, 60.645663057000036 ], [ -151.030185567999979, 60.64568280900005 ], [ -151.030248255999965, 60.645741007000083 ], [ -151.030371308999975, 60.645776841000043 ], [ -151.030564866999981, 60.645785798000077 ], [ -151.030787955999983, 60.645790661000035 ], [ -151.030895082999962, 60.645788261000064 ], [ -151.030898554999965, 60.645750449000047 ], [ -151.030968186999957, 60.645733024000037 ], [ -151.031071843999968, 60.645768434000047 ], [ -151.031156100999965, 60.645803423000075 ], [ -151.031254398999977, 60.645791358000054 ], [ -151.031266267999968, 60.645767937000073 ], [ -151.03129000499996, 60.645721095000056 ], [ -151.031360071999984, 60.645698942000081 ], [ -151.031446498999969, 60.645710299000029 ], [ -151.031523659999976, 60.645716715000049 ], [ -151.031697818999959, 60.645725248000076 ], [ -151.031827814999957, 60.645685458000059 ], [ -151.031897879999974, 60.645663306000074 ], [ -151.031977643999966, 60.645641363000038 ], [ -151.032094905999969, 60.645634448000067 ], [ -151.032202900999977, 60.645622593000041 ], [ -151.032319294999979, 60.645625130000042 ], [ -151.032396456999976, 60.645631546000061 ], [ -151.032426856999962, 60.645618002000049 ], [ -151.032527319999957, 60.645582303000083 ], [ -151.032624314999964, 60.645584416000077 ], [ -151.032679908999967, 60.645614042000034 ], [ -151.032705971999974, 60.645647762000067 ], [ -151.032801231999969, 60.64566878200003 ], [ -151.032917191999957, 60.645676043000037 ], [ -151.032986822999959, 60.645658617000038 ], [ -151.033030391999972, 60.645607470000073 ], [ -151.03309871999997, 60.645604223000078 ], [ -151.033224379999979, 60.64561169600006 ], [ -151.033311674999965, 60.645613598000068 ], [ -151.033315576999968, 60.645571060000066 ], [ -151.033322514999981, 60.645495436000033 ], [ -151.033364347999964, 60.645463196000037 ], [ -151.033495208999966, 60.645413952000069 ], [ -151.033622168999983, 60.645407245000058 ], [ -151.033738994999965, 60.645405054000037 ], [ -151.03377735799998, 60.645410626000057 ], [ -151.033870883999981, 60.645450550000078 ], [ -151.033928646999982, 60.64545654300008 ], [ -151.034046340999964, 60.64544490000003 ], [ -151.034165769999959, 60.645414349000077 ], [ -151.03426796399998, 60.645359743000029 ], [ -151.034323828999959, 60.64528044900004 ], [ -151.034327296999976, 60.645242637000081 ], [ -151.034329432999982, 60.645236728000043 ], [ -151.034333957999962, 60.645236305000083 ], [ -151.034490018999975, 60.645269860000042 ], [ -151.034606409999981, 60.645272394000074 ], [ -151.034615709999969, 60.645269657000028 ], [ -151.03461654399996, 60.645267880000063 ], [ -151.034685739999958, 60.64525517900006 ], [ -151.034783167999962, 60.645252563000042 ], [ -151.034886825999962, 60.645287971000073 ], [ -151.034984685999973, 60.645280630000059 ], [ -151.035162307999968, 60.645251346000066 ], [ -151.035331961999958, 60.645202943000072 ], [ -151.035384977999968, 60.645187339000074 ], [ -151.035420991999956, 60.645185938000054 ], [ -151.035607876999961, 60.645161590000043 ], [ -151.035696470999966, 60.645149311000068 ], [ -151.035747567999977, 60.645122008000044 ], [ -151.035780564999982, 60.645080103000055 ], [ -151.035843092999983, 60.645034105000036 ], [ -151.035950217999982, 60.64503170100005 ], [ -151.036076307999963, 60.645034445000078 ], [ -151.036173734999977, 60.645031829000061 ], [ -151.036252627999971, 60.645019338000054 ], [ -151.036372485999976, 60.64498406000007 ], [ -151.036459779999973, 60.644985959000053 ], [ -151.036563872999977, 60.645016639000062 ], [ -151.036668400999957, 60.645042593000028 ], [ -151.036716896999963, 60.645043649000058 ], [ -151.036806788999968, 60.645017189000043 ], [ -151.036912180999963, 60.645033689000059 ], [ -151.036967779999969, 60.645063314000083 ], [ -151.037013677999965, 60.645092729000055 ], [ -151.037109805999961, 60.645104292000042 ], [ -151.037137171999973, 60.645123830000045 ], [ -151.037204199999962, 60.645134761000065 ], [ -151.037264561999962, 60.64511239400008 ], [ -151.03731738899998, 60.645066184000029 ], [ -151.037350382999961, 60.64502427900004 ], [ -151.03735298099997, 60.644995920000042 ], [ -151.037385975999968, 60.644954015000053 ], [ -151.037473269999964, 60.644955913000047 ], [ -151.03757952899997, 60.644962961000033 ], [ -151.037703453999967, 60.644989336000037 ], [ -151.03774935399997, 60.645018750000077 ], [ -151.037817423999968, 60.645124419000069 ], [ -151.037841759999964, 60.645177044000036 ], [ -151.037878825999968, 60.645196793000082 ], [ -151.038002320999965, 60.645227894000072 ], [ -151.038127978999967, 60.64523536300004 ], [ -151.038215706999978, 60.645232535000048 ], [ -151.038214841999974, 60.645241988000066 ], [ -151.038187649999969, 60.645326643000033 ], [ -151.038352973999963, 60.645325502000048 ], [ -151.038510328999962, 60.645305244000042 ], [ -151.038655386999977, 60.645313135000038 ], [ -151.03876658599998, 60.645372383000051 ], [ -151.038831020999964, 60.645411671000033 ], [ -151.038851702999978, 60.645440536000081 ], [ -151.039003012999984, 60.645443826000076 ], [ -151.03904848099998, 60.645477965000055 ], [ -151.03904458599996, 60.645520504000046 ], [ -151.039102782999976, 60.645521769000027 ], [ -151.039218743999982, 60.645529026000077 ], [ -151.039322842999979, 60.645559705000039 ], [ -151.039339644999984, 60.645588485000076 ], [ -151.039378443999965, 60.645589329000074 ], [ -151.039494836999978, 60.645591858000046 ], [ -151.039552168999961, 60.645602576000044 ], [ -151.039590533999984, 60.645608146000029 ], [ -151.039716628999969, 60.645610887000032 ], [ -151.039792925999961, 60.645626753000045 ], [ -151.039801867999984, 60.645626135000043 ], [ -151.039811458999964, 60.645636627000044 ], [ -151.039848094999968, 60.645661104000055 ], [ -151.039929582999974, 60.645620252000072 ], [ -151.040027010999978, 60.645617633000029 ], [ -151.040107635999959, 60.645586234000064 ], [ -151.040207657999957, 60.64555525600008 ], [ -151.040255291999983, 60.645565763000036 ], [ -151.040341721999965, 60.645577113000058 ], [ -151.040400783999957, 60.645568926000067 ], [ -151.040407023999961, 60.645606948000079 ], [ -151.040383729999974, 60.645649064000054 ], [ -151.040358275999978, 60.64571481400003 ], [ -151.04037680899998, 60.64572468800003 ], [ -151.040539972999966, 60.645747178000079 ], [ -151.040636103999958, 60.645758737000051 ], [ -151.040721236999957, 60.645784267000067 ], [ -151.040755708999967, 60.645832375000055 ], [ -151.040861107999973, 60.645848873000034 ], [ -151.040987634999965, 60.645846886000072 ], [ -151.041114160999967, 60.645844899000053 ], [ -151.041256196999967, 60.645885870000029 ], [ -151.041310502999977, 60.645929674000058 ], [ -151.04138272299997, 60.645883884000057 ], [ -151.04145859099998, 60.645904475000066 ], [ -151.041581226999966, 60.645945027000039 ], [ -151.041593086999967, 60.64592160400008 ], [ -151.041693109999983, 60.645890627000028 ], [ -151.041850897999979, 60.645865638000032 ], [ -151.041969454999958, 60.645844533000059 ], [ -151.042184142999957, 60.645834988000047 ], [ -151.042408098999971, 60.645830381000053 ], [ -151.042602089999974, 60.645834592000028 ], [ -151.042757715999983, 60.645833236000044 ], [ -151.042876702999962, 60.645807404000038 ], [ -151.042904168999968, 60.645783374000075 ], [ -151.04304073199998, 60.645820437000054 ], [ -151.043132541999967, 60.645879261000061 ], [ -151.043256907999961, 60.64590090400003 ], [ -151.043439040999971, 60.645928538000078 ], [ -151.043571377999967, 60.645969298000068 ], [ -151.043783041999973, 60.645992835000072 ], [ -151.043950096999964, 60.645972782000058 ], [ -151.044140005999964, 60.645915337000076 ], [ -151.044270421999983, 60.64587080900003 ], [ -151.04448424399996, 60.645870713000079 ], [ -151.044728460999977, 60.645857068000055 ], [ -151.044933018999984, 60.645852036000065 ], [ -151.045110633999968, 60.645822738000049 ], [ -151.045195571999983, 60.645744071000081 ], [ -151.045354650999968, 60.645704900000055 ], [ -151.045451647999982, 60.64570700400003 ], [ -151.045653610999977, 60.64573032800007 ], [ -151.045771300999974, 60.645718674000079 ], [ -151.04592197499997, 60.645665111000028 ], [ -151.04606122399997, 60.645630244000074 ], [ -151.046219870999977, 60.645595799000034 ], [ -151.046391235999977, 60.645528477000028 ], [ -151.046497931999966, 60.645530790000066 ], [ -151.046648604999973, 60.645477228000061 ], [ -151.046725133999956, 60.645384170000057 ], [ -151.046735250999973, 60.645367109000063 ], [ -151.047175728999974, 60.645225581000034 ], [ -151.047352166999957, 60.645222539000031 ], [ -151.047468991999978, 60.645220335000033 ], [ -151.047515555999979, 60.645136100000059 ], [ -151.047634106999965, 60.645114989000035 ], [ -151.047688419999957, 60.64515878900005 ], [ -151.04773950699996, 60.645131482000068 ], [ -151.047903964999961, 60.645139783000047 ], [ -151.047934356999974, 60.645126234000031 ], [ -151.048154646999961, 60.645055235000029 ], [ -151.04833311799996, 60.645016481000027 ], [ -151.048462229999984, 60.644986128000028 ], [ -151.048418046999984, 60.64493781200008 ], [ -151.04838356199997, 60.644889706000072 ], [ -151.048419993999971, 60.644809985000052 ], [ -151.048522162999973, 60.644755369000052 ], [ -151.048573247999968, 60.64472806100008 ], [ -151.048605584999962, 60.644586687000071 ], [ -151.048638566999983, 60.644544779000057 ], [ -151.04873728299998, 60.644527975000074 ], [ -151.048836431999973, 60.644506444000058 ], [ -151.048773281999956, 60.644452981000029 ], [ -151.048725217999959, 60.644447203000027 ], [ -151.048777162999983, 60.644410442000037 ], [ -151.048798719999979, 60.644387230000063 ], [ -151.048803895999981, 60.644330512000067 ], [ -151.048876100999962, 60.644284718000051 ], [ -151.049023746999978, 60.644264237000073 ], [ -151.049046161999968, 60.64423157300007 ], [ -151.048952620999984, 60.644191659000057 ], [ -151.049053062999974, 60.644155949000037 ], [ -151.049058237999958, 60.644099231000041 ], [ -151.048985821999963, 60.64404083200003 ], [ -151.049028928999974, 60.643994407000037 ], [ -151.049082600999981, 60.643938739000077 ], [ -151.04920200799998, 60.643908176000082 ], [ -151.049311715999977, 60.643877402000044 ], [ -151.049238435999968, 60.643828455000062 ], [ -151.049379826999967, 60.64376995300006 ], [ -151.049449445999983, 60.643752517000053 ], [ -151.04947617299996, 60.643672587000083 ], [ -151.049531136999974, 60.643602740000063 ], [ -151.049613039999969, 60.643557156000043 ], [ -151.049724902999969, 60.643502749000049 ], [ -151.049730939999961, 60.643436578000035 ], [ -151.049728569999957, 60.643356016000041 ], [ -151.049808746999958, 60.643329338000058 ], [ -151.049816506999974, 60.643244261000063 ], [ -151.049781592999977, 60.643200883000077 ], [ -151.049930523999961, 60.643166223000037 ], [ -151.050089585999984, 60.643127044000039 ], [ -151.050171054999964, 60.643086186000062 ], [ -151.050290027999978, 60.643060349000052 ], [ -151.050367618999957, 60.643062029000077 ], [ -151.050532497999967, 60.643065600000057 ], [ -151.050621941999964, 60.643043858000055 ], [ -151.050668926999975, 60.64295489400007 ], [ -151.050730567999977, 60.642918343000076 ], [ -151.050785094999981, 60.642853221000053 ], [ -151.05078186199998, 60.642782114000056 ], [ -151.050731427999978, 60.642695777000029 ], [ -151.050709511999969, 60.642666887000075 ], [ -151.050918286999973, 60.642671408000069 ], [ -151.051051915999977, 60.642697981000083 ], [ -151.051254294999978, 60.642716570000061 ], [ -151.051374125999956, 60.642681279000044 ], [ -151.051428652999959, 60.642616157000077 ], [ -151.051511843999975, 60.642556391000028 ], [ -151.051627365999963, 60.642568365000045 ], [ -151.051743749999957, 60.642570885000055 ], [ -151.051901944999969, 60.642541158000029 ], [ -151.051916381999973, 60.642489377000061 ], [ -151.052026512999959, 60.642453874000068 ], [ -151.052183845999963, 60.64243360100005 ], [ -151.052186, 60.642409967000049 ], [ -151.052278455999982, 60.642355138000028 ], [ -151.052337508999983, 60.642346945000043 ], [ -151.052379749999972, 60.642309974000057 ], [ -151.052496994999984, 60.64230303800008 ], [ -151.052562730999966, 60.642328141000064 ], [ -151.052657133999958, 60.64235860000008 ], [ -151.052688382999975, 60.642335595000077 ], [ -151.052693551999965, 60.64227887800007 ], [ -151.052736220999975, 60.642237179000062 ], [ -151.052796996999973, 60.642210079000051 ], [ -151.052923508999982, 60.642208081000035 ], [ -151.052944198999967, 60.642194320000044 ], [ -151.05297846199997, 60.642138233000082 ], [ -151.052980616999974, 60.64211460100006 ], [ -151.052982337999964, 60.642095693000044 ], [ -151.053040098999958, 60.642101680000053 ], [ -151.053128246999961, 60.642094115000077 ], [ -151.053220700999958, 60.642039286000056 ], [ -151.053312724999984, 60.641989183000078 ], [ -151.053415307999984, 60.641929837000077 ], [ -151.053495908999963, 60.641898430000083 ], [ -151.053555391999964, 60.641885509000076 ], [ -151.053556682999982, 60.641871330000072 ], [ -151.053520043999981, 60.641846858000065 ], [ -151.05348555499998, 60.641798753000046 ], [ -151.053526071999983, 60.641780686000061 ], [ -151.053576284999963, 60.641762830000062 ], [ -151.053652149999976, 60.641783414000031 ], [ -151.053708618999963, 60.641803579000054 ], [ -151.053837711999961, 60.641773220000061 ], [ -151.053936849999957, 60.641751687000067 ], [ -151.05400187799998, 60.641741085000035 ], [ -151.054007321999961, 60.641724796000062 ], [ -151.054131451999979, 60.641642237000042 ], [ -151.054146316999976, 60.641585728000052 ], [ -151.054195404999973, 60.641565842000034 ], [ -151.054240489999984, 60.641511992000062 ], [ -151.054334230999984, 60.641442981000068 ], [ -151.054395003999957, 60.641415881000057 ], [ -151.054457067999977, 60.641374601000052 ], [ -151.054540679999974, 60.641310108000027 ], [ -151.054591754999961, 60.641282798000077 ], [ -151.05466136299998, 60.641265360000034 ], [ -151.054721704999963, 60.641242986000066 ], [ -151.054761789999958, 60.641229645000067 ], [ -151.054784199999972, 60.641196979000028 ], [ -151.054788503999958, 60.641149713000061 ], [ -151.054822762999976, 60.641093625000053 ], [ -151.054895814999981, 60.641038375000051 ], [ -151.054944305999982, 60.641039424000041 ], [ -151.055060684999972, 60.641041940000036 ], [ -151.055148398999961, 60.641039101000047 ], [ -151.055188483999984, 60.641025760000048 ], [ -151.055247102999971, 60.641022292000059 ], [ -151.055306582999975, 60.641009370000063 ], [ -151.055353654999976, 60.640995505000035 ], [ -151.055375331999983, 60.641001386000028 ], [ -151.055479859999963, 60.641027326000028 ], [ -151.055540630999957, 60.641000224000038 ], [ -151.055557697999973, 60.640983543000061 ], [ -151.055612391999972, 60.64095915300004 ], [ -151.055723373999967, 60.640914194000061 ], [ -151.055927034999968, 60.640918598000042 ], [ -151.05595397899998, 60.640942859000063 ], [ -151.056031565999973, 60.640944537000053 ], [ -151.05612272099998, 60.640903885000057 ], [ -151.056192759999959, 60.640881719000049 ], [ -151.056252239999964, 60.640868798000042 ], [ -151.056333695999967, 60.640827936000051 ], [ -151.056385034999977, 60.640771179000069 ], [ -151.056383242999971, 60.640710611000031 ], [ -151.056397672999964, 60.640658829000074 ], [ -151.056578494999968, 60.640700624000033 ], [ -151.056656510999971, 60.640697576000036 ], [ -151.056708010999984, 60.640665537000075 ], [ -151.056776328999973, 60.640662278000036 ], [ -151.056873740999976, 60.640659648000053 ], [ -151.056963603999975, 60.640633175000062 ], [ -151.057021362999961, 60.640639159000045 ], [ -151.057036887999971, 60.64068211600005 ], [ -151.05717223299996, 60.64068977800008 ], [ -151.057316844999974, 60.640702374000057 ], [ -151.057409956999976, 60.640747008000062 ], [ -151.057480851999969, 60.640715390000082 ], [ -151.057564457999973, 60.640650894000032 ], [ -151.057674146999972, 60.640620113000068 ], [ -151.057794822999966, 60.640575363000039 ], [ -151.057888556999984, 60.640506352000045 ], [ -151.057937046999967, 60.640507399000057 ], [ -151.057953431999977, 60.640540903000044 ], [ -151.058020459999966, 60.640551824000056 ], [ -151.058243517999983, 60.640556642000035 ], [ -151.058318092999968, 60.640591404000077 ], [ -151.058334048999967, 60.640629635000039 ], [ -151.058401076999957, 60.640640555000061 ], [ -151.058484920999973, 60.640680253000028 ], [ -151.05863837299998, 60.64070251000004 ], [ -151.058765307999977, 60.640695780000044 ], [ -151.059186626999974, 60.640657521000037 ], [ -151.059143535999965, 60.640703949000056 ], [ -151.059224520999976, 60.640711003000035 ], [ -151.059377152999957, 60.64069952300008 ], [ -151.059515059999967, 60.640698024000073 ], [ -151.059673681999982, 60.640644360000067 ], [ -151.059805343999983, 60.640585637000072 ], [ -151.059934854999966, 60.640550546000043 ], [ -151.059941116999966, 60.640588568000055 ], [ -151.060133791999959, 60.640606935000051 ], [ -151.060363539999969, 60.640645046000031 ], [ -151.060508581999983, 60.640652912000064 ], [ -151.060572354999977, 60.640592724000044 ], [ -151.060633549999977, 60.640560893000043 ], [ -151.060799706999973, 60.640550273000031 ], [ -151.060994527999981, 60.640545006000082 ], [ -151.061040012999968, 60.640579138000078 ], [ -151.061078804999966, 60.640579976000083 ], [ -151.061237840999979, 60.640540785000042 ], [ -151.061377049999976, 60.640505903000076 ], [ -151.061523379999983, 60.640499588000068 ], [ -151.061678120999971, 60.64050766400004 ], [ -151.061806341999983, 60.640486752000072 ], [ -151.061820762999957, 60.640434968000079 ], [ -151.061835184999978, 60.640383186000065 ], [ -151.061896378999961, 60.640351355000064 ], [ -151.061938605999984, 60.640314380000063 ], [ -151.06193362999997, 60.640262179000047 ], [ -151.061939640999981, 60.640196007000043 ], [ -151.061941119999972, 60.640179727000032 ], [ -151.061989846999978, 60.640178146000039 ], [ -151.062126907999982, 60.640166896000039 ], [ -151.062215906999967, 60.640149873000041 ], [ -151.062290661999981, 60.640075712000055 ], [ -151.062368674999959, 60.640072660000044 ], [ -151.062414158999957, 60.640106791000051 ], [ -151.062521696999966, 60.640099640000074 ], [ -151.062689566999978, 60.640070110000067 ], [ -151.062847739999967, 60.640040371000055 ], [ -151.062902922999967, 60.640074712000057 ], [ -151.063000331999973, 60.64007207800006 ], [ -151.063072080999973, 60.640031003000047 ], [ -151.063105021999974, 60.640005586000029 ], [ -151.06318449799997, 60.639991706000046 ], [ -151.063194034999981, 60.639972067000031 ], [ -151.06331985099996, 60.639870593000069 ], [ -151.063459484999981, 60.639830982000035 ], [ -151.063460689999971, 60.639830180000047 ], [ -151.063445624999957, 60.639771695000036 ], [ -151.063464804999967, 60.639665343000047 ], [ -151.063501622999979, 60.639580892000083 ], [ -151.063586927999978, 60.639497488000075 ], [ -151.063680643999959, 60.639428472000077 ], [ -151.063770498999958, 60.639401993000035 ], [ -151.063952610999962, 60.639429600000028 ], [ -151.063900001999968, 60.639366900000027 ], [ -151.063895024999965, 60.639314700000057 ], [ -151.063934672999977, 60.639306082000076 ], [ -151.063984020999982, 60.63929767500008 ], [ -151.064047355999975, 60.639242210000077 ], [ -151.064101420999975, 60.639181810000082 ], [ -151.064169733999961, 60.639178548000075 ], [ -151.064267998999981, 60.639166458000034 ], [ -151.064277695999976, 60.63916666700004 ], [ -151.064368834999982, 60.639126010000041 ], [ -151.064362570999975, 60.639087989000075 ], [ -151.064331096999979, 60.639058566000074 ], [ -151.064379129999963, 60.639012573000059 ], [ -151.064412941999962, 60.638961208000069 ], [ -151.064533435999977, 60.63902537000007 ], [ -151.064694174999971, 60.63896727000008 ], [ -151.064765919999957, 60.638926194000078 ], [ -151.064809856999972, 60.638870312000051 ], [ -151.064852077999973, 60.638833336000062 ], [ -151.064995825999972, 60.638855378000073 ], [ -151.065015651999971, 60.638851069000054 ], [ -151.065003116999975, 60.638775026000076 ], [ -151.06498317599997, 60.638722392000034 ], [ -151.06512109099998, 60.638663110000039 ], [ -151.06516187699998, 60.638631638000049 ], [ -151.06519225599996, 60.638618085000076 ], [ -151.065305624999979, 60.638653680000061 ], [ -151.065365525999965, 60.638636027000075 ], [ -151.065398048999981, 60.638598841000032 ], [ -151.065412033999962, 60.638551785000061 ], [ -151.065407052999973, 60.638499583000055 ], [ -151.065581179999981, 60.638508072000036 ], [ -151.065633525999971, 60.638466578000077 ], [ -151.065678747999982, 60.638396515000068 ], [ -151.065743362999967, 60.638326870000071 ], [ -151.065842053999972, 60.638310054000044 ], [ -151.065939028999964, 60.638312143000064 ], [ -151.065933188999963, 60.638269395000066 ], [ -151.065917224999964, 60.638231165000036 ], [ -151.065910527999961, 60.638197870000056 ], [ -151.065964158999975, 60.638142197000036 ], [ -151.066006807999969, 60.638100492000035 ], [ -151.066010236999972, 60.638062680000075 ], [ -151.06598500399997, 60.638019514000064 ], [ -151.065938660999961, 60.637994837000065 ], [ -151.066001988999972, 60.637939372000062 ], [ -151.066098534999981, 60.637946188000058 ], [ -151.066128483999961, 60.637937362000059 ], [ -151.066132342999964, 60.637894823000067 ], [ -151.066127788999978, 60.637837895000075 ], [ -151.066083160999966, 60.637794310000061 ], [ -151.065995454999978, 60.63779715700008 ], [ -151.065927146999968, 60.637800422000055 ], [ -151.065939843999956, 60.637767543000052 ], [ -151.065920877999957, 60.637762399000053 ], [ -151.065816780999967, 60.637731741000039 ], [ -151.065811369999977, 60.637684267000054 ], [ -151.065803815999971, 60.637660425000036 ], [ -151.065737220999978, 60.637644782000052 ], [ -151.065850322999978, 60.637576183000078 ], [ -151.065851607999974, 60.637562003000028 ], [ -151.065793853999963, 60.637556023000059 ], [ -151.065776601999971, 60.637531972000033 ], [ -151.065778316999968, 60.637513065000064 ], [ -151.065846626999956, 60.637509802000068 ], [ -151.065896399999957, 60.637496666000061 ], [ -151.065909954999967, 60.637454336000076 ], [ -151.065915955999969, 60.637388165000061 ], [ -151.065917242999973, 60.637373983000032 ], [ -151.065910118999966, 60.637345417000063 ], [ -151.065904278999966, 60.637302669000064 ], [ -151.065917834999965, 60.637260339000079 ], [ -151.065852955999958, 60.637225790000059 ], [ -151.065817596999977, 60.637187141000027 ], [ -151.065792362999957, 60.637143976000061 ], [ -151.065736324999961, 60.637119089000066 ], [ -151.065670587999961, 60.637093993000065 ], [ -151.06563565899998, 60.637050617000057 ], [ -151.065549243999982, 60.637039284000082 ], [ -151.065579191999973, 60.637030458000027 ], [ -151.065715807999965, 60.637023930000055 ], [ -151.06573605899996, 60.63701489500005 ], [ -151.06572850699996, 60.636991054000077 ], [ -151.065692290999976, 60.636961859000053 ], [ -151.06568516599998, 60.636933290000059 ], [ -151.065773295999975, 60.636925717000054 ], [ -151.065864000999966, 60.63688978600004 ], [ -151.065895663999981, 60.636862054000062 ], [ -151.065918058999983, 60.636829385000055 ], [ -151.065921058999976, 60.636796300000071 ], [ -151.065954436999959, 60.636749660000078 ], [ -151.065995798999978, 60.636722137000049 ], [ -151.065980260999964, 60.636679180000044 ], [ -151.065983261999975, 60.636646094000071 ], [ -151.065996817999974, 60.636603763000039 ], [ -151.066060143999977, 60.636548299000083 ], [ -151.066130594999976, 60.636521402000028 ], [ -151.066201474999957, 60.636489779000044 ], [ -151.066251244999961, 60.636476643000037 ], [ -151.066283335999969, 60.636444185000073 ], [ -151.066340820999983, 60.636345972000072 ], [ -151.066355661999978, 60.636289461000047 ], [ -151.066359091999971, 60.63625164900003 ], [ -151.066302624999963, 60.636231488000078 ], [ -151.066301471999964, 60.636217077000083 ], [ -151.066235602999967, 60.636220574000049 ], [ -151.066204102999961, 60.636139385000035 ], [ -151.066228087999974, 60.636051456000075 ], [ -151.066165049999967, 60.636034357000028 ], [ -151.066108154999966, 60.636018923000051 ], [ -151.06611158399997, 60.635981111000035 ], [ -151.066123424999972, 60.63595768700003 ], [ -151.066127373999961, 60.635949876000041 ], [ -151.066134834999957, 60.635938989000067 ], [ -151.066149675999981, 60.635882480000078 ], [ -151.066231963999968, 60.635832159000074 ], [ -151.066295568999976, 60.635829668000042 ], [ -151.066320950999966, 60.635815133000051 ], [ -151.066412078999974, 60.635774475000062 ], [ -151.066465276999963, 60.635723527000039 ], [ -151.066480974999962, 60.635657564000041 ], [ -151.066502509999964, 60.635634349000043 ], [ -151.06656326199996, 60.635607242000049 ], [ -151.066577673999973, 60.635555460000035 ], [ -151.066651122999957, 60.635495477000063 ], [ -151.066682354999983, 60.635472470000082 ], [ -151.066712730999967, 60.635458917000051 ], [ -151.066801713999979, 60.635441891000028 ], [ -151.066860322999958, 60.635438417000046 ], [ -151.066940036999966, 60.63541645600003 ], [ -151.067039574999967, 60.635390186000052 ], [ -151.067186309999983, 60.635379139000065 ], [ -151.067198149999967, 60.63535571400007 ], [ -151.067199862999956, 60.63533680900008 ], [ -151.067289703999961, 60.635310329000049 ], [ -151.067328987999957, 60.635288056000036 ], [ -151.067499353999978, 60.635291964000032 ], [ -151.067570905999958, 60.635316385000067 ], [ -151.067695246999961, 60.63533800700003 ], [ -151.067834854999973, 60.635298391000049 ], [ -151.067887621999972, 60.635252169000069 ], [ -151.067927742999984, 60.635229193000043 ], [ -151.067976175999974, 60.635239869000031 ], [ -151.068061730999972, 60.635260655000081 ], [ -151.068178091999982, 60.635263160000079 ], [ -151.068226573999965, 60.635264205000055 ], [ -151.068264503999984, 60.635274492000065 ], [ -151.068325681999966, 60.635242660000074 ], [ -151.068339659999964, 60.635195603000057 ], [ -151.068420660999976, 60.635159460000068 ], [ -151.068547144999968, 60.635157448000029 ], [ -151.06868161099996, 60.635174551000034 ], [ -151.068796255999956, 60.635195962000068 ], [ -151.068930724999973, 60.635213064000027 ], [ -151.068999455999972, 60.635205072000076 ], [ -151.069042952999979, 60.635153914000057 ], [ -151.069115110999974, 60.635108110000033 ], [ -151.069194395999972, 60.63509087400007 ], [ -151.069398452999963, 60.63509053000007 ], [ -151.069532919999972, 60.635107632000029 ], [ -151.069792156999966, 60.635141626000063 ], [ -151.070030718999959, 60.635189382000078 ], [ -151.07014836099998, 60.635177706000036 ], [ -151.070238198999959, 60.635151225000072 ], [ -151.070338588999959, 60.635115498000062 ], [ -151.070468496999979, 60.635075672000028 ], [ -151.070625781999979, 60.635055377000072 ], [ -151.070697509999974, 60.635014298000044 ], [ -151.070749843999977, 60.63497280200005 ], [ -151.070872620999978, 60.634904406000032 ], [ -151.070954045999969, 60.634863535000079 ], [ -151.071014362999961, 60.634841154000071 ], [ -151.071047303999961, 60.634799241000053 ], [ -151.071044638999979, 60.634728359000064 ], [ -151.071190232999982, 60.634750059000055 ], [ -151.071240093999961, 60.634708672000045 ], [ -151.071262910999963, 60.634671277000052 ], [ -151.071326651999982, 60.634611083000038 ], [ -151.071454416999984, 60.634594887000048 ], [ -151.071583893999957, 60.634559786000068 ], [ -151.071672444999962, 60.634547484000052 ], [ -151.071782098999961, 60.634516691000044 ], [ -151.071835712999984, 60.634461015000056 ], [ -151.071913712999958, 60.634457957000052 ], [ -151.07208482599998, 60.634499524000034 ], [ -151.072199470999976, 60.634520931000054 ], [ -151.072331799999972, 60.634561663000056 ], [ -151.072533284999963, 60.634589675000029 ], [ -151.072649213999966, 60.634596903000045 ], [ -151.072825886999965, 60.634577023000077 ], [ -151.072827597999975, 60.634558116000051 ], [ -151.072772412999967, 60.634523779000062 ], [ -151.072766565999984, 60.634481032000053 ], [ -151.072801216999977, 60.634420211000077 ], [ -151.072834581999984, 60.634373570000037 ], [ -151.072840141999961, 60.634312126000054 ], [ -151.07291143499998, 60.63427577200008 ], [ -151.073047611999982, 60.634273964000045 ], [ -151.073077466999962, 60.634272993000081 ], [ -151.073086396999969, 60.634274798000035 ], [ -151.073154271999982, 60.634276257000067 ], [ -151.073233980999959, 60.634254291000047 ], [ -151.073306129999963, 60.634208484000055 ], [ -151.073312543999975, 60.634137585000076 ], [ -151.073296145999961, 60.63409534200008 ], [ -151.073306696999964, 60.634094837000077 ], [ -151.073363162999982, 60.634114994000072 ], [ -151.073485795999972, 60.634155516000078 ], [ -151.073613127999977, 60.634144047000063 ], [ -151.07370424299998, 60.634103383000081 ], [ -151.073815177999961, 60.634058409000033 ], [ -151.073837225999966, 60.634022266000045 ], [ -151.073824878999972, 60.634003778000078 ], [ -151.073827765999965, 60.633971873000064 ], [ -151.073873961999965, 60.633944452000037 ], [ -151.073919840999963, 60.633920575000047 ], [ -151.073927753999982, 60.63391364000006 ], [ -151.07393009499998, 60.633913259000053 ], [ -151.073935942999981, 60.633904724000047 ], [ -151.07395918399996, 60.633862602000079 ], [ -151.073982850999982, 60.633815752000032 ], [ -151.073994256999981, 60.63379705400007 ], [ -151.07399682199997, 60.633768694000082 ], [ -151.073948508999962, 60.633706283000038 ], [ -151.074050431999979, 60.633713017000048 ], [ -151.074126719999981, 60.633728864000034 ], [ -151.074172207999965, 60.633726688000081 ], [ -151.074215097999968, 60.633717361000038 ], [ -151.074288137999957, 60.63371537900008 ], [ -151.07432449999996, 60.633716160000063 ], [ -151.074368132999979, 60.633717098000034 ], [ -151.074384599999973, 60.63369614100003 ], [ -151.074365669999963, 60.633663768000076 ], [ -151.074353368999965, 60.633638640000072 ], [ -151.074356252999962, 60.633606736000047 ], [ -151.074304846999979, 60.633585409000034 ], [ -151.074306763999971, 60.633564205000027 ], [ -151.074368934999967, 60.633547070000077 ], [ -151.074371219999961, 60.633521813000073 ], [ -151.074363768999973, 60.633498313000075 ], [ -151.074302346999957, 60.633477711000069 ], [ -151.074294687999981, 60.633475099000066 ], [ -151.074295671999977, 60.633472028000028 ], [ -151.074336163999959, 60.633453954000061 ], [ -151.074426422999977, 60.63342274300004 ], [ -151.074449232999967, 60.633385348000047 ], [ -151.074506259999964, 60.633291858000064 ], [ -151.074459918999963, 60.633267182000054 ], [ -151.074462482999962, 60.633238823000056 ], [ -151.074520658999973, 60.633240073000081 ], [ -151.074571096999961, 60.633238094000035 ], [ -151.074606470999981, 60.633256930000073 ], [ -151.074635558999972, 60.633257555000057 ], [ -151.074665885999963, 60.633238298000038 ], [ -151.074742385999969, 60.633259044000056 ], [ -151.074798852999976, 60.63327920100005 ], [ -151.07488654399998, 60.633276349000027 ], [ -151.074964537999961, 60.633273289000044 ], [ -151.075089305999967, 60.633290178000038 ], [ -151.075127235999958, 60.633300463000069 ], [ -151.075120957999957, 60.633262442000046 ], [ -151.075086018999968, 60.633219069000063 ], [ -151.075176273999972, 60.633187859000031 ], [ -151.075148040999977, 60.63317778000004 ], [ -151.075042240999977, 60.633166036000034 ], [ -151.075012907999962, 60.633158081000033 ], [ -151.074987279999959, 60.633155004000059 ], [ -151.074952201999963, 60.633140043000083 ], [ -151.074963, 60.633101206000049 ], [ -151.074988019999978, 60.63306622500005 ], [ -151.075048438999971, 60.633042660000058 ], [ -151.075086080999966, 60.633029261000047 ], [ -151.075123081999976, 60.633022953000079 ], [ -151.075147781999959, 60.63299151700005 ], [ -151.075098160999971, 60.63297624300003 ], [ -151.075091528999963, 60.632968997000035 ], [ -151.075079227999964, 60.632943870000076 ], [ -151.075096016999964, 60.632919368000046 ], [ -151.07514691999998, 60.632920462000072 ], [ -151.075183599999974, 60.632917698000028 ], [ -151.075199745999981, 60.632900285000062 ], [ -151.075201987999975, 60.63287547200008 ], [ -151.075226369999967, 60.632847580000032 ], [ -151.075249466999963, 60.632833869000081 ], [ -151.075272243999962, 60.632823702000053 ], [ -151.075295342999965, 60.632809991000045 ], [ -151.075346672999984, 60.632762005000075 ], [ -151.075370719999967, 60.63275634300004 ], [ -151.075519147999984, 60.632726383000033 ], [ -151.075655745999967, 60.632719844000064 ], [ -151.075791059999972, 60.632727487000068 ], [ -151.07579639399998, 60.632727602000045 ], [ -151.075827570999962, 60.632725525000069 ], [ -151.075936970999976, 60.632724323000048 ], [ -151.076017922999966, 60.632715406000045 ], [ -151.076077378999969, 60.632702476000077 ], [ -151.076064435999967, 60.632684438000069 ], [ -151.07598572699996, 60.632668540000054 ], [ -151.075979416999957, 60.632657750000078 ], [ -151.075967756999972, 60.632625533000066 ], [ -151.075949145999971, 60.63258961400004 ], [ -151.075945805999964, 60.632569400000079 ], [ -151.075897546999983, 60.632516665000082 ], [ -151.075893416999975, 60.632496914000058 ], [ -151.075907531999974, 60.632485717000066 ], [ -151.075981853999963, 60.632469554000068 ], [ -151.076031474999979, 60.632484828000031 ], [ -151.076066552999976, 60.632499789000065 ], [ -151.076094998999963, 60.632507503000056 ], [ -151.076167396999978, 60.632512610000049 ], [ -151.076225252999961, 60.632517404000055 ], [ -151.076227495999973, 60.632492589000037 ], [ -151.076165892999967, 60.632448644000078 ], [ -151.076152949999965, 60.63243060700006 ], [ -151.076162144999984, 60.632409493000068 ], [ -151.076178608999982, 60.632388536000065 ], [ -151.076181492999979, 60.63235663100005 ], [ -151.076284899999962, 60.632341093000036 ], [ -151.076298803999975, 60.632348495000031 ], [ -151.076355696999968, 60.63236392500005 ], [ -151.076415152999971, 60.632350994000035 ], [ -151.076460063999974, 60.632337752000069 ], [ -151.076518878999963, 60.632331911000051 ], [ -151.076613412999961, 60.63233394100007 ], [ -151.076621646999968, 60.632323462000045 ], [ -151.076617256999981, 60.632291402000078 ], [ -151.076597683999978, 60.632266118000075 ], [ -151.076543032999979, 60.632225875000074 ], [ -151.076508595999968, 60.632203824000044 ], [ -151.076503885999983, 60.632175308000058 ], [ -151.076557031999982, 60.632151587000067 ], [ -151.076615526999973, 60.632149290000029 ], [ -151.076617127999981, 60.632131566000055 ], [ -151.076628242999959, 60.632089183000062 ], [ -151.076651659999982, 60.632071927000027 ], [ -151.076696571999975, 60.632058684000071 ], [ -151.076754104999964, 60.632067023000047 ], [ -151.07680500799998, 60.632068115000038 ], [ -151.076806929999975, 60.632046845000048 ], [ -151.076743725999961, 60.632020626000042 ], [ -151.07667859999998, 60.632015676000037 ], [ -151.076681802999957, 60.631980227000042 ], [ -151.076720403999957, 60.631956192000075 ], [ -151.076786170999981, 60.631954053000072 ], [ -151.07679472199996, 60.631940029000077 ], [ -151.076738149999983, 60.631921055000078 ], [ -151.076696121999959, 60.631902393000075 ], [ -151.076667354999984, 60.631898224000054 ], [ -151.076662004999974, 60.631876799000054 ], [ -151.07667878899997, 60.63185229700008 ], [ -151.076796099999967, 60.631844159000082 ], [ -151.07679737999996, 60.631829979000031 ], [ -151.076770215999971, 60.631808085000046 ], [ -151.076751601999973, 60.631772167000065 ], [ -151.076745932999984, 60.631754286000046 ], [ -151.076770309999972, 60.631726394000054 ], [ -151.076821530999979, 60.631723943000054 ], [ -151.076881305999962, 60.631707467000069 ], [ -151.076926858999968, 60.63168713400006 ], [ -151.076944923999974, 60.631648453000082 ], [ -151.076947805999964, 60.631616548000068 ], [ -151.076943096999969, 60.631588032000082 ], [ -151.076940309999969, 60.631538247000037 ], [ -151.076994093999957, 60.63150743500006 ], [ -151.077066490999982, 60.631512541000063 ], [ -151.077138244999958, 60.631524737000063 ], [ -151.077194496999965, 60.631547256000033 ], [ -151.077224863999959, 60.63153370100008 ], [ -151.07723533799998, 60.631498407000038 ], [ -151.077244851999978, 60.631473749000065 ], [ -151.077327080999964, 60.631450652000069 ], [ -151.077357448999976, 60.631437095000081 ], [ -151.077325893999983, 60.631383140000082 ], [ -151.077337007999972, 60.631340757000032 ], [ -151.077340850999974, 60.63129821800004 ], [ -151.077338060999978, 60.631248433000053 ], [ -151.077340943999957, 60.631216529000028 ], [ -151.077300671999978, 60.631181234000053 ], [ -151.077337195999974, 60.631177378000075 ], [ -151.077438996999973, 60.631179563000046 ], [ -151.077461132999957, 60.631176487000062 ], [ -151.077478556999978, 60.631144894000045 ], [ -151.07749726299997, 60.63109912200008 ], [ -151.077508375999969, 60.631056738000041 ], [ -151.077511577999957, 60.631021288000056 ], [ -151.077542584999975, 60.63100064300005 ], [ -151.077603958999958, 60.630966442000044 ], [ -151.077615393999963, 60.630920514000081 ], [ -151.077619555999973, 60.630874431000052 ], [ -151.077630990999978, 60.630828502000043 ], [ -151.07763355199998, 60.630800142000055 ], [ -151.077636432999981, 60.63076823800003 ], [ -151.077709786999975, 60.630762708000077 ], [ -151.077786572999969, 60.630799876000083 ], [ -151.077802395999981, 60.63078600800003 ], [ -151.077805276999982, 60.630754103000072 ], [ -151.077800887999985, 60.630722042000059 ], [ -151.077810399999976, 60.63069738400003 ], [ -151.077906209999981, 60.630685233000065 ], [ -151.077972293999977, 60.630679548000046 ], [ -151.077960632999975, 60.63064733200008 ], [ -151.077896790999972, 60.630628202000082 ], [ -151.077846849999958, 60.630616474000078 ], [ -151.077864915999982, 60.630577791000064 ], [ -151.077852611999958, 60.630552665000039 ], [ -151.077796681999956, 60.630526602000032 ], [ -151.077800203999971, 60.630487607000077 ], [ -151.077876120999974, 60.630453718000069 ], [ -151.077950753999971, 60.630434009000055 ], [ -151.077996944999967, 60.630406586000049 ], [ -151.078001426999975, 60.63035695700006 ], [ -151.077945496999973, 60.630330893000064 ], [ -151.077968910999971, 60.630313637000029 ], [ -151.078035313999976, 60.63030440700004 ], [ -151.078079902999974, 60.630294709000054 ], [ -151.078077112999978, 60.630244923000078 ], [ -151.07803540499998, 60.630222717000038 ], [ -151.078116991999963, 60.630206709000049 ], [ -151.078190344999967, 60.630201180000029 ], [ -151.078192265999974, 60.630179910000038 ], [ -151.078187553999982, 60.630151394000052 ], [ -151.078184445999966, 60.630105154000034 ], [ -151.078335633999984, 60.630044465000083 ], [ -151.078427370999975, 60.629996709000068 ], [ -151.078491943999978, 60.629927058000078 ], [ -151.078513207999976, 60.629852927000059 ], [ -151.078540782999966, 60.629789585000083 ], [ -151.07863722999997, 60.629770343000075 ], [ -151.078626526999983, 60.629727492000029 ], [ -151.078617499999979, 60.629672837000044 ], [ -151.078624055999967, 60.629674162000072 ], [ -151.078673996999981, 60.629685889000029 ], [ -151.078739436999967, 60.629687293000075 ], [ -151.078763810999959, 60.629659402000073 ], [ -151.078745198999968, 60.629623484000035 ], [ -151.078687986999967, 60.629611601000079 ], [ -151.078566618999957, 60.629584134000027 ], [ -151.078531542999968, 60.629569174000039 ], [ -151.078569819999984, 60.629548684000042 ], [ -151.078592911999976, 60.629534973000034 ], [ -151.078559756999965, 60.629498743000056 ], [ -151.078531311999967, 60.629491029000064 ], [ -151.078584770999981, 60.629463761000068 ], [ -151.078572788999963, 60.629435089000083 ], [ -151.078487775999974, 60.62940840300007 ], [ -151.078459971999962, 60.629393599000082 ], [ -151.078455260999959, 60.629365083000039 ], [ -151.078544754999967, 60.629342140000062 ], [ -151.078566247999959, 60.629346154000075 ], [ -151.078608595999981, 60.629361269000071 ], [ -151.078619067999966, 60.629325977000065 ], [ -151.078591903999978, 60.629304082000033 ] ] ] } },
{ "type": "Feature", "properties": { "OBJECTID": 30266, "ID": 75004400007407.0, "Shape_Length": 0.1675231529960492 }, "geometry": { "type": "MultiLineString", "coordinates": [ [ [ -150.185050164999979, 60.782839899000066 ], [ -150.18482510399997, 60.782843266000043 ], [ -150.184447703999979, 60.782794949000049 ], [ -150.18429782399997, 60.782783173000041 ], [ -150.183283571999965, 60.782698680000067 ], [ -150.182258340999965, 60.782706789000031 ], [ -150.18086942399998, 60.782814936000079 ], [ -150.180534168999969, 60.782854220000047 ], [ -150.180286992999982, 60.782885337000039 ], [ -150.180214930999966, 60.782892266000033 ], [ -150.179622276999964, 60.782935856000051 ], [ -150.179173425999977, 60.782993923000049 ], [ -150.178952670999962, 60.783037443000069 ], [ -150.17878346599997, 60.783100709000053 ], [ -150.178589679999959, 60.783189441000047 ], [ -150.178440018999964, 60.783360476000041 ], [ -150.178367928999961, 60.783468299000049 ], [ -150.178333356999957, 60.783668705000082 ], [ -150.17834454399997, 60.783846851000078 ], [ -150.17843372599998, 60.784003642000073 ], [ -150.178538492999962, 60.784074565000083 ], [ -150.178663513999965, 60.784156516000053 ], [ -150.178713632999973, 60.784233759000074 ], [ -150.178731209999967, 60.784312706000037 ], [ -150.178712728999983, 60.784377569000071 ], [ -150.178654918999968, 60.78446744300004 ], [ -150.178503223999968, 60.784598598000059 ], [ -150.178269196999963, 60.784780432000048 ], [ -150.178222027999965, 60.784810480000033 ], [ -150.178061734999972, 60.784931286000074 ], [ -150.177883506999962, 60.785001844000078 ], [ -150.177460574999969, 60.785106768000048 ], [ -150.177173958999958, 60.785136525000041 ], [ -150.176653753999972, 60.785166617000073 ], [ -150.176197034999973, 60.785198484000034 ], [ -150.175930762999968, 60.785235674000035 ], [ -150.175670729999979, 60.785279908000064 ], [ -150.17549873599998, 60.785357507000072 ], [ -150.175384388999959, 60.785426415000074 ], [ -150.175179029999981, 60.78560609200008 ], [ -150.175058862999975, 60.785843091000061 ], [ -150.174990648999966, 60.786119313000029 ], [ -150.174926907999975, 60.78635789100008 ], [ -150.174882727999972, 60.786435329000028 ], [ -150.17487159999996, 60.786528968000027 ], [ -150.174735640999984, 60.786661275000029 ], [ -150.174596029999975, 60.786740009000027 ], [ -150.174447581999971, 60.78680877100004 ], [ -150.174079434999982, 60.786871388000066 ], [ -150.173788870999971, 60.786955619000082 ], [ -150.173453752999961, 60.787077491000048 ], [ -150.172984391999961, 60.787317134000034 ], [ -150.172705728999972, 60.787469750000071 ], [ -150.172347170999984, 60.78762013100004 ], [ -150.172116517999967, 60.787706036000031 ], [ -150.171795018999973, 60.787881757000036 ], [ -150.171581066999977, 60.788079934000052 ], [ -150.171505196999959, 60.788296561000038 ], [ -150.171559731999963, 60.788511976000052 ], [ -150.171716629999963, 60.788793454000029 ], [ -150.171744664999977, 60.788978961000055 ], [ -150.171684543999959, 60.789147418000027 ], [ -150.171538573999982, 60.789279442000066 ], [ -150.171474744999983, 60.789327037000078 ], [ -150.171288076999957, 60.789410607000036 ], [ -150.17092660299997, 60.78949151900008 ], [ -150.170669585999974, 60.789548804000049 ], [ -150.17045932299996, 60.789607397000054 ], [ -150.170331182999973, 60.789698637000072 ], [ -150.170230163999975, 60.789824772000031 ], [ -150.17023779699997, 60.789957744000048 ], [ -150.170311371999958, 60.79006221700007 ], [ -150.17049585099997, 60.790154624000081 ], [ -150.170759158999971, 60.790241653000066 ], [ -150.171153004999979, 60.790283024000075 ], [ -150.171656854999981, 60.790319890000035 ], [ -150.172115444999974, 60.790408589000037 ], [ -150.172377861999962, 60.790503175000083 ], [ -150.172525528999984, 60.79062693000003 ], [ -150.172573059999962, 60.790720045000057 ], [ -150.172577484999977, 60.790797037000061 ], [ -150.172510040999981, 60.790969630000063 ], [ -150.172364065999972, 60.791079336000053 ], [ -150.172162188999977, 60.79119885700004 ], [ -150.171974396999957, 60.791265668000051 ], [ -150.171828419999969, 60.79137537400004 ], [ -150.171794695999978, 60.791461671000036 ], [ -150.171781952999964, 60.791524794000054 ], [ -150.171795821999979, 60.791576029000055 ], [ -150.171936467999984, 60.791715982000028 ], [ -150.172076147999974, 60.791856442000039 ], [ -150.172416942999973, 60.792088689000082 ], [ -150.172609378999965, 60.792271570000082 ], [ -150.173041168999958, 60.792593993000082 ], [ -150.173608240999982, 60.792941405000079 ], [ -150.173921659999962, 60.793274432000032 ], [ -150.174041297999963, 60.793405295000071 ], [ -150.174074988999962, 60.793500964000032 ], [ -150.174064625999961, 60.793588114000045 ], [ -150.173970620999967, 60.79368385500004 ], [ -150.173840191999972, 60.793833226000061 ], [ -150.17378865699996, 60.794013950000078 ], [ -150.173854598999981, 60.794154243000037 ], [ -150.173946886999971, 60.794262482000079 ], [ -150.174082218999956, 60.794324562000043 ], [ -150.17423684299996, 60.794350746000077 ], [ -150.174432351999968, 60.79434892900008 ], [ -150.174777011999964, 60.794292989000041 ], [ -150.175055153999978, 60.794227901000056 ], [ -150.175325810999965, 60.794162604000064 ], [ -150.175502311999963, 60.794131107000055 ], [ -150.175772251999973, 60.794135012000027 ], [ -150.175970500999966, 60.794173345000047 ], [ -150.176143699999983, 60.794232838000028 ], [ -150.176262769999965, 60.794305390000034 ], [ -150.176295513999975, 60.794319988000041 ], [ -150.176464773999982, 60.794438554000067 ], [ -150.176545539999978, 60.794595880000031 ], [ -150.176505702999975, 60.794702716000074 ], [ -150.176455506999957, 60.794816826000044 ], [ -150.176456100999957, 60.794914585000072 ], [ -150.176500002999973, 60.795007630000043 ], [ -150.176590718999961, 60.795066442000063 ], [ -150.176716074999973, 60.795090680000044 ], [ -150.176824925999966, 60.79509964500005 ], [ -150.176947703999957, 60.795094192000079 ], [ -150.177066850999978, 60.795067905000053 ], [ -150.177181313999967, 60.795029637000027 ], [ -150.177311807999956, 60.794959238000047 ], [ -150.177423339999962, 60.794894232000047 ], [ -150.177551727999969, 60.794841544000064 ], [ -150.177723101999959, 60.794809564000047 ], [ -150.177803025999964, 60.794807504000062 ], [ -150.17798270199998, 60.794812524000065 ], [ -150.178206588999984, 60.794888005000075 ], [ -150.178293993999972, 60.79497424300007 ], [ -150.178356353999959, 60.79508164300006 ], [ -150.178404478999965, 60.795308873000067 ], [ -150.178398299999969, 60.795723594000037 ], [ -150.178343859999984, 60.795848358000057 ], [ -150.178245644999976, 60.796043701000031 ], [ -150.178100454999964, 60.796213475000059 ], [ -150.178035944999976, 60.796405717000027 ], [ -150.178071600999971, 60.796596716000067 ], [ -150.178186162999964, 60.796684811000034 ], [ -150.178328517999972, 60.796749428000055 ], [ -150.178487487999973, 60.796814509000058 ], [ -150.178607793999959, 60.796854254000039 ], [ -150.17867490499998, 60.796920810000074 ], [ -150.178672352999968, 60.796942298000033 ], [ -150.178657251999965, 60.796967359000064 ], [ -150.178599350999974, 60.796995508000066 ], [ -150.178538805999978, 60.797014030000071 ], [ -150.178327766999956, 60.797036432000027 ], [ -150.178051703999984, 60.797044888000073 ], [ -150.177867023999966, 60.797055897000064 ], [ -150.177679471999966, 60.797091083000055 ], [ -150.177518275999972, 60.797114875000034 ], [ -150.177297183999968, 60.79722188900007 ], [ -150.177149251999964, 60.797274351000056 ], [ -150.176867919999978, 60.797327126000027 ], [ -150.176453186999964, 60.797380216000079 ], [ -150.176111782999982, 60.797447481000063 ], [ -150.175855847999969, 60.79749692200005 ], [ -150.175603910999968, 60.797582858000055 ], [ -150.17540342099997, 60.797726829000055 ], [ -150.174839316999964, 60.79805467500006 ], [ -150.174726784999962, 60.798108170000035 ], [ -150.17457690699996, 60.79814987900005 ], [ -150.17446749299998, 60.798205991000032 ], [ -150.174331864999971, 60.798320541000066 ], [ -150.174283128999974, 60.798406379000028 ], [ -150.174260732999983, 60.798486724000043 ], [ -150.174291012999959, 60.798556086000076 ], [ -150.17434160199997, 60.798616672000037 ], [ -150.174401913999958, 60.798649501000057 ], [ -150.174581243999967, 60.798707461000049 ], [ -150.17469325899998, 60.798754675000055 ], [ -150.174719384999975, 60.798774944000058 ], [ -150.174744210999961, 60.798849048000079 ], [ -150.174698796999962, 60.79890694900007 ], [ -150.174597751999983, 60.79900066700003 ], [ -150.174451167999962, 60.799099339000065 ], [ -150.174359473999971, 60.799168405000046 ], [ -150.174317876999964, 60.799248213000055 ], [ -150.174319972999967, 60.799338586000033 ], [ -150.174365270999971, 60.799389682000083 ], [ -150.174389889999958, 60.799452657000074 ], [ -150.174335490999965, 60.799532107000061 ], [ -150.174265950999967, 60.799576878000039 ], [ -150.174075540999979, 60.799612037000031 ], [ -150.173837250999981, 60.799617829000056 ], [ -150.17359440499996, 60.799607922000064 ], [ -150.173252477999966, 60.799567214000035 ], [ -150.172829684999982, 60.799558499000057 ], [ -150.17251274299997, 60.799577660000068 ], [ -150.172139797999961, 60.799635739000053 ], [ -150.171901997999981, 60.799691370000062 ], [ -150.171802158999981, 60.799720917000059 ], [ -150.171427620999964, 60.799865256000032 ], [ -150.171089741999964, 60.800073644000065 ], [ -150.170976213999978, 60.800230187000068 ], [ -150.170895579999979, 60.800339440000073 ], [ -150.170827136999975, 60.80040311700003 ], [ -150.170684546999979, 60.800464719000047 ], [ -150.170579938999964, 60.800491309000051 ], [ -150.170349208999966, 60.800497967000069 ], [ -150.169965782999981, 60.800480673000038 ], [ -150.169629540999978, 60.800464699000031 ], [ -150.169253245999982, 60.800444322000033 ], [ -150.168945258999969, 60.80047505400006 ], [ -150.168682892999982, 60.800520181000081 ], [ -150.168485597999961, 60.800586808000048 ], [ -150.168354146999974, 60.800668398000028 ], [ -150.168285038999983, 60.800794370000062 ], [ -150.16824082499997, 60.800881684000046 ], [ -150.168113776999974, 60.800983075000033 ], [ -150.167988286999957, 60.80107139100005 ], [ -150.167882626999983, 60.80116354300003 ], [ -150.167818188999973, 60.801250289000052 ], [ -150.167777598999976, 60.80136394200008 ], [ -150.167805970999979, 60.801466408000067 ], [ -150.167849381999957, 60.801556176000076 ], [ -150.167853906999966, 60.801631735000058 ], [ -150.167859990999972, 60.801694221000048 ], [ -150.16779192499996, 60.801754629000072 ], [ -150.167739677999975, 60.801795800000036 ], [ -150.167635064999956, 60.801822387000072 ], [ -150.167505434999981, 60.801831874000072 ], [ -150.167317084999979, 60.801823318000061 ], [ -150.167144552999957, 60.801795525000045 ], [ -150.167037091999958, 60.801789236000047 ], [ -150.166914200999969, 60.801798910000059 ], [ -150.166838106999961, 60.801813176000053 ], [ -150.166705071999957, 60.801886594000052 ], [ -150.166697663999969, 60.80189791600003 ], [ -150.166691119999967, 60.802006716000051 ], [ -150.166642107999962, 60.802090508000049 ], [ -150.16654696599997, 60.802179314000057 ], [ -150.166510056999982, 60.80221613100008 ], [ -150.166431625999962, 60.802273864000028 ], [ -150.16633262299996, 60.802340484000069 ], [ -150.166306428999974, 60.802396525000063 ], [ -150.166298095999963, 60.802444100000059 ], [ -150.166319248999969, 60.802507284000058 ], [ -150.166343795999978, 60.802574211000035 ], [ -150.166329444999974, 60.802640048000058 ], [ -150.166285470999981, 60.802666245000069 ], [ -150.166193178999976, 60.80269919300008 ], [ -150.166100029999967, 60.802709321000066 ], [ -150.165908650999967, 60.802732346000028 ], [ -150.165762651999984, 60.802756642000077 ], [ -150.165647570999965, 60.802794421000044 ], [ -150.165581352999965, 60.802858806000074 ], [ -150.165530837999967, 60.802955171000065 ], [ -150.165454389999979, 60.803050810000059 ], [ -150.165355007999977, 60.803120572000068 ], [ -150.165253264999961, 60.803155571000048 ], [ -150.165055024999958, 60.803181558000063 ], [ -150.164789966999962, 60.803167818000077 ], [ -150.164574788999971, 60.803117626000073 ], [ -150.16445648399997, 60.803073304000065 ], [ -150.16435253299997, 60.802963144000046 ], [ -150.164317163999982, 60.802823365000052 ], [ -150.164236410999962, 60.802682313000048 ], [ -150.164167986999956, 60.802601538000033 ], [ -150.164034732999966, 60.802518945000031 ], [ -150.163864191999977, 60.802476312000067 ], [ -150.16361510699997, 60.802437784000062 ], [ -150.163366129999957, 60.802452882000068 ], [ -150.163205290999969, 60.802492531000041 ], [ -150.162900807999961, 60.802591235000079 ], [ -150.162618022999965, 60.802671622000048 ], [ -150.162348575999971, 60.802749230000074 ], [ -150.162094346999965, 60.802808336000055 ], [ -150.161854956999974, 60.802852089000055 ], [ -150.161665179999972, 60.802916158000073 ], [ -150.161598873999964, 60.802937248000035 ], [ -150.161295248999977, 60.80310922700005 ], [ -150.161151751999967, 60.803156148000028 ], [ -150.160924310999974, 60.803191161000029 ], [ -150.160766103999975, 60.803196274000072 ], [ -150.160639378999974, 60.803157691000081 ], [ -150.160544133999963, 60.803075413000045 ], [ -150.160499627999968, 60.802953163000041 ], [ -150.160481676999979, 60.802828475000069 ], [ -150.160435381999974, 60.802776227000038 ], [ -150.160265876999972, 60.802710970000078 ], [ -150.159946606999966, 60.802635140000064 ], [ -150.159712518999982, 60.802615833000061 ], [ -150.159535817999966, 60.80261087100007 ], [ -150.159389564999969, 60.802625871000032 ], [ -150.159292637999982, 60.802667729000063 ], [ -150.159185753999964, 60.802737965000063 ], [ -150.159146211999968, 60.802794170000027 ], [ -150.159154097999959, 60.802893102000041 ], [ -150.159261772999969, 60.803036231000078 ], [ -150.159422562999964, 60.803174483000078 ], [ -150.159643873999983, 60.803355827000075 ], [ -150.159832845999972, 60.803533081000069 ], [ -150.159957128999963, 60.80370214800007 ], [ -150.159974594999966, 60.803775875000042 ], [ -150.159968212999956, 60.803829336000035 ], [ -150.159933364999972, 60.803888475000065 ], [ -150.159843253999981, 60.803940952000062 ], [ -150.159703642999972, 60.804010270000049 ], [ -150.159568200999956, 60.804044679000071 ], [ -150.159380398999957, 60.804077617000075 ], [ -150.159269139999964, 60.80407449300003 ], [ -150.159147819999959, 60.804045614000074 ], [ -150.159027533999961, 60.803953079000053 ], [ -150.158974212999965, 60.803849687000081 ], [ -150.158888167999976, 60.803745375000062 ], [ -150.158751385999977, 60.803681035000068 ], [ -150.15855996999997, 60.803634265000028 ], [ -150.158402897999963, 60.803629854000064 ], [ -150.158233113999984, 60.803621902000032 ], [ -150.158086477999973, 60.803640074000043 ], [ -150.157950654999979, 60.803677655000058 ], [ -150.157858371999964, 60.803735563000032 ], [ -150.157790751999983, 60.803806900000041 ], [ -150.15774541899998, 60.803856575000054 ], [ -150.15772095799997, 60.803951415000029 ], [ -150.15771580699996, 60.80399453900003 ], [ -150.157834929999979, 60.804233599000042 ], [ -150.15786564299998, 60.804349773000069 ], [ -150.157798351999958, 60.80447760800007 ], [ -150.157627370999961, 60.804602531000057 ], [ -150.157412690999962, 60.804657760000055 ], [ -150.157023686999963, 60.804679264000072 ], [ -150.156689101999973, 60.804680675000043 ], [ -150.156299125999965, 60.80464809800003 ], [ -150.156035062999962, 60.804619059000061 ], [ -150.155709172999963, 60.804609901000049 ], [ -150.155456490999967, 60.804610008000054 ], [ -150.155176865999977, 60.804648994000047 ], [ -150.155045372999979, 60.804692144000057 ], [ -150.154933951999965, 60.804753875000074 ], [ -150.154896168999983, 60.804821279000066 ], [ -150.154901108999979, 60.804904297000064 ], [ -150.154978397999969, 60.805003763000059 ], [ -150.155060837999969, 60.80506013300004 ], [ -150.155304078999961, 60.80513903800005 ], [ -150.155505027999965, 60.805198738000058 ], [ -150.15572261899996, 60.80530574900007 ], [ -150.15586227999998, 60.805443001000071 ], [ -150.155902648999984, 60.805602688000079 ], [ -150.155852739999972, 60.805709390000061 ], [ -150.155768797999968, 60.805789911000033 ], [ -150.155621199999956, 60.805843419000041 ], [ -150.155498826999974, 60.805872412000042 ], [ -150.155253110999979, 60.80587631700007 ], [ -150.155017378999958, 60.805858883000042 ], [ -150.154903161999982, 60.80581963700007 ], [ -150.15475405899997, 60.805761394000058 ], [ -150.154664638999975, 60.805701225000064 ], [ -150.154566846999984, 60.805586769000058 ], [ -150.154466908999979, 60.805490270000064 ], [ -150.154384895999982, 60.805430310000077 ], [ -150.154242342999964, 60.805379458000061 ], [ -150.154147343999966, 60.805365976000076 ], [ -150.153985253999963, 60.805354212000054 ], [ -150.153872004999982, 60.805369046000067 ], [ -150.153710022999974, 60.805418544000077 ], [ -150.153587753999972, 60.805508797000073 ], [ -150.153467739999968, 60.805642356000078 ], [ -150.153380785999957, 60.805748015000063 ], [ -150.153318858999967, 60.80590856300006 ], [ -150.153300951999967, 60.806028598000069 ], [ -150.153229941999967, 60.806145187000027 ], [ -150.153136912999969, 60.806241392000061 ], [ -150.153022333999957, 60.806313274000047 ], [ -150.152821204999981, 60.806359006000037 ], [ -150.152647749999971, 60.806377846000032 ], [ -150.152486661999973, 60.806361457000037 ], [ -150.152381978999983, 60.806350608000059 ], [ -150.152225603999966, 60.806294822000041 ], [ -150.152071586999966, 60.806219340000041 ], [ -150.151936645999967, 60.806120676000035 ], [ -150.151819483999958, 60.806077851000055 ], [ -150.151701850999984, 60.806038967000063 ], [ -150.151575149999957, 60.806007734000048 ], [ -150.151437495999971, 60.805999908000047 ], [ -150.151288416999961, 60.806019432000028 ], [ -150.15112979899996, 60.806050545000062 ], [ -150.151018044999972, 60.806098788000043 ], [ -150.15089580999998, 60.806166501000064 ], [ -150.15080465799997, 60.806246946000044 ], [ -150.150715974999969, 60.806374895000033 ], [ -150.150705131999956, 60.806465507000041 ], [ -150.15073926599996, 60.806589005000035 ], [ -150.150944971999962, 60.806709425000065 ], [ -150.151451537999975, 60.806972705000078 ], [ -150.151700703999978, 60.807070629000066 ], [ -150.151787366999969, 60.807163982000077 ], [ -150.151818095999971, 60.80724785600006 ], [ -150.151818677999984, 60.80731111800003 ], [ -150.151794886999966, 60.807373694000034 ], [ -150.151712801999963, 60.807446490000075 ], [ -150.151642142999975, 60.807491936000076 ], [ -150.151483518999981, 60.807523050000043 ], [ -150.151278025999972, 60.807537035000053 ], [ -150.151041917999976, 60.807534345000079 ], [ -150.150714436999976, 60.807477698000071 ], [ -150.150404618999971, 60.807409688000064 ], [ -150.150299933999975, 60.807398837000051 ], [ -150.150161801999957, 60.807394950000059 ], [ -150.149989282999968, 60.807405908000078 ], [ -150.14990567199996, 60.807423319000065 ], [ -150.149794383999961, 60.807467622000047 ], [ -150.149674005999969, 60.807522650000067 ], [ -150.149566393999976, 60.807632739000042 ], [ -150.149414966999984, 60.807852851000064 ], [ -150.149314619999984, 60.808008498000049 ], [ -150.149246962999968, 60.808113441000046 ], [ -150.149128112999961, 60.808185780000031 ], [ -150.148927430999976, 60.808251362000078 ], [ -150.148768668999963, 60.808273606000057 ], [ -150.148521577999958, 60.808266650000064 ], [ -150.148360569999966, 60.808230954000067 ], [ -150.148147310999974, 60.808171526000081 ], [ -150.14802715999997, 60.808101364000038 ], [ -150.147912442999967, 60.808062519000032 ], [ -150.147814964999981, 60.808033063000039 ], [ -150.147661517999978, 60.808010935000027 ], [ -150.147495727999967, 60.808015171000079 ], [ -150.147346646999978, 60.80803323300006 ], [ -150.147107231999968, 60.808115531000055 ], [ -150.146864092999976, 60.808228887000041 ], [ -150.146419315999964, 60.808492382000054 ], [ -150.146099882999977, 60.808705983000038 ], [ -150.14589558299997, 60.808878307000043 ], [ -150.145775771999979, 60.809035204000054 ], [ -150.145735022999958, 60.809145355000055 ], [ -150.145728867999964, 60.809349972000064 ], [ -150.145758786999977, 60.809560057000056 ], [ -150.145785402999962, 60.809721077000063 ], [ -150.145766680999969, 60.809800686000074 ], [ -150.145649855999977, 60.80994739700003 ], [ -150.145326418999957, 60.810168148000059 ], [ -150.145046475999976, 60.810244906000037 ], [ -150.14504241399996, 60.810245183000063 ], [ -150.144249710999958, 60.810216306000029 ], [ -150.143718188999969, 60.810307957000077 ], [ -150.143144265999979, 60.810508596000034 ], [ -150.142304399999972, 60.810787040000037 ], [ -150.142229645999976, 60.810806477000028 ], [ -150.14198413799997, 60.810874693000073 ], [ -150.141487732999963, 60.81093557500003 ], [ -150.141205521999979, 60.810927617000061 ], [ -150.140918018999969, 60.810910149000051 ], [ -150.140641406999976, 60.810855548000063 ], [ -150.140315723999976, 60.810780843000032 ], [ -150.139985800999966, 60.810634259000039 ], [ -150.139727617999966, 60.81053337600008 ], [ -150.139429462999971, 60.810443846000055 ], [ -150.138875880999962, 60.810337747000062 ], [ -150.138290298999976, 60.810283783000045 ], [ -150.137584790999966, 60.810263870000028 ], [ -150.137206383999967, 60.810253188000047 ], [ -150.136886071999982, 60.810241024000049 ], [ -150.136656672999976, 60.810222067000041 ], [ -150.136409155999957, 60.810193239000057 ], [ -150.136213320999957, 60.810162749000028 ], [ -150.135984233999977, 60.810087642000042 ], [ -150.135781922999968, 60.810003929000061 ], [ -150.135610872999962, 60.809874299000057 ], [ -150.135326932999959, 60.809666604000029 ], [ -150.135096608999959, 60.809494740000048 ], [ -150.134978426999965, 60.80940716200007 ], [ -150.134880294999959, 60.809366950000083 ], [ -150.134676870999982, 60.809292565000078 ], [ -150.134536424999965, 60.809250107000082 ], [ -150.134241841999966, 60.809208777000038 ], [ -150.134006147999969, 60.809199247000038 ], [ -150.133801735999981, 60.80922504800003 ], [ -150.133571706999959, 60.809316150000029 ], [ -150.133345912999971, 60.809470524000062 ], [ -150.133154781999963, 60.809582818000081 ], [ -150.13295631699998, 60.809657587000061 ], [ -150.132699874999958, 60.809722105000048 ], [ -150.132313901999964, 60.809731290000059 ], [ -150.131947988999968, 60.809672145000036 ], [ -150.131582420999962, 60.809610139000029 ], [ -150.130296647999984, 60.809519238000064 ], [ -150.12934792599998, 60.809432120000054 ], [ -150.128919568999976, 60.809399907000056 ], [ -150.128588427999972, 60.809396280000044 ], [ -150.128416892999979, 60.809421382000039 ], [ -150.128112884999979, 60.809488729000066 ], [ -150.127693558999965, 60.809575965000079 ], [ -150.127423626999956, 60.809620791000043 ], [ -150.127200928999969, 60.809672784000043 ], [ -150.126989863999967, 60.80972802000008 ], [ -150.126863033999967, 60.809782726000037 ], [ -150.126723518999967, 60.809842902000071 ], [ -150.126624240999973, 60.809968342000047 ], [ -150.126539436999963, 60.810123341000065 ], [ -150.126464168999973, 60.81029901200003 ], [ -150.126390998999966, 60.810457255000074 ], [ -150.126418945999973, 60.810574637000059 ], [ -150.12656817499996, 60.810733345000074 ], [ -150.126674718999965, 60.81084712300003 ], [ -150.126769277999983, 60.810960562000048 ], [ -150.126802124999983, 60.811037276000036 ], [ -150.126806413999958, 60.811101523000048 ], [ -150.126768757999969, 60.81116458300005 ], [ -150.126704638999968, 60.811197745000072 ], [ -150.126571064999979, 60.811208538000074 ], [ -150.126463907999977, 60.811199675000069 ], [ -150.126204238999975, 60.81117572200003 ], [ -150.125919728999975, 60.811172430000056 ], [ -150.125316607999963, 60.811233832000028 ], [ -150.12487519299998, 60.811296671000036 ], [ -150.124575370999963, 60.811366659000043 ], [ -150.124529382999981, 60.811376726000049 ], [ -150.124367777999964, 60.811423563000062 ], [ -150.124121842999983, 60.811476241000037 ], [ -150.123673215999958, 60.811545151000075 ], [ -150.123248092999972, 60.811580195000033 ], [ -150.122923518999983, 60.811582863000069 ], [ -150.122660088999965, 60.811569813000062 ], [ -150.122404974999966, 60.811537470000076 ], [ -150.122055323999973, 60.811483613000064 ], [ -150.121686693999976, 60.811426077000078 ], [ -150.121311610999982, 60.811368358000038 ], [ -150.121100541999965, 60.811346680000042 ], [ -150.120946039999978, 60.811339161000035 ], [ -150.12073081799997, 60.81135189400004 ], [ -150.120492462999977, 60.811395363000031 ], [ -150.120334981999974, 60.811466239000083 ], [ -150.120172589999981, 60.811577784000065 ], [ -150.120005667999976, 60.81172687000003 ], [ -150.11983036999996, 60.811838050000063 ], [ -150.119663409999959, 60.811933769000063 ], [ -150.11929186499998, 60.812061357000061 ], [ -150.119073911999976, 60.812117230000069 ], [ -150.118881808999959, 60.812188602000049 ], [ -150.118728883999978, 60.812304052000059 ], [ -150.118684593999973, 60.812415096000052 ], [ -150.118650291999984, 60.812571344000048 ], [ -150.118684757999972, 60.812669647000064 ], [ -150.118639115999969, 60.812791883000045 ], [ -150.118554096999958, 60.812920488000032 ], [ -150.118477632999969, 60.812978213000065 ], [ -150.118312952999958, 60.813127018000046 ], [ -150.11815821899998, 60.813257389000057 ], [ -150.118064599999968, 60.81339323800006 ], [ -150.118033446999959, 60.813523370000041 ], [ -150.118051210999965, 60.81369606700008 ], [ -150.118110192999978, 60.813911111000039 ], [ -150.118183768999984, 60.814071954000042 ], [ -150.118425680999962, 60.814310376000037 ], [ -150.118549020999978, 60.814485829000034 ], [ -150.118550691999957, 60.814689672000043 ], [ -150.118514963999957, 60.814822401000072 ], [ -150.118418395999981, 60.81496932500005 ], [ -150.11833140799996, 60.815036914000075 ], [ -150.118245567999963, 60.815094982000062 ], [ -150.118094640999971, 60.815148018000059 ], [ -150.117738082999978, 60.815217512000061 ], [ -150.115918986999958, 60.815430193000054 ], [ -150.115063321999969, 60.815498252000054 ], [ -150.114734827999968, 60.815498479000041 ], [ -150.114430194999983, 60.815464356000064 ], [ -150.114173306999959, 60.815415664000056 ], [ -150.113950302999967, 60.815358383000046 ], [ -150.113787755999965, 60.815290080000068 ], [ -150.113583600999959, 60.815185567000071 ], [ -150.113317022999979, 60.814999673000045 ], [ -150.113009249999976, 60.814828531000046 ], [ -150.11268726199998, 60.814720669000053 ], [ -150.112410740999962, 60.814671417000056 ], [ -150.112106884999974, 60.814630941000075 ], [ -150.111922809999982, 60.814632080000081 ], [ -150.111744131999984, 60.814642925000044 ], [ -150.111443774999969, 60.81468215700005 ], [ -150.111285307999964, 60.814713747000042 ], [ -150.110953197999976, 60.814847670000063 ], [ -150.110590551999962, 60.814957684000035 ], [ -150.110261298999973, 60.815019625000048 ], [ -150.109998324999964, 60.815065625000045 ], [ -150.109666355999963, 60.815074014000061 ], [ -150.109299886999963, 60.815063595000083 ], [ -150.108898385999964, 60.815038811000079 ], [ -150.108485572999967, 60.815031529000066 ], [ -150.108066847999964, 60.815073096000049 ], [ -150.107706340999982, 60.815165337000053 ], [ -150.107380305999982, 60.815200625000045 ], [ -150.107240191999978, 60.815218922000042 ], [ -150.106879658999958, 60.815235404000077 ], [ -150.106613968999966, 60.815227845000038 ], [ -150.106228081999973, 60.815150022000068 ], [ -150.105941898999959, 60.815083947000062 ], [ -150.105787225999961, 60.815070633000062 ], [ -150.10559268199998, 60.815082921000055 ], [ -150.105539879999981, 60.815139350000038 ], [ -150.105555533999961, 60.815237835000062 ], [ -150.10570106199998, 60.815326645000027 ], [ -150.105994256999963, 60.815410745000065 ], [ -150.106295557999971, 60.815579745000036 ], [ -150.10638665899998, 60.815662549000081 ], [ -150.106427647999965, 60.815779580000083 ], [ -150.10641095699998, 60.81584149300005 ], [ -150.106309657999958, 60.815918823000061 ], [ -150.106158764999975, 60.815950181000062 ], [ -150.105938880999958, 60.815943924000067 ], [ -150.105648925999958, 60.815908935000039 ], [ -150.105273270999959, 60.815822488000038 ], [ -150.104911099999981, 60.815776530000051 ], [ -150.104586114999961, 60.815727173000028 ], [ -150.104288618999959, 60.815678598000034 ], [ -150.104139861999982, 60.81561643200007 ], [ -150.104087049999976, 60.81557650600007 ], [ -150.103997349999958, 60.815544695000028 ], [ -150.103862284999963, 60.815449025000078 ], [ -150.103799223999971, 60.815364293000073 ], [ -150.103789896999956, 60.815289975000042 ], [ -150.103785227999964, 60.815227639000057 ], [ -150.10378843899997, 60.815150717000051 ], [ -150.103751882999973, 60.815048966000063 ], [ -150.103703156999984, 60.814997223000034 ], [ -150.103651210999971, 60.814972048000072 ], [ -150.103574547999983, 60.814949131000049 ], [ -150.103462925999963, 60.814936155000055 ], [ -150.103450458999959, 60.814932815000077 ], [ -150.103278001999968, 60.81491453600006 ], [ -150.102972977999968, 60.814928132000034 ], [ -150.102700833999961, 60.814973857000041 ], [ -150.102478273999964, 60.815065557000082 ], [ -150.102368883999958, 60.815133742000057 ], [ -150.102276739999979, 60.815211331000057 ], [ -150.102247748999957, 60.815249812000047 ], [ -150.102215067999964, 60.815286515000082 ], [ -150.102185283999972, 60.815385940000056 ], [ -150.102207466999971, 60.81544673500008 ], [ -150.102243159999972, 60.815493590000074 ], [ -150.102370669999971, 60.815563116000078 ], [ -150.102448977999984, 60.815599725000027 ], [ -150.102536990999965, 60.815653800000064 ], [ -150.102564025999982, 60.815723330000083 ], [ -150.102579280999976, 60.815792522000038 ], [ -150.102573396999958, 60.815841059000036 ], [ -150.102481015999956, 60.815934473000027 ], [ -150.102440366999957, 60.815963329000056 ], [ -150.102284115999964, 60.816033366000056 ], [ -150.102022531999978, 60.816094674000055 ], [ -150.101752629999964, 60.81612709500007 ], [ -150.101531230999967, 60.816149438000082 ], [ -150.101242264999968, 60.816144071000053 ], [ -150.101066599999967, 60.816130471000065 ], [ -150.100889542999965, 60.816079588000036 ], [ -150.100732581999978, 60.816009222000048 ], [ -150.100628286999978, 60.815943221000055 ], [ -150.100532652999959, 60.815854547000072 ], [ -150.100398560999963, 60.815790563000064 ], [ -150.100209727999982, 60.815739343000075 ], [ -150.100047574999962, 60.815711802000067 ], [ -150.099863944999981, 60.815715164000039 ], [ -150.09968308599997, 60.815744389000031 ], [ -150.099606976999979, 60.815780831000041 ], [ -150.099462734999975, 60.815904275000037 ], [ -150.099321036999982, 60.816146623000066 ], [ -150.099077129999984, 60.816598062000082 ], [ -150.098915423999983, 60.816821744000038 ], [ -150.098684204999984, 60.817103562000057 ], [ -150.098313217999959, 60.817380899000057 ], [ -150.098199930999982, 60.817497761000027 ], [ -150.098021874999972, 60.817646269000079 ], [ -150.097959427999967, 60.817767791000051 ], [ -150.097957562999966, 60.817914161000033 ], [ -150.097932863999972, 60.818117676000043 ], [ -150.097930067999982, 60.818337230000054 ], [ -150.09793845699997, 60.818464624000057 ], [ -150.097888591999975, 60.818547974000069 ], [ -150.097815422999957, 60.818626806000054 ], [ -150.097676079999957, 60.818726869000045 ], [ -150.097518091999973, 60.818784015000062 ], [ -150.09734472599996, 60.818836870000041 ], [ -150.097134075999975, 60.818869396000082 ], [ -150.096909445999984, 60.818886109000061 ], [ -150.096765440999974, 60.818893562000028 ], [ -150.096592542999957, 60.818877071000031 ], [ -150.096436887999971, 60.818849513000032 ], [ -150.09632597099997, 60.818846349000069 ], [ -150.096205732999977, 60.818854480000027 ], [ -150.096114854999968, 60.81888271300005 ], [ -150.096051003999975, 60.818950249000068 ], [ -150.09603003099997, 60.818992036000054 ], [ -150.096027659999976, 60.819048471000031 ], [ -150.096077865999973, 60.819123350000041 ], [ -150.096099926999983, 60.819136599000046 ], [ -150.096184880999971, 60.819168479000041 ], [ -150.096378634999979, 60.819239392000043 ], [ -150.096398164999982, 60.81925102200006 ], [ -150.096445720999981, 60.819268697000041 ], [ -150.096543037999965, 60.819339951000075 ], [ -150.096591900999982, 60.819402977000038 ], [ -150.096618401999962, 60.81947563600005 ], [ -150.09660195799998, 60.819582213000047 ], [ -150.096559587999963, 60.819669125000075 ], [ -150.096412563999962, 60.819832707000046 ], [ -150.096265125999963, 60.819941493000044 ], [ -150.096038173999972, 60.820065131000035 ], [ -150.095857603999974, 60.820155850000049 ], [ -150.095738743999959, 60.820203820000074 ], [ -150.09555982699996, 60.82033909900008 ], [ -150.095516745999959, 60.820461133000038 ], [ -150.09553453999996, 60.820663655000033 ], [ -150.095600795999957, 60.820757993000029 ], [ -150.095678235999969, 60.820818409000083 ], [ -150.095757333999984, 60.82086517700003 ], [ -150.095874950999956, 60.820885652000072 ], [ -150.09612053799998, 60.820899506000046 ], [ -150.096289510999981, 60.820904324000082 ], [ -150.096387662999973, 60.820910548000029 ], [ -150.096475459999965, 60.82094386700004 ], [ -150.096510661999957, 60.821003079000036 ], [ -150.096537576999964, 60.821072326000035 ], [ -150.096533434999969, 60.821106447000034 ], [ -150.096492017999964, 60.821156625000071 ], [ -150.096424093999957, 60.821192352000082 ], [ -150.096036028999976, 60.821304547000068 ], [ -150.095726238999958, 60.821353919000046 ], [ -150.095324921999975, 60.821400679000078 ], [ -150.095083613999975, 60.821445506000032 ], [ -150.094892320999975, 60.821532259000037 ], [ -150.094771231999971, 60.821587497000053 ], [ -150.094662360999962, 60.821708299000079 ], [ -150.094617382999957, 60.821857009000041 ], [ -150.094629201999965, 60.821981254000036 ], [ -150.094629586999957, 60.822088869000027 ], [ -150.094639437999973, 60.822173930000076 ], [ -150.09459289199998, 60.822224773000073 ], [ -150.094514396999983, 60.822261662000074 ], [ -150.094405536999972, 60.822271599000032 ], [ -150.09436159599997, 60.822272369000075 ], [ -150.094213064999963, 60.82224980400008 ], [ -150.094103815999972, 60.82220755700007 ], [ -150.093893208999958, 60.822113508000029 ], [ -150.093495659999974, 60.821952167000063 ], [ -150.093088637999983, 60.821868815000073 ], [ -150.092481325999984, 60.821780624000041 ], [ -150.092213848999961, 60.821759063000059 ], [ -150.091903456999972, 60.821711071000038 ], [ -150.091623044999977, 60.821637850000059 ], [ -150.091161994999965, 60.82155620900005 ], [ -150.090707245999965, 60.821533439000063 ], [ -150.090306914999957, 60.821561134000035 ], [ -150.090005194999975, 60.821552515000064 ], [ -150.089850982999963, 60.821548109000048 ], [ -150.089571746999979, 60.821520568000039 ], [ -150.08919116499996, 60.821441218000075 ], [ -150.088973461999984, 60.821405650000031 ], [ -150.088759695999983, 60.821393021000063 ], [ -150.088545140999969, 60.821386890000042 ], [ -150.088394866999977, 60.821405420000076 ], [ -150.088233537999969, 60.821459504000075 ], [ -150.08812955999997, 60.821525529000041 ], [ -150.08802195399997, 60.82161986300008 ], [ -150.087955187999967, 60.821728764000056 ], [ -150.087906391999979, 60.821813239000051 ], [ -150.087835918999957, 60.821885894000047 ], [ -150.087768165999961, 60.821936225000059 ], [ -150.087653443999983, 60.82199268200003 ], [ -150.087519311999984, 60.82201871500007 ], [ -150.087182408999979, 60.822065087000055 ], [ -150.086788141999961, 60.822139686000071 ], [ -150.086527099999984, 60.822195691000047 ], [ -150.086294047999957, 60.822274896000067 ], [ -150.086162609999974, 60.822342074000062 ], [ -150.086091225999979, 60.822422169000049 ], [ -150.086032934999963, 60.822521306000056 ], [ -150.085994953999972, 60.822643424000034 ], [ -150.085962410999969, 60.822720896000078 ], [ -150.085908193999984, 60.822786548000067 ], [ -150.085856693999972, 60.822829877000061 ], [ -150.085748283999976, 60.822897713000032 ], [ -150.085672822999982, 60.822920224000029 ], [ -150.085557604999963, 60.822945608000055 ], [ -150.085175637999981, 60.822975087000032 ], [ -150.085020879999973, 60.823003529000061 ], [ -150.084906433999976, 60.823041642000078 ], [ -150.084804338999959, 60.823120858000038 ], [ -150.084676464999973, 60.823285207000083 ], [ -150.08459601499996, 60.823439711000049 ], [ -150.084539528999983, 60.823523965000049 ], [ -150.084477175999979, 60.82359311700003 ], [ -150.084403547999983, 60.823628346000078 ], [ -150.084285215999984, 60.823651095000059 ], [ -150.084137986999963, 60.823658084000044 ], [ -150.083976760999974, 60.823653471000057 ], [ -150.083888258999963, 60.823621072000037 ], [ -150.083823694999978, 60.823581890000071 ], [ -150.083753718999958, 60.823523886000032 ], [ -150.083727865999975, 60.823494636000078 ], [ -150.083611285999979, 60.82341714100005 ], [ -150.083569066999956, 60.823395398000059 ], [ -150.083399742999973, 60.823330818000045 ], [ -150.083256140999964, 60.823308042000065 ], [ -150.083155883999979, 60.823308906000079 ], [ -150.082991938999982, 60.823326616000031 ], [ -150.082887031999974, 60.823348391000081 ], [ -150.08262382199996, 60.823439286000053 ], [ -150.082445853999957, 60.82350886200004 ], [ -150.082325251999976, 60.823550212000043 ], [ -150.082175756999959, 60.823575800000071 ], [ -150.082158719999967, 60.823579985000038 ], [ -150.081998882999983, 60.823596872000053 ], [ -150.081972970999971, 60.823596131000045 ], [ -150.081827101999977, 60.82359195600003 ], [ -150.081719165999971, 60.823592599000051 ], [ -150.081623861999958, 60.823616006000066 ], [ -150.08151093799998, 60.823657574000038 ], [ -150.081437306999959, 60.82369280100005 ], [ -150.081369991999964, 60.82373941000003 ], [ -150.081322806999964, 60.823809779000044 ], [ -150.081315121999978, 60.823872807000043 ], [ -150.081338341999981, 60.82403561600006 ], [ -150.081369472999967, 60.824117804000082 ], [ -150.08138686099997, 60.824260243000083 ], [ -150.081373143999969, 60.824332024000057 ], [ -150.081321604999971, 60.824388289000069 ], [ -150.081261924999978, 60.824429885000029 ], [ -150.081175773999973, 60.824444259000074 ], [ -150.081106918999978, 60.82444662100005 ], [ -150.08103150499997, 60.824441196000066 ], [ -150.080945296999971, 60.824420820000057 ], [ -150.08083472499996, 60.824391190000028 ], [ -150.080759660999973, 60.824355360000027 ], [ -150.080679941999961, 60.824316990000057 ], [ -150.080571416999959, 60.824270579000029 ], [ -150.080439594999973, 60.824252369000078 ], [ -150.080340649999982, 60.824249536000082 ], [ -150.08024548299997, 60.824256434000063 ], [ -150.08018712599997, 60.82426679200006 ] ] ] } },
{ "type": "Feature", "properties": { "OBJECTID": 30333, "ID": 75004400003768.0, "Shape_Length": 0.031945557436555402 }, "geometry": { "type": "MultiLineString", "coordinates": [ [ [ -149.444634468999965, 60.765455683000027 ], [ -149.444476571999957, 60.765622325000038 ], [ -149.444169036999966, 60.765724696000063 ], [ -149.443553497999972, 60.765846432000046 ], [ -149.443163389999967, 60.765928264000081 ], [ -149.442815210999981, 60.766058916000077 ], [ -149.442513137999981, 60.76620888900004 ], [ -149.442306345999981, 60.766365007000047 ], [ -149.442122265999984, 60.766468530000054 ], [ -149.441803475999961, 60.766736503000061 ], [ -149.441581449999973, 60.766924713000037 ], [ -149.441260522999983, 60.767121478000035 ], [ -149.44095637999996, 60.767372154000043 ], [ -149.440729329999982, 60.767595764000077 ], [ -149.440511087999965, 60.767843379000055 ], [ -149.440330140999976, 60.768086310000058 ], [ -149.440203205999978, 60.768206559000078 ], [ -149.44018610599997, 60.768413465000037 ], [ -149.44033247599998, 60.768673250000063 ], [ -149.440523669999976, 60.768875254000079 ], [ -149.440838912999965, 60.769063613000071 ], [ -149.441209084999969, 60.769295300000067 ], [ -149.441290897999977, 60.769493652000051 ], [ -149.44126248699996, 60.769694252000079 ], [ -149.441119432999983, 60.769908360000045 ], [ -149.440928061999983, 60.770051470000055 ], [ -149.440568127999967, 60.770264717000032 ], [ -149.440309154999966, 60.770368703000031 ], [ -149.439739621999962, 60.770509743000048 ], [ -149.439420705999964, 60.770605799000066 ], [ -149.43922236399996, 60.770685639000078 ], [ -149.439013522999971, 60.770828471000073 ], [ -149.438946122999965, 60.771045554000068 ], [ -149.439097446999966, 60.771098030000076 ], [ -149.43951451099997, 60.771171233000075 ], [ -149.439856139999961, 60.77125970000003 ], [ -149.439971454999977, 60.771393963000037 ], [ -149.439910745999981, 60.771563846000049 ], [ -149.439748617999982, 60.771759983000038 ], [ -149.439375280999968, 60.772067627000069 ], [ -149.439334697999982, 60.772267821000071 ], [ -149.439289936999984, 60.772497515000055 ], [ -149.439215394999962, 60.772678791000033 ], [ -149.439041099999969, 60.772874521000062 ], [ -149.438813998999962, 60.773098128000072 ], [ -149.438562970999982, 60.773232016000065 ], [ -149.438211737999978, 60.773297350000064 ], [ -149.437691994999966, 60.77334520200003 ], [ -149.437385124999963, 60.773361236000028 ], [ -149.437116989999964, 60.773610538000071 ], [ -149.437090220999977, 60.773799337000071 ], [ -149.436993469999976, 60.774051007000082 ], [ -149.436857867999976, 60.774207105000073 ], [ -149.436848485999974, 60.774212146000082 ], [ -149.436654431999983, 60.774288655000078 ], [ -149.436417609999978, 60.774322239000071 ], [ -149.43619628899998, 60.77433263100005 ], [ -149.43597915099997, 60.774313520000078 ], [ -149.435739376999976, 60.774281797000071 ], [ -149.435484934999977, 60.774267369000029 ], [ -149.435180194999958, 60.774263115000053 ], [ -149.434895582999957, 60.774289172000067 ], [ -149.434557323999968, 60.774349004000044 ], [ -149.434432016999978, 60.774457447000032 ], [ -149.434361352999957, 60.774538781000047 ], [ -149.434163781999956, 60.774626321000028 ], [ -149.433777765999963, 60.774850537000077 ], [ -149.433351534999957, 60.775138811000033 ], [ -149.433042950999976, 60.775531680000029 ], [ -149.432732831999971, 60.775995549000072 ], [ -149.432682588999967, 60.776349546000063 ], [ -149.432830205999977, 60.776686446000042 ], [ -149.433091830999956, 60.776908597000045 ], [ -149.433311527999962, 60.777081923000082 ], [ -149.43342727199996, 60.777299197000048 ], [ -149.433397129999975, 60.777511597000057 ], [ -149.433179166999963, 60.777670294000075 ], [ -149.432770033999958, 60.777798889000053 ], [ -149.432308917999961, 60.77794945800008 ], [ -149.431844445999957, 60.778123623000056 ], [ -149.431327988999982, 60.778319761000034 ], [ -149.430791419999963, 60.778657496000051 ], [ -149.430271008999966, 60.779162650000046 ], [ -149.430078902999981, 60.779309176000027 ], [ -149.429673101999981, 60.779586074000065 ], [ -149.42926184199996, 60.779815364000058 ], [ -149.428897920999958, 60.779973881000046 ], [ -149.427728525999981, 60.78051346400008 ], [ -149.427542629999976, 60.780635288000042 ], [ -149.427332650999972, 60.780781434000062 ], [ -149.427019812999959, 60.781106740000041 ], [ -149.426997763999964, 60.78116835700007 ], [ -149.426883302999983, 60.781303241000046 ], [ -149.42678443799997, 60.781431534000035 ], [ -149.426680290999968, 60.781545422000079 ], [ -149.426538156999982, 60.78166870900003 ], [ -149.426432248999959, 60.781743414000061 ], [ -149.426286590999979, 60.781891481000059 ], [ -149.426151748999956, 60.782015012000045 ], [ -149.425976656999978, 60.782112298000072 ], [ -149.425696408999983, 60.782227405000071 ], [ -149.425508583999971, 60.782267086000047 ] ] ] } },
{ "type": "Feature", "properties": { "OBJECTID": 32265, "ID": 75000100002433.0, "Shape_Length": 0.0055416964932770872 }, "geometry": { "type": "MultiLineString", "coordinates": [ [ [ -149.004261505999978, 61.323428311000043 ], [ -149.004493276999966, 61.323597966000079 ], [ -149.004582132999957, 61.323790950000046 ], [ -149.004494479999977, 61.32396809800008 ], [ -149.004329202999969, 61.324132965000047 ], [ -149.004240055999958, 61.324319549000052 ], [ -149.004249800999958, 61.324509688000035 ], [ -149.004381196999958, 61.324685223000074 ], [ -149.004495795999958, 61.324841174000028 ], [ -149.004567858999962, 61.325014576000058 ], [ -149.004539538999978, 61.325193856000055 ], [ -149.00446718699996, 61.325400023000043 ], [ -149.004369094999959, 61.325643221000064 ], [ -149.004357568999978, 61.32584208600008 ], [ -149.004463229999971, 61.326054653000028 ], [ -149.004648008999965, 61.326270063000038 ], [ -149.004755161999981, 61.326473194000073 ], [ -149.004710043999978, 61.326632893000067 ], [ -149.004527955999976, 61.32677817900003 ], [ -149.004348848999967, 61.326904591000073 ], [ -149.004303726999979, 61.327064290000067 ], [ -149.004354521999971, 61.327246415000047 ], [ -149.004464659999968, 61.327430675000073 ], [ -149.004606904999974, 61.327663535000056 ], [ -149.004777326999971, 61.327938649000032 ], [ -149.004779769999971, 61.327954433000059 ], [ -149.004748465999967, 61.328152587000034 ] ] ] } },
{ "type": "Feature", "properties": { "OBJECTID": 32489, "ID": 75000100001396.0, "Shape_Length": 0.019480687764658704 }, "geometry": { "type": "MultiLineString", "coordinates": [ [ [ -149.585275875999969, 61.223132446000079 ], [ -149.585442099999966, 61.223146444000065 ], [ -149.585799660999982, 61.223157835000052 ], [ -149.586111185999982, 61.223144051000077 ], [ -149.586377492999958, 61.223099190000028 ], [ -149.586621604999976, 61.22303584000008 ], [ -149.586767076999962, 61.222969349000039 ], [ -149.586992269999968, 61.222863905000054 ], [ -149.58720102999996, 61.222787574000051 ], [ -149.587484586999977, 61.222707698000079 ], [ -149.587804310999957, 61.22263490000006 ], [ -149.588171707999976, 61.222575473000063 ], [ -149.588401021999971, 61.222529431000055 ], [ -149.588701849999978, 61.222503446000076 ], [ -149.58887621599996, 61.222500082000067 ], [ -149.589310236999978, 61.222585025000058 ], [ -149.589538786999981, 61.222722697000052 ], [ -149.589663779999967, 61.222892635000051 ], [ -149.589765755999963, 61.223049985000046 ], [ -149.589820055999979, 61.223193965000064 ], [ -149.58994997299996, 61.223328497000068 ], [ -149.590081530999981, 61.223451227000055 ], [ -149.590315010999973, 61.223553490000029 ], [ -149.590607647999974, 61.223586512000054 ], [ -149.590854245999964, 61.22359436000005 ], [ -149.591084381999963, 61.223542412000029 ], [ -149.59127175499998, 61.223441685000068 ], [ -149.591413087999968, 61.223315786000057 ], [ -149.591549500999974, 61.223225292000052 ], [ -149.591856889999974, 61.223152094000056 ], [ -149.592203762999958, 61.223151275000077 ], [ -149.592598314999975, 61.223163825000029 ], [ -149.592844910999958, 61.223171670000056 ], [ -149.593257566999966, 61.223232211000038 ], [ -149.59354529099997, 61.223300632000075 ], [ -149.593829736999965, 61.223392657000034 ], [ -149.594245674999968, 61.22342959100007 ], [ -149.594720764999977, 61.223397281000075 ], [ -149.594982104999957, 61.223298902000067 ], [ -149.595241805999962, 61.223212325000077 ], [ -149.595575482999976, 61.223128099000064 ], [ -149.596025906999984, 61.223095 ], [ -149.596499350999977, 61.223074484000051 ], [ -149.596898817999971, 61.223051616000078 ], [ -149.597521852999961, 61.223023998000031 ], [ -149.598125141999958, 61.22296018600008 ], [ -149.59852787799997, 61.222913710000057 ], [ -149.598984842999982, 61.222833391000052 ], [ -149.599420416999976, 61.22272868500005 ], [ -149.599854350999976, 61.222635779000029 ], [ -149.600188011999961, 61.222551542000076 ], [ -149.600592374999962, 61.222493258000043 ], [ -149.600937602999977, 61.222504220000076 ], [ -149.60125817399998, 61.222514397000054 ], [ -149.601527789999977, 61.22253481000007 ], [ -149.601922338999969, 61.222547334000069 ], [ -149.60227083999996, 61.222534688000053 ], [ -149.602690046999982, 61.222547994000081 ], [ -149.603035277999965, 61.222558950000064 ], [ -149.603352577999971, 61.222592726000073 ], [ -149.603521924999967, 61.222621808000042 ], [ -149.603711025999957, 61.222687078000035 ], [ -149.603949446999962, 61.222753913000076 ] ] ] } },
{ "type": "Feature", "properties": { "OBJECTID": 33413, "ID": 75000100003972.0, "Shape_Length": 0.011920476859292933 }, "geometry": { "type": "MultiLineString", "coordinates": [ [ [ -149.46648637399997, 61.296734187000027 ], [ -149.466739466999968, 61.29673533600004 ], [ -149.467098384999957, 61.296725712000068 ], [ -149.467577951999971, 61.296705799000051 ], [ -149.468044719999966, 61.296671237000055 ], [ -149.468486895999973, 61.296600306000073 ], [ -149.468908534999969, 61.296464681000032 ], [ -149.469153245999962, 61.296316169000079 ], [ -149.469399980999981, 61.296153497000034 ], [ -149.46957662799997, 61.295960082000079 ], [ -149.469732733999962, 61.295701976000032 ], [ -149.469974484999966, 61.295261714000048 ], [ -149.470147070999957, 61.295096620000038 ], [ -149.470446011999968, 61.29498544300003 ], [ -149.470838611999966, 61.294948456000043 ], [ -149.471188393999967, 61.295002544000056 ], [ -149.471452899999974, 61.295132101000036 ], [ -149.471758852999983, 61.295284347000063 ], [ -149.472034139999977, 61.295442707000063 ], [ -149.472335037999983, 61.295630355000071 ], [ -149.472696260999982, 61.295812855000065 ], [ -149.473159258999971, 61.296012899000061 ], [ -149.473500601999973, 61.296230315000059 ], [ -149.473748933999957, 61.296473155000058 ], [ -149.473921101999963, 61.296727737000083 ], [ -149.474007339999957, 61.296958178000068 ], [ -149.474095602999967, 61.297174458000029 ], [ -149.474243181999981, 61.297392670000079 ], [ -149.474391775999976, 61.297603803000072 ], [ -149.474542394999958, 61.297800775000042 ], [ -149.474726720999968, 61.297970390000046 ], [ -149.474973400999971, 61.298120697000058 ], [ -149.475171897999957, 61.298191186000054 ], [ -149.475520711999962, 61.298252344000048 ], [ -149.475916036999962, 61.298300791000031 ], [ -149.476401346999978, 61.298345054000038 ] ] ] } },
{ "type": "Feature", "properties": { "OBJECTID": 33734, "ID": 75000100004940.0, "Shape_Length": 0.038976814183230284 }, "geometry": { "type": "MultiLineString", "coordinates": [ [ [ -148.972997434999968, 61.314116567000042 ], [ -148.973391382999978, 61.313894898000058 ], [ -148.973588465999967, 61.313792231000036 ], [ -148.973804365999968, 61.313674559000049 ], [ -148.974042796999981, 61.313518488000057 ], [ -148.974279988999967, 61.313370216000067 ], [ -148.974543659999966, 61.313262115000043 ], [ -148.974821194999976, 61.313170202000038 ], [ -148.975161604999983, 61.313096246000043 ], [ -148.975527262999975, 61.313070262000053 ], [ -148.975901826999973, 61.313091655000051 ], [ -148.976304117999973, 61.313145420000069 ], [ -148.976716556999975, 61.31323876600004 ], [ -148.977164154999969, 61.31331769500008 ], [ -148.977242814999983, 61.313333452000052 ], [ -148.977381934999983, 61.31333618900004 ], [ -148.977584027999967, 61.313364251000053 ], [ -148.977884573999972, 61.313437860000079 ], [ -148.978251717999967, 61.313506034000056 ], [ -148.978689172999964, 61.313545379000061 ], [ -148.979164258999958, 61.313554711000052 ], [ -148.979625479999982, 61.313547856000071 ], [ -148.980079276999959, 61.313587785000038 ], [ -148.98051425899996, 61.313642720000075 ], [ -148.980898004999972, 61.313813443000072 ], [ -148.981285468999971, 61.313960770000051 ], [ -148.981641490999976, 61.314099118000058 ], [ -148.981971021999982, 61.314197293000063 ], [ -148.982355759999962, 61.314258249000034 ], [ -148.982847197999973, 61.314268159000051 ], [ -148.983210388999964, 61.314257750000081 ], [ -148.983602547999965, 61.314271914000074 ], [ -148.983939507999963, 61.314323298000033 ], [ -148.984215081999963, 61.314450890000046 ], [ -148.984404010999981, 61.314606724000043 ], [ -148.984542685999969, 61.314768584000035 ], [ -148.984712806999966, 61.314939424000045 ], [ -148.984940604999963, 61.315057446000083 ], [ -148.985218662999984, 61.31516944100008 ], [ -148.985372446999975, 61.315339689000041 ], [ -148.985410614999978, 61.315513606000081 ], [ -148.985333157999975, 61.315691191000042 ], [ -148.985191574999959, 61.31585861800005 ], [ -148.984969788999962, 61.316117263000081 ], [ -148.984897543999978, 61.316365620000056 ], [ -148.984878029999976, 61.316592354000079 ], [ -148.984843410999957, 61.31681069900003 ], [ -148.984767184999981, 61.316980485000045 ], [ -148.98462312099997, 61.317163508000078 ], [ -148.984578340999974, 61.317342274000055 ], [ -148.984572424999982, 61.317483229000061 ], [ -148.984717295999957, 61.317606099000045 ], [ -148.985028056999965, 61.317719275000059 ], [ -148.985405425999971, 61.31782701000003 ], [ -148.985676091999977, 61.317985791000069 ], [ -148.985827421999971, 61.318171636000045 ], [ -148.986001547999962, 61.318421043000058 ], [ -148.986204223999977, 61.318706767000037 ], [ -148.98647903899996, 61.318830411000079 ], [ -148.986758371999969, 61.318934605000038 ], [ -148.987154573999959, 61.31902733000004 ], [ -148.987501752999975, 61.319118284000069 ], [ -148.98783506099997, 61.31919305200006 ], [ -148.988199821999956, 61.319276795000064 ], [ -148.988499213999972, 61.319358180000052 ], [ -148.988777319999969, 61.319470168000066 ], [ -148.988983880999967, 61.319618787000081 ], [ -148.989157756999958, 61.319766227000059 ], [ -148.989330400999961, 61.31992146400006 ], [ -148.989441377999981, 61.320050950000052 ], [ -148.989536013999981, 61.320179845000041 ], [ -148.989579150999958, 61.320322568000051 ], [ -148.989605943999976, 61.320464703000027 ], [ -148.989633972999968, 61.320599038000069 ], [ -148.989795219999962, 61.320722493000062 ], [ -148.99004436499996, 61.320809906000079 ], [ -148.990333605999979, 61.320851707000031 ], [ -148.99072338199997, 61.320881446000044 ], [ -148.991192404999964, 61.320929728000067 ], [ -148.991650316999966, 61.321048192000035 ], [ -148.992049322999975, 61.321227270000065 ], [ -148.992424578999959, 61.321452549000071 ], [ -148.992674028999971, 61.321641920000047 ], [ -148.992921013999961, 61.321846887000049 ], [ -148.993128843999983, 61.321987703000048 ], [ -148.993337908999962, 61.322120718000065 ], [ -148.99362376299996, 61.322287871000071 ], [ -148.993957415999972, 61.322464589000049 ], [ -148.994406719999972, 61.322637631000077 ], [ -148.994773071999958, 61.322815525000067 ], [ -148.994982831999977, 61.322953683000037 ], [ -148.995022546999962, 61.323004891000039 ], [ -148.995316120999973, 61.323227217000067 ], [ -148.995560666999978, 61.323447777000069 ], [ -148.995752172999971, 61.32358799900004 ], [ -148.996002892999968, 61.323769566000067 ], [ -148.996292475999979, 61.323913319000042 ], [ -148.996662554999972, 61.324067814000045 ], [ -148.997079204999977, 61.324239668000075 ], [ -148.99734751799997, 61.324414025000067 ], [ -148.99759825199996, 61.324595589000069 ], [ -148.997901728999977, 61.324755525000057 ], [ -148.998193796999971, 61.324883677000059 ], [ -148.998523491999975, 61.324981814000068 ], [ -148.998917338999973, 61.325090102000047 ], [ -148.999214344999956, 61.325187060000076 ], [ -148.999536647999975, 61.325331984000059 ], [ -148.999807447999956, 61.325490737000052 ], [ -148.999982640999974, 61.325630365000052 ], [ -149.000190526999972, 61.325771170000053 ], [ -149.000500192999965, 61.325892109000051 ], [ -149.00079351399998, 61.326012458000037 ], [ -149.00108807099997, 61.326125009000066 ], [ -149.001416553999974, 61.326230937000048 ], [ -149.00169723199997, 61.326327303000028 ], [ -149.001906363999979, 61.326460306000058 ], [ -149.002014951999968, 61.326605378000068 ], [ -149.002119841999956, 61.326773843000069 ], [ -149.002184177999965, 61.32687386300006 ], [ -149.002343182999965, 61.327024995000045 ], [ -149.002674471999967, 61.327217289000032 ], [ -149.00308873299997, 61.327404724000075 ], [ -149.003641496999961, 61.327652034000039 ], [ -149.004180506999973, 61.327878937000037 ], [ -149.004213081999978, 61.327884333000043 ], [ -149.004748465999967, 61.328152587000034 ] ] ] } },
{ "type": "Feature", "properties": { "OBJECTID": 33774, "ID": 75000100001919.0, "Shape_Length": 0.041043215107230829 }, "geometry": { "type": "MultiLineString", "coordinates": [ [ [ -149.752172648999959, 61.15789959500006 ], [ -149.752276857999959, 61.15792235400005 ], [ -149.752461662999963, 61.157913118000067 ], [ -149.752646450999976, 61.157903197000053 ], [ -149.752821687999983, 61.157894626000029 ], [ -149.752999117999963, 61.157875798000077 ], [ -149.75315743699997, 61.157858307000083 ], [ -149.753315327999957, 61.157851073000074 ], [ -149.753472948999956, 61.157876662000035 ], [ -149.753578145999967, 61.157910367000056 ], [ -149.753656760999974, 61.15794812200005 ], [ -149.753703412999982, 61.158001553000076 ], [ -149.753750351999969, 61.158063189000075 ], [ -149.753807891999969, 61.158126895000066 ], [ -149.753865313999967, 61.15820565000007 ], [ -149.753948827999977, 61.158251621000034 ], [ -149.754069967999982, 61.158281932000079 ], [ -149.754159127999969, 61.158284829000081 ], [ -149.754222605999956, 61.158267167000076 ], [ -149.754255381999968, 61.158238502000074 ], [ -149.75428602599996, 61.158211202000075 ], [ -149.754334289999974, 61.158193505000042 ], [ -149.754407230999959, 61.158188850000045 ], [ -149.754586203999963, 61.158199436000075 ], [ -149.754733579999964, 61.15822500400003 ], [ -149.754827837999983, 61.158253215000059 ], [ -149.754927280999965, 61.15834503800005 ], [ -149.754974171999976, 61.158413512000038 ], [ -149.754988364999974, 61.158454573000029 ], [ -149.755031201999969, 61.158497735000083 ], [ -149.755127834999968, 61.158540312000071 ], [ -149.75520867399996, 61.158565078000038 ], [ -149.75529003799997, 61.158569329000045 ], [ -149.755356401999961, 61.158544142000039 ], [ -149.755437447999981, 61.15854428800003 ], [ -149.755525383999981, 61.158567020000078 ], [ -149.755625253999966, 61.158602762000044 ], [ -149.755714569999981, 61.158630960000039 ], [ -149.755835088999959, 61.158697515000028 ], [ -149.755981714999962, 61.158773694000047 ], [ -149.756070652999966, 61.158850453000071 ], [ -149.756128138999969, 61.158921682000027 ], [ -149.756175046999971, 61.158988105000049 ], [ -149.756215528999974, 61.159016218000033 ], [ -149.756283583999959, 61.159047800000053 ], [ -149.756469794999958, 61.159085405000042 ], [ -149.756617636999977, 61.159141411000064 ], [ -149.756780721999974, 61.159195726000064 ], [ -149.756878827999969, 61.159232152000072 ], [ -149.756995675999974, 61.159268609000037 ], [ -149.75709838399996, 61.159305043000074 ], [ -149.757191530999961, 61.159340770000028 ], [ -149.757284656999957, 61.159379922000028 ], [ -149.757312499999983, 61.159440836000044 ], [ -149.757302589999966, 61.15948800700005 ], [ -149.757228641999973, 61.159531645000072 ], [ -149.757091509999981, 61.159553968000068 ], [ -149.757017608999973, 61.159592132000057 ], [ -149.756980313999975, 61.159655672000042 ], [ -149.756964192999959, 61.159726768000041 ], [ -149.756974016999976, 61.159784917000081 ], [ -149.75698404299996, 61.159861531000047 ], [ -149.757009668999984, 61.159935438000048 ], [ -149.757083181999974, 61.159993704000044 ], [ -149.757156475999977, 61.160034868000082 ], [ -149.75727707599998, 61.160091163000061 ], [ -149.757450407999983, 61.160146871000052 ], [ -149.757597239999967, 61.160198423000054 ], [ -149.757733812999959, 61.160249278000038 ], [ -149.757833337999983, 61.160285017000035 ], [ -149.757954374999969, 61.160331057000064 ], [ -149.758032855999971, 61.160387274000072 ], [ -149.758074458999971, 61.160453689000065 ], [ -149.758078838999978, 61.160529608000047 ], [ -149.758068080999976, 61.160593192000078 ], [ -149.75809032799998, 61.160647261000065 ], [ -149.758143836999977, 61.16068497200007 ], [ -149.758209071999971, 61.160715861000028 ], [ -149.75834027199997, 61.160774232000051 ], [ -149.758420635999983, 61.160815404000061 ], [ -149.75853866099996, 61.160840238000048 ], [ -149.758718709999982, 61.160851502000071 ], [ -149.75877417099997, 61.160865276000038 ], [ -149.758818244999958, 61.160887236000065 ], [ -149.758832899999959, 61.160915307000039 ], [ -149.758817994999959, 61.160965892000036 ], [ -149.758780343999973, 61.161032157000079 ], [ -149.758779722999975, 61.161113544000045 ], [ -149.758821342999966, 61.16117722000007 ], [ -149.758873819999963, 61.161210138000058 ], [ -149.758947062999965, 61.161258825000061 ], [ -149.759062578999959, 61.161287757000082 ], [ -149.759209986999963, 61.161309905000053 ], [ -149.759346710999978, 61.161340921000033 ], [ -149.759441009999961, 61.161367076000033 ], [ -149.759530372999961, 61.161389120000081 ], [ -149.759556550999974, 61.161437726000031 ], [ -149.759556045999972, 61.161504062000063 ], [ -149.759571039999969, 61.16158 ], [ -149.759591685999965, 61.161658682000052 ], [ -149.759643963999963, 61.161717593000049 ], [ -149.75971713399997, 61.161775851000073 ], [ -149.75981126299996, 61.161824578000051 ], [ -149.75995316099997, 61.16187338900005 ], [ -149.760074053999972, 61.161893434000035 ], [ -149.760200361999978, 61.16189913200003 ], [ -149.760390151999957, 61.161886474000028 ], [ -149.760553444999971, 61.161868976000051 ], [ -149.760690147999981, 61.161856907000072 ], [ -149.76084309899997, 61.161849655000083 ], [ -149.760974377999958, 61.161851942000055 ], [ -149.761121939999981, 61.161854934000075 ], [ -149.76128485199996, 61.161885999000049 ], [ -149.761426719999974, 61.161941639000077 ], [ -149.761542063999968, 61.161993136000035 ], [ -149.761673234999961, 61.162056972000073 ], [ -149.761809407999976, 61.162115340000071 ], [ -149.761956198999968, 61.162220237000042 ], [ -149.762013373999963, 61.162288731000046 ], [ -149.762060198999961, 61.162370193000072 ], [ -149.762048849999957, 61.162466604000031 ], [ -149.762032570999963, 61.162560954000071 ], [ -149.762014545999961, 61.16265119500008 ], [ -149.762010061999973, 61.162728470000047 ], [ -149.762083560999969, 61.162792204000027 ], [ -149.762199064999976, 61.162823180000032 ], [ -149.762330642999984, 61.162833663000072 ], [ -149.762420010999961, 61.162810574000048 ], [ -149.762494378999975, 61.162757359000068 ], [ -149.762547274999974, 61.162689065000052 ], [ -149.762643770999972, 61.162611949000052 ], [ -149.76274348299998, 61.162529375000076 ], [ -149.762854172999965, 61.162494002000074 ], [ -149.763043469999957, 61.162499119000074 ], [ -149.763259187999978, 61.162524801000075 ], [ -149.763385273999972, 61.162560583000072 ], [ -149.763437558999982, 61.162619494000069 ], [ -149.763484303999974, 61.162711211000044 ], [ -149.763546944999973, 61.162759200000039 ], [ -149.763657396999974, 61.162802481000028 ], [ -149.76376241899996, 61.162815655000031 ], [ -149.763951768999959, 61.162815982000041 ], [ -149.764083330999966, 61.162829209000051 ], [ -149.76419376399997, 61.162875223000071 ], [ -149.764314417999969, 61.16292603800008 ], [ -149.764424414999979, 61.162984358000074 ], [ -149.764539814999978, 61.163030386000059 ], [ -149.764644978999968, 61.163071603000049 ], [ -149.764812937999977, 61.163140282000029 ], [ -149.764928154999978, 61.163209556000027 ], [ -149.764938067999964, 61.163306005000038 ], [ -149.764879461999982, 61.163379761000044 ], [ -149.764752638999965, 61.163443145000031 ], [ -149.764647354999966, 61.163465533000078 ], [ -149.764541823999963, 61.163472873000046 ], [ -149.764415320999973, 61.163493170000038 ], [ -149.764273161999967, 61.163523697000073 ], [ -149.764196146999979, 61.163552971000058 ], [ -149.764151509999976, 61.163604870000029 ], [ -149.764151111999979, 61.163658215000055 ], [ -149.764187464999964, 61.163719144000083 ], [ -149.764250048999969, 61.163775329000032 ], [ -149.764349785999968, 61.163833634000071 ], [ -149.764428347999967, 61.163882330000035 ], [ -149.764543776999972, 61.16392356800003 ], [ -149.764680370999969, 61.163974408000058 ], [ -149.764816695999968, 61.164014998000027 ], [ -149.764942760999958, 61.164053515000035 ], [ -149.765310613999958, 61.164135540000075 ], [ -149.765373593999982, 61.164184206000073 ], [ -149.765367785999956, 61.164252583000064 ], [ -149.765330524999968, 61.164313385000071 ], [ -149.765277296999983, 61.164379631000031 ], [ -149.765268848999966, 61.164421331000028 ], [ -149.765261118999973, 61.164460987000041 ], [ -149.765280024999981, 61.164489060000051 ], [ -149.76532402999996, 61.164521279000041 ], [ -149.765390119999978, 61.164535073000081 ], [ -149.765456710999956, 61.164528348000033 ], [ -149.765567214999976, 61.164517600000067 ], [ -149.765686551999977, 61.164509600000031 ], [ -149.765798949999976, 61.164483459000053 ], [ -149.765883771999967, 61.164476767000053 ], [ -149.765958180999974, 61.164490233000038 ], [ -149.766013734999973, 61.164492037000059 ], [ -149.76611338799998, 61.164465198000073 ], [ -149.766183469999959, 61.164465315000029 ], [ -149.76624518899996, 61.164495517000034 ], [ -149.766344586999963, 61.164551765000056 ], [ -149.766381311999965, 61.164610644000049 ], [ -149.76643864899998, 61.164658615000064 ], [ -149.766522533999961, 61.164707315000044 ], [ -149.766553664999975, 61.164757980000047 ], [ -149.766547917999958, 61.164816785000028 ], [ -149.766563372999968, 61.164880417000063 ], [ -149.766583592999979, 61.164921483000057 ], [ -149.76665776699997, 61.164944180000077 ], [ -149.766736656999967, 61.164949103000083 ], [ -149.766883955999958, 61.164941833000057 ], [ -149.767031367999977, 61.164967392000051 ], [ -149.767199527999963, 61.165010769000048 ], [ -149.767377966999959, 61.165052107000065 ], [ -149.767487655999957, 61.165105639000046 ], [ -149.767560594999964, 61.165173874000061 ], [ -149.767639678999984, 61.165273456000079 ], [ -149.767717986999969, 61.165360445000033 ], [ -149.767801643999974, 61.165439237000044 ], [ -149.767880188999982, 61.165490661000035 ], [ -149.768022262999978, 61.165520997000044 ], [ -149.768159220999962, 61.165523970000038 ], [ -149.768317102999958, 61.165521501000057 ], [ -149.768464402999967, 61.165514227000074 ], [ -149.768622285999982, 61.16551176400003 ], [ -149.768748444999972, 61.165540020000037 ], [ -149.768885031999957, 61.165593600000079 ], [ -149.768968849999965, 61.165652558000033 ], [ -149.769021045999978, 61.165726508000034 ], [ -149.769062693999956, 61.165792234000037 ], [ -149.769111982999959, 61.165827878000073 ], [ -149.769188657999962, 61.165845789000059 ], [ -149.769300239999978, 61.165882907000082 ], [ -149.769447862999982, 61.165927615000044 ], [ -149.769602026999962, 61.165951809000035 ], [ -149.769766879999963, 61.165963719000047 ], [ -149.769945776999975, 61.16594419200004 ], [ -149.770114479999961, 61.165913703000058 ], [ -149.770262443999968, 61.165863343000069 ], [ -149.770331317999961, 61.165786863000051 ], [ -149.770379338999959, 61.16570555800007 ], [ -149.770440087999958, 61.165626326000051 ], [ -149.770506533999963, 61.165591565000057 ], [ -149.770590874999982, 61.16557871100008 ], [ -149.770680417999984, 61.165578862000075 ], [ -149.770753485999961, 61.165607710000074 ], [ -149.770801784999975, 61.165681651000057 ], [ -149.770824892999968, 61.165765812000075 ], [ -149.770841673999968, 61.165843804000076 ], [ -149.770894130999977, 61.165882189000058 ], [ -149.770983166999969, 61.165904911000041 ], [ -149.771050762999977, 61.16590571200004 ], [ -149.771120245999981, 61.165892833000044 ], [ -149.771181343999956, 61.165862163000043 ], [ -149.771231068999981, 61.165836937000051 ], [ -149.771357825999957, 61.16578381000005 ], [ -149.771511139999973, 61.165727986000036 ], [ -149.771667479999962, 61.16569473900006 ], [ -149.771824031999984, 61.165679957000066 ], [ -149.771997023999972, 61.165693243000078 ], [ -149.772160320999973, 61.165725661000067 ], [ -149.772298359999979, 61.165775134000057 ], [ -149.772442238999957, 61.165800680000075 ], [ -149.772568344999968, 61.165836452000065 ], [ -149.772589331999967, 61.165871024000069 ], [ -149.772546654999957, 61.165948575000073 ], [ -149.772482836999984, 61.166012071000068 ], [ -149.772471738999968, 61.166077709000035 ], [ -149.772539661999957, 61.166133219000073 ], [ -149.772688757999958, 61.166171083000052 ], [ -149.772868521999982, 61.166178908000063 ], [ -149.773050310999963, 61.166149803000053 ], [ -149.773177005999969, 61.166104196000049 ], [ -149.773303784999968, 61.166046277000078 ], [ -149.773441158999958, 61.165993163000053 ], [ -149.773567826999965, 61.165950286000054 ], [ -149.773694529999972, 61.165901942000062 ], [ -149.773858070999978, 61.165851606000047 ], [ -149.773989980999971, 61.165818313000045 ], [ -149.774105708999969, 61.165821245000075 ], [ -149.774173758999979, 61.165856921000056 ], [ -149.774199986999974, 61.165902780000067 ], [ -149.774194395999956, 61.165941072000066 ], [ -149.774109817999971, 61.16598880600003 ], [ -149.774014541999975, 61.166047463000041 ], [ -149.773977010999971, 61.166098006000027 ], [ -149.773971687999961, 61.166149293000046 ], [ -149.77402709499998, 61.166221875000076 ], [ -149.77407888999997, 61.16630471700006 ], [ -149.774115366999979, 61.166352649000032 ], [ -149.774157986999967, 61.166381448000038 ], [ -149.774210988999982, 61.166395210000076 ], [ -149.774291241999975, 61.166407652000032 ], [ -149.774466528999966, 61.166397004000032 ], [ -149.774643653999959, 61.16637815100006 ], [ -149.774819345999958, 61.166360658000031 ], [ -149.774940391999962, 61.166312989000062 ], [ -149.77500252599998, 61.166235812000082 ], [ -149.775049832999969, 61.166153818000055 ], [ -149.775077332999956, 61.166069744000083 ], [ -149.77515887499996, 61.166002860000049 ], [ -149.775311393999971, 61.165957975000083 ], [ -149.775462987999958, 61.165943176000042 ], [ -149.775663327999979, 61.165943507000065 ], [ -149.775852552999964, 61.165964338000038 ], [ -149.776005698999967, 61.165981692000059 ], [ -149.776182396999957, 61.166020963000051 ], [ -149.776262495999958, 61.166055977000042 ], [ -149.776299661999957, 61.16610664500007 ], [ -149.776328909999961, 61.166174400000045 ], [ -149.776374648999962, 61.166213457000083 ], [ -149.776421854999967, 61.16624704600008 ], [ -149.776482892999979, 61.166274505000047 ], [ -149.776562054999971, 61.166293101000065 ], [ -149.77663774399997, 61.166300061000072 ], [ -149.776711397999975, 61.166296080000052 ], [ -149.776792649999976, 61.166268174000038 ], [ -149.776893994999966, 61.166253298000072 ], [ -149.777060043999967, 61.166247414000054 ], [ -149.777230589999959, 61.166256585000042 ], [ -149.777376957999962, 61.166282125000066 ], [ -149.777502908999963, 61.166340467000055 ], [ -149.777576259999961, 61.166378885000029 ], [ -149.77764991899997, 61.166424825000036 ], [ -149.777717954999957, 61.166463243000067 ], [ -149.777817812999956, 61.166509225000027 ], [ -149.777901277999973, 61.166570226000033 ], [ -149.777974719999975, 61.166646262000029 ], [ -149.778011038999978, 61.166717447000053 ], [ -149.778063295999971, 61.166786606000073 ], [ -149.778147212999983, 61.16683256400006 ], [ -149.778278302999979, 61.166865607000034 ], [ -149.778409873999976, 61.166880862000028 ], [ -149.77851536999998, 61.166878986000029 ], [ -149.778620631999956, 61.166861379000068 ], [ -149.778757987999967, 61.166808254000046 ], [ -149.778831913999966, 61.166764603000047 ], [ -149.778902949999974, 61.166731895000055 ], [ -149.779026928999969, 61.166719103000048 ], [ -149.779169092999979, 61.166737117000082 ], [ -149.779289935999969, 61.166768092000041 ], [ -149.77945113499996, 61.166798444000051 ], [ -149.779617349999967, 61.166819230000044 ], [ -149.779780727999963, 61.166842749000068 ], [ -149.779933051999961, 61.16687650700004 ], [ -149.780071474999971, 61.166924606000066 ], [ -149.780203837999977, 61.166978161000031 ], [ -149.780340129999956, 61.16702762400007 ], [ -149.780491756999965, 61.167060697000068 ], [ -149.780664058999974, 61.167073970000047 ], [ -149.780837782999981, 61.167083823000041 ], [ -149.780991574999973, 61.167111430000034 ], [ -149.781117583999958, 61.167162239000049 ], [ -149.781228657999975, 61.167225340000073 ], [ -149.781343569999962, 61.167295964000061 ], [ -149.781407793999961, 61.167323428000032 ], [ -149.781466495999979, 61.167331727000033 ], [ -149.781576160999975, 61.167341477000036 ], [ -149.781734122999978, 61.167328738000037 ], [ -149.781892200999977, 61.167300954000041 ], [ -149.78204497599998, 61.16726837300007 ], [ -149.782208710999981, 61.167240596000056 ], [ -149.782372063999958, 61.167215552000073 ], [ -149.782545576999979, 61.167206939000039 ], [ -149.782717555999966, 61.167214738000041 ], [ -149.782803405999971, 61.167239500000051 ], [ -149.782899124999972, 61.167268374000059 ], [ -149.78303474599997, 61.167313042000046 ], [ -149.783102788999969, 61.167354187000058 ], [ -149.78316544499998, 61.16740489700004 ], [ -149.783207217999973, 61.167456258000072 ], [ -149.783272082999957, 61.167496025000048 ], [ -149.783332408999968, 61.167525530000034 ], [ -149.783433274999965, 61.167527739000036 ], [ -149.783554451999976, 61.167510155000059 ], [ -149.783649270999973, 61.167517832000044 ], [ -149.783712131999977, 61.167538445000048 ], [ -149.783792285999965, 61.167568663000054 ], [ -149.783843502999957, 61.167583794000052 ], [ -149.783885037999966, 61.167618736000065 ], [ -149.783961670999958, 61.16764485200008 ], [ -149.784024318999968, 61.167697609000072 ], [ -149.78401550199996, 61.167744784000035 ], [ -149.783972085999977, 61.167778223000028 ], [ -149.783943056999959, 61.167830837000054 ], [ -149.783960044999958, 61.167883525000036 ], [ -149.783999750999982, 61.167925306000029 ] ] ] } },
{ "type": "Feature", "properties": { "OBJECTID": 33862, "ID": 75000100002741.0, "Shape_Length": 0.022928254910217681 }, "geometry": { "type": "MultiLineString", "coordinates": [ [ [ -149.478062575999957, 61.283587400000044 ], [ -149.478028548999959, 61.283721447000062 ], [ -149.477963865999982, 61.283861607000063 ], [ -149.477962514999973, 61.283975377000047 ], [ -149.477972953999966, 61.284110872000042 ], [ -149.478012025999959, 61.284254413000042 ], [ -149.478009663999984, 61.284375264000062 ], [ -149.478006291999975, 61.28450319500007 ], [ -149.477989107999974, 61.284623563000082 ], [ -149.477958110999964, 61.28473636800004 ], [ -149.477925092999982, 61.284863334000079 ], [ -149.477910940999976, 61.284962460000031 ], [ -149.477834463999983, 61.285080898000047 ], [ -149.477701727999971, 61.285176161000038 ], [ -149.477528565999961, 61.285241653000071 ], [ -149.477311945999958, 61.28529861700008 ], [ -149.477097346999983, 61.285341419000076 ], [ -149.476837266999979, 61.285389853000083 ], [ -149.476634455999971, 61.285454378000054 ], [ -149.476476113999979, 61.285520352000049 ], [ -149.47637605099996, 61.285595339000054 ], [ -149.476305635999978, 61.285671291000028 ], [ -149.476220394999956, 61.285746762000031 ], [ -149.476149977999967, 61.285822715000052 ], [ -149.476092362999964, 61.285913311000058 ], [ -149.476006109999958, 61.28599586200005 ], [ -149.475887174999968, 61.286098687000049 ], [ -149.475770264999966, 61.28618735200007 ], [ -149.475696811999967, 61.286284545000058 ], [ -149.475413457999963, 61.286495827000067 ], [ -149.475342025999964, 61.286578859000031 ], [ -149.475282381999961, 61.286683616000062 ], [ -149.475255419999968, 61.286768099000028 ], [ -149.475209588999974, 61.286880420000045 ], [ -149.475167801999959, 61.286964419000071 ], [ -149.475155663999971, 61.287049385000046 ], [ -149.475161382999971, 61.287113592000082 ], [ -149.475225386999966, 61.287186812000073 ], [ -149.475363509999966, 61.287262449000082 ], [ -149.47551443499998, 61.287352729000077 ], [ -149.475683217999972, 61.287422251000066 ], [ -149.47579169499997, 61.287496919000034 ], [ -149.475855700999972, 61.287570139000081 ], [ -149.475932508999961, 61.287658004000036 ], [ -149.476005269999973, 61.28777419000005 ], [ -149.476033558999973, 61.28788892700004 ], [ -149.476103287999962, 61.288026354000067 ], [ -149.476098895999968, 61.288161365000065 ], [ -149.476062831999968, 61.28830957200006 ], [ -149.47601295399997, 61.288450215000069 ], [ -149.475932416999967, 61.28859697300004 ], [ -149.475841099999968, 61.288714925000079 ], [ -149.47577740899996, 61.288848005000034 ], [ -149.475716750999965, 61.288959842000054 ], [ -149.475689787999983, 61.289044325000077 ], [ -149.475636210999966, 61.289106600000082 ], [ -149.475607223999958, 61.289205243000083 ], [ -149.475637537999972, 61.289305818000059 ], [ -149.475727148999965, 61.289408328000036 ], [ -149.475801736999983, 61.289464285000065 ], [ -149.475865282999962, 61.289483963000066 ], [ -149.476053614999984, 61.289625255000033 ], [ -149.476125370999966, 61.289748520000046 ], [ -149.476217007999963, 61.289836868000066 ], [ -149.476312692999983, 61.289896893000048 ], [ -149.476436005999972, 61.28997204500007 ], [ -149.476544492999977, 61.290046714000027 ], [ -149.47657480899997, 61.29014728900006 ], [ -149.476575475999965, 61.290246900000056 ], [ -149.47657816399996, 61.290332349000039 ], [ -149.47662735199998, 61.290405085000032 ], [ -149.476753700999978, 61.290458994000062 ], [ -149.476927560999968, 61.290493113000082 ], [ -149.477160720999962, 61.290529163000031 ], [ -149.477408708999974, 61.290565694000065 ], [ -149.477642882999959, 61.290594662000046 ], [ -149.477799895999965, 61.290642457000047 ], [ -149.477921192999958, 61.290731768000057 ], [ -149.477954599999975, 61.290789153000048 ], [ -149.478036422999963, 61.290863563000073 ], [ -149.478096396999973, 61.290965104000065 ], [ -149.47812267599997, 61.291094001000033 ], [ -149.47812907399998, 61.291257818000076 ], [ -149.478156362999982, 61.291379635000055 ], [ -149.478185674999963, 61.291487291000067 ], [ -149.478317758999964, 61.291605407000077 ], [ -149.478530037999974, 61.291683454000065 ], [ -149.478771968999979, 61.29176246600008 ], [ -149.478948533999983, 61.291882030000068 ], [ -149.47908264299997, 61.291985985000053 ], [ -149.479140599999965, 61.29210168600008 ], [ -149.479077925999974, 61.292227686000047 ], [ -149.478964034999962, 61.292295112000033 ], [ -149.478794878999963, 61.292332284000054 ], [ -149.478614942999968, 61.292340653000053 ], [ -149.478468701999958, 61.292321663000052 ], [ -149.47827596099998, 61.292315386000041 ], [ -149.478103770999979, 61.292373800000064 ], [ -149.478059963999982, 61.292471960000057 ], [ -149.478097024999983, 61.292629663000071 ], [ -149.478189347999972, 61.292817618000072 ], [ -149.478241237999981, 61.292975803000047 ], [ -149.478244602999979, 61.293160861000047 ], [ -149.478247968999966, 61.293345919000046 ], [ -149.478289075999982, 61.293475300000068 ], [ -149.47842217799996, 61.293586335000043 ], [ -149.478606840999959, 61.293649255000048 ], [ -149.478851820999978, 61.293707027000039 ], [ -149.479067146999967, 61.293763832000081 ], [ -149.479233952999977, 61.293847509000045 ], [ -149.479318534999976, 61.293985418000034 ], [ -149.479328982999959, 61.294120913000029 ], [ -149.479248444999968, 61.294267673000036 ], [ -149.479218455999984, 61.294373398000062 ], [ -149.479205314999973, 61.294465443000036 ], [ -149.479205987999961, 61.294565053000042 ], [ -149.479222500999981, 61.294658065000078 ], [ -149.479283496999983, 61.294752526000082 ], [ -149.479423683999983, 61.294813997000062 ], [ -149.479546012999975, 61.294896227000038 ], [ -149.479607008999977, 61.294990686000062 ], [ -149.479604651999978, 61.295111537000082 ], [ -149.479580725999966, 61.295174779000035 ], [ -149.47948064199997, 61.29524976700003 ], [ -149.479409199999964, 61.295332804000054 ], [ -149.479416952999969, 61.295382850000067 ], [ -149.479277775999975, 61.295627287000059 ], [ -149.47898694899996, 61.295681840000043 ], [ -149.478690392999965, 61.295672185000058 ], [ -149.478427536999959, 61.295635173000051 ], [ -149.47822500099997, 61.295593010000061 ], [ -149.477957090999979, 61.295591400000035 ], [ -149.477740399999959, 61.295648363000055 ], [ -149.477584700999984, 61.295799788000068 ], [ -149.477409115999961, 61.295986132000053 ], [ -149.477231506999971, 61.296186636000073 ], [ -149.47703334199997, 61.296322451000037 ], [ -149.476822368999962, 61.296443619000058 ], [ -149.476720249999971, 61.296532768000077 ], [ -149.476599255999957, 61.296649756000079 ], [ -149.476493089999963, 61.296767226000043 ], [ -149.476284800999963, 61.296973843000046 ], [ -149.476093361999972, 61.29716678300008 ], [ -149.475923831999978, 61.297310641000081 ], [ -149.475782942999956, 61.297417453000037 ], [ -149.475523624999965, 61.29775926700006 ] ] ] } },
{ "type": "Feature", "properties": { "OBJECTID": 34747, "ID": 75000100003160.0, "Shape_Length": 0.0055523094834467913 }, "geometry": { "type": "MultiLineString", "coordinates": [ [ [ -149.775167125999957, 61.16897373300003 ], [ -149.775214619999957, 61.169015530000081 ], [ -149.775266146999968, 61.16903749800008 ], [ -149.77534068099996, 61.169059508000032 ], [ -149.775409234999984, 61.169076720000078 ], [ -149.775472600999962, 61.169076825000047 ], [ -149.775547407999966, 61.169059851000043 ], [ -149.775662197999964, 61.169046364000053 ], [ -149.775736957999982, 61.169038278000073 ], [ -149.775857750999961, 61.16902753800008 ], [ -149.775995776999963, 61.169030500000076 ], [ -149.776076134999983, 61.169030632000045 ], [ -149.776156571999962, 61.169019826000067 ], [ -149.776214020999959, 61.169005559000027 ], [ -149.776340518999973, 61.168987981000043 ], [ -149.776432623999966, 61.168978558000049 ], [ -149.776507319999979, 61.168978682000045 ], [ -149.776564647999976, 61.168981514000052 ], [ -149.776647872999973, 61.169000799000059 ], [ -149.776731040999977, 61.169028979000075 ], [ -149.776794037999963, 61.16903181400005 ], [ -149.776880368999969, 61.169037431000049 ], [ -149.777012507999984, 61.169048592000081 ], [ -149.777098344999956, 61.169048733000068 ], [ -149.777167433999978, 61.169040639000059 ], [ -149.777213555999964, 61.169027037000035 ], [ -149.777280632999975, 61.169001499000046 ], [ -149.777351607999975, 61.168977334000033 ], [ -149.77745542599996, 61.168963149000035 ], [ -149.777530120999984, 61.168963272000042 ], [ -149.777593088999964, 61.168969527000058 ], [ -149.777679424999974, 61.168975137000075 ], [ -149.777735794999984, 61.168987540000046 ], [ -149.777845627999966, 61.169000031000053 ], [ -149.777931987999978, 61.169002910000074 ], [ -149.778029389999972, 61.168994860000055 ], [ -149.778081144999959, 61.168984006000073 ], [ -149.778167621999984, 61.168970468000055 ], [ -149.778242309999968, 61.168970589000082 ], [ -149.778322669999966, 61.168970721000051 ], [ -149.778414706999968, 61.168970872000045 ], [ -149.778500844999968, 61.168953915000031 ], [ -149.77856437899996, 61.168929399000035 ], [ -149.77862761999998, 61.168895990000067 ], [ -149.778691168999984, 61.168870790000028 ], [ -149.778748662999959, 61.168848998000044 ], [ -149.778852085999972, 61.168840956000054 ], [ -149.778938529999976, 61.168830158000048 ], [ -149.779070672999978, 61.168816011000047 ], [ -149.779174157999961, 61.168799764000028 ], [ -149.779277636999979, 61.168783523000059 ], [ -149.779358185999968, 61.168755611000051 ], [ -149.779415784999969, 61.16871946100008 ], [ -149.779433401999967, 61.168681192000065 ], [ -149.779456794999959, 61.168625150000082 ], [ -149.779466046999971, 61.168593022000039 ], [ -149.77951180599996, 61.168554798000059 ], [ -149.779597049999978, 61.168589298000029 ], [ -149.779657939999964, 61.168614532000049 ], [ -149.779715262999957, 61.168617363000067 ], [ -149.77976444799998, 61.168595556000071 ], [ -149.779813336999979, 61.16856486000006 ], [ -149.779922935999963, 61.168534263000083 ], [ -149.780026479999975, 61.168507073000058 ], [ -149.780164384999978, 61.168479259000037 ], [ -149.780256635999962, 61.168449314000043 ], [ -149.78029685499996, 61.168415869000057 ], [ -149.78032613299996, 61.168379670000036 ], [ -149.780355155999956, 61.168329793000055 ], [ -149.780384235999975, 61.168271709000066 ] ] ] } },
{ "type": "Feature", "properties": { "OBJECTID": 35526, "ID": 75000100001274.0, "Shape_Length": 0.0015271959574619145 }, "geometry": { "type": "MultiLineString", "coordinates": [ [ [ -149.81971139999996, 61.47620187900003 ], [ -149.819613275999984, 61.476245371000061 ], [ -149.819505957999979, 61.476281004000043 ], [ -149.819399600999958, 61.476306344000079 ], [ -149.819317137999974, 61.476312522000057 ], [ -149.819239576999962, 61.476303930000029 ], [ -149.819150780999962, 61.476266677000069 ], [ -149.819075714999968, 61.476218648000042 ], [ -149.819043443999959, 61.476182883000035 ], [ -149.819021231999983, 61.476145926000072 ], [ -149.818934783999964, 61.476105389000054 ], [ -149.818876751999966, 61.476085041000033 ], [ -149.818794425999982, 61.476070913000058 ], [ -149.81868275399998, 61.476046476000079 ], [ -149.818607539999959, 61.476026336000075 ], [ -149.818500433999958, 61.475992064000081 ], [ -149.81843526199998, 61.475974398000062 ], [ -149.818349015999956, 61.475927936000062 ], [ -149.818309984999956, 61.475897665000048 ] ] ] } },
{ "type": "Feature", "properties": { "OBJECTID": 35659, "ID": 75000100001275.0, "Shape_Length": 0.0070719130051507453 }, "geometry": { "type": "MultiLineString", "coordinates": [ [ [ -149.81325044099998, 61.479366749000064 ], [ -149.813280975999959, 61.479326036000032 ], [ -149.813356284999969, 61.479280331000041 ], [ -149.813425591999959, 61.479232052000043 ], [ -149.813466185999971, 61.479194602000064 ], [ -149.813476847999965, 61.479150015000073 ], [ -149.813473991999956, 61.479104677000066 ], [ -149.813479924999967, 61.479060060000052 ], [ -149.813485856999961, 61.479015442000048 ], [ -149.813491788999983, 61.478970824000044 ], [ -149.81350662899996, 61.478926017000049 ], [ -149.81349926599998, 61.47888182500003 ], [ -149.813479205999982, 61.478839077000032 ], [ -149.813443819999975, 61.478789117000076 ], [ -149.813427472999962, 61.478744920000054 ], [ -149.813448741999963, 61.478703516000053 ], [ -149.81353646499997, 61.478659540000081 ], [ -149.813624732999983, 61.478613419000055 ], [ -149.813718261999981, 61.478569568000069 ], [ -149.813766240999968, 61.478538202000038 ], [ -149.813818990999977, 61.478484867000077 ], [ -149.813840611999979, 61.478443366000079 ], [ -149.81385961999996, 61.478399964000062 ], [ -149.813856764999969, 61.478354626000055 ], [ -149.813862696999962, 61.47831000900004 ], [ -149.813868627999966, 61.478265391000036 ], [ -149.81387455899997, 61.478220773000032 ], [ -149.813885714999969, 61.478177527000071 ], [ -149.813931921999966, 61.47814463800006 ], [ -149.81396089499998, 61.478127992000054 ], [ -149.814057194999975, 61.478080113000033 ], [ -149.814106927999973, 61.478060621000054 ], [ -149.814210047999978, 61.478017475000058 ], [ -149.814256208999979, 61.477997608000067 ], [ -149.814362551999977, 61.477958713000078 ], [ -149.814399761999965, 61.477927769000075 ], [ -149.814467114999957, 61.477874438000072 ], [ -149.814506655999963, 61.477841441000066 ], [ -149.814592203999979, 61.477794536000033 ], [ -149.814692849999972, 61.477753206000045 ], [ -149.814800768999959, 61.477718377000031 ], [ -149.814872338999976, 61.477699723000057 ], [ -149.814990414999983, 61.477681582000059 ], [ -149.815082115999957, 61.477680533000068 ], [ -149.815170562999981, 61.477671349000047 ], [ -149.815265414999971, 61.477661137000041 ], [ -149.815366148999971, 61.477655374000051 ], [ -149.815461478999964, 61.477662412000029 ], [ -149.815545908999979, 61.477653036000049 ], [ -149.815627598999981, 61.477638161000073 ], [ -149.81562131299998, 61.477635458000066 ], [ -149.815665388999975, 61.477603334000037 ], [ -149.815669437999958, 61.477558681000062 ], [ -149.815682248999963, 61.477516167000033 ], [ -149.815763995999959, 61.477470054000037 ], [ -149.815860383999961, 61.477426188000038 ], [ -149.815968638999976, 61.477388882000071 ], [ -149.816077520999983, 61.477352807000045 ], [ -149.816147909999984, 61.477342235000037 ], [ -149.816223495999964, 61.477294891000042 ], [ -149.816245415999958, 61.477257655000074 ], [ -149.816241306999984, 61.477231592000066 ], [ -149.816293602999963, 61.477183617000037 ], [ -149.816376088999959, 61.47717913200006 ], [ -149.816482835999977, 61.477143530000035 ], [ -149.816540530999958, 61.47711842700005 ], [ -149.816661398999969, 61.477092771000059 ], [ -149.816714732999969, 61.477043073000061 ], [ -149.816703471999972, 61.477008714000078 ], [ -149.816701287999962, 61.476962480000054 ], [ -149.816711620999968, 61.476918197000032 ], [ -149.816759949999977, 61.476870745000042 ], [ -149.816799887999963, 61.476830316000076 ], [ -149.816805855999974, 61.476785393000057 ], [ -149.816767237999983, 61.47674169000004 ], [ -149.816753287999973, 61.476696490000052 ], [ -149.816755528999977, 61.476657684000031 ], [ -149.816833799999984, 61.476614209000047 ], [ -149.816904275999974, 61.476597698000035 ], [ -149.817023996999978, 61.476577816000031 ], [ -149.817113427999971, 61.476572848000046 ], [ -149.817206500999959, 61.476569350000034 ], [ -149.81730127299997, 61.476580622000029 ], [ -149.817395775999984, 61.476581206000048 ], [ -149.817479935999984, 61.476571325000066 ], [ -149.817590647999964, 61.47654168300005 ], [ -149.817692750999981, 61.476500901000065 ], [ -149.817793181999974, 61.47645887300007 ], [ -149.817885858999972, 61.476413684000079 ], [ -149.817978419999974, 61.476370001000078 ], [ -149.818012422999971, 61.476332905000049 ], [ -149.818049169999966, 61.476279280000028 ], [ -149.81805101599997, 61.476246446000061 ], [ -149.818094063999979, 61.47619510700008 ], [ -149.818128157999979, 61.476155448000043 ], [ -149.818191807999966, 61.476107308000053 ], [ -149.818213421999957, 61.476065807000055 ], [ -149.818223634999981, 61.476021685000035 ], [ -149.818229559999963, 61.475977067000031 ], [ -149.818271171999982, 61.475936963000038 ], [ -149.818309984999956, 61.475897665000048 ] ] ] } },
{ "type": "Feature", "properties": { "OBJECTID": 36306, "ID": 75000100002639.0, "Shape_Length": 0.012429064163581666 }, "geometry": { "type": "MultiLineString", "coordinates": [ [ [ -149.597860423999975, 61.21451163100005 ], [ -149.597929130999972, 61.214679081000043 ], [ -149.59791832999997, 61.214756976000047 ], [ -149.597888810999962, 61.214862725000046 ], [ -149.597817858999974, 61.214945820000082 ], [ -149.597740033999969, 61.21507848300007 ], [ -149.597720394999982, 61.215220109000029 ], [ -149.597748075999959, 61.215341901000045 ], [ -149.597820135999967, 61.215465102000053 ], [ -149.597862611999972, 61.215587364000044 ], [ -149.597920862999956, 61.215703015000031 ], [ -149.597847428999984, 61.215973155000029 ], [ -149.597819716999965, 61.216172991000064 ], [ -149.597792003999956, 61.216372828000033 ], [ -149.597798069999982, 61.216545064000059 ], [ -149.597853873999981, 61.216790566000043 ], [ -149.597881839999957, 61.217020846000082 ], [ -149.597907825999982, 61.217265400000031 ], [ -149.59803514799998, 61.217427152000027 ], [ -149.598180415999963, 61.217675496000027 ], [ -149.598329642999971, 61.217895290000058 ], [ -149.598482829999966, 61.218086539000069 ], [ -149.598655942999983, 61.218350104000081 ], [ -149.598753451999983, 61.218510908000042 ], [ -149.598795279999962, 61.218641269000045 ], [ -149.598799371999974, 61.218827779000037 ], [ -149.598825367999979, 61.219072333000042 ], [ -149.59881758299997, 61.219344488000047 ], [ -149.598764012999965, 61.219514829000047 ], [ -149.598587195999983, 61.219709929000032 ], [ -149.598531643999962, 61.219894545000045 ], [ -149.598503931999971, 61.220094381000081 ], [ -149.59847819999996, 61.220279944000083 ], [ -149.598625462999962, 61.22051401300007 ], [ -149.598852296999979, 61.220822296000051 ], [ -149.599118853999983, 61.221060153000053 ], [ -149.599476862999978, 61.221286579000036 ], [ -149.599898480999968, 61.221486349000031 ], [ -149.600415511999984, 61.22164613700005 ], [ -149.601463251999974, 61.221928202000072 ], [ -149.601847978999956, 61.22201153900005 ], [ -149.602186663999959, 61.22206970700006 ], [ -149.602545100999976, 61.222164061000058 ], [ -149.602829562999972, 61.222256069000082 ], [ -149.603137049999958, 61.22236065900006 ], [ -149.603324514999969, 61.22243773200006 ], [ -149.603511979999979, 61.222514806000049 ], [ -149.603949446999962, 61.222753913000076 ] ] ] } },
{ "type": "Feature", "properties": { "OBJECTID": 41639, "ID": 75000400024165.0, "Shape_Length": 0.021832907840967752 }, "geometry": { "type": "MultiLineString", "coordinates": [ [ [ -149.028896714999973, 61.66995066800007 ], [ -149.030552584999981, 61.670175571000073 ], [ -149.032719221999969, 61.670069265000052 ], [ -149.034488928999963, 61.669799219000083 ], [ -149.036091254999974, 61.66947334200006 ], [ -149.037873074999965, 61.668904324000039 ], [ -149.039315837999965, 61.668472991000044 ], [ -149.040907562999962, 61.668213213000058 ], [ -149.041923815999979, 61.668249090000074 ], [ -149.042698361999982, 61.66847599700003 ], [ -149.044014296999961, 61.668622221000078 ], [ -149.045577175999966, 61.668544311000062 ], [ -149.046350755999981, 61.668554964000066 ], [ -149.047911009999979, 61.668493568000031 ], [ -149.04845760699996, 61.668379791000064 ], [ -149.049054948999981, 61.668168018000074 ], [ -149.050032524999978, 61.668002905000037 ], [ -149.050377957999956, 61.66803247200005 ] ] ] } },
{ "type": "Feature", "properties": { "OBJECTID": 46332, "ID": 75000400025058.0, "Shape_Length": 0.026282438255252699 }, "geometry": { "type": "MultiLineString", "coordinates": [ [ [ -148.49610197399997, 61.431878635000032 ], [ -148.497050205999983, 61.432408528000053 ], [ -148.497147713999965, 61.432453038000062 ], [ -148.497222048999959, 61.43250503400003 ], [ -148.497259434999961, 61.432554698000047 ], [ -148.497237, 61.432597104000081 ], [ -148.497117010999972, 61.432683343000065 ], [ -148.497093695999979, 61.432724633000078 ], [ -148.497064970999958, 61.43281330800005 ], [ -148.497061869999982, 61.432858157000055 ], [ -148.497080972999981, 61.432898305000037 ], [ -148.497141108999983, 61.432951450000076 ], [ -148.497493235999968, 61.433141652000074 ], [ -148.497570992999982, 61.433192757000029 ], [ -148.497740763999957, 61.433331946000067 ], [ -148.49791288199998, 61.433428494000054 ], [ -148.497995512999978, 61.433520846000079 ], [ -148.498042172999959, 61.43361847500006 ], [ -148.498129291999959, 61.433710612000027 ], [ -148.498151311999976, 61.433749540000065 ], [ -148.498239317999975, 61.433839741000043 ], [ -148.498407905999983, 61.433980252000083 ], [ -148.49848624599997, 61.434119305000081 ], [ -148.498522753999964, 61.434216570000046 ], [ -148.498528265999965, 61.434260822000056 ], [ -148.49850268299997, 61.434305588000029 ], [ -148.498508190999956, 61.434349839000049 ], [ -148.498569779999968, 61.434487586000046 ], [ -148.49857529099998, 61.434531838000055 ], [ -148.498536229999957, 61.434755510000059 ], [ -148.498445990999983, 61.434886642000038 ], [ -148.498441067999977, 61.434980874000075 ], [ -148.498510269999969, 61.435062310000035 ], [ -148.498521699999969, 61.435119094000072 ], [ -148.498580637999964, 61.435199667000063 ], [ -148.498592069999972, 61.435256452000033 ], [ -148.498675811999959, 61.435393023000074 ], [ -148.498835147999984, 61.435577347000049 ], [ -148.498837039999984, 61.435708616000056 ], [ -148.498898632999982, 61.435846362000063 ], [ -148.498891850999968, 61.435935079000046 ], [ -148.498950224999959, 61.436073971000042 ], [ -148.499028764999963, 61.436166938000042 ], [ -148.499134583999961, 61.436253309000051 ], [ -148.499208617999983, 61.436346795000077 ], [ -148.499360736999961, 61.436448357000074 ], [ -148.499422260999978, 61.436502070000074 ], [ -148.49946238299998, 61.436578631000032 ], [ -148.49951735999997, 61.436634045000062 ], [ -148.499591764999963, 61.436686984000062 ], [ -148.499692351999983, 61.436729657000058 ], [ -148.499803746999959, 61.436750500000073 ], [ -148.499962734999968, 61.43675649100004 ], [ -148.500085057999968, 61.436773573000039 ], [ -148.500219252999983, 61.436848091000059 ], [ -148.50025696299997, 61.436878723000063 ], [ -148.500338945999971, 61.437018594000051 ], [ -148.500372244999966, 61.43711700700004 ], [ -148.500454895999979, 61.437209359000065 ], [ -148.500635209999956, 61.437303052000061 ], [ -148.500781096999958, 61.437407888000052 ], [ -148.500876364999982, 61.437495655000077 ], [ -148.500971444999976, 61.437537268000028 ], [ -148.501057269999961, 61.437535848000039 ], [ -148.50116636499996, 61.437510185000065 ], [ -148.501561805999984, 61.437337125000056 ], [ -148.501670900999983, 61.437311463000071 ], [ -148.501855352999968, 61.437343288000079 ], [ -148.502013381999973, 61.437394298000072 ], [ -148.502122694999969, 61.437398055000074 ], [ -148.502217775999981, 61.437386872000047 ], [ -148.502399939999975, 61.43738855600003 ], [ -148.502498575999965, 61.437421844000028 ], [ -148.50258467499998, 61.437470239000049 ], [ -148.502680411999961, 61.437509994000038 ], [ -148.502760559999956, 61.437525573000073 ], [ -148.502854121999974, 61.437531513000067 ], [ -148.502951215999957, 61.437526896000065 ], [ -148.503133036999969, 61.437546667000049 ], [ -148.503418850999964, 61.437582381000027 ], [ -148.503592228999963, 61.437622586000032 ], [ -148.503784529999962, 61.437606832000029 ], [ -148.503979592999968, 61.437569702000076 ], [ -148.504075638999979, 61.437566917000083 ], [ -148.50424955699998, 61.437592765000034 ], [ -148.504531476999972, 61.437717569000029 ], [ -148.504611626999974, 61.437733146000028 ], [ -148.504989724999973, 61.437741858000038 ], [ -148.505265581999964, 61.437784746000034 ], [ -148.505356905999975, 61.437788346000048 ], [ -148.505549615999968, 61.437772427000027 ], [ -148.505734181999969, 61.437803219000045 ], [ -148.505825506999969, 61.437806819000059 ], [ -148.505926331999973, 61.437802 ], [ -148.50611050599997, 61.437779925000029 ], [ -148.506212074999979, 61.437777274000041 ], [ -148.506292341999966, 61.437783803000059 ], [ -148.50639244499996, 61.437803388000077 ], [ -148.506572767999984, 61.437857615000041 ], [ -148.506663326999984, 61.437853060000066 ], [ -148.506762173999959, 61.437813549000055 ], [ -148.506846390999982, 61.437766134000071 ], [ -148.506913862999966, 61.437698486000045 ], [ -148.50700893399997, 61.437656729000082 ], [ -148.507188364999962, 61.437615298000082 ], [ -148.507388029999959, 61.437580764000074 ], [ -148.507755529999969, 61.43748279600004 ], [ -148.507874180999977, 61.437465763000034 ], [ -148.507963688999979, 61.437461633000055 ], [ -148.508239816999975, 61.437460715000043 ], [ -148.508358472999959, 61.437443681000047 ], [ -148.508537966999967, 61.437389161000056 ], [ -148.508733513999971, 61.437351810000052 ], [ -148.508940522999978, 61.43733596800007 ], [ -148.509105781999978, 61.437312408000082 ], [ -148.50922233999998, 61.437286264000079 ], [ -148.509624531999975, 61.43711985200008 ], [ -148.50974108799997, 61.437093709000067 ], [ -148.509902127999965, 61.437074622000068 ], [ -148.510015105999969, 61.437045364000028 ], [ -148.510228713999965, 61.436973030000047 ], [ -148.510499759999959, 61.436924033000082 ], [ -148.51089024999996, 61.436799210000061 ], [ -148.51111438099997, 61.436743294000053 ], [ -148.511206170999969, 61.436729977000027 ], [ -148.511383213999977, 61.436786796000035 ], [ -148.511396667999975, 61.436797528000056 ], [ -148.511475012999966, 61.43680028600005 ], [ -148.511559515999977, 61.436772919000077 ], [ -148.511671245999963, 61.436761814000079 ], [ -148.511755250999983, 61.43677034500007 ], [ -148.511858674999957, 61.436800908000066 ], [ -148.51202612199998, 61.436900552000054 ], [ -148.512269508999964, 61.437009054000043 ], [ -148.51250308799996, 61.437282502000073 ], [ -148.512517312999961, 61.437369304000072 ], [ -148.512476224999972, 61.437503179000032 ], [ -148.512481752999975, 61.437547430000052 ], [ -148.512552266999961, 61.43768499600003 ], [ -148.512544452999975, 61.437729855000043 ], [ -148.512427291999984, 61.437860035000028 ], [ -148.512406526999968, 61.437903252000069 ], [ -148.512408489999956, 61.437993962000064 ], [ -148.512258470999967, 61.438211436000074 ], [ -148.512248314999965, 61.438345703000039 ], [ -148.512284871999981, 61.438442965000036 ], [ -148.512343851999958, 61.438523532000033 ], [ -148.512401491999981, 61.438705407000043 ], [ -148.512508978999961, 61.438810492000073 ], [ -148.51252944099997, 61.438851312000054 ], [ -148.512538756999959, 61.438937656000064 ], [ -148.512661228999974, 61.439083091000043 ], [ -148.512669922999976, 61.439125642000079 ], [ -148.512654570999956, 61.439214957000047 ], [ -148.512729767999957, 61.439308856000082 ], [ -148.512798539999977, 61.439363456000081 ], [ -148.512925454999959, 61.439438253000048 ], [ -148.513078440999976, 61.439501506000056 ], [ -148.513250414999959, 61.439598124000042 ], [ -148.513350780999957, 61.439635081000063 ], [ -148.513430939999978, 61.439650653000058 ], [ -148.513621456999971, 61.439654206000057 ], [ -148.513803926999969, 61.439704910000046 ], [ -148.513962117999966, 61.439772728000037 ], [ -148.514158316999982, 61.439814011000067 ], [ -148.514252685999963, 61.439817725000069 ], [ -148.51445178299997, 61.439792887000067 ], [ -148.514828859999966, 61.439765624000074 ], [ -148.514920190999959, 61.439769219000027 ], [ -148.515104034999979, 61.439804244000072 ], [ -148.515194800999978, 61.439791211000056 ], [ -148.515298979999983, 61.439764962000083 ], [ -148.515390486999962, 61.43975547000008 ], [ -148.515490649999975, 61.43977102100007 ], [ -148.515999753999978, 61.440062767000029 ] ] ] } },
{ "type": "Feature", "properties": { "OBJECTID": 47857, "ID": 75000400001002.0, "Shape_Length": 0.0078223792637061463 }, "geometry": { "type": "MultiLineString", "coordinates": [ [ [ -148.511913012999969, 61.444750749000036 ], [ -148.511988634999966, 61.444660620000036 ], [ -148.512009409999962, 61.444617404000041 ], [ -148.512011799999982, 61.444527690000029 ], [ -148.511950132999971, 61.444389949000083 ], [ -148.511956879999957, 61.444301232000043 ], [ -148.511920317999966, 61.444203970000046 ], [ -148.51186132899997, 61.444123403000049 ], [ -148.511849870999981, 61.444066619000068 ], [ -148.511790881999957, 61.443986052000071 ], [ -148.51168611099996, 61.443662634000077 ], [ -148.511843673999977, 61.442860457000052 ], [ -148.51183814099997, 61.442816205000042 ], [ -148.511699317999984, 61.442451498000082 ], [ -148.511752503999958, 61.442366892000052 ], [ -148.511807385999958, 61.442314057000033 ], [ -148.51194595299998, 61.442237958000078 ], [ -148.512138581999977, 61.442149579000045 ], [ -148.512251453999966, 61.442117405000033 ], [ -148.512646561999958, 61.442059992000054 ], [ -148.512730789999978, 61.442037316000039 ], [ -148.512919407999959, 61.442067928000029 ], [ -148.512997044999963, 61.442072722000034 ], [ -148.513107081999976, 61.442058324000072 ], [ -148.513312037999981, 61.44197795000008 ], [ -148.51360483199997, 61.441897199000039 ], [ -148.513809784999978, 61.441816827000082 ], [ -148.513926898999983, 61.441804989000047 ], [ -148.514077623999981, 61.44181227100006 ], [ -148.514195524999963, 61.441788670000051 ], [ -148.514281737999966, 61.441740732000028 ], [ -148.514492673999968, 61.441571529000043 ], [ -148.514508148999965, 61.441528603000052 ], [ -148.514601976999984, 61.441393675000029 ], [ -148.514688036999956, 61.441318817000081 ], [ -148.514757753999959, 61.441225738000071 ], [ -148.514778523999979, 61.44118252100003 ], [ -148.514790457999965, 61.44109403200008 ], [ -148.514830449999977, 61.441062732000034 ], [ -148.515093802999957, 61.440972541000065 ], [ -148.515500302999982, 61.440808860000061 ], [ -148.515733273999956, 61.440688439000041 ], [ -148.515788141999963, 61.440635604000079 ], [ -148.51583220599997, 61.440551095000046 ], [ -148.515840122999975, 61.440505633000043 ], [ -148.515823248999965, 61.440370849000033 ], [ -148.515886509999973, 61.440239219000034 ], [ -148.515876778999967, 61.440193063000038 ], [ -148.515889256999969, 61.440148582000063 ], [ -148.515922012999965, 61.440110479000055 ], [ -148.515999753999978, 61.440062767000029 ] ] ] } },
{ "type": "Feature", "properties": { "OBJECTID": 52374, "ID": 75000400015251.0, "Shape_Length": 0.059103948322468944 }, "geometry": { "type": "MultiLineString", "coordinates": [ [ [ -148.531277508999977, 61.318502660000036 ], [ -148.531345181999967, 61.31850094400005 ], [ -148.531455866999977, 61.318486103000055 ], [ -148.531961597999981, 61.318328733000044 ], [ -148.532140623999965, 61.318280351000055 ], [ -148.532247678999966, 61.31824335500005 ], [ -148.532443935999964, 61.318157591000045 ], [ -148.532555275999982, 61.318128973000057 ], [ -148.532639401999973, 61.318119867000064 ], [ -148.532733388999958, 61.318121317000077 ], [ -148.533014573999964, 61.318138584000053 ], [ -148.533401763999962, 61.318060167000056 ], [ -148.533963052999979, 61.318088458000034 ], [ -148.534248900999984, 61.318067699000039 ], [ -148.534339882999973, 61.318071280000083 ], [ -148.534444493999956, 61.318080881000071 ], [ -148.534601595999959, 61.318131675000075 ], [ -148.534985357999972, 61.318156531000056 ], [ -148.53516888599998, 61.318178679000027 ], [ -148.535457149999957, 61.318145112000082 ], [ -148.53554988199997, 61.31814246700003 ], [ -148.535735727999963, 61.318156075000047 ], [ -148.53582259199996, 61.318176418000064 ], [ -148.53592001399997, 61.318189043000075 ], [ -148.536010997999966, 61.318192624000062 ], [ -148.536296840999967, 61.318171859000074 ], [ -148.536672225999979, 61.318186629000081 ], [ -148.536762797999984, 61.318196486000033 ], [ -148.537035649999979, 61.318252132000055 ], [ -148.537129657999969, 61.318255830000055 ], [ -148.537218458999973, 61.318247473000042 ], [ -148.537410201999961, 61.318208821000042 ], [ -148.537692156999981, 61.318173406000028 ], [ -148.53780825399997, 61.318147238000051 ], [ -148.53791362399997, 61.318108091000056 ], [ -148.538082191999962, 61.318020346000083 ], [ -148.538218959999966, 61.317885042000057 ], [ -148.538625193999962, 61.317606685000044 ], [ -148.53899884599997, 61.317516939000029 ], [ -148.539390629999957, 61.317437400000074 ], [ -148.540283218999974, 61.317453509000075 ], [ -148.54068459399997, 61.317469290000076 ], [ -148.540695738999972, 61.317475915000045 ], [ -148.541475514999973, 61.317462405000072 ], [ -148.542417628999971, 61.317537415000061 ], [ -148.543054931999961, 61.317533978000029 ], [ -148.543719224999961, 61.317392855000037 ], [ -148.543858172999961, 61.317348436000032 ], [ -148.544171871999964, 61.31718274900004 ], [ -148.544477730999972, 61.317060914000081 ], [ -148.544589055999978, 61.317032286000028 ], [ -148.544856140999968, 61.317022608000059 ], [ -148.544974326999977, 61.317005542000061 ], [ -148.54515427399997, 61.316953055000056 ], [ -148.545271264999968, 61.316907553000078 ], [ -148.54568174299996, 61.316839635000065 ], [ -148.54708115699998, 61.316685715000062 ], [ -148.547574974999975, 61.316591173000063 ], [ -148.548305943999964, 61.316505939000081 ], [ -148.549402641999961, 61.316492026000049 ], [ -148.550061055999976, 61.316365956000027 ], [ -148.550509742999964, 61.316271781000069 ], [ -148.550544479999957, 61.316280583000037 ], [ -148.551361088999982, 61.315980227000068 ], [ -148.552385075999979, 61.315803821000031 ], [ -148.553014914999977, 61.31550392500003 ], [ -148.553419634999983, 61.31534890000006 ], [ -148.553936152999967, 61.315122302000077 ], [ -148.554373891999973, 61.315006549000032 ], [ -148.554969717999967, 61.314896991000069 ], [ -148.555481901999968, 61.314926571000058 ], [ -148.556285362999972, 61.314882117000082 ], [ -148.556975119999976, 61.314804719000051 ], [ -148.55765647399997, 61.314660528000047 ], [ -148.557947458999962, 61.314472550000062 ], [ -148.558190342999978, 61.314155086000028 ], [ -148.558199966999979, 61.314045700000065 ], [ -148.558573521999961, 61.313955902000032 ], [ -148.559093806999982, 61.313938313000051 ], [ -148.559586215999957, 61.313967103000039 ], [ -148.560365312999977, 61.314064089000055 ], [ -148.560617344999969, 61.314102446000049 ], [ -148.560891056999964, 61.31424609000004 ], [ -148.561357222999959, 61.314311824000072 ], [ -148.562450594999973, 61.31431666900005 ], [ -148.563169816999959, 61.314183428000035 ], [ -148.563747458999984, 61.314063630000078 ], [ -148.564186128999978, 61.313921755000081 ], [ -148.564299084999959, 61.313902111000061 ], [ -148.564388236999974, 61.313897945000065 ], [ -148.564480954999965, 61.313895281000043 ], [ -148.564574777999979, 61.313907400000062 ], [ -148.564756647999957, 61.313900570000044 ], [ -148.564874809999964, 61.313883488000045 ], [ -148.565020934999978, 61.313838610000062 ], [ -148.565100343999973, 61.313831762000063 ], [ -148.565530231999958, 61.313877071000036 ], [ -148.566001263999965, 61.313914495000063 ], [ -148.566234589999965, 61.313869784000076 ], [ -148.566378690999983, 61.313850280000054 ], [ -148.566567335999963, 61.313807887000053 ], [ -148.566658378999961, 61.313809581000044 ], [ -148.566842281999982, 61.313840291000076 ], [ -148.56693325699996, 61.313843852000048 ], [ -148.567125181999984, 61.313827846000038 ], [ -148.567215202999961, 61.313837661000036 ], [ -148.567399457999983, 61.313877091000052 ], [ -148.56758394199997, 61.313888451000082 ], [ -148.567779029999969, 61.313921514000072 ], [ -148.567935951999971, 61.313962360000062 ], [ -148.568342420999983, 61.314027071000055 ], [ -148.568906204999962, 61.314028155000074 ], [ -148.569232104999969, 61.313983936000056 ], [ -148.569331085999977, 61.314005874000031 ], [ -148.569358930999982, 61.313998839000078 ], [ -148.570052376999968, 61.314072984000063 ], [ -148.570492317999964, 61.314175636000073 ], [ -148.570835408999983, 61.314378939000051 ], [ -148.570845789999964, 61.314550242000053 ], [ -148.570908976999959, 61.314761588000067 ], [ -148.571140309999976, 61.315036474000067 ], [ -148.571361268999965, 61.315140056000075 ], [ -148.571624474999965, 61.31515943200003 ], [ -148.572025199999956, 61.315138071000035 ], [ -148.57218771099997, 61.315077421000069 ], [ -148.572520094999959, 61.314995470000042 ], [ -148.573105261999956, 61.314973630000054 ], [ -148.573219039999969, 61.31500580800008 ], [ -148.573500887999984, 61.31501907300003 ], [ -148.573682761999976, 61.315012233000061 ], [ -148.573734588999969, 61.315004098000031 ], [ -148.574056013999979, 61.314856119000069 ], [ -148.574377895999959, 61.314788946000078 ], [ -148.574697552999965, 61.314777340000035 ], [ -148.57496993099997, 61.314863348000074 ], [ -148.575173100999962, 61.315070664000075 ], [ -148.575607303999959, 61.315438915000072 ], [ -148.576249199999978, 61.315872242000069 ], [ -148.576708041999979, 61.316212968000059 ], [ -148.576852592999984, 61.316328416000033 ], [ -148.576840972999975, 61.316363770000066 ], [ -148.577172098999966, 61.316639345000056 ], [ -148.577212335999974, 61.316868778000071 ], [ -148.57702223299998, 61.317165168000031 ], [ -148.576795833999967, 61.317441156000029 ], [ -148.57632093899997, 61.317773894000027 ], [ -148.575237272999971, 61.31829172700003 ], [ -148.574077061999958, 61.318559709000056 ], [ -148.573417715999966, 61.318621313000051 ], [ -148.573349547999982, 61.31866098200004 ], [ -148.573201289999957, 61.318677396000055 ], [ -148.572675138999983, 61.318960652000044 ], [ -148.572376104999961, 61.319195815000057 ], [ -148.572128265999964, 61.31948045200005 ], [ -148.572121180999972, 61.319869441000037 ], [ -148.572281934999978, 61.320208026000046 ], [ -148.572919026999983, 61.320669661000068 ], [ -148.573915506999981, 61.321240279000051 ], [ -148.574503056999959, 61.321643005000055 ], [ -148.575517370999961, 61.322232813000028 ] ] ] } },
{ "type": "Feature", "properties": { "OBJECTID": 63964, "ID": 75000400004888.0, "Shape_Length": 0.035473156908087396 }, "geometry": { "type": "MultiLineString", "coordinates": [ [ [ -149.021948526999978, 61.653839430000062 ], [ -149.022045580999958, 61.653878830000053 ], [ -149.022221119999983, 61.65390403300006 ], [ -149.022522165999959, 61.653878678000069 ], [ -149.02281076099996, 61.653837787000043 ], [ -149.022890000999979, 61.653813878000051 ], [ -149.023000648999982, 61.653801208000061 ], [ -149.023195532999978, 61.653818075000061 ], [ -149.023354921999982, 61.653863367000042 ], [ -149.024014901999976, 61.653963302000079 ], [ -149.024867983999968, 61.653985095000053 ], [ -149.025047312999959, 61.654005393000034 ], [ -149.025159645999963, 61.654031069000041 ], [ -149.025432711999969, 61.654130804000033 ], [ -149.026136491999978, 61.654427329000043 ], [ -149.026217451999969, 61.654442607000078 ], [ -149.026312036999968, 61.654452527000046 ], [ -149.026698623999977, 61.654414918000043 ], [ -149.026792305999976, 61.654411945000049 ], [ -149.027076176999969, 61.654430442000034 ], [ -149.027169859999958, 61.654427471000076 ], [ -149.027461116999973, 61.654397092000067 ], [ -149.027554799999962, 61.654394119000074 ], [ -149.027840003999984, 61.65440422000006 ], [ -149.028019337999979, 61.654424514000027 ], [ -149.028125631999984, 61.654452332000062 ], [ -149.02837930299998, 61.654524608000031 ], [ -149.028564883999962, 61.654613658000073 ], [ -149.028636442999982, 61.654665703000035 ], [ -149.028712569999982, 61.654758911000044 ], [ -149.028881396999964, 61.654897637000033 ], [ -149.028913045999957, 61.654935630000068 ], [ -149.028940970999969, 61.655012065000051 ], [ -149.029004104999984, 61.655055216000051 ], [ -149.02915799699997, 61.655067840000072 ], [ -149.029353603999965, 61.655059528000038 ], [ -149.029539392999965, 61.655064246000052 ], [ -149.029728991999974, 61.655053945000077 ], [ -149.029918144999982, 61.655064863000064 ], [ -149.029992110999956, 61.655083512000033 ], [ -149.030121126999973, 61.655139267000038 ], [ -149.030195720999984, 61.655157582000072 ], [ -149.030478292999959, 61.655201847000058 ], [ -149.030637521999978, 61.655242173000033 ], [ -149.030754499999972, 61.655256456000075 ], [ -149.03091372999998, 61.65529678200005 ], [ -149.031203123999973, 61.655338733000065 ], [ -149.031395242999963, 61.655337091000035 ], [ -149.031579469999969, 61.655360624000082 ], [ -149.03186812499996, 61.655368378000048 ], [ -149.032251002999971, 61.65532883000003 ], [ -149.032344686999977, 61.655325854000068 ], [ -149.033196479999958, 61.655355990000032 ], [ -149.033288179999971, 61.655365525000036 ], [ -149.033569507999971, 61.655414737000058 ], [ -149.033925056999976, 61.655523989000073 ], [ -149.034121910999971, 61.655561223000063 ], [ -149.034300526999971, 61.655613710000068 ], [ -149.034391569999968, 61.655620730000066 ], [ -149.034850520999981, 61.655691936000039 ], [ -149.035226906999981, 61.655703594000045 ], [ -149.035330939999966, 61.655739869000058 ], [ -149.035584931999978, 61.655848848000062 ], [ -149.03567316699997, 61.655896351000081 ], [ -149.035744740999974, 61.655948392000028 ], [ -149.035820891999975, 61.65604159600008 ], [ -149.035980178999978, 61.656185021000056 ], [ -149.036171370999966, 61.65631938000007 ], [ -149.036521285999982, 61.656511324000064 ], [ -149.03697487599996, 61.656701960000078 ], [ -149.03714189599998, 61.656800943000064 ], [ -149.037315267999958, 61.656939480000062 ], [ -149.037394456999976, 61.656990282000038 ], [ -149.037839006999974, 61.657226757000046 ], [ -149.03793543499998, 61.657268874000067 ], [ -149.038109386999963, 61.657323549000068 ], [ -149.038303569999982, 61.657357135000041 ], [ -149.038480266999983, 61.657376826000075 ], [ -149.038576510999974, 61.65737826700007 ], [ -149.038660826999973, 61.657397499000069 ], [ -149.038751872999967, 61.657404517000032 ], [ -149.038930508999982, 61.657456996000064 ], [ -149.039322275999979, 61.657536032000053 ], [ -149.039594656999981, 61.657637788000045 ], [ -149.039732307999969, 61.657708319000051 ], [ -149.039894977999978, 61.657847706000041 ], [ -149.040086195999976, 61.657982060000052 ], [ -149.04026866199996, 61.658074768000063 ], [ -149.040366645999967, 61.658117599000036 ], [ -149.040429246999963, 61.658134816000029 ], [ -149.040503415999979, 61.658185136000043 ], [ -149.040558751999981, 61.658259893000036 ], [ -149.040618094999957, 61.658444035000059 ], [ -149.040663379999984, 61.658538689000068 ], [ -149.040669695999981, 61.658582920000072 ], [ -149.040644704999977, 61.658627785000078 ], [ -149.040660487999958, 61.658714536000048 ], [ -149.04073620799997, 61.658805003000055 ], [ -149.040807796999957, 61.658857043000069 ], [ -149.040896047999979, 61.658904542000073 ], [ -149.040993434999962, 61.658946074000028 ], [ -149.041428584999977, 61.659065912000074 ], [ -149.041718877999983, 61.659193968000068 ], [ -149.041881598999964, 61.659255117000043 ], [ -149.041976233999975, 61.659299647000068 ], [ -149.042141289999961, 61.65939987400003 ], [ -149.042498432999963, 61.659547924000037 ], [ -149.042764176999981, 61.659616177000032 ], [ -149.043251890999983, 61.659688371000072 ], [ -149.043411158999959, 61.659728682000036 ], [ -149.043608894999977, 61.659761080000067 ], [ -149.043883241999964, 61.659782555000049 ], [ -149.043995608999978, 61.659808217000034 ], [ -149.044514530999976, 61.660020555000074 ], [ -149.044782217999966, 61.660162212000046 ], [ -149.044867054999969, 61.660254242000065 ], [ -149.044910361999968, 61.660354191000067 ], [ -149.045216640999968, 61.660573025000076 ], [ -149.045384878999982, 61.660715372000027 ], [ -149.045428183999974, 61.66081532100003 ], [ -149.045508241999983, 61.660908530000029 ], [ -149.045637950999975, 61.660990062000053 ], [ -149.045697403999981, 61.661087586000065 ], [ -149.045746890999965, 61.66114490800004 ], [ -149.04579152499997, 61.661171520000039 ], [ -149.046191116999978, 61.661347173000081 ], [ -149.046582949999959, 61.661426190000043 ], [ -149.046767276999958, 61.661479278000058 ], [ -149.047044032999963, 61.661574984000083 ], [ -149.04729705799997, 61.661684232000027 ], [ -149.047462142999962, 61.661784452000063 ], [ -149.047653244999964, 61.661871090000034 ], [ -149.048270717999969, 61.662045821000049 ], [ -149.04853235799996, 61.662103195000043 ], [ -149.048624608999972, 61.662143312000069 ], [ -149.048664125999977, 61.662175347000073 ], [ -149.048704852999975, 61.662232421000056 ], [ -149.048735252999961, 61.662361954000062 ], [ -149.048877439999984, 61.662726552000038 ], [ -149.048888480999977, 61.662774445000082 ], [ -149.048844921999972, 61.662906262000035 ], [ -149.04889114599996, 61.663042506000068 ], [ -149.048863767999961, 61.663131297000064 ], [ -149.048756751999974, 61.663262757000041 ], [ -149.048736575999982, 61.663306054000032 ], [ -149.048733050999971, 61.663441344000034 ], [ -149.048712871999982, 61.663484640000036 ], [ -149.04864424799996, 61.663577988000043 ], [ -149.048548358999966, 61.663653262000082 ], [ -149.048498697999975, 61.663836586000059 ], [ -149.048448886999978, 61.663923572000044 ], [ -149.048413464999982, 61.664147402000083 ], [ -149.048419789999969, 61.66419163300003 ], [ -149.048473299999984, 61.664284642000041 ], [ -149.048479665999963, 61.66432861100003 ], [ -149.048459530999963, 61.664371645000074 ], [ -149.048380159999965, 61.664461242000073 ], [ -149.048267274999972, 61.66454630000004 ], [ -149.048056784999972, 61.664625404000049 ], [ -149.047873229999965, 61.664715614000045 ], [ -149.047768528999967, 61.664802432000045 ], [ -149.047565759999969, 61.664933074000032 ], [ -149.047424477999982, 61.665006944000083 ], [ -149.047279887999963, 61.665132398000083 ], [ -149.047191077999969, 61.665269042000034 ], [ -149.047148585999963, 61.665537455000049 ], [ -149.047154908999971, 61.665581687000042 ], [ -149.047228281999963, 61.665718987000048 ], [ -149.047150512999963, 61.665889771000082 ], [ -149.047077109999975, 61.665980101000059 ], [ -149.046896646999983, 61.666072263000046 ], [ -149.04678240399997, 61.666106914000068 ], [ -149.04666465699998, 61.666119199000036 ], [ -149.046504499999969, 61.666113267000071 ], [ -149.046383349999957, 61.666119711000078 ], [ -149.046203624999976, 61.666177316000073 ], [ -149.046116601999984, 61.666223023000043 ], [ -149.04608885899998, 61.666261215000077 ], [ -149.046069839999973, 61.666351238000061 ], [ -149.046076160999974, 61.666395469000065 ], [ -149.046140609999981, 61.666532976000042 ], [ -149.046135327999963, 61.66662172100007 ], [ -149.046173329999959, 61.666717504000076 ], [ -149.046175839999961, 61.66672137300003 ] ] ] } },
{ "type": "Feature", "properties": { "OBJECTID": 66580, "ID": 75000400028963.0, "Shape_Length": 0.019718108519542171 }, "geometry": { "type": "MultiLineString", "coordinates": [ [ [ -149.037441323999957, 61.672816154000031 ], [ -149.038168883999958, 61.672679197000036 ], [ -149.038915204999967, 61.672527405000039 ], [ -149.039778662999964, 61.672464949000073 ], [ -149.040578494999977, 61.672493190000068 ], [ -149.041425491999973, 61.672506395000028 ], [ -149.043454921999967, 61.672495608000077 ], [ -149.047140227999961, 61.672269001000075 ], [ -149.050348392999979, 61.671912421000059 ], [ -149.053535691999969, 61.671337606000066 ], [ -149.055039069999964, 61.67079672400007 ], [ -149.056652135999968, 61.669761012000038 ] ] ] } },
{ "type": "Feature", "properties": { "OBJECTID": 66936, "ID": 75000400034535.0, "Shape_Length": 0.0098524535540319806 }, "geometry": { "type": "MultiLineString", "coordinates": [ [ [ -148.583353451999983, 61.316206926000064 ], [ -148.583283525999974, 61.316563489000032 ], [ -148.583303850999982, 61.316653066000072 ], [ -148.583296202999975, 61.316745512000068 ], [ -148.583262417999975, 61.316787493000049 ], [ -148.583211448999975, 61.316823609000039 ], [ -148.583121614999982, 61.316959946000054 ], [ -148.583071753999974, 61.317271221000055 ], [ -148.582865279999965, 61.317398410000067 ], [ -148.582824467999984, 61.317436473000043 ], [ -148.582755223999982, 61.317529584000056 ], [ -148.58273146199997, 61.317617630000029 ], [ -148.582599755999979, 61.317790583000033 ], [ -148.582584432999965, 61.317833515000075 ], [ -148.582529887999982, 61.317886376000047 ], [ -148.582387932999978, 61.317961641000068 ], [ -148.582278853999981, 61.318047239000066 ], [ -148.582199505999967, 61.318139918000043 ], [ -148.582147319999962, 61.318173890000082 ], [ -148.582018164999965, 61.318302103000065 ], [ -148.581951687999975, 61.318396595000081 ], [ -148.581723367999956, 61.31856489200004 ], [ -148.581711030999969, 61.318609378000076 ], [ -148.581720819999958, 61.318655529000068 ], [ -148.581700223999974, 61.318698755000071 ], [ -148.581595206999964, 61.318831230000058 ], [ -148.581486125999959, 61.318916829000045 ], [ -148.581352491999979, 61.318993799000054 ], [ -148.58128827799996, 61.31904761900006 ], [ -148.581085802999979, 61.319177576000072 ], [ -148.581026984999966, 61.319202076000067 ], [ -148.580666468999965, 61.319430339000064 ], [ -148.580296963999956, 61.319622131000074 ], [ -148.580146111999966, 61.319724012000052 ], [ -148.580009383999965, 61.319798309000078 ], [ -148.579915415999977, 61.319842668000035 ], [ -148.579603227999968, 61.319960793000064 ], [ -148.579372524999968, 61.320079450000037 ], [ -148.578219118999982, 61.320525585000041 ], [ -148.577375023999963, 61.32087675300005 ], [ -148.576761120999976, 61.321410567000044 ], [ -148.576546140999966, 61.321793811000077 ], [ -148.576538539999973, 61.322090898000056 ], [ -148.576505978999961, 61.322129013000051 ], [ -148.576485831999975, 61.322218964000058 ], [ -148.576500176999957, 61.322305758000027 ] ] ] } },
{ "type": "Feature", "properties": { "OBJECTID": 67501, "ID": 75000400028989.0, "Shape_Length": 0.020372704518521405 }, "geometry": { "type": "MultiLineString", "coordinates": [ [ [ -149.02657042499996, 61.669281178000062 ], [ -149.027697490999969, 61.668874011000071 ], [ -149.028427995999976, 61.668686749000074 ], [ -149.030182750999984, 61.66806697700008 ], [ -149.03132333299996, 61.66754187500004 ], [ -149.033007073999983, 61.667368596000074 ], [ -149.033947955999963, 61.667435128000079 ], [ -149.035179676999974, 61.667445412000063 ], [ -149.036041677999975, 61.667342831000042 ], [ -149.037401323999973, 61.666973827000049 ], [ -149.037989284999981, 61.666912724000042 ], [ -149.038783558999967, 61.66694078200004 ], [ -149.039503697999976, 61.667066005000038 ], [ -149.040183559999974, 61.667223061000072 ], [ -149.040960690999981, 61.667433441000071 ], [ -149.042068939999979, 61.667555719000063 ], [ -149.042847739999957, 61.66753331600006 ], [ -149.043252595999974, 61.667507079000075 ], [ -149.044204504999982, 61.667348920000052 ], [ -149.044477046999958, 61.667258195000045 ], [ -149.045315865999981, 61.667005065000069 ], [ -149.045607878999959, 61.667015366000044 ], [ -149.046423732999983, 61.667086439000059 ] ] ] } },
{ "type": "Feature", "properties": { "OBJECTID": 161935, "ID": 75000600020397.0, "Shape_Length": 0.0088409742809917313 }, "geometry": { "type": "MultiLineString", "coordinates": [ [ [ -150.702936965999982, 61.754082522000033 ], [ -150.702665995999979, 61.753941651000048 ], [ -150.702507083999961, 61.753841402000035 ], [ -150.702426346999971, 61.753751854000029 ], [ -150.702405909999982, 61.753665315000035 ], [ -150.702428583999961, 61.753620168000054 ], [ -150.70241989799996, 61.753576023000051 ], [ -150.702348004999976, 61.753439314000047 ], [ -150.702339322999961, 61.753395170000033 ], [ -150.702376141999963, 61.753216059000067 ], [ -150.702367457999969, 61.753171915000053 ], [ -150.702295564999957, 61.75303520500006 ], [ -150.702296158999957, 61.752946424000072 ], [ -150.702245718999961, 61.752852332000032 ], [ -150.702100416999969, 61.752488107000033 ], [ -150.701989572999963, 61.752355159000047 ], [ -150.701868432999959, 61.752273593000041 ], [ -150.701701061999984, 61.752132096000082 ], [ -150.701651484999957, 61.752074722000032 ], [ -150.701440030999976, 61.751902166000036 ], [ -150.701390454999967, 61.751844792000043 ], [ -150.701223084999981, 61.751703294000038 ], [ -150.701106324999984, 61.751621089000082 ], [ -150.700854859999964, 61.751474984000083 ], [ -150.700773536999975, 61.751382708000051 ], [ -150.700606171999965, 61.751241210000046 ], [ -150.700553867999957, 61.751213245000031 ], [ -150.700430588999978, 61.751102806000063 ], [ -150.700313833999957, 61.751020600000061 ], [ -150.700231728999967, 61.750970746000064 ], [ -150.700043112999964, 61.750879936000047 ], [ -150.699978653999977, 61.750827765000054 ], [ -150.699947598999984, 61.750702517000036 ], [ -150.699727423999974, 61.750550826000051 ], [ -150.699626238999969, 61.750419733000058 ], [ -150.699505111999969, 61.750338166000063 ], [ -150.699386097999962, 61.75022438600007 ], [ -150.699229152999976, 61.750168760000065 ], [ -150.699190251999966, 61.75016964100007 ], [ -150.698978602999972, 61.750098190000074 ], [ -150.698902633999978, 61.750044095000078 ], [ -150.698706471999969, 61.749959725000053 ], [ -150.698263840999971, 61.749845047000065 ], [ -150.698164921999961, 61.749804080000047 ], [ -150.698067686999963, 61.74976067700004 ], [ -150.697521251999973, 61.749307848000058 ], [ -150.697180428999957, 61.74908074800004 ], [ -150.696464938999981, 61.74882109400005 ] ] ] } },
{ "type": "Feature", "properties": { "OBJECTID": 163179, "ID": 75000600020398.0, "Shape_Length": 0.010392391428859504 }, "geometry": { "type": "MultiLineString", "coordinates": [ [ [ -150.692634465999959, 61.758047131000069 ], [ -150.692734858999984, 61.757914456000037 ], [ -150.692752815999967, 61.757870936000074 ], [ -150.692739776999957, 61.757824952000078 ], [ -150.692757729999983, 61.757781432000058 ], [ -150.692971922999959, 61.757472367000048 ], [ -150.692989879999971, 61.757428846000039 ], [ -150.692976839999972, 61.757382861000053 ], [ -150.692994791999979, 61.75733934200008 ], [ -150.693095181999979, 61.757206667000048 ], [ -150.693113137999973, 61.757163147000028 ], [ -150.693100096999984, 61.757117162000043 ], [ -150.693118048999963, 61.757073643000069 ], [ -150.693218437999974, 61.756940968000038 ], [ -150.693236392999978, 61.756897447000028 ], [ -150.693251722999975, 61.756583539000076 ], [ -150.693269674999982, 61.756540018000067 ], [ -150.693370060999968, 61.756407344000081 ], [ -150.693388015999972, 61.756363823000072 ], [ -150.69338916099997, 61.756183877000069 ], [ -150.693525449999981, 61.755964161000065 ], [ -150.693554960999961, 61.75551629000006 ], [ -150.693691245999958, 61.755296574000056 ], [ -150.693701843999975, 61.755027320000067 ], [ -150.693838126999964, 61.754807604000064 ], [ -150.693829813999969, 61.754716966000046 ], [ -150.69384776299998, 61.754673446000083 ], [ -150.693948139999975, 61.754540771000052 ], [ -150.693966276999959, 61.754452400000048 ], [ -150.694066652999965, 61.754319725000073 ], [ -150.694084604999972, 61.754276204000064 ], [ -150.694085744999967, 61.754096258000061 ], [ -150.694222020999973, 61.753876542000057 ], [ -150.694227886999983, 61.753651942000033 ], [ -150.694245835999965, 61.753608421000081 ], [ -150.694346207999956, 61.753475746000049 ], [ -150.694364159999964, 61.75343222500004 ], [ -150.694360571999965, 61.753296933000058 ], [ -150.694496841999978, 61.753077217000055 ], [ -150.694507432999984, 61.752807962000077 ], [ -150.694525379999959, 61.752764442000057 ], [ -150.694625747999964, 61.752631767000082 ], [ -150.694643698999982, 61.752588246000073 ], [ -150.69464483699997, 61.75240830000007 ], [ -150.694781099999972, 61.752188583000077 ], [ -150.694786962999984, 61.751963983000053 ], [ -150.694804909999959, 61.751920462000044 ], [ -150.694905272999961, 61.751787786000079 ], [ -150.694923223999979, 61.751744267000049 ], [ -150.69491018399998, 61.751698282000064 ], [ -150.694928130999983, 61.751654762000044 ], [ -150.695028492999967, 61.75152208600008 ], [ -150.695046442999967, 61.75147856600006 ], [ -150.695042852999961, 61.751343274000078 ], [ -150.69517910999997, 61.751123557000028 ], [ -150.695170793999978, 61.751032919000068 ], [ -150.695188739999963, 61.750989399000048 ], [ -150.695516624999982, 61.750503937000076 ], [ -150.695534754999983, 61.750415567000061 ], [ -150.695604783999983, 61.750324296000031 ], [ -150.69582614899997, 61.749968657000068 ], [ -150.695907789999978, 61.749892490000036 ], [ -150.69593518299996, 61.749836918000028 ], [ -150.696016822999979, 61.749760751000053 ], [ -150.696157970999963, 61.749528786000042 ], [ -150.696239609999964, 61.749452619000067 ], [ -150.696267002999974, 61.749397047000059 ], [ -150.696348640999958, 61.749320879000038 ], [ -150.69643045799998, 61.749183234000043 ], [ -150.696464938999981, 61.74882109400005 ] ] ] } },
{ "type": "Feature", "properties": { "OBJECTID": 181967, "ID": 75000200005633.0, "Shape_Length": 0.010186761932106332 }, "geometry": { "type": "MultiLineString", "coordinates": [ [ [ -150.32938511499998, 61.731408198000054 ], [ -150.329317350999958, 61.731425603000048 ], [ -150.329227620999973, 61.73146541300008 ], [ -150.329186451999959, 61.731497810000064 ], [ -150.329152983999961, 61.731535391000079 ], [ -150.329088929999983, 61.731588050000028 ], [ -150.329045899999983, 61.731613080000045 ], [ -150.328980918999974, 61.731624755000041 ], [ -150.328886567999973, 61.731618703000038 ], [ -150.328794163999959, 61.731624522000061 ], [ -150.328703558999962, 61.731634377000034 ], [ -150.328588730999968, 61.73164455400007 ], [ -150.328500982999969, 61.731656091000048 ], [ -150.32842334999998, 61.731670259000055 ], [ -150.328304127999957, 61.731696467000063 ], [ -150.328209730999959, 61.731741766000027 ], [ -150.328127983999963, 61.731791421000082 ], [ -150.328085141999964, 61.73182064000008 ], [ -150.328001333999964, 61.731869410000058 ], [ -150.327903883999966, 61.731912692000037 ], [ -150.327812681999973, 61.731959266000047 ], [ -150.327715469999958, 61.732004989000075 ], [ -150.327672910999979, 61.732022048000033 ], [ -150.327605390999963, 61.732041172000038 ], [ -150.327509318999972, 61.732029072000046 ], [ -150.327413460999963, 61.732017277000068 ], [ -150.327331305999962, 61.732018494000044 ], [ -150.327223455999956, 61.732027397000081 ], [ -150.327100865999967, 61.732055646000049 ], [ -150.327046484999983, 61.732077702000083 ], [ -150.326953505999967, 61.732120103000057 ], [ -150.326909214999972, 61.732153615000072 ], [ -150.326920415999979, 61.732200384000066 ], [ -150.326955164999958, 61.732241030000068 ], [ -150.326976321999979, 61.732249816000035 ], [ -150.327001737999979, 61.732292127000051 ], [ -150.326965220999966, 61.732329533000041 ], [ -150.326882279999978, 61.732376310000063 ], [ -150.32685809299997, 61.732387180000046 ], [ -150.326836128999958, 61.732425661000036 ], [ -150.326877052999976, 61.732468460000064 ], [ -150.326882606999959, 61.732512952000036 ], [ -150.326861845999957, 61.732554435000054 ], [ -150.326774137999962, 61.732598734000078 ], [ -150.326685909999981, 61.732645181000066 ], [ -150.326592344999966, 61.732689376000053 ], [ -150.326553023999963, 61.732722520000038 ], [ -150.326486064999983, 61.732774671000072 ], [ -150.326431778999961, 61.732805574000054 ], [ -150.326368308999974, 61.732858573000044 ], [ -150.326319690999981, 61.732874600000059 ], [ -150.326291950999973, 61.732878199000083 ], [ -150.326165470999968, 61.732880243000068 ], [ -150.326077105999957, 61.732894945000055 ], [ -150.325987399999974, 61.73290462500006 ], [ -150.325881662999961, 61.732911279000064 ], [ -150.32578975499996, 61.732913035000081 ], [ -150.325693843999971, 61.732902043000081 ], [ -150.325604277999958, 61.732888888000048 ], [ -150.325519416999981, 61.732901874000049 ], [ -150.325402476999983, 61.732914986000083 ], [ -150.325290974999973, 61.732953058000078 ], [ -150.325230171999976, 61.732970661000081 ], [ -150.325142596999967, 61.733016019000047 ], [ -150.325115912999962, 61.733051254000031 ], [ -150.325077013999959, 61.733085389000053 ], [ -150.325005842999957, 61.73313667900004 ], [ -150.324907701999962, 61.733180007000044 ], [ -150.324798158999982, 61.733217680000052 ], [ -150.324705455999975, 61.73326320700005 ], [ -150.324617917999973, 61.73330954000005 ], [ -150.324578593999973, 61.733342682000057 ], [ -150.324511628999971, 61.733394833000034 ], [ -150.324478222999971, 61.733431951000057 ], [ -150.324406271999976, 61.733483070000034 ], [ -150.324369263999984, 61.73351414900003 ], [ -150.324271270999958, 61.733555456000033 ], [ -150.324207293999962, 61.733574220000037 ], [ -150.32408231399998, 61.733591477000061 ], [ -150.323997365999958, 61.733601909000072 ], [ -150.323912668999981, 61.733617023000079 ], [ -150.323801476999961, 61.733631027000058 ], [ -150.323708255999975, 61.733634878000032 ], [ -150.323616507999958, 61.73362620000006 ], [ -150.323515379999975, 61.73360361500005 ], [ -150.323427630999959, 61.733589107000057 ], [ -150.323333864999967, 61.733584594000035 ], [ -150.323237645999967, 61.733584050000047 ], [ -150.323155863999972, 61.733569521000049 ], [ -150.323052452999974, 61.733533876000081 ], [ -150.322965227999958, 61.733485416000065 ], [ -150.322878003999961, 61.73343695300008 ], [ -150.32277459499997, 61.733401309000044 ], [ -150.322692816999961, 61.733386778000067 ], [ -150.32259759599998, 61.733377733000054 ], [ -150.322502343999957, 61.733385844000054 ], [ -150.322411732999967, 61.73339569500007 ], [ -150.322296896999973, 61.733405867000045 ], [ -150.322211181999961, 61.733419963000074 ], [ -150.322139263999958, 61.733433429000058 ], [ -150.322033870999974, 61.733469408000076 ], [ -150.321990006999982, 61.733495925000057 ], [ -150.321905297999962, 61.73354551500006 ], [ -150.321842995999958, 61.733596009000053 ], [ -150.321802682999959, 61.733633607000058 ], [ -150.32180152799998, 61.73367892400006 ], [ -150.321796272999961, 61.733723565000048 ], [ -150.32176734799998, 61.733759285000076 ], [ -150.321670331999968, 61.733801722000067 ], [ -150.321620474999975, 61.733819151000034 ], [ -150.321517366999984, 61.733860489000051 ], [ -150.321470209999973, 61.733884536000062 ], [ -150.321390332999982, 61.73393664300005 ], [ -150.321295915999968, 61.733981935000031 ], [ -150.321185815999968, 61.734013588000039 ], [ -150.321095476999972, 61.734022975000073 ], [ -150.32100626899998, 61.734012534000044 ], [ -150.320911659999979, 61.733969131000038 ], [ -150.320833960999977, 61.733920118000071 ], [ -150.320868012999966, 61.733878435000065 ], [ -150.320903274999978, 61.733833766000032 ], [ -150.320943419999963, 61.73380376700004 ], [ -150.320907087999984, 61.73375885300004 ], [ -150.320854835999967, 61.733738860000074 ], [ -150.320790198999958, 61.733723650000059 ], [ -150.320757763999978, 61.733710641000073 ] ] ] } },
{ "type": "Feature", "properties": { "OBJECTID": 187513, "ID": 75000200015301.0, "Shape_Length": 0.16119166320308817 }, "geometry": { "type": "MultiLineString", "coordinates": [ [ [ -150.769941897999956, 61.610003348000077 ], [ -150.769924254999978, 61.609590807000075 ], [ -150.769979050999979, 61.609350472000074 ], [ -150.769854291999962, 61.609172440000066 ], [ -150.769747450999972, 61.609143743000061 ], [ -150.769692187999965, 61.609136465000063 ], [ -150.769579173999972, 61.609122568000032 ], [ -150.769484167999963, 61.609128912000074 ], [ -150.76939091899996, 61.609118235000039 ], [ -150.76927558099996, 61.609126875000072 ], [ -150.769219083999957, 61.609131581000042 ], [ -150.76910558199998, 61.609153719000062 ], [ -150.768999129999969, 61.60919244300004 ], [ -150.768925772999978, 61.60924717100005 ], [ -150.768883874999972, 61.609273041000051 ], [ -150.768785072999975, 61.60931219500003 ], [ -150.768706942999984, 61.609322034000058 ], [ -150.768611623999959, 61.609328366000057 ], [ -150.768519042999969, 61.60931564200007 ], [ -150.768431441999979, 61.609301411000047 ], [ -150.768325942999979, 61.609282779000068 ], [ -150.768238337999975, 61.609268549000035 ], [ -150.768146276999971, 61.609260149000079 ], [ -150.76805043799996, 61.609262156000057 ], [ -150.767955993999976, 61.609259981000037 ], [ -150.767861550999982, 61.609257806000073 ], [ -150.767767107999958, 61.609255631000053 ], [ -150.767671267999958, 61.609257638000031 ], [ -150.767576820999977, 61.60925321700006 ], [ -150.767495158999964, 61.609238946000062 ], [ -150.767396085999962, 61.609200765000082 ], [ -150.767297275999965, 61.609159523000073 ], [ -150.767203192999972, 61.609115750000058 ], [ -150.767138619999969, 61.609088941000039 ], [ -150.767020283999983, 61.609075515000029 ], [ -150.766923891999966, 61.609075173000065 ], [ -150.766860083999973, 61.609072107000031 ], [ -150.76675258399996, 61.609045471000059 ], [ -150.766654570999975, 61.609010281000053 ], [ -150.76656432599998, 61.608984938000049 ], [ -150.766464923999962, 61.608998264000036 ], [ -150.766368866999983, 61.609044379000068 ], [ -150.766266080999969, 61.60908373400008 ], [ -150.766259586999979, 61.609084941000049 ], [ -150.765993092999963, 61.60894602500008 ], [ -150.765393383999964, 61.608932205000031 ], [ -150.764876320999974, 61.60899134400006 ], [ -150.764329271999969, 61.609049792000064 ], [ -150.763885336999977, 61.608982710000078 ], [ -150.763698835999975, 61.608751022000035 ], [ -150.763816576999972, 61.608483718000059 ], [ -150.763938704999958, 61.608173878000059 ], [ -150.76353792599997, 61.607979885000077 ], [ -150.763052323999972, 61.608025534000035 ], [ -150.762555017999972, 61.608184601000062 ], [ -150.761882187999959, 61.60829698100008 ], [ -150.761469714999976, 61.608216407000043 ], [ -150.761485811999961, 61.608060450000039 ], [ -150.761707411999964, 61.607951871000068 ], [ -150.762260297999973, 61.607836722000059 ], [ -150.762841703999982, 61.607736442000032 ], [ -150.763279032999975, 61.607575990000043 ], [ -150.763390923999964, 61.607365396000034 ], [ -150.763254164999978, 61.607234339000058 ], [ -150.762846093999968, 61.607111234000058 ], [ -150.762189380999956, 61.607067661000031 ], [ -150.761466844999973, 61.607079412000076 ], [ -150.760894228999973, 61.607094620000055 ], [ -150.760459114999975, 61.606942459000038 ], [ -150.760328225999984, 61.606754687000034 ], [ -150.760013047999962, 61.606605294000076 ], [ -150.759588892999972, 61.606638135000082 ], [ -150.759302939999969, 61.606787861000043 ], [ -150.758721539999982, 61.606888126000058 ], [ -150.75827325399996, 61.606863559000033 ], [ -150.757994612999966, 61.606942392000065 ], [ -150.757996765999962, 61.607212464000042 ], [ -150.758064741999959, 61.607427209000036 ], [ -150.757688820999959, 61.607574853000074 ], [ -150.75718495199996, 61.607506365000063 ], [ -150.756679624999975, 61.607452051000053 ], [ -150.756210140999968, 61.607341718000043 ], [ -150.755710681999972, 61.60723069200003 ], [ -150.755229305999961, 61.607031968000058 ], [ -150.754738648999961, 61.606835870000054 ], [ -150.754342348999984, 61.606599319000054 ], [ -150.753946055999961, 61.606362764000039 ], [ -150.753669696999964, 61.606128985000055 ], [ -150.753339245999967, 61.605837106000081 ], [ -150.753328331999967, 61.605652101000032 ], [ -150.75313459299997, 61.605491290000032 ], [ -150.752684866999971, 61.605480884000031 ], [ -150.752088161999978, 61.605438650000053 ], [ -150.751835937999971, 61.605262272000061 ], [ -150.752007856999967, 61.605053077000036 ], [ -150.752328217999974, 61.604861526000036 ], [ -150.752320243999975, 61.60464816800004 ], [ -150.751940761999975, 61.604539902000056 ], [ -150.751489582999966, 61.604543669000066 ], [ -150.75097990499998, 61.604531869000027 ], [ -150.750536061999981, 61.60446474500003 ], [ -150.750229763999982, 61.60423026400008 ], [ -150.75004339399996, 61.603998561000083 ], [ -150.749762680999964, 61.603807305000032 ], [ -150.749185711999957, 61.603865 ], [ -150.748811260999958, 61.603998442000034 ], [ -150.748372434999965, 61.604173026000069 ], [ -150.747888338999957, 61.604204442000082 ], [ -150.747505937999961, 61.604124522000063 ], [ -150.747415406999977, 61.603838187000065 ], [ -150.747437447999971, 61.603625523000062 ], [ -150.747365144999975, 61.603453304000027 ], [ -150.746922794999961, 61.603371992000064 ], [ -150.74635023899998, 61.603387141000042 ], [ -150.746010172999974, 61.603478736000056 ], [ -150.74548434099998, 61.603622871000027 ], [ -150.744940290999978, 61.603652888000056 ], [ -150.744436513999972, 61.603584353000031 ], [ -150.74372582099997, 61.603482591000045 ], [ -150.743294333999984, 61.603586273000076 ], [ -150.743095325999974, 61.603766405000044 ], [ -150.742813732999963, 61.603873564000082 ], [ -150.742374335999983, 61.603763883000056 ], [ -150.74197816299997, 61.603527296000038 ], [ -150.74161787099996, 61.603234692000058 ], [ -150.741319011999963, 61.602929303000053 ], [ -150.740827033999977, 61.60274733600005 ], [ -150.740299193999959, 61.602621379000027 ], [ -150.740202840999984, 61.602391752000074 ], [ -150.740496211999982, 61.602171179000038 ], [ -150.740488319999969, 61.601957818000074 ], [ -150.740140362999966, 61.60183604000008 ], [ -150.739690689999975, 61.601825592000068 ], [ -150.73941205099996, 61.601904388000037 ], [ -150.739103427999964, 61.601982487000043 ], [ -150.738691098999965, 61.601901844000054 ], [ -150.738362305999971, 61.601595754000073 ], [ -150.738250725999961, 61.601223651000055 ], [ -150.738357832999981, 61.600771363000035 ], [ -150.738661513999972, 61.600451550000059 ], [ -150.739071836999983, 61.600262122000061 ], [ -150.739470367999957, 61.600186112000074 ], [ -150.739834507999973, 61.600151939000057 ], [ -150.740000147999979, 61.600133661000029 ], [ -150.739970519999957, 61.600102443000083 ], [ -150.739947072999968, 61.60006196900008 ], [ -150.739943763999975, 61.600018576000082 ], [ -150.739929884999981, 61.599977656000078 ], [ -150.739865671999979, 61.599925505000044 ], [ -150.739778029999968, 61.599877595000066 ], [ -150.739683049999968, 61.599832750000076 ], [ -150.739597998999983, 61.599783648000027 ], [ -150.73950350299998, 61.599739054000054 ], [ -150.739403969999984, 61.599696609000034 ], [ -150.739355103999969, 61.599674572000083 ], [ -150.739310484999976, 61.599651234000078 ], [ -150.739225707999964, 61.599601445000076 ], [ -150.739153653999978, 61.599548853000044 ], [ -150.739070731999959, 61.599500308000074 ], [ -150.739030291999967, 61.599466589000031 ], [ -150.738990287999968, 61.599410785000032 ], [ -150.738986787999977, 61.599367263000033 ], [ -150.738975943999975, 61.599328668000055 ], [ -150.73895922799997, 61.599321522000082 ], [ -150.738735627999972, 61.599159996000083 ], [ -150.738323336999969, 61.599079351000057 ], [ -150.737989184999975, 61.599114219000057 ], [ -150.737557738999982, 61.599217881000072 ], [ -150.737151841999975, 61.599364773000048 ], [ -150.736792134999973, 61.599356408000062 ], [ -150.736528248999974, 61.599293421000027 ], [ -150.736490410999977, 61.599079364000033 ], [ -150.736692374999961, 61.598870884000064 ], [ -150.736804413999977, 61.59866031200005 ], [ -150.73658082999998, 61.598498781000046 ], [ -150.736075678999981, 61.598444394000069 ], [ -150.735453580999973, 61.598358860000076 ], [ -150.735168581999972, 61.598210110000082 ], [ -150.735228052999958, 61.597927258000027 ], [ -150.735373018999979, 61.597689028000048 ], [ -150.735594631999959, 61.597580491000031 ], [ -150.735883566999973, 61.597402459000079 ], [ -150.735982331999963, 61.59731948600006 ], [ -150.735995600999956, 61.597191889000044 ], [ -150.735524870999967, 61.59709566500004 ], [ -150.735206962999968, 61.596974571000032 ], [ -150.735188785999981, 61.596860453000033 ], [ -150.73532047499998, 61.596749823000039 ], [ -150.735862940999965, 61.596734022000078 ], [ -150.736546428999958, 61.596806771000047 ], [ -150.737053027999963, 61.596846978000031 ], [ -150.737298708999958, 61.596795845000031 ], [ -150.737586152999967, 61.59663198800007 ], [ -150.737569439999959, 61.596503693000045 ], [ -150.737462811999961, 61.596373308000068 ], [ -150.73726037199998, 61.59629754000008 ], [ -150.736916908999973, 61.59613322000007 ], [ -150.736600478999975, 61.59599795400004 ], [ -150.736411306999969, 61.595794588000047 ], [ -150.736430469999959, 61.595610279000027 ], [ -150.736364140999967, 61.595381347000057 ], [ -150.736149423999962, 61.595134750000057 ], [ -150.735852172999984, 61.594815174000075 ], [ -150.735617815999973, 61.594468635000055 ], [ -150.735648777999984, 61.594170906000045 ], [ -150.735645346999974, 61.593915014000061 ], [ -150.735427696999977, 61.593696771000054 ], [ -150.735141265999971, 61.593562199000075 ], [ -150.734570361999971, 61.593563121000045 ], [ -150.733960631999963, 61.593648410000071 ], [ -150.733794555999964, 61.593800872000031 ], [ -150.733595555999983, 61.593980993000059 ], [ -150.73329732199997, 61.593959838000046 ], [ -150.73304824799996, 61.593755069000053 ], [ -150.732896462999975, 61.593481510000061 ], [ -150.732893050999962, 61.593225616000041 ], [ -150.732796782999969, 61.592995984000083 ], [ -150.732544763999982, 61.592819571000064 ], [ -150.73205594999996, 61.592609218000064 ], [ -150.731645235999963, 61.592514378000033 ], [ -150.731198654999957, 61.592475548000039 ], [ -150.73074616599996, 61.592493426000033 ], [ -150.730166416999964, 61.59257939500003 ], [ -150.729544880999981, 61.592778085000077 ], [ -150.728957736999973, 61.592934936000063 ], [ -150.728392749999983, 61.592879125000081 ], [ -150.727960941999982, 61.592698509000058 ], [ -150.727458859999956, 61.592615737000074 ], [ -150.726950862999956, 61.592589672000031 ], [ -150.726529818999978, 61.592594060000067 ], [ -150.726102857999962, 61.592655153000067 ], [ -150.725637056999972, 61.592800613000065 ], [ -150.72549795599997, 61.592982121000034 ], [ -150.725529794999972, 61.593252892000066 ], [ -150.725801393999973, 61.593529258000046 ], [ -150.725780690999983, 61.593727743000045 ], [ -150.725611613999973, 61.593908550000037 ], [ -150.725034782999984, 61.593966145000081 ], [ -150.724379875999972, 61.593908217000035 ], [ -150.723749020999975, 61.593907697000077 ], [ -150.723005634999964, 61.594017290000068 ], [ -150.722928135999979, 61.594174429000077 ], [ -150.723030453999968, 61.594523864000053 ], [ -150.723291988999961, 61.59486763600006 ], [ -150.723614829999974, 61.595194083000081 ], [ -150.723807997999984, 61.595433083000046 ], [ -150.723942803999961, 61.595661340000049 ], [ -150.724055878999962, 61.595907849000071 ], [ -150.724242222999976, 61.596212346000073 ], [ -150.724283262999961, 61.596579106000036 ], [ -150.724191692999966, 61.596886494000046 ], [ -150.72406641699996, 61.597136818000081 ], [ -150.723783863999984, 61.597374087000048 ], [ -150.723468575999959, 61.597544936000077 ], [ -150.723085884999961, 61.597601654000073 ], [ -150.722012773999978, 61.597623483000064 ], [ -150.721360189999984, 61.597634456000037 ], [ -150.721265852999977, 61.597657839000078 ], [ -150.721156620999977, 61.597685120000051 ], [ -150.721073372999967, 61.59770007000003 ], [ -150.720977083999969, 61.597704377000071 ], [ -150.72088216399996, 61.597695600000065 ], [ -150.720800552999975, 61.597681302000069 ], [ -150.720705349999974, 61.597639622000031 ], [ -150.720609681999974, 61.597597739000037 ], [ -150.720525414999969, 61.597591859000033 ], [ -150.720454196999981, 61.59762478500005 ], [ -150.720406983999965, 61.597650119000036 ], [ -150.720385662999973, 61.59767977100006 ], [ -150.72038918399997, 61.597725987000047 ], [ -150.720392648999962, 61.59777020000007 ], [ -150.720308863999975, 61.597817208000038 ], [ -150.720260886999966, 61.597839745000044 ], [ -150.720202866999983, 61.597855830000071 ], [ -150.720119727999958, 61.597869442000047 ], [ -150.720005719999961, 61.597882674000061 ], [ -150.719913235999968, 61.597888880000028 ], [ -150.719823107999957, 61.597894534000034 ], [ -150.719736587999961, 61.597901086000036 ], [ -150.719630122999973, 61.597934495000061 ], [ -150.719527395999961, 61.597973735000039 ], [ -150.719420930999974, 61.598007146000043 ], [ -150.719334414999963, 61.598013696000066 ], [ -150.719245768999969, 61.598018812000078 ], [ -150.719163219999984, 61.598023180000041 ], [ -150.71906389199998, 61.598064180000051 ], [ -150.719022053999964, 61.598085708000042 ], [ -150.718922732999971, 61.598129134000033 ], [ -150.718860954999968, 61.598145490000036 ], [ -150.718752702999979, 61.598182265000048 ], [ -150.718647329999982, 61.598220924000032 ], [ -150.718552482999968, 61.598265831000049 ], [ -150.718448647999963, 61.598306042000047 ], [ -150.718356914999958, 61.598351825000066 ], [ -150.718270334999971, 61.598398399000075 ], [ -150.718223080999962, 61.598430073000031 ], [ -150.718171666999979, 61.598483747000046 ], [ -150.718151159999962, 61.598525385000073 ], [ -150.718142170999982, 61.598569570000052 ], [ -150.718133182999964, 61.598613754000041 ], [ -150.718112674999958, 61.598655393000058 ], [ -150.718061265999978, 61.598709065000037 ], [ -150.71801401099998, 61.598740740000039 ], [ -150.717927428999957, 61.598787314000049 ], [ -150.71783093099998, 61.598830863000046 ], [ -150.71772899299998, 61.598872228000062 ], [ -150.717654244999977, 61.598921140000073 ], [ -150.717631929999982, 61.598961215000031 ], [ -150.717619611999964, 61.599004244000071 ], [ -150.717601884999965, 61.599044228000082 ], [ -150.717517503999971, 61.599090955000065 ], [ -150.717417017999963, 61.599132037000061 ], [ -150.717333647999965, 61.599141484000029 ], [ -150.71721684299996, 61.599152808000042 ], [ -150.717144828999977, 61.599154981000083 ], [ -150.717036671999978, 61.599162019000062 ], [ -150.716943590999961, 61.599161836000064 ], [ -150.71685, 61.599170222000055 ], [ -150.716754543999969, 61.599159561000079 ], [ -150.716661215999977, 61.599163658000066 ], [ -150.716571116999972, 61.599173762000078 ], [ -150.716462302999958, 61.599187417000053 ], [ -150.716372198999977, 61.599197523000043 ], [ -150.716278870999957, 61.599201618000052 ], [ -150.716183414999961, 61.59919095500004 ], [ -150.716090087999959, 61.599195052000027 ], [ -150.716000457999968, 61.599200594000081 ], [ -150.715887880999958, 61.599221975000034 ], [ -150.715809787999973, 61.599242225000069 ], [ -150.715700518999967, 61.599267263000058 ], [ -150.715608135999958, 61.599271229000067 ], [ -150.715520310999977, 61.599261694000063 ], [ -150.715421708999969, 61.59922350800008 ], [ -150.715327187999975, 61.599178094000081 ], [ -150.715241446999983, 61.599129369000082 ], [ -150.715177272999966, 61.599077206000061 ], [ -150.715163431999969, 61.599036283000032 ], [ -150.715160155999968, 61.598992889000044 ], [ -150.715146309999966, 61.598951967000062 ], [ -150.715085176999963, 61.598898321000036 ], [ -150.714987917999963, 61.598854508000045 ], [ -150.714883406999974, 61.598815914000056 ], [ -150.714821383999976, 61.598795906000078 ], [ -150.71471778999998, 61.598756721000029 ], [ -150.714620998999976, 61.598713329000077 ], [ -150.714540712999963, 61.59866196300004 ], [ -150.714452851999965, 61.598612904000049 ], [ -150.714351310999973, 61.598580625000068 ], [ -150.714263514999971, 61.598583088000055 ], [ -150.714160789999966, 61.598606808000056 ], [ -150.714053788999962, 61.598637995000047 ], [ -150.713971344999976, 61.59865717200006 ], [ -150.713872039999984, 61.598654846000045 ], [ -150.713794001999958, 61.598631910000051 ], [ -150.713694038999961, 61.598595875000058 ], [ -150.71359677099997, 61.598567471000081 ], [ -150.713509923999965, 61.598560918000032 ], [ -150.713406138999972, 61.59859128800008 ], [ -150.71330685999996, 61.598633865000068 ], [ -150.713195414999973, 61.598664890000066 ], [ -150.713115194999972, 61.598675698000079 ], [ -150.713034973999982, 61.598686506000035 ], [ -150.712919715999959, 61.59871447300003 ], [ -150.712818389999967, 61.598755905000075 ], [ -150.712723532999973, 61.598800809000068 ], [ -150.712619688999979, 61.598841015000062 ], [ -150.712527945999966, 61.598886795000055 ], [ -150.712445090999978, 61.598935789000052 ], [ -150.712405953999962, 61.598965847000045 ], [ -150.712314781999964, 61.599011511000072 ], [ -150.712219840999978, 61.599055102000079 ], [ -150.712137007999956, 61.599073715000031 ], [ -150.712039333999968, 61.599075203000041 ], [ -150.711943787999957, 61.599047493000057 ], [ -150.711848754999977, 61.599005969000075 ], [ -150.711745469999983, 61.598973502000035 ], [ -150.711655091999972, 61.598968084000035 ], [ -150.711590889999968, 61.598969727000053 ], [ -150.711473329999961, 61.59895298400005 ], [ -150.711386091999969, 61.598904223000034 ], [ -150.711320546999957, 61.598852567000051 ], [ -150.711298523999972, 61.598812742000064 ], [ -150.711307412999957, 61.598767620000046 ], [ -150.711312091999957, 61.598722968000061 ], [ -150.711291356999965, 61.59868601800008 ], [ -150.711202265999958, 61.598641339000039 ], [ -150.711143522999976, 61.598622609000074 ], [ -150.71103503599997, 61.598589021000066 ], [ -150.710958964999975, 61.598569362000035 ], [ -150.710855463999962, 61.598539342000038 ], [ -150.710764363999971, 61.598531077000075 ], [ -150.710674978999975, 61.598536461000037 ], [ -150.710572695999957, 61.598572905000083 ], [ -150.710469955999969, 61.598612138000078 ], [ -150.710358507999956, 61.59864316200003 ], [ -150.710282684999981, 61.598657808000041 ], [ -150.710205818999981, 61.598666618000038 ], [ -150.710101323999965, 61.59870288500008 ], [ -150.710059391999977, 61.598728738000034 ], [ -150.709978442999983, 61.598780180000063 ], [ -150.709888378999977, 61.598826842000051 ], [ -150.709784830999979, 61.598867614000028 ], [ -150.709674538999963, 61.59889796200008 ], [ -150.709588017999977, 61.598904505000064 ], [ -150.709496270999978, 61.598906051000029 ], [ -150.709409745999977, 61.598912597000037 ], [ -150.709299453999961, 61.598942943000054 ], [ -150.709206240999976, 61.598989834000065 ], [ -150.709103259999978, 61.599029273000042 ], [ -150.708986451999976, 61.599042945000065 ], [ -150.708919693999974, 61.599047868000071 ], [ -150.708809994999967, 61.599045294000064 ], [ -150.70874012799996, 61.599026308000077 ], [ -150.708631337999975, 61.599013945000081 ], [ -150.708544782999979, 61.599009436000074 ], [ -150.708441983999961, 61.599011671000028 ], [ -150.70833371699996, 61.599036229000035 ], [ -150.708250703999965, 61.599060216000055 ], [ -150.708151396999966, 61.599057886000082 ], [ -150.708073362999983, 61.599034946000074 ], [ -150.707973404999962, 61.598998908000056 ], [ -150.707864908999966, 61.598976925000045 ], [ -150.707783752999973, 61.598959827000044 ], [ -150.707692142999974, 61.59896849200004 ], [ -150.707600018999983, 61.598970311000073 ], [ -150.707488945999984, 61.598967080000079 ], [ -150.707422473999969, 61.59896199800005 ], [ -150.70731886599998, 61.598992550000048 ], [ -150.707223132999957, 61.599033567000049 ], [ -150.707186732999958, 61.599068105000072 ], [ -150.707125619999971, 61.599122883000064 ], [ -150.707086868999966, 61.59915613000004 ], [ -150.707000268999963, 61.599202697000067 ], [ -150.706910199999982, 61.59924935600003 ], [ -150.706810296999976, 61.599293408000051 ], [ -150.706698724999967, 61.599317222000082 ], [ -150.706607014999975, 61.599312229000077 ], [ -150.706525578999958, 61.599298693000037 ], [ -150.706433867999976, 61.599293699000043 ], [ -150.706326297999965, 61.599320508000062 ], [ -150.706227006999967, 61.599363078000067 ], [ -150.706120522999981, 61.599396480000053 ], [ -150.706038292999978, 61.599409508000065 ], [ -150.705946767999961, 61.599413211000069 ], [ -150.705846401999963, 61.599420938000037 ], [ -150.70583914599996, 61.599423877000049 ], [ -150.705747238999976, 61.599415929000031 ], [ -150.705657921999972, 61.599402406000081 ], [ -150.70557012499998, 61.599407708000058 ], [ -150.705465515999975, 61.599438134000081 ], [ -150.705358386999961, 61.59947186900007 ], [ -150.705242090999974, 61.599497681000059 ], [ -150.705204609999981, 61.59949897000007 ], [ -150.705092722999979, 61.599523788000056 ], [ -150.705023307999966, 61.599572649000038 ], [ -150.704969293999966, 61.599603114000047 ], [ -150.704959858999956, 61.599647768000068 ], [ -150.70496400899998, 61.599693085000069 ], [ -150.704968161999972, 61.599738401000081 ], [ -150.704954632999971, 61.59978239000003 ], [ -150.704926266999962, 61.599818188000029 ], [ -150.704834193999972, 61.599860836000062 ], [ -150.704767678999957, 61.599874255000032 ], [ -150.704658613999982, 61.599910387000079 ], [ -150.704552665999984, 61.599949434000052 ], [ -150.704480606999965, 61.599999956000033 ], [ -150.704441532999965, 61.600037752000048 ], [ -150.704445270999969, 61.600083918000053 ], [ -150.704475505999966, 61.600126223000075 ], [ -150.704512441999981, 61.600175955000054 ], [ -150.704530103999957, 61.600220046000061 ], [ -150.704500609999968, 61.600260952000042 ], [ -150.70442631399996, 61.600307134000047 ], [ -150.704362489999966, 61.60035881500005 ], [ -150.704322522999973, 61.600394221000045 ], [ -150.704291843999982, 61.600430908000078 ], [ -150.704215541999957, 61.600480290000064 ], [ -150.704116132999957, 61.600522803000047 ], [ -150.704041961999962, 61.600568644000077 ], [ -150.704056304999966, 61.600611781000055 ], [ -150.704101063999957, 61.600657671000079 ], [ -150.704099809999974, 61.600695206000069 ], [ -150.704033286999959, 61.600728211000046 ], [ -150.70396584599996, 61.600744967000082 ], [ -150.703915246999969, 61.600760763000039 ], [ -150.703812271999965, 61.60076588000004 ], [ -150.703721455999982, 61.60076639600004 ], [ -150.703629146999958, 61.600767067000049 ], [ -150.703523106999967, 61.600738143000058 ], [ -150.703432912999972, 61.600689627000065 ], [ -150.703347186999963, 61.600640896000073 ], [ -150.703283030999984, 61.600588727000058 ], [ -150.703261015999971, 61.600548901000082 ], [ -150.703260982999979, 61.600504026000067 ], [ -150.703274607999958, 61.600459127000079 ], [ -150.703279297999984, 61.600414475000036 ], [ -150.703292926999978, 61.600369576000048 ], [ -150.703292892999968, 61.600324699000055 ], [ -150.703270873999969, 61.600284875000057 ], [ -150.703205343999969, 61.60023321400007 ], [ -150.703125220999965, 61.60018042300004 ], [ -150.703015952999976, 61.600169320000077 ], [ -150.702922416999968, 61.600176281000074 ], [ -150.702817538999966, 61.600211309000031 ], [ -150.702740147999975, 61.600236081000048 ], [ -150.70263003599996, 61.600239595000062 ], [ -150.702535610999973, 61.600234619000048 ], [ -150.702441676999968, 61.600223247000031 ], [ -150.702372620999967, 61.600202053000032 ], [ -150.702266758999968, 61.60016577500005 ], [ -150.702191529999965, 61.60011376500006 ], [ -150.702158873999963, 61.600082021000048 ], [ -150.702080228999961, 61.600031217000037 ], [ -150.702009006999958, 61.599978731000078 ], [ -150.701930365999971, 61.599927925000031 ], [ -150.701894410999984, 61.599896753000053 ], [ -150.701815765999982, 61.599845949000041 ], [ -150.701744544999968, 61.599793464000072 ], [ -150.701656144999959, 61.599746945000049 ], [ -150.701631040999956, 61.59970826700004 ], [ -150.701612055999959, 61.599649556000031 ], [ -150.701614276999976, 61.599625112000069 ], [ -150.701540745999978, 61.599579472000073 ], [ -150.70144407899997, 61.599545178000028 ], [ -150.701389640999963, 61.599516068000071 ], [ -150.70130529399998, 61.599500266000064 ], [ -150.701198290999969, 61.599480847000052 ], [ -150.701107279999974, 61.599468165000076 ], [ -150.701017073999964, 61.599469888000044 ], [ -150.700920532999959, 61.599510928000029 ], [ -150.700831543999982, 61.599556292000045 ], [ -150.700813794999959, 61.599596274000078 ], [ -150.700801454999976, 61.599639301000082 ], [ -150.700769680999969, 61.599678485000027 ], [ -150.700708258999981, 61.599729144000037 ], [ -150.700620604999983, 61.599774034000063 ], [ -150.700570065999983, 61.59980891500004 ], [ -150.700551753999974, 61.599860388000081 ], [ -150.700561304999979, 61.599903420000032 ], [ -150.700570130999978, 61.599948379000068 ], [ -150.700596885999971, 61.599993317000042 ], [ -150.700569887999961, 61.600037078000071 ], [ -150.700539711999966, 61.600078483000061 ], [ -150.70050021299997, 61.600128346000076 ], [ -150.700470032999959, 61.600169752000056 ], [ -150.700452180999974, 61.600213272000076 ], [ -150.700465165999958, 61.600259253000047 ], [ -150.700455723999966, 61.600303905000033 ], [ -150.700425463999977, 61.600342502000046 ], [ -150.700350689999965, 61.60039140400005 ], [ -150.700255165999977, 61.600435876000063 ], [ -150.700147545999982, 61.600473865000083 ], [ -150.700040986999966, 61.600510006000036 ], [ -150.699969670999963, 61.600529114000039 ], [ -150.699851652999968, 61.60054800100005 ], [ -150.699762015999966, 61.600553533000038 ], [ -150.69966868299997, 61.60055761600006 ], [ -150.699572343999961, 61.600555350000036 ], [ -150.699477932999969, 61.600550884000029 ], [ -150.699396322999974, 61.600536574000046 ], [ -150.699289505999957, 61.600502489000064 ], [ -150.699199384999957, 61.600455403000069 ], [ -150.699131839999978, 61.600403734000054 ], [ -150.699120472999965, 61.600361455000041 ], [ -150.699156641999963, 61.600317543000074 ], [ -150.69918841599997, 61.600272954000047 ], [ -150.699192991999979, 61.600229444000036 ], [ -150.699186760999964, 61.600178694000078 ], [ -150.699143955999972, 61.600138193000078 ], [ -150.699121420999973, 61.600098246000073 ], [ -150.699087933999976, 61.600040246000049 ], [ -150.69904993199998, 61.600006633000078 ], [ -150.698965447999967, 61.599958472000083 ], [ -150.698873130999971, 61.599914258000069 ], [ -150.69880618199997, 61.599893037000072 ], [ -150.698696771999977, 61.599865223000052 ], [ -150.698605670999967, 61.59985695000006 ], [ -150.698516280999968, 61.59986232600005 ], [ -150.698410166999963, 61.599895705000051 ], [ -150.698308817999958, 61.599937127000032 ], [ -150.698213936999963, 61.599982021000073 ], [ -150.698110069999984, 61.60002221600007 ], [ -150.698006321999969, 61.600063760000069 ], [ -150.697938043999983, 61.600111778000041 ], [ -150.697952377999968, 61.600154917000054 ], [ -150.697997127999969, 61.600200809000057 ], [ -150.698032587999961, 61.600240803000077 ], [ -150.69799100399996, 61.600289278000048 ], [ -150.697869155999967, 61.60030994400006 ], [ -150.697799702999959, 61.600332343000048 ], [ -150.697704816999959, 61.600332355000035 ], [ -150.697609884999963, 61.600325908000059 ], [ -150.697515472999982, 61.600323686000081 ], [ -150.697421061999961, 61.600321463000057 ], [ -150.69732664999998, 61.600319241000079 ], [ -150.697232238999959, 61.600317018000055 ], [ -150.697137826999978, 61.600314795000031 ], [ -150.697043414999968, 61.600312573000053 ], [ -150.69694759799998, 61.600314530000048 ], [ -150.696855583999962, 61.600306085000057 ], [ -150.696767551999983, 61.600296372000059 ], [ -150.696660001999959, 61.60026982200003 ], [ -150.696586529999962, 61.60024601300006 ], [ -150.696473741999966, 61.600222279000036 ], [ -150.696391935999969, 61.600207709000074 ], [ -150.696311415999958, 61.600188494000065 ], [ -150.696199958999983, 61.600172704000045 ], [ -150.696112411999962, 61.600158429000032 ], [ -150.696020396999984, 61.600149981000072 ], [ -150.695924060999971, 61.600147713000069 ], [ -150.695830726999958, 61.600151796000034 ], [ -150.695741090999974, 61.600157325000055 ], [ -150.695623074999958, 61.60017620800005 ], [ -150.695551997999956, 61.600194179000027 ], [ -150.695445301999968, 61.600231326000028 ], [ -150.695368584999983, 61.600281389000031 ], [ -150.695339307999973, 61.600317208000035 ], [ -150.695308617999984, 61.600353893000033 ], [ -150.695238354999958, 61.600405368000054 ], [ -150.695149414999975, 61.600453167000069 ], [ -150.695040242999966, 61.600492784000039 ], [ -150.694940836999962, 61.600506058000065 ], [ -150.694844711999963, 61.600488178000035 ], [ -150.694749348999977, 61.600442787000077 ], [ -150.694673748999975, 61.600388692000081 ], [ -150.69458159499996, 61.600342714000078 ], [ -150.694478204999967, 61.600307345000033 ], [ -150.694396601999983, 61.600293030000046 ], [ -150.694302187999966, 61.60028856100007 ], [ -150.694206370999979, 61.600290518000065 ], [ -150.694111959999958, 61.600288293000062 ], [ -150.694017547999977, 61.600286069000049 ], [ -150.693921731999978, 61.600288024000065 ], [ -150.693829716999971, 61.600279576000048 ], [ -150.693740724999969, 61.600260590000062 ], [ -150.693645044999982, 61.600245259000076 ], [ -150.693557035999959, 61.600244181000051 ], [ -150.693449451999982, 61.600270980000062 ], [ -150.693346031999965, 61.600310772000057 ], [ -150.69323860199998, 61.600347960000079 ], [ -150.693174719999973, 61.600365167000064 ], [ -150.69315814999996, 61.600370114000043 ], [ -150.693039494999965, 61.600364181000032 ], [ -150.692724446999961, 61.600439748000042 ], [ -150.69253850299998, 61.600539104000063 ], [ -150.692459771999978, 61.600661737000053 ], [ -150.692466383999971, 61.600807127000053 ], [ -150.692539730999982, 61.600943717000064 ], [ -150.692668898999983, 61.601174990000061 ], [ -150.692582536999964, 61.601370059000033 ], [ -150.69232766899998, 61.601498913000057 ], [ -150.691943694999964, 61.601603974000056 ], [ -150.691406553999968, 61.601705422000066 ], [ -150.690944870999971, 61.601715281000054 ], [ -150.690428455999978, 61.601620110000056 ], [ -150.690291662999982, 61.60146127400003 ], [ -150.690230333999978, 61.601210850000029 ], [ -150.690361563999971, 61.601006467000047 ], [ -150.69063394799997, 61.600919526000041 ], [ -150.690840694999963, 61.600831038000081 ], [ -150.690828634999974, 61.600737387000038 ], [ -150.690551827999968, 61.600658241000076 ], [ -150.690182048999958, 61.600628769000082 ], [ -150.689735709999979, 61.600701231000073 ], [ -150.689481931999978, 61.600819730000069 ], [ -150.68923583199998, 61.601073274000044 ], [ -150.688944881999959, 61.601336133000075 ], [ -150.688477785999964, 61.601605205000055 ], [ -150.688228400999975, 61.601889792000065 ], [ -150.687844444999968, 61.602202322000039 ], [ -150.687430918999979, 61.602379291000034 ], [ -150.686830288999971, 61.602458477000027 ], [ -150.686484555999982, 61.602408817000082 ], [ -150.686167263999977, 61.602297581000073 ], [ -150.68592436199998, 61.60210511400004 ], [ -150.68572959399998, 61.601872284000081 ], [ -150.685348850999958, 61.601738801000067 ], [ -150.685023444999956, 61.601717339000061 ], [ -150.684970671999963, 61.601732704000028 ], [ -150.684863783999958, 61.601752618000035 ], [ -150.684774458999982, 61.601756241000032 ], [ -150.684678778999967, 61.601740905000042 ], [ -150.684589783999968, 61.601721913000063 ], [ -150.684497767999972, 61.601713456000027 ], [ -150.68440194599998, 61.601715408000075 ], [ -150.684307012999966, 61.601708949000056 ], [ -150.684213115999967, 61.601710945000036 ], [ -150.684134979999982, 61.601720737000051 ], [ -150.684036095999971, 61.601759829000059 ], [ -150.683994137999974, 61.601785674000041 ], [ -150.68391313799998, 61.601837102000047 ], [ -150.68381658399997, 61.601880627000071 ], [ -150.683714590999983, 61.601921968000056 ], [ -150.683639783999979, 61.60197086200003 ], [ -150.683609505999982, 61.602009453000051 ], [ -150.68360003899997, 61.602054106000082 ], [ -150.68360415899997, 61.602099423000027 ], [ -150.683590505999973, 61.602144321000083 ], [ -150.683599117999961, 61.602188464000051 ], [ -150.683620442999967, 61.602231084000039 ], [ -150.683657347999969, 61.602280821000079 ], [ -150.683674981999957, 61.602324915000054 ], [ -150.683645458999962, 61.602365817000077 ], [ -150.683571126999965, 61.602411987000039 ], [ -150.683502890999961, 61.602460694000058 ], [ -150.68345435699996, 61.602497592000077 ], [ -150.683449392999961, 61.602544561000059 ], [ -150.683480332999977, 61.602584009000054 ], [ -150.683544460999968, 61.602636186000041 ], [ -150.68363202599997, 61.602684129000068 ], [ -150.683732138999972, 61.602727013000049 ], [ -150.683813829999963, 61.602776875000075 ], [ -150.683883586999968, 61.602831864000052 ], [ -150.683919888999981, 61.60285955900008 ], [ -150.684010041999983, 61.602903120000065 ], [ -150.684085728999975, 61.602916547000063 ], [ -150.684178739999965, 61.602922959000068 ], [ -150.684275084999967, 61.602925236000033 ], [ -150.684368427999971, 61.60292116200003 ], [ -150.684458551999967, 61.602911076000055 ], [ -150.684563719999971, 61.602893622000067 ], [ -150.684656956999959, 61.602885283000035 ], [ -150.684744782999957, 61.602894837000065 ], [ -150.684843358999984, 61.602933042000075 ], [ -150.684937846999958, 61.602978477000079 ], [ -150.685017680999977, 61.603029139000057 ], [ -150.68509408099996, 61.603079545000071 ], [ -150.685134467999973, 61.60311327800008 ], [ -150.685167932999974, 61.603171281000073 ], [ -150.685199013999977, 61.60321041900005 ], [ -150.685221173999963, 61.603254155000059 ], [ -150.685212492999966, 61.60330127800006 ], [ -150.685194258999957, 61.603345009000066 ], [ -150.685198561999982, 61.603390475000083 ], [ -150.68519275099996, 61.603437358000065 ], [ -150.685205003999982, 61.603471644000081 ], [ -150.685150546999978, 61.603519377000055 ], [ -150.685034338999969, 61.603543584000079 ], [ -150.684962547999959, 61.603562104000048 ], [ -150.684870786999966, 61.603563634000068 ], [ -150.684784242999967, 61.603570164000075 ], [ -150.68468075499996, 61.603607175000036 ], [ -150.684573933999957, 61.603640680000069 ], [ -150.68446720999998, 61.603660467000054 ], [ -150.684388883999958, 61.603656880000074 ], [ -150.684291866999956, 61.603643995000027 ], [ -150.684199973999966, 61.603626936000069 ], [ -150.684105211999963, 61.603635289000067 ], [ -150.684015089999974, 61.603645372000074 ], [ -150.683906243999957, 61.603659002000029 ], [ -150.683816117999982, 61.603669088000061 ], [ -150.683722772999971, 61.603673161000074 ], [ -150.683627833999964, 61.603666704000034 ], [ -150.683533412999964, 61.603664472000048 ], [ -150.683438472999967, 61.603658014000075 ], [ -150.683345127999957, 61.603662089000068 ], [ -150.683255005999968, 61.603672171000028 ], [ -150.683140761999965, 61.603682637000077 ], [ -150.683053502999968, 61.603694393000069 ], [ -150.682976345999975, 61.603708755000071 ], [ -150.68285790799996, 61.603735262000043 ], [ -150.682758318999959, 61.603777875000048 ], [ -150.682690732999959, 61.603830962000075 ], [ -150.682660025999979, 61.603867644000047 ], [ -150.682629317999982, 61.603904326000077 ], [ -150.682552972999957, 61.603953696000076 ], [ -150.682465633999982, 61.604000363000068 ], [ -150.682376688999966, 61.604047217000073 ], [ -150.68233435099998, 61.60407654200003 ], [ -150.682238233999982, 61.604121467000027 ], [ -150.682168558999962, 61.604172876000064 ], [ -150.682100255999984, 61.604221592000044 ], [ -150.68208478699998, 61.604247712000074 ], [ -150.68207130899998, 61.604304421000052 ], [ -150.682057105999974, 61.604348580000078 ], [ -150.68201227199998, 61.604381235000062 ], [ -150.681935518999978, 61.604431292000072 ], [ -150.681828791999976, 61.604468428000075 ], [ -150.68175770199997, 61.60448639100008 ], [ -150.681635041999982, 61.604502216000071 ], [ -150.681549537999956, 61.604511848000072 ], [ -150.681478068999979, 61.604525498000044 ], [ -150.681376167999957, 61.604559894000033 ], [ -150.68132860999998, 61.604589365000038 ], [ -150.681273282999967, 61.60464360800006 ], [ -150.681252722999972, 61.604685240000038 ], [ -150.681234841999981, 61.604728758000078 ], [ -150.681238958999984, 61.60477407500008 ], [ -150.681234235999966, 61.604818726000076 ], [ -150.681238355999966, 61.604864044000067 ], [ -150.681228884999967, 61.604908695000063 ], [ -150.681203192999959, 61.604947196000069 ], [ -150.681114159999964, 61.604992547000052 ], [ -150.681011917999967, 61.605029030000082 ], [ -150.680928341999959, 61.605037277000065 ], [ -150.680832023999983, 61.605041558000039 ], [ -150.680737093999966, 61.605032753000046 ], [ -150.680655481999963, 61.605018433000055 ], [ -150.680548668999961, 61.604984333000061 ], [ -150.680465238999972, 61.604934616000037 ], [ -150.680391079999964, 61.604883428000051 ], [ -150.680350694999959, 61.604849692000073 ], [ -150.680317233999972, 61.604791687000045 ], [ -150.680294719999978, 61.604751739000051 ], [ -150.680272207999963, 61.604711790000067 ], [ -150.680238748999983, 61.604653785000039 ], [ -150.680189966999961, 61.60462134800008 ], [ -150.680124769999964, 61.604568664000055 ], [ -150.680063453999963, 61.604513438000083 ], [ -150.680019464999958, 61.604483863000041 ], [ -150.679947296999984, 61.604431218000059 ], [ -150.679865607999972, 61.604381354000054 ], [ -150.679770700999967, 61.604336468000042 ], [ -150.679685731999967, 61.604287330000034 ], [ -150.67959358799996, 61.604241343000069 ], [ -150.679484753999958, 61.604208099000061 ], [ -150.679411014999971, 61.604190168000059 ], [ -150.67932666699997, 61.60417435200003 ], [ -150.679215203999973, 61.604158548000044 ], [ -150.679129193999984, 61.604140112000039 ], [ -150.679032429999978, 61.604133760000082 ], [ -150.678949008999979, 61.604148391000081 ], [ -150.678842480999975, 61.604181770000082 ], [ -150.678735573999973, 61.604218210000056 ], [ -150.678632842999974, 61.604257385000039 ], [ -150.678561504999976, 61.604276480000067 ], [ -150.678443459999983, 61.604295350000029 ], [ -150.678353809999976, 61.604300868000053 ], [ -150.678260461999969, 61.604304938000041 ], [ -150.67816411299998, 61.604302658000051 ], [ -150.678072090999962, 61.604294199000037 ], [ -150.677984544999958, 61.604279912000038 ], [ -150.677879116999975, 61.604261213000029 ], [ -150.677791566999957, 61.60424692600003 ], [ -150.677698137999982, 61.604242648000081 ], [ -150.677602310999958, 61.604242347000081 ], [ -150.677520701999981, 61.604228024000065 ], [ -150.677425536999976, 61.60418631400006 ], [ -150.677321803999973, 61.604150872000048 ], [ -150.67721879399997, 61.604118569000036 ], [ -150.677163688999968, 61.604116521000037 ], [ -150.677042045999968, 61.604101742000068 ], [ -150.676963161999964, 61.604086077000034 ], [ -150.676874081999983, 61.604039845000045 ], [ -150.676779551999971, 61.603995376000057 ], [ -150.676682646999978, 61.603960278000045 ], [ -150.676594833999957, 61.603962718000048 ], [ -150.676488348999982, 61.603983043000028 ], [ -150.676382888999967, 61.604021147000083 ], [ -150.676311819999967, 61.604040050000037 ], [ -150.676190482999971, 61.60406336300008 ], [ -150.676116669999971, 61.604078293000043 ], [ -150.676010070999979, 61.604114417000062 ], [ -150.675902408999974, 61.604152387000056 ], [ -150.675818538999977, 61.604202304000069 ], [ -150.675722723999968, 61.604246814000078 ], [ -150.675673435999983, 61.604267949000075 ], [ -150.675620189999961, 61.60428758900008 ], [ -150.675512242999957, 61.60432516700007 ], [ -150.67540886499998, 61.604365118000032 ], [ -150.67531393699997, 61.604409996000072 ], [ -150.675214783999962, 61.604452411000068 ], [ -150.675115630999983, 61.604494824000028 ], [ -150.675016476999957, 61.604537239000081 ], [ -150.674912564999971, 61.60457741700003 ], [ -150.67482075099997, 61.604623172000061 ], [ -150.674737821999969, 61.604672145000052 ], [ -150.674698639999974, 61.604702193000037 ], [ -150.674612819999965, 61.604750401000047 ], [ -150.674506116999964, 61.604785471000071 ], [ -150.674422539999966, 61.604793714000039 ], [ -150.674327122999983, 61.604789485000083 ], [ -150.674231710999976, 61.604785254000035 ], [ -150.674148417999959, 61.604800177000072 ], [ -150.674039119999975, 61.604827423000074 ], [ -150.673929821999963, 61.60485466800003 ], [ -150.673846533999978, 61.604869590000078 ], [ -150.673751634999974, 61.604869586000063 ], [ -150.673655284999967, 61.60486730100007 ], [ -150.673560863999967, 61.604862818000072 ], [ -150.673479448999984, 61.604850664000082 ], [ -150.673380692999984, 61.60481072400006 ], [ -150.673293886999971, 61.604763168000034 ], [ -150.673264589999974, 61.60472425200004 ], [ -150.673257207999967, 61.604672175000076 ], [ -150.673267771999974, 61.604627518000029 ], [ -150.673299052999965, 61.604585046000068 ], [ -150.673348060999984, 61.604548183000077 ], [ -150.673381489999969, 61.604495471000064 ], [ -150.673420485999969, 61.604454799000052 ], [ -150.673433129999978, 61.604408251000052 ], [ -150.673400065999971, 61.604372935000072 ], [ -150.673318753999979, 61.604324865000081 ], [ -150.673256158999976, 61.604304272000036 ], [ -150.673149440999964, 61.604290483000057 ], [ -150.673043996999979, 61.60429810100004 ], [ -150.672963301999971, 61.604314391000059 ], [ -150.672861028999961, 61.60435313000005 ], [ -150.67275980499997, 61.604394219000028 ], [ -150.672658580999979, 61.604435305000038 ], [ -150.672551976999983, 61.604471427000078 ], [ -150.672478160999958, 61.604486355000063 ], [ -150.672361476999981, 61.604512228000033 ], [ -150.672279921999973, 61.604523967000034 ], [ -150.672167895999962, 61.604552401000035 ], [ -150.672088053999971, 61.604568383000071 ], [ -150.671978731999957, 61.604593387000079 ], [ -150.671886778999976, 61.604593071000068 ], [ -150.671795218999961, 61.604589034000071 ], [ -150.671691739999972, 61.60455898400005 ], [ -150.671615676999977, 61.604539303000081 ], [ -150.671510228999978, 61.604505712000048 ], [ -150.67143416899998, 61.604486030000032 ], [ -150.67132138599996, 61.604462276000049 ], [ -150.671239579999963, 61.604447691000075 ], [ -150.671159063999966, 61.604428463000033 ], [ -150.67105206399998, 61.604409021000038 ], [ -150.670960597999965, 61.604400572000031 ], [ -150.670868645999974, 61.60440025500003 ], [ -150.670753906999977, 61.604422773000067 ], [ -150.67068255999996, 61.604441865000069 ], [ -150.670575953999958, 61.604477985000074 ], [ -150.67046828399998, 61.604515950000064 ], [ -150.670378147999969, 61.604562588000078 ], [ -150.670291480999964, 61.604609133000054 ], [ -150.670244167999982, 61.604640790000076 ], [ -150.670192662999966, 61.604694446000053 ], [ -150.670180060999968, 61.604737588000035 ], [ -150.670150737999961, 61.604778277000037 ], [ -150.670138135999963, 61.604821421000054 ], [ -150.670082788999963, 61.604875658000083 ], [ -150.670036622999959, 61.604903644000046 ], [ -150.669939487999983, 61.60494519000008 ], [ -150.669870247999967, 61.604959249000046 ], [ -150.669755209999977, 61.604987564000055 ], [ -150.669673653999979, 61.604999301000078 ], [ -150.669561622999964, 61.605027734000032 ], [ -150.669482072999983, 61.605048319000048 ], [ -150.66937477899998, 61.605066381000029 ], [ -150.669287334999979, 61.605049611000027 ], [ -150.66918388299996, 61.605035610000073 ], [ -150.66907881399996, 61.605005052000081 ], [ -150.669024146999959, 61.604997867000066 ], [ -150.668907255999983, 61.604980061000049 ], [ -150.668820828999969, 61.604968519000067 ], [ -150.668714664999982, 61.604934225000079 ], [ -150.668644382999958, 61.604917018000037 ], [ -150.668546038999978, 61.604875022000044 ], [ -150.66847188899996, 61.604824559000065 ], [ -150.668445514999974, 61.604785416000027 ], [ -150.668450501999956, 61.604738448000035 ], [ -150.668489625999968, 61.604700661000038 ], [ -150.668564462999967, 61.604651776000082 ], [ -150.668661727999961, 61.604608209000048 ], [ -150.668765645999969, 61.604568036000046 ], [ -150.668864808999984, 61.604525626000054 ], [ -150.668963970999982, 61.604483216000062 ], [ -150.669067893999966, 61.604443041000081 ], [ -150.669171693999971, 61.604401518000032 ], [ -150.669232914999981, 61.604351381000072 ], [ -150.669248203999956, 61.604311189000043 ], [ -150.669215193999975, 61.604257317000076 ], [ -150.66916514899998, 61.604224289000058 ], [ -150.669088771999981, 61.604173875000072 ], [ -150.669007101999966, 61.604124004000028 ], [ -150.668912209999974, 61.604079112000079 ], [ -150.668822528999982, 61.604032219000032 ], [ -150.668732847999962, 61.603985325000053 ], [ -150.66865255899998, 61.603933468000037 ], [ -150.668553487999958, 61.603891539000074 ], [ -150.668447888999964, 61.603870341000061 ], [ -150.668369196999976, 61.603870206000067 ], [ -150.668267327999956, 61.60387442900003 ], [ -150.66818023099998, 61.603888016000042 ], [ -150.668097659999972, 61.603892354000038 ], [ -150.66799600799996, 61.603930803000083 ], [ -150.667952456999984, 61.603960402000041 ], [ -150.667923285999962, 61.604010867000056 ], [ -150.667946330999968, 61.60405845400004 ], [ -150.667980141999976, 61.604099509000037 ], [ -150.668039877999973, 61.604149192000079 ], [ -150.668039205999975, 61.604192676000082 ], [ -150.668030662999968, 61.604235973000073 ], [ -150.667967114999982, 61.604284905000043 ], [ -150.667916736999956, 61.604319644000043 ], [ -150.667866495999959, 61.604372977000082 ], [ -150.667842855999965, 61.604413472000033 ], [ -150.667795634999976, 61.604447056000083 ], [ -150.667738521999979, 61.60450066900006 ], [ -150.66765905699998, 61.604550772000039 ], [ -150.667601360999981, 61.604576142000042 ], [ -150.667521896999972, 61.604626246000066 ], [ -150.667460407999982, 61.604676891000054 ], [ -150.667420675999978, 61.604714586000057 ], [ -150.667411185999981, 61.604759237000053 ], [ -150.667415281999979, 61.604804555000044 ], [ -150.667419382999981, 61.604849873000035 ], [ -150.66740147799996, 61.60489338800005 ], [ -150.667380898999966, 61.604935019000038 ], [ -150.667329391999971, 61.604988673000037 ], [ -150.66727399399997, 61.605018640000083 ], [ -150.667197980999958, 61.605067978000079 ], [ -150.667125290999962, 61.605120027000055 ], [ -150.667075267999962, 61.605147372000033 ], [ -150.66699438699996, 61.605197223000062 ], [ -150.666900856999973, 61.605242745000055 ], [ -150.666787366999984, 61.605271622000032 ], [ -150.666703137999974, 61.605282013000078 ], [ -150.666606817999963, 61.605286283000055 ], [ -150.666514289999981, 61.605273492000038 ], [ -150.666426254999976, 61.60526376100006 ], [ -150.666312793999964, 61.605239400000073 ], [ -150.666245851999975, 61.605218166000043 ], [ -150.666147509999973, 61.60517616900006 ], [ -150.666073362999981, 61.605125703000056 ], [ -150.666064130999956, 61.605085084000052 ], [ -150.666060921999957, 61.605041689000075 ], [ -150.666037563999964, 61.605001204000075 ], [ -150.665987754999975, 61.60494734200006 ], [ -150.665907260999973, 61.604895854000063 ], [ -150.665859201999979, 61.604873389000034 ], [ -150.665816541999959, 61.604848416000038 ], [ -150.665709559999982, 61.604809643000067 ], [ -150.665606596999964, 61.604772884000056 ], [ -150.665540854999961, 61.604745755000067 ], [ -150.665442036999963, 61.604735490000053 ], [ -150.665398538999966, 61.604747064000037 ], [ -150.66535400799998, 61.604760480000039 ], [ -150.66534262899998, 61.604801710000061 ], [ -150.665307021999979, 61.604839110000057 ], [ -150.665232182999972, 61.60488799400008 ], [ -150.665134913999964, 61.604931556000054 ], [ -150.665026227999959, 61.604969492000066 ], [ -150.664934396999968, 61.605015241000046 ], [ -150.664853354999963, 61.60506665500003 ], [ -150.664806654999978, 61.605090818000065 ], [ -150.66471298999997, 61.605134406000047 ], [ -150.664643746999957, 61.605148464000081 ], [ -150.664528703999963, 61.605176774000029 ], [ -150.664448855999979, 61.605192751000061 ], [ -150.66433621799996, 61.60521409200004 ], [ -150.664246562999978, 61.605219601000044 ], [ -150.664153209999967, 61.605223662000071 ], [ -150.66405685999996, 61.605221371000027 ], [ -150.663963845999973, 61.605214946000046 ], [ -150.66389591799998, 61.60519993500003 ], [ -150.663809264999969, 61.605154620000064 ], [ -150.66378449299998, 61.605121154000074 ], [ -150.66378030499996, 61.605076747000055 ], [ -150.663793987999981, 61.605031851000035 ], [ -150.663798734999972, 61.604987200000039 ], [ -150.663803482999981, 61.604942549000043 ], [ -150.663817168999969, 61.60489765300008 ], [ -150.663817191999982, 61.604852777000076 ], [ -150.663785646999969, 61.604813389000071 ], [ -150.663728048999957, 61.604761699000051 ], [ -150.663675431999962, 61.604707265000059 ], [ -150.663635567999961, 61.604671610000082 ], [ -150.663610732999956, 61.604630342000064 ], [ -150.663595332999961, 61.604573763000076 ], [ -150.663570496999967, 61.604532492000033 ], [ -150.663540146999964, 61.604496002000076 ], [ -150.663484131999979, 61.604439985000056 ], [ -150.663394048999976, 61.604392874000041 ], [ -150.663287256999979, 61.60435876400004 ], [ -150.663205657999981, 61.604344430000083 ], [ -150.663111236999981, 61.604339940000045 ], [ -150.663014889999971, 61.604337648000069 ], [ -150.662919995999971, 61.604337637000071 ], [ -150.662835764999983, 61.604348026000082 ], [ -150.662725408999961, 61.604378336000082 ], [ -150.662623997999958, 61.604419731000064 ], [ -150.66253328099998, 61.604467064000062 ], [ -150.662431865999963, 61.604508460000034 ], [ -150.662316540999967, 61.604536387000053 ], [ -150.662239376999963, 61.604550738000057 ], [ -150.662152103999972, 61.604562481000073 ], [ -150.662041520999963, 61.604576752000071 ], [ -150.661948608999978, 61.60458381400008 ], [ -150.66185575199998, 61.604564972000048 ], [ -150.661361355999958, 61.604555352000034 ] ] ] } },
{ "type": "Feature", "properties": { "OBJECTID": 191033, "ID": 75000200000021.0, "Shape_Length": 0.08060586675940562 }, "geometry": { "type": "MultiLineString", "coordinates": [ [ [ -150.138482097999969, 61.472205743000075 ], [ -150.138471528999958, 61.472163422000051 ], [ -150.138499007999968, 61.472120487000041 ], [ -150.138546843999961, 61.472072924000031 ], [ -150.138569720999982, 61.472030099000051 ], [ -150.138591193999957, 61.471988324000051 ], [ -150.138623532999958, 61.471949272000074 ], [ -150.138685610999971, 61.471898862000046 ], [ -150.138765575999969, 61.471849061000057 ], [ -150.138815848999968, 61.47182190500007 ], [ -150.138905225999963, 61.471775398000034 ], [ -150.138987637999975, 61.471726843000056 ], [ -150.139025810999982, 61.471705489000044 ], [ -150.139123591999976, 61.471679319000032 ], [ -150.139366941999981, 61.471648130000062 ], [ -150.139648918999967, 61.471627486000045 ], [ -150.139949635999983, 61.471616838000045 ], [ -150.140189512999967, 61.471613987000069 ], [ -150.14036970899997, 61.47160948800007 ], [ -150.140570957999984, 61.471596090000048 ], [ -150.140714836999962, 61.471562150000068 ], [ -150.140866819999957, 61.471462081000027 ], [ -150.141043325999959, 61.471324774000038 ], [ -150.141082889999979, 61.47116472600004 ], [ -150.141161133999958, 61.470950706000053 ], [ -150.141174831999962, 61.470941087000028 ], [ -150.141208813999981, 61.470901332000039 ], [ -150.141242989999967, 61.470848750000073 ], [ -150.141273774999974, 61.470807468000032 ], [ -150.141292327999963, 61.470764022000083 ], [ -150.141289001999979, 61.470718692000048 ], [ -150.141294468999973, 61.470674061000068 ], [ -150.141299935999967, 61.470629431000077 ], [ -150.141305401999972, 61.470584799000051 ], [ -150.141310868999966, 61.47054016800007 ], [ -150.14131633599996, 61.47049553800008 ], [ -150.14133070799997, 61.470450696000057 ], [ -150.141322885999983, 61.470406522000076 ], [ -150.141302387999957, 61.470363821000035 ], [ -150.141274573999965, 61.470312240000055 ], [ -150.141262308999984, 61.470268445000045 ], [ -150.141242536999982, 61.470226497000056 ], [ -150.141239875999958, 61.470182965000049 ], [ -150.141195827999979, 61.470129536000059 ], [ -150.141162809999969, 61.470091654000043 ], [ -150.141109265999972, 61.470036271000083 ], [ -150.141078420999975, 61.470001247000027 ], [ -150.141003215999973, 61.469950549000032 ], [ -150.140922728999982, 61.469900374000076 ], [ -150.140828995999982, 61.469855128000063 ], [ -150.14074048599997, 61.469807900000035 ], [ -150.140651973999979, 61.469760673000053 ], [ -150.140563463999968, 61.469713445000082 ], [ -150.140474952999966, 61.469666218000043 ], [ -150.140386442999983, 61.469618991000061 ], [ -150.14030268099998, 61.469569530000058 ], [ -150.140211719999968, 61.469523191000064 ], [ -150.14010392199998, 61.469489531000079 ], [ -150.140026937999977, 61.469474711000032 ], [ -150.139949951999967, 61.469459890000053 ], [ -150.139842155999958, 61.469426229000078 ], [ -150.139751199999978, 61.469379889000038 ], [ -150.139667434999978, 61.46933043000007 ], [ -150.139578925999956, 61.469283201000053 ], [ -150.139490418999969, 61.469235973000082 ], [ -150.139406658999974, 61.469186512000078 ], [ -150.139311057999976, 61.469142728000065 ], [ -150.139213747999975, 61.469101373000058 ], [ -150.139147469999983, 61.469078748000072 ], [ -150.139029645999983, 61.469056760000058 ], [ -150.138948438999961, 61.469041865000065 ], [ -150.138867236999971, 61.469026970000073 ], [ -150.138755341999968, 61.469002789000058 ], [ -150.138682599999981, 61.468978690000029 ], [ -150.138570706999957, 61.46895451000006 ], [ -150.138489499999963, 61.468939615000068 ], [ -150.138409658999961, 61.468920082000068 ], [ -150.138292885999959, 61.468906722000042 ], [ -150.138213043999968, 61.468887189000043 ], [ -150.138133202999967, 61.468867657000033 ], [ -150.138016430999983, 61.468854296000075 ], [ -150.137936589999981, 61.468834764000064 ], [ -150.137855387999963, 61.468819868000082 ], [ -150.137737564999981, 61.468797878000032 ], [ -150.137671285999971, 61.468775251000068 ], [ -150.137573978999967, 61.46873389600006 ], [ -150.13747838599997, 61.468690111000058 ], [ -150.137394625999974, 61.468640649000065 ], [ -150.137306122999973, 61.468593420000047 ], [ -150.137212402999978, 61.46854816900003 ], [ -150.137131925999967, 61.468497994000074 ], [ -150.137060977999965, 61.468445072000065 ], [ -150.137017686999968, 61.468415331000074 ], [ -150.136950438999975, 61.46836145900005 ], [ -150.136901103999975, 61.468307968000033 ], [ -150.136870359999961, 61.468268462000083 ], [ -150.136871131999982, 61.468223590000036 ], [ -150.136885503999963, 61.46817874900006 ], [ -150.136899881999966, 61.468133908000027 ], [ -150.136892066999962, 61.468089734000046 ], [ -150.136871575999976, 61.468047033000062 ], [ -150.136843771999963, 61.467995450000046 ], [ -150.136823276999962, 61.467952750000052 ], [ -150.136815466999963, 61.46790857600007 ], [ -150.136829839999962, 61.467863735000037 ], [ -150.136835312999978, 61.467819105000046 ], [ -150.136831995999984, 61.467773773000033 ], [ -150.136850549999963, 61.467730329000062 ], [ -150.13688134299997, 61.467689046000032 ], [ -150.136915518999956, 61.46763646800008 ], [ -150.136956646999977, 61.467598550000048 ], [ -150.136988010999971, 61.467559984000047 ], [ -150.137034314999966, 61.467504028000064 ], [ -150.137081953999967, 61.46747255300005 ], [ -150.137166993999983, 61.467425450000064 ], [ -150.137267182999977, 61.467383889000075 ], [ -150.137374707999982, 61.467348812000068 ], [ -150.137446064999978, 61.467329992000032 ], [ -150.137568458999965, 61.467314646000034 ], [ -150.137652746999976, 61.467304326000033 ], [ -150.137736817999979, 61.467289326000071 ], [ -150.137856060999979, 61.467282492000038 ], [ -150.137940130999965, 61.46726749100003 ], [ -150.138024200999979, 61.467252491000067 ], [ -150.138138126999962, 61.467242469000041 ], [ -150.138230338999961, 61.467236648000039 ], [ -150.138318661999961, 61.467227261000062 ], [ -150.13841087299997, 61.467221438000081 ], [ -150.138519478999967, 61.467208232000075 ], [ -150.138611690999966, 61.467202410000027 ], [ -150.138700013999966, 61.46719302200006 ], [ -150.138792224999975, 61.467187198000033 ], [ -150.138900831999962, 61.467173992000028 ], [ -150.138990734999965, 61.467164259000072 ], [ -150.139083742999958, 61.467160546000059 ], [ -150.139178157999964, 61.467167372000063 ], [ -150.13927212699997, 61.467169970000043 ], [ -150.139366097999982, 61.467172567000034 ], [ -150.139460068999966, 61.467175165000072 ], [ -150.139554482999984, 61.467181989000039 ], [ -150.139647490999977, 61.467178279000052 ], [ -150.139737397999966, 61.467168543000071 ], [ -150.139846003999963, 61.467155335000029 ], [ -150.139935907999984, 61.467145601000027 ], [ -150.140029359999971, 61.467146117000027 ], [ -150.140122811999959, 61.467146633000027 ], [ -150.140212163999962, 61.467141459000061 ], [ -150.140324659999976, 61.467120539000064 ], [ -150.140404420999971, 61.467104861000053 ], [ -150.140516434999967, 61.467076853000037 ], [ -150.140596198999958, 61.467061172000058 ], [ -150.140713236999972, 61.467043319000027 ], [ -150.140800539999958, 61.467036582000048 ], [ -150.140875917999978, 61.467018013000029 ], [ -150.140994274999969, 61.46699695600006 ], [ -150.141107696999967, 61.466965015000028 ], [ -150.141167007999968, 61.466940634000082 ], [ -150.141283772999969, 61.466912087000082 ], [ -150.14140053899996, 61.466883541000072 ], [ -150.141463159999972, 61.466862979000041 ], [ -150.141574577999961, 61.466829281000059 ], [ -150.141676048999983, 61.466788579000081 ], [ -150.141777519999977, 61.466747875000067 ], [ -150.141885989999963, 61.466711548000035 ], [ -150.141947807999969, 61.466695446000074 ], [ -150.142047342999973, 61.466654614000049 ], [ -150.142094236999981, 61.466630628000075 ], [ -150.142173736999979, 61.466578629000082 ], [ -150.142273915999965, 61.466537063000033 ], [ -150.142386110999979, 61.466504 ], [ -150.142452037999959, 61.466487258000029 ], [ -150.142563453999969, 61.466453559000058 ], [ -150.142669091999977, 61.466415334000033 ], [ -150.142760188999972, 61.466368341000077 ], [ -150.142865821999976, 61.466330116000051 ], [ -150.142972562999972, 61.466294399000049 ], [ -150.143046303999967, 61.466279750000069 ], [ -150.143167500999965, 61.46625689900003 ], [ -150.143241241999959, 61.46624225000005 ], [ -150.143347981999966, 61.466206533000047 ], [ -150.143453617999967, 61.466168308000078 ], [ -150.143544712999983, 61.466121314000077 ], [ -150.143650344999969, 61.466083089000051 ], [ -150.143761762999958, 61.466049389000034 ], [ -150.143827687999959, 61.466032646000031 ], [ -150.143935303999967, 61.465995882000072 ], [ -150.144046396999983, 61.465962640000043 ], [ -150.144154017999966, 61.46592587300006 ], [ -150.144219942999968, 61.465909131000046 ], [ -150.144327558999976, 61.465872366000042 ], [ -150.144438650999973, 61.46583912300008 ], [ -150.144546269999978, 61.46580235700003 ], [ -150.144612194999979, 61.465785614000083 ], [ -150.144723606999975, 61.465751913000076 ], [ -150.144829238999961, 61.465713687000061 ], [ -150.144924496999977, 61.465669171000059 ], [ -150.145023923999958, 61.465627134000044 ], [ -150.145123349999977, 61.465585096000041 ], [ -150.145222776999958, 61.465543059000083 ], [ -150.145322202999978, 61.46550102100008 ], [ -150.145421628999969, 61.465458984000065 ], [ -150.145521055999978, 61.465416946000062 ], [ -150.14562048099998, 61.465374909000047 ], [ -150.145719905999982, 61.465332870000054 ], [ -150.145824033999958, 61.465293085000042 ], [ -150.145916206999971, 61.465247681000051 ], [ -150.146003263999972, 61.465201462000039 ], [ -150.146042440999963, 61.465168371000061 ], [ -150.146109125999971, 61.465116309000052 ], [ -150.14615115899997, 61.465080497000031 ], [ -150.146207937999975, 61.465029854000079 ], [ -150.146229111999958, 61.464988301000062 ], [ -150.146238862999979, 61.464944157000048 ], [ -150.146248614999962, 61.464900011000054 ], [ -150.146279390999979, 61.464858726000045 ], [ -150.146319595999984, 61.464809022000054 ], [ -150.146350368999975, 61.464767739000081 ], [ -150.146368912999975, 61.464724293000074 ], [ -150.146365578999962, 61.46467896300004 ], [ -150.146371037999984, 61.46463433200006 ], [ -150.146376495999959, 61.464589700000033 ], [ -150.146381953999963, 61.464545070000042 ], [ -150.146378624999983, 61.464499740000065 ], [ -150.146397163999978, 61.464456293000069 ], [ -150.146427940999956, 61.464415009000049 ], [ -150.146468144999972, 61.464365305000058 ], [ -150.146507644999957, 61.464324782000062 ], [ -150.146513139999968, 61.464279845000078 ], [ -150.146483784999958, 61.464237422000053 ], [ -150.146462671999984, 61.46418331700005 ], [ -150.146431080999974, 61.46414339100005 ], [ -150.146399488999975, 61.464103464000061 ], [ -150.146378380999977, 61.464049357000079 ], [ -150.146357875999968, 61.464006659000063 ], [ -150.146350052999964, 61.463962485000081 ], [ -150.146373313999959, 61.463917432000073 ], [ -150.146365487999958, 61.463873258000035 ], [ -150.146344986999964, 61.463830558000041 ], [ -150.146317169999975, 61.46377897800005 ], [ -150.146296665999984, 61.463736280000035 ], [ -150.146288842999979, 61.463692106000053 ], [ -150.146312102999957, 61.463647053000045 ], [ -150.146304276999956, 61.463602880000053 ], [ -150.146283775999962, 61.463560180000059 ], [ -150.14625596099998, 61.463508599000079 ], [ -150.14623545699996, 61.463465900000074 ], [ -150.146227633999956, 61.463421728000071 ], [ -150.146241990999982, 61.463376885000059 ], [ -150.146238661999973, 61.463331555000082 ], [ -150.14625719999998, 61.463288109000075 ], [ -150.146278373999962, 61.463246557000048 ], [ -150.146335151999978, 61.46319591200006 ], [ -150.146385877999961, 61.46316136300004 ], [ -150.14643676999998, 61.463108219000048 ], [ -150.146468117999973, 61.463069654000037 ], [ -150.146499465999966, 61.463031086000058 ], [ -150.146545745999958, 61.46297512600006 ], [ -150.146593369999977, 61.462943647000031 ], [ -150.146680418999978, 61.462897429000066 ], [ -150.146772584999979, 61.46285202100006 ], [ -150.146872533999982, 61.462809758000049 ], [ -150.146978149999967, 61.462771530000055 ], [ -150.147084872999983, 61.462735810000083 ], [ -150.147156214999967, 61.462716985000043 ], [ -150.147274039999957, 61.462698565000039 ], [ -150.147363377999966, 61.462693387000058 ], [ -150.147456816999977, 61.462693897000065 ], [ -150.147550256999978, 61.462694408000061 ], [ -150.147640147999965, 61.462684667000076 ], [ -150.147748735999983, 61.462671454000031 ], [ -150.147838622999984, 61.462661715000081 ], [ -150.147931617999973, 61.462657996000075 ], [ -150.148026019999975, 61.462664817000075 ], [ -150.148119976999965, 61.462667409000062 ], [ -150.14821540799997, 61.462665823000066 ], [ -150.14830687099996, 61.462674631000027 ], [ -150.148393785999957, 61.462689245000035 ], [ -150.148498422999978, 61.462708340000063 ], [ -150.148585333999961, 61.462722958000029 ], [ -150.148676797999968, 61.462731762000033 ], [ -150.148772226999967, 61.462730179000062 ], [ -150.148866185999964, 61.46273276900007 ], [ -150.14896161599998, 61.462731185000052 ], [ -150.14905307899997, 61.462739991000035 ], [ -150.149139993999967, 61.462754606000033 ], [ -150.149250688999956, 61.462770829000078 ], [ -150.149330521999957, 61.462790356000028 ], [ -150.149410353999968, 61.462809882000045 ], [ -150.14952710999998, 61.462823232000062 ], [ -150.149606942999981, 61.462842758000079 ], [ -150.149686775999982, 61.462862285000028 ], [ -150.149803531999964, 61.462875635000046 ], [ -150.149887233999976, 61.462891767000031 ], [ -150.149957566999973, 61.462914358000035 ], [ -150.150069977999976, 61.46294178200003 ], [ -150.150169101999978, 61.462981298000045 ], [ -150.150235146999961, 61.463003713000035 ], [ -150.150349946999967, 61.463033074000066 ], [ -150.150415994999975, 61.463055489000055 ], [ -150.150519265999975, 61.463091816000031 ], [ -150.150622539999972, 61.463128142000073 ], [ -150.150688584999983, 61.463150556000073 ], [ -150.150803385999978, 61.463179917000048 ], [ -150.150869435999965, 61.463202332000037 ], [ -150.150972706999966, 61.463238659000069 ], [ -150.151081713999957, 61.463273435000076 ], [ -150.151134673999962, 61.463300914000058 ], [ -150.151239533999984, 61.463338879000048 ], [ -150.151351950999981, 61.463366304000033 ], [ -150.151422286999974, 61.463388893000058 ], [ -150.151505986999979, 61.463405024000053 ], [ -150.151616688999979, 61.463421245000063 ], [ -150.151703602999959, 61.463435860000061 ], [ -150.151795069999963, 61.463444662000029 ], [ -150.151890501999958, 61.463443076000033 ], [ -150.151984461999973, 61.463445666000041 ], [ -150.152078867999961, 61.463452482000037 ], [ -150.152173338999972, 61.46345283800008 ], [ -150.152257354999961, 61.463442758000042 ], [ -150.152367706999968, 61.463412849000065 ], [ -150.15246933399996, 61.463371824000035 ], [ -150.152560407999971, 61.463324825000029 ], [ -150.152663982999968, 61.463285262000056 ], [ -150.152778729999966, 61.463249565000069 ], [ -150.152819179999966, 61.463231575000066 ], [ -150.152849035999964, 61.463197296000033 ], [ -150.152870692999983, 61.463156948000062 ], [ -150.152903309999971, 61.463115744000049 ], [ -150.152943500999982, 61.463066038000079 ], [ -150.152974263999965, 61.46302475400006 ], [ -150.152992796999968, 61.462981307000064 ], [ -150.152998357999962, 61.462935765000054 ], [ -150.152990520999964, 61.462891592000062 ], [ -150.152970012999958, 61.462848893000057 ], [ -150.152942185999962, 61.462797314000056 ], [ -150.15292167299998, 61.46275461700003 ], [ -150.15292273999998, 61.462710232000063 ], [ -150.152923807999969, 61.462665847000039 ], [ -150.152912897999983, 61.462623411000038 ], [ -150.152874109999971, 61.462567442000079 ], [ -150.15282609099998, 61.462534824000045 ], [ -150.152762069999966, 61.462481899000068 ], [ -150.15270195399998, 61.462426446000052 ], [ -150.152658660999975, 61.462396708000028 ], [ -150.152581245999983, 61.46234559800007 ], [ -150.152511250999964, 61.462292838000053 ], [ -150.152429595999962, 61.462243949000083 ], [ -150.15239874599996, 61.462208928000052 ], [ -150.152350624999968, 61.462151367000047 ], [ -150.152311392999962, 61.462117612000043 ], [ -150.152247372999966, 61.462064686000076 ], [ -150.152183357999974, 61.462011759000063 ], [ -150.152135340999962, 61.461979141000029 ], [ -150.152096549999982, 61.461923173000059 ], [ -150.152093875999981, 61.461879640000063 ], [ -150.152074094999961, 61.461837694000053 ], [ -150.152061821999979, 61.461793899000043 ], [ -150.152033997999979, 61.461742320000042 ], [ -150.152004636999976, 61.461699898000063 ], [ -150.152010123999958, 61.461654962000068 ], [ -150.152049613999964, 61.461614438000083 ], [ -150.152089804999974, 61.461564733000046 ], [ -150.152112656999975, 61.461521907000076 ], [ -150.152142513999962, 61.461481328000048 ], [ -150.15216536799997, 61.461438501000032 ], [ -150.152199511999981, 61.461385920000055 ], [ -150.152240613999965, 61.461347997000075 ], [ -150.152281714999958, 61.461310075000029 ], [ -150.152309814999967, 61.46125461500003 ], [ -150.152343771999966, 61.461214855000037 ], [ -150.152382099999983, 61.46118012900007 ], [ -150.152452941999968, 61.46112892900004 ], [ -150.152550472999962, 61.461085722000064 ], [ -150.152654573999968, 61.461045934000083 ], [ -150.152749810999978, 61.46100141200003 ], [ -150.152855413999959, 61.460963180000078 ], [ -150.15296212399997, 61.460927455000046 ], [ -150.153035847999973, 61.460912800000074 ], [ -150.153152422999966, 61.460887362000051 ], [ -150.15323216699997, 61.460871675000078 ], [ -150.153344626999967, 61.460850747000052 ], [ -150.153433958999983, 61.460845564000067 ], [ -150.153526946999961, 61.460841842000036 ], [ -150.153621345999966, 61.460848659000078 ], [ -150.15371529799998, 61.460851246000061 ], [ -150.153809250999984, 61.460853834000034 ], [ -150.15390320399996, 61.460856422000063 ], [ -150.153997601999976, 61.460863237000069 ], [ -150.154090590999971, 61.460859516000028 ], [ -150.154180474999976, 61.460849771000028 ], [ -150.154289052999957, 61.460836553000036 ], [ -150.154378933999965, 61.460826810000071 ], [ -150.154471921999971, 61.460823087000051 ], [ -150.154566319999958, 61.460829903000047 ], [ -150.154660272999962, 61.46083249000003 ], [ -150.154754225999966, 61.46083507600008 ], [ -150.15484817799998, 61.460837664000053 ], [ -150.154942131999974, 61.460840250000047 ], [ -150.155036084999978, 61.460842838000076 ], [ -150.155130483999983, 61.460849651000046 ], [ -150.155223470999971, 61.460845930000062 ], [ -150.155313354999976, 61.460836185000062 ], [ -150.155421932999957, 61.460822965000034 ], [ -150.155511812999976, 61.46081322100008 ], [ -150.155604800999981, 61.460809497000071 ], [ -150.155699198999969, 61.460816313000066 ], [ -150.155793151999973, 61.46081889900006 ], [ -150.155887104999977, 61.460821486000043 ], [ -150.15598105899997, 61.460824072000037 ], [ -150.156075010999956, 61.460826659000077 ], [ -150.15616896399996, 61.460829244000081 ], [ -150.156262916999964, 61.460831831000064 ], [ -150.156356869999968, 61.460834417000058 ], [ -150.156451268999973, 61.460841230000028 ], [ -150.156544256999979, 61.460837507000065 ], [ -150.156634140999984, 61.460827761000075 ], [ -150.156742716999958, 61.460814540000058 ], [ -150.156834906999961, 61.460808707000069 ], [ -150.15692320499997, 61.460799308000048 ], [ -150.157014842999956, 61.460798034000049 ], [ -150.157132659999974, 61.460779604000038 ], [ -150.157203986999974, 61.460760773000061 ], [ -150.157310691999982, 61.46072504600005 ], [ -150.157418484999965, 61.460687476000032 ], [ -150.157508967999973, 61.460641172000066 ], [ -150.15759599499998, 61.460594947000061 ], [ -150.157635153999962, 61.460561854000048 ], [ -150.157701811999971, 61.460509785000056 ], [ -150.157743824999983, 61.460473970000066 ], [ -150.157800575999971, 61.460423321000064 ], [ -150.157821732999963, 61.460381768000047 ], [ -150.157840257999965, 61.460338321000052 ], [ -150.157836907999979, 61.460292991000074 ], [ -150.157842348999964, 61.460248360000037 ], [ -150.157847790999966, 61.460203728000067 ], [ -150.157853232999969, 61.460159096000041 ], [ -150.157867574999983, 61.460114254000075 ], [ -150.15785973399997, 61.460070081000083 ], [ -150.157839219999971, 61.460027382000078 ], [ -150.157811387999971, 61.459975804000067 ], [ -150.157790870999975, 61.45993310800003 ], [ -150.157791929999973, 61.459888722000073 ], [ -150.15779299099998, 61.459844338000039 ], [ -150.15777247699998, 61.45980164000008 ], [ -150.157744645999969, 61.459750062000069 ], [ -150.157732361999962, 61.459706268000048 ], [ -150.157712574999977, 61.459664322000037 ], [ -150.157700293999966, 61.459620530000052 ], [ -150.157672462999983, 61.459568951000051 ], [ -150.157651945999959, 61.459526255000071 ], [ -150.157644108999961, 61.459482082000079 ], [ -150.157658447999978, 61.459437238000078 ], [ -150.157672790999982, 61.459392395000066 ], [ -150.157673533999969, 61.459347521000041 ], [ -150.15764276699997, 61.459308021000027 ], [ -150.157586265999981, 61.45925612800005 ], [ -150.15753476499998, 61.459201507000046 ], [ -150.157503200999969, 61.459164280000039 ], [ -150.157481119999971, 61.459126249000064 ], [ -150.157423213999976, 61.459071504000065 ], [ -150.157336849999979, 61.459023234000028 ], [ -150.157243125999969, 61.45897799800008 ], [ -150.157159364999984, 61.458928547000028 ], [ -150.157063769999979, 61.458884775000058 ], [ -150.15696490299996, 61.458842731000061 ], [ -150.156907440999959, 61.458823341000027 ], [ -150.156818538999971, 61.458777313000041 ], [ -150.15677781399998, 61.458750910000049 ], [ -150.156709295999974, 61.458695663000071 ], [ -150.156628813999959, 61.458645498000067 ], [ -150.156539836999968, 61.45859802800004 ], [ -150.156444242999981, 61.458554255000081 ], [ -150.156341810999976, 61.458514660000048 ], [ -150.156280419999973, 61.458494407000046 ], [ -150.156177983999982, 61.458454811000081 ], [ -150.15608239499997, 61.458411038000065 ], [ -150.155998633999957, 61.458361588000059 ], [ -150.155914875999969, 61.458312137000064 ], [ -150.155819284999978, 61.458268364000048 ], [ -150.155716852999973, 61.458228768000083 ], [ -150.155655464999967, 61.458208515000081 ], [ -150.155553029999965, 61.458168918000069 ], [ -150.15545744299996, 61.458125145000054 ], [ -150.15537842699996, 61.458073462000073 ], [ -150.155282837999977, 61.458029688000067 ], [ -150.15518554199997, 61.457988345000047 ], [ -150.155115883999969, 61.457969741000056 ], [ -150.155001096999968, 61.45794038400004 ], [ -150.154935059999957, 61.457917971000029 ], [ -150.154831796999957, 61.457881649000058 ], [ -150.15472280399996, 61.457846876000076 ], [ -150.154665635999976, 61.457823010000027 ], [ -150.154563202999981, 61.457783413000072 ], [ -150.154472359999971, 61.457737407000081 ], [ -150.154381515999972, 61.457691398000065 ], [ -150.154284221999973, 61.457650055000045 ], [ -150.154214564999961, 61.457631450000065 ], [ -150.154099779999967, 61.457602092000059 ], [ -150.154030123999974, 61.457583488000068 ], [ -150.153932829999974, 61.457542144000058 ], [ -150.153841988999972, 61.457496138000067 ], [ -150.15375114699998, 61.457450130000041 ], [ -150.153648720999968, 61.45741053200004 ], [ -150.15359154899997, 61.457386667000037 ], [ -150.153482559999958, 61.457351893000066 ], [ -150.153379303999969, 61.45731556800007 ], [ -150.153316658999984, 61.457289141000047 ], [ -150.153204124999974, 61.457264370000075 ], [ -150.153116663999981, 61.457254317000036 ], [ -150.153025214999957, 61.457245514000078 ], [ -150.15292832999998, 61.457251275000033 ], [ -150.152836881999974, 61.457242474000054 ], [ -150.152749983999968, 61.457227860000046 ], [ -150.152645361999959, 61.457208768000044 ], [ -150.152555218999964, 61.457197914000062 ], [ -150.152469807999978, 61.457183731000043 ], [ -150.152379664999984, 61.457172874000037 ], [ -150.152275042999975, 61.457153783000081 ], [ -150.152188141999972, 61.457139170000062 ], [ -150.152096693999965, 61.457130366000058 ], [ -150.152001279999979, 61.457131954000033 ], [ -150.151907338999962, 61.457129364000082 ], [ -150.151813397999973, 61.457126775000063 ], [ -150.151719010999983, 61.457119957000032 ], [ -150.151624563999974, 61.457119600000055 ], [ -150.151541415999958, 61.457134213000074 ], [ -150.151428837999958, 61.457157653000081 ], [ -150.151315460999967, 61.457189604000064 ], [ -150.151256176999965, 61.457213990000071 ], [ -150.151139455999981, 61.457242544000053 ], [ -150.15102273499997, 61.457271097000046 ], [ -150.150960142999963, 61.457291663000035 ], [ -150.15084876399996, 61.457325368000056 ], [ -150.15074316999997, 61.457363599000075 ], [ -150.150647941999978, 61.457408120000082 ], [ -150.150548547999961, 61.457450161000054 ], [ -150.150457319999958, 61.457497617000058 ], [ -150.150346097999972, 61.457531103000065 ], [ -150.150226987999957, 61.457552747000079 ], [ -150.150185256999976, 61.457552600000042 ], [ -150.150064906999972, 61.457572722000066 ], [ -150.149958211999973, 61.457610974000033 ], [ -150.149882283999972, 61.457662919000029 ], [ -150.149832042999975, 61.457690080000077 ], [ -150.149758841999983, 61.457741858000077 ], [ -150.149682380999963, 61.457790911000075 ], [ -150.14963519899996, 61.457822285000077 ], [ -150.149568531999961, 61.457874348000075 ], [ -150.149535210999971, 61.457911422000052 ], [ -150.149463681999976, 61.457961020000027 ], [ -150.149430360999958, 61.457998094000061 ], [ -150.149358831999962, 61.458047692000036 ], [ -150.149325510999972, 61.458084765000081 ], [ -150.149253980999958, 61.458134363000056 ], [ -150.149220659999969, 61.458171437000033 ], [ -150.149149128999966, 61.458221035000065 ], [ -150.149115808999966, 61.458258108000052 ], [ -150.149044276999973, 61.458307706000028 ], [ -150.149010956999973, 61.458344780000061 ], [ -150.14893942499998, 61.458394378000037 ], [ -150.148906102999973, 61.458431450000035 ], [ -150.14883457199997, 61.458481048000067 ], [ -150.148801249999963, 61.458518122000044 ], [ -150.148729718999959, 61.45856771900003 ], [ -150.148696395999963, 61.458604793000063 ], [ -150.148629727999975, 61.458656857000051 ], [ -150.148582544999982, 61.458688228000028 ], [ -150.148506074999972, 61.458737283000062 ], [ -150.148432869999965, 61.458789060000072 ], [ -150.148382630999976, 61.458816218000038 ], [ -150.148293299999978, 61.458862733000046 ], [ -150.148210936999959, 61.458911293000028 ], [ -150.148121609999976, 61.458957806000058 ], [ -150.148078970999961, 61.458986968000033 ], [ -150.14799561099997, 61.459035628000038 ], [ -150.147903458999963, 61.459081034000064 ], [ -150.147794656999963, 61.459118567000075 ], [ -150.147702502999977, 61.459163975000081 ], [ -150.147619141999968, 61.459212634000039 ], [ -150.147568896999957, 61.459239792000062 ], [ -150.147495688999982, 61.459291570000062 ], [ -150.147422480999978, 61.459343347000072 ], [ -150.147364633999956, 61.459368501000029 ], [ -150.147291423999974, 61.459420279000028 ], [ -150.14721821599997, 61.459472056000038 ], [ -150.147160367999959, 61.459497211000041 ], [ -150.147087158999966, 61.459548988000051 ], [ -150.147013948999984, 61.459600765000062 ], [ -150.146963707999959, 61.459627922000038 ], [ -150.146874371999957, 61.459674436000057 ], [ -150.146792003999963, 61.45972299500005 ], [ -150.146702672999965, 61.459769507000033 ], [ -150.146660032999961, 61.459798669000065 ], [ -150.146578703999978, 61.459848217000058 ], [ -150.146478550999973, 61.459889786000076 ], [ -150.146366384999965, 61.459922850000055 ], [ -150.146303780999972, 61.459943415000055 ], [ -150.146187044999976, 61.459971965000079 ], [ -150.146075628999967, 61.460002369000051 ], [ -150.146004568999956, 61.46002100100003 ], [ -150.145887991999956, 61.460046436000027 ], [ -150.145808250999977, 61.460062117000064 ], [ -150.14569124199997, 61.460079975000042 ], [ -150.145606970999978, 61.460090299000058 ], [ -150.145522923999977, 61.46010530500007 ], [ -150.145409028999978, 61.460115331000054 ], [ -150.145319143999984, 61.460125069000071 ], [ -150.145226157999957, 61.460128784000062 ], [ -150.145131762999966, 61.460121964000052 ], [ -150.14503634099998, 61.460123544000055 ], [ -150.144944885999962, 61.460114738000073 ], [ -150.14485798399997, 61.460100118000071 ], [ -150.144747296999981, 61.460083893000046 ], [ -150.144667473999959, 61.460064364000061 ], [ -150.144586291999957, 61.460049473000083 ], [ -150.144468496999963, 61.460027488000037 ], [ -150.144402231999976, 61.46000486500003 ], [ -150.14430494299998, 61.459963514000037 ], [ -150.144209366999974, 61.459919733000049 ], [ -150.144120403999977, 61.45987225500005 ], [ -150.144039938999981, 61.459822085000042 ], [ -150.143968997999963, 61.459769166000058 ], [ -150.14393375399996, 61.459737854000082 ], [ -150.143856360999962, 61.459686740000052 ], [ -150.143786386999977, 61.459633974000042 ], [ -150.143704750999973, 61.459585081000057 ], [ -150.143673913999976, 61.459550058000048 ], [ -150.143625812999971, 61.459492494000074 ], [ -150.143586592999981, 61.459458736000045 ], [ -150.143522593999961, 61.459405807000053 ], [ -150.143458598999956, 61.459352875000036 ], [ -150.143419378999965, 61.459319119000043 ], [ -150.143365845999966, 61.459263738000061 ], [ -150.143341784999961, 61.459225081000056 ], [ -150.143288255999977, 61.459169699000029 ], [ -150.143249036999975, 61.459135941000056 ], [ -150.143185038999974, 61.459083012000065 ], [ -150.143121043999969, 61.459030080000048 ], [ -150.14307304099998, 61.458997459000045 ], [ -150.143040721999967, 61.458939330000078 ], [ -150.143018993999959, 61.458899298000063 ], [ -150.142997265999981, 61.458859265000058 ], [ -150.142959682999958, 61.458803680000074 ], [ -150.142917728999976, 61.458766571000069 ], [ -150.142880142999957, 61.458710986000028 ], [ -150.142858414999978, 61.45867095400007 ], [ -150.142826833999976, 61.458631026000035 ], [ -150.142812438999982, 61.458574394000038 ], [ -150.142780857999981, 61.45853446600006 ], [ -150.142749274999971, 61.458494539000071 ], [ -150.142728176999981, 61.458440431000042 ], [ -150.14270768199998, 61.458397733000027 ], [ -150.142708762999973, 61.45835334800006 ], [ -150.142709843999967, 61.458308963000036 ], [ -150.142689351999962, 61.458266263000041 ], [ -150.142661545999971, 61.458214682000062 ], [ -150.14264104999998, 61.458171983000057 ], [ -150.142642131999963, 61.458127598000033 ], [ -150.142643213999975, 61.458083214000055 ], [ -150.142622720999981, 61.458040514000061 ], [ -150.142601619999965, 61.457986408000068 ], [ -150.142570039999981, 61.457946480000032 ], [ -150.142538458999979, 61.457906553000043 ], [ -150.142517361999978, 61.457852444000082 ], [ -150.142496865999959, 61.457809746000066 ], [ -150.142489049999966, 61.457765572000028 ], [ -150.142503410999979, 61.457720731000052 ], [ -150.142508872999969, 61.457676099000082 ], [ -150.142514335999977, 61.457631469000034 ], [ -150.142511012999961, 61.457586139000057 ], [ -150.142529552999974, 61.45754269300005 ], [ -150.142560326999984, 61.457501409000031 ], [ -150.142600528999964, 61.457451707000075 ], [ -150.142623389999983, 61.457408882000038 ], [ -150.14265325599996, 61.457368306000035 ], [ -150.142676119999976, 61.457325481000055 ], [ -150.142716320999966, 61.457275779000042 ], [ -150.142747090999961, 61.457234496000069 ], [ -150.142765634999961, 61.457191050000063 ], [ -150.142753520999975, 61.457145021000031 ], [ -150.142763709999969, 61.457100408000031 ], [ -150.142803881999981, 61.457062864000079 ], [ -150.14286592299996, 61.457012451000082 ], [ -150.142945844999957, 61.456962648000058 ], [ -150.142996090999958, 61.456935490000035 ], [ -150.143079452999984, 61.456886835000034 ], [ -150.143171606999971, 61.456841431000043 ], [ -150.143275703999961, 61.456801648000067 ], [ -150.143375106999969, 61.456759612000042 ], [ -150.143474507999969, 61.456717576000074 ], [ -150.143573907999979, 61.456675540000049 ], [ -150.143673308999979, 61.456633504000081 ], [ -150.143772708999961, 61.456591467000067 ], [ -150.143872108999972, 61.456549431000042 ], [ -150.143971508999982, 61.456507394000027 ], [ -150.144066742999968, 61.456462879000071 ], [ -150.144172341999962, 61.456424653000056 ], [ -150.144279046999969, 61.456388935000064 ], [ -150.144352764999979, 61.456374285000038 ], [ -150.144469328999975, 61.456348855000044 ], [ -150.144550694999964, 61.456337423000036 ], [ -150.144667259999977, 61.456311990000074 ], [ -150.144738311999959, 61.456293358000039 ], [ -150.144849715999982, 61.456262956000046 ], [ -150.144961123999963, 61.456232550000038 ], [ -150.145029782999984, 61.456209745000081 ], [ -150.145147585999979, 61.456191326000067 ], [ -150.14523690599998, 61.456186149000075 ], [ -150.14532988199997, 61.456182433000038 ], [ -150.145424263999956, 61.456189255000027 ], [ -150.145518645999971, 61.456196075000037 ], [ -150.145611621999961, 61.456192360000045 ], [ -150.145701495999958, 61.456182621000039 ], [ -150.145810060999963, 61.45616940900004 ], [ -150.145899931999963, 61.45615967100008 ], [ -150.145992906999965, 61.456155954000053 ], [ -150.146087288999979, 61.456162775000053 ], [ -150.146181671999983, 61.456169595000063 ], [ -150.146274646999984, 61.456165880000071 ], [ -150.146364520999981, 61.456156140000076 ], [ -150.146473085999958, 61.456142928000077 ], [ -150.146562955999968, 61.45613319000006 ], [ -150.14665593099997, 61.456129472000043 ], [ -150.146750313999974, 61.456136293000043 ], [ -150.146844250999976, 61.456138886000076 ], [ -150.146938189999958, 61.456141479000053 ], [ -150.147032127999978, 61.45614407000005 ], [ -150.14712606599997, 61.456146663000027 ], [ -150.147220003999962, 61.456149255000071 ], [ -150.147313942999972, 61.456151847000058 ], [ -150.147408324999958, 61.456158666000078 ], [ -150.147501299999959, 61.456154949000052 ], [ -150.147591173999956, 61.456145209000056 ], [ -150.147699738999961, 61.456131995000078 ], [ -150.147789607999982, 61.456122257000061 ], [ -150.147883026999978, 61.456122767000068 ], [ -150.147976446999962, 61.456123278000064 ], [ -150.14806631999997, 61.456113537000078 ], [ -150.148174884999975, 61.456100322000054 ], [ -150.148267061999974, 61.456094495000059 ], [ -150.148355349999974, 61.456085101000042 ], [ -150.148447526999973, 61.456079271000078 ], [ -150.148556090999961, 61.456066058000033 ], [ -150.148645959999982, 61.456056318000037 ], [ -150.148738934999983, 61.456052598000042 ], [ -150.148833317999959, 61.456059419000042 ], [ -150.148927255999979, 61.456062010000039 ], [ -150.149021638999983, 61.45606882800007 ], [ -150.149114613999984, 61.456065110000054 ], [ -150.149204485999974, 61.456055369000069 ], [ -150.149318364999971, 61.45604534000006 ], [ -150.149402398999968, 61.456030333000058 ], [ -150.149486434999972, 61.456015325000067 ], [ -150.149600316999965, 61.456005295000068 ], [ -150.149690184999969, 61.455995555000072 ], [ -150.149783603999964, 61.455996064000033 ], [ -150.149878496999975, 61.456000649000032 ], [ -150.149962494999983, 61.45599057000004 ], [ -150.150069078999962, 61.455957592000061 ], [ -150.150176089999974, 61.455921560000036 ], [ -150.150278991999983, 61.455882772000052 ], [ -150.150352705999978, 61.455868119000058 ], [ -150.15047385799997, 61.455845262000082 ], [ -150.150544903999958, 61.455826626000032 ], [ -150.150652957999966, 61.455792822000035 ], [ -150.150771269999979, 61.455771759000072 ], [ -150.150846614999978, 61.455753185000049 ], [ -150.150933884999972, 61.455746441000031 ], [ -150.15105622699997, 61.455731081000067 ], [ -150.151127546999959, 61.455712254000048 ], [ -150.151234241999958, 61.455676531000051 ], [ -150.15133983399997, 61.455638299000043 ], [ -150.151435050999964, 61.455593781000061 ], [ -150.15153443799997, 61.455551739000043 ], [ -150.151633823999958, 61.455509696000036 ], [ -150.151733210999964, 61.455467655000064 ], [ -150.151837297999975, 61.455427865000047 ], [ -150.151929433999982, 61.455382456000052 ], [ -150.152012777999971, 61.455333793000079 ], [ -150.152063009999978, 61.455306634000067 ], [ -150.152136200999962, 61.455254855000078 ], [ -150.152212656999978, 61.455205798000065 ], [ -150.152259829999963, 61.455174425000052 ], [ -150.152321624999956, 61.455119894000063 ], [ -150.152368798999959, 61.455088520000061 ], [ -150.152445249999971, 61.455039465000027 ], [ -150.152518440999984, 61.454987685000049 ], [ -150.152576274999973, 61.454962529000056 ], [ -150.152649464999968, 61.454910748000032 ], [ -150.152722653999973, 61.454858968000053 ], [ -150.15278048899998, 61.454833812000061 ], [ -150.152853677999957, 61.454782032000082 ], [ -150.152926866999962, 61.454730251000058 ], [ -150.15298470099998, 61.454705094000076 ], [ -150.153057889999957, 61.45465331500003 ], [ -150.153131077999973, 61.454601535000052 ], [ -150.153188911999962, 61.45457637800007 ], [ -150.15326209899996, 61.454524597000045 ], [ -150.153335287999965, 61.454472817000067 ], [ -150.153385519999972, 61.454445656000075 ], [ -150.153474825999979, 61.454399140000078 ], [ -150.153557169999971, 61.454350576000081 ], [ -150.153646478999974, 61.454304059000037 ], [ -150.153689106999963, 61.454274894000037 ], [ -150.15377841199998, 61.454228379000028 ], [ -150.153860753999965, 61.454179815000032 ], [ -150.153950063999957, 61.454133296000066 ], [ -150.153992689999967, 61.454104133000044 ], [ -150.154076027999963, 61.454055471000061 ], [ -150.154168156999958, 61.454010059000041 ], [ -150.154276933999967, 61.453972521000082 ], [ -150.154369061999972, 61.453927110000052 ], [ -150.154452398999979, 61.453878446000033 ], [ -150.15449502499996, 61.453849282000078 ], [ -150.154578361999967, 61.453800620000038 ], [ -150.154670488999983, 61.453755208000075 ], [ -150.154774562999961, 61.453715417000069 ], [ -150.154873939999959, 61.453673373000072 ], [ -150.154973315999968, 61.453631329000075 ], [ -150.155072690999958, 61.453589285000078 ], [ -150.15516790099997, 61.453544761000046 ], [ -150.15527347699998, 61.453506526000069 ], [ -150.155384837999975, 61.453472817000034 ], [ -150.155447418999984, 61.453452250000055 ], [ -150.155564121999959, 61.453423693000047 ], [ -150.155680824999962, 61.453395135000051 ], [ -150.155740097999967, 61.453370747000065 ], [ -150.15585680099997, 61.453342189000068 ], [ -150.155968187999974, 61.453311776000078 ], [ -150.156039222999965, 61.453293138000049 ], [ -150.156155766999973, 61.453267697000058 ], [ -150.156237119999957, 61.453256260000046 ], [ -150.156353664999983, 61.453230817000076 ], [ -150.156427368999971, 61.453216161000057 ], [ -150.156530252999971, 61.453177370000049 ], [ -150.156637246999964, 61.45314133100004 ], [ -150.15674381499997, 61.453108350000036 ], [ -150.156830051999975, 61.453102145000059 ], [ -150.156919864999963, 61.453096855000069 ], [ -150.157012031999983, 61.453091019000055 ], [ -150.157125896999958, 61.453080985000042 ], [ -150.157209919999957, 61.453065972000047 ], [ -150.157293942999956, 61.453050960000041 ], [ -150.157413126999984, 61.453044109000075 ], [ -150.157497149999983, 61.453029097000069 ], [ -150.157581172999983, 61.453014085000063 ], [ -150.157695041999972, 61.453004047000036 ], [ -150.157784898999978, 61.452994303000082 ], [ -150.157878309999973, 61.452994806000049 ], [ -150.157971720999967, 61.452995310000063 ], [ -150.158061581999959, 61.452985563000027 ], [ -150.158170131999981, 61.452972341000077 ], [ -150.158259987999969, 61.452962595000031 ], [ -150.158353397999974, 61.452963098000055 ], [ -150.158446808999969, 61.452963601000079 ], [ -150.158536669999961, 61.452953855000032 ], [ -150.158645218999965, 61.452940633000082 ], [ -150.158737384999966, 61.452934798000058 ], [ -150.15882566199997, 61.452925397000058 ], [ -150.158917826999982, 61.452919561000044 ], [ -150.159026375999957, 61.452906338000048 ], [ -150.159116232999963, 61.452896592000059 ], [ -150.159209196999967, 61.45289286600007 ], [ -150.159304018999961, 61.452903907000064 ], [ -150.159396982999965, 61.452900182000064 ], [ -150.159486842999968, 61.452890434000039 ], [ -150.159595391999972, 61.452877211000043 ], [ -150.15968524799996, 61.452867465000054 ], [ -150.159778658999983, 61.452867967000032 ], [ -150.15987206799997, 61.452868469000066 ], [ -150.159961927999973, 61.452858721000041 ], [ -150.160070475999959, 61.452845497000055 ], [ -150.160160332999965, 61.452835751000066 ], [ -150.160253296999969, 61.452832024000031 ], [ -150.160348118999963, 61.452843064000035 ], [ -150.160441082999967, 61.452839339000036 ], [ -150.16053094199998, 61.452829590000078 ], [ -150.160639489999966, 61.452816366000036 ], [ -150.160729345999982, 61.452806619000057 ], [ -150.160822309999958, 61.452802892000079 ], [ -150.160916685999979, 61.45280970400006 ], [ -150.161010614999981, 61.452812287000029 ], [ -150.161104543999983, 61.452814869000065 ], [ -150.161198472999956, 61.45281745300008 ], [ -150.161292402999976, 61.452820035000059 ], [ -150.161386332999967, 61.452822618000027 ], [ -150.161480261999969, 61.452825200000063 ], [ -150.161574191999961, 61.452827783000032 ], [ -150.161668120999963, 61.452830365000068 ], [ -150.161762050999982, 61.452832947000047 ], [ -150.161855979999984, 61.452835530000073 ], [ -150.161949909999976, 61.452838112000052 ], [ -150.162043839999967, 61.452840694000031 ], [ -150.162137768999969, 61.452843276000067 ], [ -150.16223169899996, 61.452845859000035 ], [ -150.162325627999962, 61.452848441000071 ], [ -150.162419558999972, 61.452851022000061 ], [ -150.162513487999973, 61.45285360500003 ], [ -150.162607417999965, 61.452856186000076 ], [ -150.162701346999967, 61.452858768000056 ], [ -150.162795276999958, 61.452861349000045 ], [ -150.162890675999961, 61.452859756000066 ], [ -150.162982115999966, 61.45286855300003 ], [ -150.163069009999958, 61.452883158000077 ], [ -150.163173623999967, 61.45290224200005 ], [ -150.163260513999973, 61.452916849000076 ], [ -150.16335195299996, 61.452925644000061 ], [ -150.163448822999982, 61.452919875000077 ], [ -150.163540262999959, 61.452928671000052 ], [ -150.163627156999979, 61.452943278000077 ], [ -150.163731770999959, 61.452962361000061 ], [ -150.163818662999972, 61.45297696800003 ], [ -150.16391010199996, 61.452985763000072 ], [ -150.164006970999964, 61.452979993000042 ], [ -150.164098410999969, 61.452988789000074 ], [ -150.164185306999968, 61.453003395000053 ], [ -150.16428542099996, 61.453026092000073 ], [ -150.164376308999977, 61.453034873000036 ], [ -150.164468720999963, 61.453031129000067 ], [ -150.164573677999982, 61.453014065000048 ], [ -150.16466353399997, 61.453004315000044 ], [ -150.164756496999956, 61.45300058600003 ], [ -150.164850873999967, 61.453007394000053 ], [ -150.164944803999958, 61.453009974000054 ], [ -150.165039181999958, 61.453016782000077 ], [ -150.165132145999962, 61.453013054000053 ], [ -150.165222003999958, 61.45300330300006 ], [ -150.165335866999982, 61.452993261000074 ], [ -150.165419885999967, 61.452978243000075 ], [ -150.165504131999967, 61.452967908000062 ], [ -150.16562110199996, 61.452950032000047 ], [ -150.165700815999969, 61.45293433900008 ], [ -150.165812756999969, 61.452906311000049 ], [ -150.16589410399996, 61.452894867000055 ], [ -150.166006044999961, 61.452866838000034 ], [ -150.166087393999959, 61.452855394000039 ], [ -150.16619933399997, 61.452827365000076 ], [ -150.166280682999968, 61.452815921000081 ] ] ] } },
{ "type": "Feature", "properties": { "OBJECTID": 193267, "ID": 75000200005223.0, "Shape_Length": 0.042803180667873732 }, "geometry": { "type": "MultiLineString", "coordinates": [ [ [ -150.675866270999961, 61.619922712000061 ], [ -150.675702335999972, 61.619767229000047 ], [ -150.675562406999973, 61.619574414000056 ], [ -150.675421471999982, 61.619391052000083 ], [ -150.67543850399997, 61.619230378000054 ], [ -150.675480539999967, 61.619022923000045 ], [ -150.675579556999963, 61.618845242000077 ], [ -150.675737552999976, 61.618678432000081 ], [ -150.675931534999961, 61.61855037600003 ], [ -150.676162496999979, 61.618451619000041 ], [ -150.676466428999959, 61.618420914000069 ], [ -150.676742355999977, 61.61846534700004 ], [ -150.676995279999971, 61.618537660000072 ], [ -150.677205214999958, 61.618637380000052 ], [ -150.677367148999963, 61.618811763000053 ], [ -150.677494101999969, 61.618937944000038 ], [ -150.677646054999968, 61.619017340000028 ], [ -150.677898987999981, 61.619089650000035 ], [ -150.678099944999957, 61.619084930000042 ], [ -150.67834789799997, 61.619014998000068 ], [ -150.678420895999977, 61.618893549000063 ], [ -150.678438911999962, 61.618723426000031 ], [ -150.678296964999959, 61.618549517000076 ], [ -150.678036054999978, 61.618363317000046 ], [ -150.677731148999982, 61.61821397600005 ], [ -150.67738926399997, 61.618035334000069 ], [ -150.677062366999962, 61.617904421000048 ], [ -150.676855443999983, 61.617776347000074 ], [ -150.676726495999958, 61.617669068000055 ], [ -150.676762513999961, 61.617518320000045 ], [ -150.676839519999959, 61.617359069000031 ], [ -150.676996503999959, 61.617201709000028 ], [ -150.677132488999973, 61.617053328000054 ], [ -150.677166496999973, 61.616921482000066 ], [ -150.677159521999982, 61.616798141000061 ], [ -150.677071564999977, 61.616682359000038 ], [ -150.676900631999956, 61.616593038000076 ], [ -150.676570751999975, 61.61649047700007 ], [ -150.676196877999956, 61.616424774000052 ], [ -150.675777009999962, 61.616414832000032 ], [ -150.675453102999967, 61.616445062000082 ], [ -150.675124184999959, 61.616522546000056 ], [ -150.674831247999975, 61.616638784000031 ], [ -150.674601293999984, 61.61672808700007 ], [ -150.674377354999962, 61.616760680000027 ], [ -150.674118433999979, 61.616745072000072 ], [ -150.673862520999961, 61.616701109000076 ], [ -150.673673606999984, 61.616592405000063 ], [ -150.673511704999981, 61.616418018000047 ], [ -150.673432785999978, 61.616217172000063 ], [ -150.673469815999965, 61.61605697400006 ], [ -150.673550844999966, 61.61585991700008 ], [ -150.673632878999967, 61.61565341000005 ], [ -150.673705886999983, 61.615531966000049 ], [ -150.673895845999965, 61.615441716000078 ], [ -150.674260731999965, 61.615402986000049 ], [ -150.674478650999959, 61.615427100000034 ], [ -150.674814527999956, 61.615472957000065 ], [ -150.675023429999982, 61.615582130000064 ], [ -150.675171356999982, 61.615699335000045 ], [ -150.675333264999978, 61.615873720000081 ], [ -150.675484194999967, 61.615962570000079 ], [ -150.675639136999962, 61.616013616000032 ], [ -150.675900050999957, 61.616010319000054 ], [ -150.676162970999968, 61.615988120000054 ], [ -150.67656784899998, 61.615950332000068 ], [ -150.676979731999978, 61.615846384000065 ], [ -150.677392615999963, 61.615732981000065 ], [ -150.677665543999979, 61.615616266000075 ], [ -150.678418748999974, 61.615128125000069 ], [ -150.678614696999972, 61.614981163000039 ], [ -150.678728673999984, 61.614851209000051 ], [ -150.678821655999968, 61.614730234000035 ], [ -150.67881466999998, 61.61460689200004 ], [ -150.678766700999972, 61.614492057000064 ], [ -150.678701738999962, 61.614348395000036 ], [ -150.678613786999961, 61.614232614000059 ], [ -150.678403875999976, 61.614132896000058 ], [ -150.678273939999968, 61.614035071000046 ], [ -150.678003054999976, 61.613943385000027 ], [ -150.67771117999996, 61.613860677000048 ], [ -150.677417304999977, 61.613796871000034 ], [ -150.67640972199996, 61.613659316000053 ], [ -150.675994897999971, 61.613602117000028 ], [ -150.675661042999963, 61.613537360000066 ], [ -150.675262208999982, 61.613518439000075 ], [ -150.67490035199998, 61.613528817000031 ], [ -150.674496504999979, 61.61355714900003 ], [ -150.674070662999981, 61.613603910000052 ], [ -150.67374578099998, 61.61364358600008 ], [ -150.673417890999957, 61.613711616000046 ], [ -150.673145965999964, 61.613818871000035 ], [ -150.672912020999973, 61.613945976000082 ], [ -150.672678073999975, 61.614073082000061 ], [ -150.672503096999975, 61.614211060000059 ], [ -150.672285126999981, 61.614376443000083 ], [ -150.672048165999968, 61.614531901000078 ], [ -150.671834201999957, 61.614659478000078 ], [ -150.671602250999968, 61.614767679000067 ], [ -150.671354315999963, 61.614837601000033 ], [ -150.671046398999977, 61.614906099000052 ], [ -150.670779475999979, 61.614966094000067 ], [ -150.670558550999971, 61.614970327000037 ], [ -150.670360627999969, 61.614946684000074 ], [ -150.670202693999983, 61.614923988000044 ], [ -150.670071772999961, 61.614835605000053 ], [ -150.669943867999962, 61.614718869000058 ], [ -150.669835948999975, 61.614602607000052 ], [ -150.669733052999959, 61.614439091000065 ], [ -150.669631159999966, 61.61426612300005 ], [ -150.669534284999969, 61.61404589600005 ], [ -150.669482415999965, 61.613779364000038 ], [ -150.669388550999969, 61.613530786000069 ], [ -150.669374658999971, 61.613284103000069 ], [ -150.669436715999979, 61.613077124000029 ], [ -150.669577739999966, 61.612881494000078 ], [ -150.669771708999974, 61.612753444000077 ], [ -150.670065630999972, 61.612627768000038 ], [ -150.670422536999979, 61.612475159000041 ], [ -150.670772414999959, 61.612388709000072 ], [ -150.671117280999965, 61.612349512000037 ], [ -150.671425168999974, 61.612281015000065 ], [ -150.671680101999982, 61.61214493500006 ], [ -150.671715134999971, 61.612003638000033 ], [ -150.671630218999979, 61.611859498000058 ], [ -150.671465343999984, 61.611713463000058 ], [ -150.671256479999983, 61.611604285000055 ], [ -150.671024615999983, 61.611522984000032 ], [ -150.670776772999972, 61.611403404000043 ], [ -150.670486946999972, 61.61130177800004 ], [ -150.670312050999968, 61.611250254000083 ], [ -150.67017913799998, 61.611180775000037 ], [ -150.670091221999968, 61.611064989000056 ], [ -150.670123251999968, 61.610952048000058 ], [ -150.670174265999975, 61.610849031000043 ], [ -150.670304236999982, 61.61075736600003 ], [ -150.670553147999982, 61.61067799500006 ], [ -150.670921993999968, 61.610601470000063 ], [ -150.671127911999974, 61.610549502000083 ], [ -150.671358829999974, 61.610450754000055 ], [ -150.671408835999983, 61.610357190000059 ], [ -150.671401884999966, 61.610233848000064 ], [ -150.671291973999956, 61.610136493000027 ], [ -150.671079105999979, 61.61006511800008 ], [ -150.670862229999983, 61.610031548000052 ], [ -150.670501414999961, 61.610032464000028 ], [ -150.670138588999976, 61.610052281000037 ], [ -150.669892694999959, 61.61010329700008 ], [ -150.66968376899996, 61.610183615000039 ], [ -150.669517832999958, 61.61023652700004 ], [ -150.669276953999969, 61.610240285000032 ], [ -150.669062081999982, 61.61018781100006 ], [ -150.668990153999971, 61.610110303000056 ], [ -150.668943229999968, 61.609986014000071 ], [ -150.668975258999978, 61.609873073000074 ], [ -150.669108239999957, 61.609753053000077 ], [ -150.669301191999978, 61.609634456000038 ], [ -150.669570079999971, 61.609555562000082 ], [ -150.669897934999966, 61.609487542000068 ], [ -150.670280739999981, 61.609468200000038 ], [ -150.67058057899996, 61.609475314000065 ], [ -150.671098294999979, 61.609506544000055 ], [ -150.671516063999974, 61.609535402000063 ], [ -150.671774921999969, 61.609551018000047 ], [ -150.672034784999965, 61.609557180000081 ], [ -150.672196702999969, 61.609542070000032 ], [ -150.672463581999978, 61.609482072000048 ], [ -150.672594542999974, 61.609380951000048 ], [ -150.672586580999962, 61.609267062000072 ], [ -150.672570318999959, 61.609235825000042 ] ] ] } },
{ "type": "Feature", "properties": { "OBJECTID": 195911, "ID": 75000200015900.0, "Shape_Length": 0.024962692274142613 }, "geometry": { "type": "MultiLineString", "coordinates": [ [ [ -150.311192820999963, 61.74619556500005 ], [ -150.311099399999961, 61.746184465000056 ], [ -150.311011129999969, 61.746179812000037 ], [ -150.310910028999984, 61.746177167000042 ], [ -150.310816563999964, 61.746172726000054 ], [ -150.31072122599997, 61.746185136000065 ], [ -150.310610656999984, 61.746182797000074 ], [ -150.310553365999965, 61.746164675000045 ], [ -150.310443474999971, 61.746141977000036 ], [ -150.310334345999962, 61.746111778000056 ], [ -150.310273802999973, 61.746081114000049 ], [ -150.310154814999976, 61.746059269000057 ], [ -150.310072806999983, 61.746044472000051 ], [ -150.309990803999966, 61.746029676000035 ], [ -150.309871815999969, 61.746007828000074 ], [ -150.309804814999978, 61.745986423000033 ], [ -150.309712617999963, 61.745941949000041 ], [ -150.309628341999968, 61.745893556000055 ], [ -150.309590584999967, 61.745859834000044 ], [ -150.309551161999963, 61.745803907000038 ], [ -150.309539940999969, 61.745761480000056 ], [ -150.309531816999964, 61.745717312000068 ], [ -150.309546069999982, 61.745672451000075 ], [ -150.309560325999968, 61.745627589000037 ], [ -150.309552198999967, 61.745583422000038 ], [ -150.309531290999956, 61.745540743000049 ], [ -150.309502953999981, 61.745489192000036 ], [ -150.309482042999974, 61.745446515000083 ], [ -150.30947391899997, 61.745402347000038 ], [ -150.309488171999959, 61.745357484000067 ], [ -150.309493445999976, 61.745312845000058 ], [ -150.309498720999983, 61.74526820400007 ], [ -150.309503995999961, 61.745223564000071 ], [ -150.309509269999978, 61.745178923000083 ], [ -150.309514544999956, 61.745134283000027 ], [ -150.309519818999973, 61.745089643000028 ], [ -150.30952509399998, 61.74504500200004 ], [ -150.309530368999958, 61.745000361000052 ], [ -150.309535642999975, 61.744955722000043 ], [ -150.309540917999982, 61.744911081000055 ], [ -150.309546191999971, 61.744866441000056 ], [ -150.309551466999977, 61.744821801000057 ], [ -150.309556740999966, 61.744777160000069 ], [ -150.309562015999973, 61.744732520000071 ], [ -150.309567289999961, 61.744687879000082 ], [ -150.309572564999968, 61.744643240000073 ], [ -150.309568967999979, 61.744597909000049 ], [ -150.309587446999984, 61.744554439000069 ], [ -150.309618282999963, 61.744513116000064 ], [ -150.309652470999964, 61.74446049200003 ], [ -150.309686536999976, 61.744420691000073 ], [ -150.309734350999975, 61.744387225000082 ], [ -150.30979911999998, 61.744335723000063 ], [ -150.309868245999979, 61.744287197000062 ], [ -150.309900655999968, 61.744248101000039 ], [ -150.309913591999958, 61.744205107000028 ], [ -150.309936532999984, 61.744165096000074 ], [ -150.310018318999965, 61.744118515000082 ], [ -150.310106599999983, 61.744072079000034 ], [ -150.310200225999978, 61.744027895000045 ], [ -150.310248112999972, 61.743996356000082 ], [ -150.310300459999979, 61.743942832000073 ], [ -150.310313615999974, 61.743899720000059 ], [ -150.310343536999966, 61.74385910500007 ], [ -150.310366380999966, 61.743816250000066 ], [ -150.310406682999968, 61.743766496000035 ], [ -150.310437514999961, 61.743725174000076 ], [ -150.310455994999984, 61.74368170300005 ], [ -150.310443522999975, 61.743635684000083 ], [ -150.310453565999978, 61.743591056000071 ], [ -150.310493903999969, 61.743553461000033 ], [ -150.310563026999972, 61.743504935000033 ], [ -150.310627792999981, 61.743453430000045 ], [ -150.310675604999972, 61.743419965000044 ], [ -150.310709667999959, 61.743380166000065 ], [ -150.310743855999959, 61.743327540000053 ], [ -150.310774686999963, 61.743286218000037 ], [ -150.310784292999983, 61.743242058000078 ], [ -150.310785463999963, 61.743196741000077 ], [ -150.310816338999956, 61.743158228000027 ], [ -150.310898118999972, 61.743111647000035 ], [ -150.310991816999973, 61.743067433000078 ], [ -150.311073593999964, 61.743020852000029 ], [ -150.311104471999982, 61.742982337000058 ], [ -150.311114512999978, 61.742937711000081 ], [ -150.31110204099997, 61.742891693000047 ], [ -150.31112051599996, 61.742848222000077 ], [ -150.311151348999971, 61.742806898000083 ], [ -150.311185531999968, 61.742754274000049 ], [ -150.311219593999965, 61.742714473000035 ], [ -150.311267403999977, 61.742681006000055 ], [ -150.311332166999961, 61.742629503000046 ], [ -150.311401286999967, 61.742580977000046 ], [ -150.311433692999969, 61.742541881000079 ], [ -150.31145511699998, 61.742500076000056 ], [ -150.311477957999983, 61.742457221000052 ], [ -150.31151214099998, 61.742404597000075 ], [ -150.311553418999978, 61.742366625000045 ], [ -150.311584842999963, 61.74232801800008 ], [ -150.311631240999958, 61.742272 ], [ -150.311687222999979, 61.742242172000033 ], [ -150.311764124999968, 61.742193027000042 ], [ -150.311837723999957, 61.742141160000074 ], [ -150.311895961999966, 61.742115935000072 ], [ -150.311976345999966, 61.742066032000082 ], [ -150.312034318999963, 61.742012564000049 ], [ -150.312082127999957, 61.741979098000058 ], [ -150.312106332999974, 61.741938662000052 ], [ -150.312156594999976, 61.741882072000067 ], [ -150.312210996999966, 61.741855395000073 ], [ -150.312301593999962, 61.741810462000046 ], [ -150.312342995999984, 61.741792014000055 ], [ -150.312394326999964, 61.741765182000051 ], [ -150.312469789999966, 61.741714585000068 ], [ -150.312507021999977, 61.741679479000027 ], [ -150.312582487999975, 61.741628882000043 ], [ -150.31263381499997, 61.74160205000004 ], [ -150.312671062999982, 61.74158022000006 ], [ -150.31277824999998, 61.741540550000082 ], [ -150.312828416999963, 61.741523966000045 ], [ -150.312882581999958, 61.741501216000074 ], [ -150.312991432999979, 61.741463916000043 ], [ -150.313095730999976, 61.741424229000074 ], [ -150.313191588999956, 61.741379596000058 ], [ -150.313291665999969, 61.741337436000038 ], [ -150.313391742999983, 61.741295277000063 ], [ -150.313496574999959, 61.74125536400004 ], [ -150.313583068999975, 61.741206552000051 ], [ -150.313679817999969, 61.741162289000044 ], [ -150.313729569999964, 61.741141278000043 ], [ -150.313783274999963, 61.741121777000046 ], [ -150.31389212299996, 61.741084477000072 ], [ -150.313996418999977, 61.741044790000046 ], [ -150.314092273999961, 61.741000156000041 ], [ -150.314197103999959, 61.740960243000075 ], [ -150.314283595999967, 61.740911431000029 ], [ -150.314380342999982, 61.740867167000033 ], [ -150.314424818999981, 61.74084502200003 ], [ -150.314480470999968, 61.740823448000071 ], [ -150.314599690999984, 61.740799502000073 ], [ -150.314687985999967, 61.74079391500004 ], [ -150.31478225799998, 61.740794314000027 ], [ -150.314878039999968, 61.740798786000028 ], [ -150.314962749999978, 61.74078860700007 ], [ -150.315073922999972, 61.740758569000036 ], [ -150.315176238999982, 61.740717423000035 ], [ -150.315267874999961, 61.740670315000045 ], [ -150.315370184999978, 61.740629169000044 ], [ -150.31548160899996, 61.740597386000047 ], [ -150.315559946999969, 61.740582916000051 ], [ -150.31564773499997, 61.740570586000047 ], [ -150.315675763999963, 61.740568127000074 ], [ -150.315764363999961, 61.74055691600006 ], [ -150.315858564999957, 61.740559950000033 ], [ -150.315950996999959, 61.740554141000075 ], [ -150.316041100999968, 61.740548854000053 ], [ -150.316161513999958, 61.740528544000028 ], [ -150.316223846999975, 61.74050604200005 ], [ -150.316328720999962, 61.740468625000062 ], [ -150.316372246999975, 61.740451295000071 ], [ -150.316429254999974, 61.740426627000033 ], [ -150.316548471999965, 61.740402680000045 ], [ -150.316636765999959, 61.740397091000034 ], [ -150.316730565999961, 61.74039325900003 ], [ -150.316825842999975, 61.74039996700003 ], [ -150.316921120999979, 61.740406672000063 ], [ -150.317014919999963, 61.740402843000027 ], [ -150.317105556999962, 61.740392993000057 ], [ -150.317220416999959, 61.74038282600003 ], [ -150.31730513499997, 61.740367717000083 ], [ -150.317390103999969, 61.740357289000031 ], [ -150.317513478999956, 61.74034178200003 ], [ -150.31758263499998, 61.740318890000083 ], [ -150.317691490999977, 61.74028495400006 ], [ -150.317804963999976, 61.74026137900006 ], [ -150.31788878499998, 61.740246667000065 ], [ -150.317984090999971, 61.740246911000042 ], [ -150.318079367999957, 61.740253617000064 ], [ -150.31817417299996, 61.740256095000063 ], [ -150.318269450999964, 61.74026279900005 ], [ -150.318363783999956, 61.740261049000082 ], [ -150.318442469999979, 61.74024709300005 ], [ -150.318550844999976, 61.740215738000074 ], [ -150.318589616999958, 61.740195801000027 ], [ -150.31864662199996, 61.740171133000047 ], [ -150.318765834999965, 61.74014718400008 ], [ -150.31885412799997, 61.740141594000079 ], [ -150.318947927999972, 61.740137761000028 ], [ -150.319043204999957, 61.74014446700005 ], [ -150.319138009999961, 61.74014694400006 ], [ -150.319232815999982, 61.740149421000069 ], [ -150.319328092999967, 61.740156124000066 ], [ -150.31942189199998, 61.740152293000051 ], [ -150.319512526999972, 61.740142442000035 ], [ -150.319627384999961, 61.740132273000029 ], [ -150.31971311999996, 61.740118178000046 ], [ -150.319784735999974, 61.740099986000075 ], [ -150.319900473999979, 61.740070699000057 ], [ -150.319934435999983, 61.740055833000042 ], [ -150.320009304999957, 61.740037934000043 ], [ -150.320101840999968, 61.740037786000073 ], [ -150.320197117999982, 61.74004448900007 ], [ -150.320292424999963, 61.740044732000058 ], [ -150.320377130999958, 61.740034550000075 ], [ -150.320491427999968, 61.740005952000047 ], [ -150.320583032999963, 61.739959119000048 ], [ -150.320674289999971, 61.739912211000046 ], [ -150.320718758999959, 61.739890066000044 ], [ -150.32077440599997, 61.73986848900006 ], [ -150.320895170999961, 61.739844033000054 ], [ -150.32097861799997, 61.739833230000045 ], [ -150.321062062999971, 61.739816502000053 ], [ -150.321090089999984, 61.739814043000081 ], [ -150.321181985999971, 61.73980771600003 ], [ -150.321273966999968, 61.739804264000043 ], [ -150.321356723999969, 61.739791461000038 ], [ -150.321467887999972, 61.739761418000057 ], [ -150.321570190999978, 61.739720268000042 ], [ -150.32166181599996, 61.739673154000059 ], [ -150.321766091999962, 61.739633464000065 ], [ -150.321874928999961, 61.739596156000061 ], [ -150.321928626999977, 61.73957665100005 ], [ -150.321978366999957, 61.739555639000059 ], [ -150.32207509899996, 61.739511370000059 ], [ -150.322166329999959, 61.739464800000064 ], [ -150.322263810999971, 61.739421522000043 ], [ -150.322347648999965, 61.739372755000034 ], [ -150.322398187999966, 61.739345532000073 ], [ -150.322471760999974, 61.739293660000044 ], [ -150.322545334999973, 61.739241789000062 ], [ -150.322603557999969, 61.739216559000056 ], [ -150.322683918999957, 61.739166650000072 ], [ -150.322741868999969, 61.739113177000036 ], [ -150.322789660999973, 61.73907970700003 ], [ -150.322823703999973, 61.739039905000027 ], [ -150.322851749999984, 61.738984406000043 ], [ -150.322893008999984, 61.738946432000034 ], [ -150.322934269999962, 61.738908457000036 ], [ -150.322962315999973, 61.738852958000052 ], [ -150.322996356999965, 61.738813155000059 ], [ -150.323044149999959, 61.738779684000065 ], [ -150.323108883999964, 61.738728176000052 ], [ -150.323177977999961, 61.738679644000058 ], [ -150.323218298999961, 61.738642044000073 ], [ -150.323228320999959, 61.738597417000051 ], [ -150.323224701999976, 61.738552088000063 ], [ -150.32322995499996, 61.738507447000075 ], [ -150.323244189999969, 61.738462583000057 ], [ -150.323236044999959, 61.738418417000048 ], [ -150.323215121999965, 61.738375740000038 ], [ -150.323186769999978, 61.73832419200005 ], [ -150.323174144999967, 61.738280409000083 ], [ -150.323153958999967, 61.738238484000078 ], [ -150.323150381999966, 61.738195806000078 ], [ -150.323098665999964, 61.738141731000042 ], [ -150.323052109999963, 61.738107109000055 ], [ -150.323029154999972, 61.73809140600008 ], [ -150.323010101999984, 61.738052465000067 ], [ -150.323003349999965, 61.73800897600006 ], [ -150.323008603999966, 61.737964334000083 ], [ -150.323022838999975, 61.737919472000044 ], [ -150.323014693999966, 61.737875305000046 ], [ -150.32300345699997, 61.737832879000052 ], [ -150.322964022999969, 61.737776954000083 ], [ -150.322926257999967, 61.737743238000064 ], [ -150.322837376999956, 61.737696438000057 ], [ -150.322749831999971, 61.737647628000047 ], [ -150.322707866999963, 61.737629861000073 ], [ -150.322686177999969, 61.737594196000032 ], [ -150.32268649599996, 61.73755129500006 ], [ -150.322649688999974, 61.73751274600005 ], [ -150.32259961699998, 61.737459318000049 ], [ -150.322531466999976, 61.737405531000036 ], [ -150.322479524999977, 61.737377427000069 ], [ -150.322418579999976, 61.737322044000052 ], [ -150.322357637999971, 61.737266660000046 ], [ -150.322317122999976, 61.737236409000047 ], [ -150.322231597999973, 61.73718806800008 ], [ -150.322144053999978, 61.73713925800007 ], [ -150.322102089999959, 61.737121491000039 ], [ -150.322080401999983, 61.737085826000055 ], [ -150.322080720999963, 61.737042925000083 ], [ -150.322043915999984, 61.737004375000083 ], [ -150.32199384499998, 61.736950947000082 ], [ -150.321925696999983, 61.736897160000069 ], [ -150.321873755999974, 61.736869056000046 ], [ -150.321812814999959, 61.736813672000039 ], [ -150.321751872999982, 61.736758289000079 ], [ -150.321699931999973, 61.736730184000066 ], [ -150.321638991999976, 61.73667480000006 ], [ -150.321578049999971, 61.736619417000043 ], [ -150.321534215999975, 61.736589728000069 ], [ -150.321455846999982, 61.736538709000058 ], [ -150.321384953999967, 61.736486030000037 ], [ -150.321306589999978, 61.736435009000047 ], [ -150.321270856999973, 61.736403741000061 ], [ -150.321192489999959, 61.73635272100006 ], [ -150.321121596999973, 61.736300042000039 ], [ -150.321038962999978, 61.736251248000031 ], [ -150.32100765399997, 61.736216261000038 ], [ -150.320958800999961, 61.736158755000076 ], [ -150.320919042999975, 61.736125045000051 ], [ -150.320854176999973, 61.736072193000041 ], [ -150.320793238999983, 61.736016809000034 ], [ -150.320749405999976, 61.735987121000051 ], [ -150.320677540999981, 61.735934291000035 ], [ -150.320590826999961, 61.735886203000064 ], [ -150.320498196999978, 61.735840018000033 ], [ -150.320439488999966, 61.735785336000049 ], [ -150.320417014999975, 61.735747330000038 ], [ -150.320384977999964, 61.735710135000033 ], [ -150.320332737999962, 61.735655573000031 ], [ -150.32028049799996, 61.73560100800006 ], [ -150.320248460999977, 61.735563816000081 ], [ -150.320225987999976, 61.735525808000034 ], [ -150.320167283999979, 61.735471127000039 ], [ -150.320079905999961, 61.735422954000057 ], [ -150.319979867999962, 61.735379809000051 ], [ -150.319892490999962, 61.735331639000037 ], [ -150.319828697999981, 61.735279295000055 ], [ -150.319815313999982, 61.735238331000062 ], [ -150.319803850999961, 61.735195667000028 ], [ -150.319800919999977, 61.735152135000078 ], [ -150.319761495999984, 61.735096209000062 ], [ -150.319712883999983, 61.735063647000061 ], [ -150.319648022999957, 61.735010795000051 ], [ -150.319583165999973, 61.734957941000062 ], [ -150.319543409999966, 61.734924231000036 ], [ -150.319489093999977, 61.73486891400006 ], [ -150.319464602999972, 61.734830284000054 ], [ -150.319410290999969, 61.734774967000078 ], [ -150.319370534999962, 61.734741256000063 ], [ -150.319298474999982, 61.734690002000036 ], [ -150.319248408999982, 61.734636572000056 ], [ -150.319225405999958, 61.734596027000066 ], [ -150.319213945999962, 61.734553363000032 ], [ -150.31920133099996, 61.734509580000065 ], [ -150.31917298999997, 61.734458031000031 ], [ -150.31915207199998, 61.734415355000067 ], [ -150.319134855999977, 61.734370495000064 ] ] ] } },
{ "type": "Feature", "properties": { "OBJECTID": 198785, "ID": 75000200018008.0, "Shape_Length": 0.016699760831129805 }, "geometry": { "type": "MultiLineString", "coordinates": [ [ [ -150.687307525999984, 61.611004079000054 ], [ -150.687306698999976, 61.61096051100003 ], [ -150.687311413999964, 61.610915859000045 ], [ -150.687307287999971, 61.610870541000054 ], [ -150.687334220999958, 61.61082732400007 ], [ -150.687349710999968, 61.610781276000068 ], [ -150.687364377999984, 61.610749650000059 ], [ -150.687312009999971, 61.610700512000051 ], [ -150.687266446999956, 61.610680632000083 ], [ -150.687157644999957, 61.610639414000048 ], [ -150.687058936999961, 61.610598114000027 ], [ -150.686959958999978, 61.610559877000071 ], [ -150.686875206999957, 61.610549302000038 ], [ -150.686784203999963, 61.610543456000073 ], [ -150.686699447999956, 61.61053288200003 ], [ -150.686600469999973, 61.610494643000038 ], [ -150.686510578999957, 61.61044761800008 ], [ -150.686403576999965, 61.610418594000066 ], [ -150.68631990999998, 61.610405853000032 ], [ -150.686270573999963, 61.610404577000054 ], [ -150.686173888999974, 61.610383260000049 ], [ -150.686163178999976, 61.610346554000046 ], [ -150.686117732999975, 61.610311100000047 ], [ -150.686084258999983, 61.610253096000065 ], [ -150.686043861999963, 61.610219363000056 ], [ -150.685967442999981, 61.610168957000042 ], [ -150.685880518999966, 61.610121098000036 ], [ -150.685787722999976, 61.610075154000072 ], [ -150.685723576999976, 61.610022978000075 ], [ -150.685696048999972, 61.60998408200004 ], [ -150.685693440999984, 61.60994252200004 ], [ -150.685650214999981, 61.609933357000045 ], [ -150.685598942999974, 61.609924205000027 ], [ -150.685535804999972, 61.609912501000053 ], [ -150.685431904999973, 61.609886687000028 ], [ -150.685332795999983, 61.609844769000063 ], [ -150.685261851999968, 61.609787955000058 ], [ -150.685162739999981, 61.609746039000072 ], [ -150.685049340999967, 61.609726948000059 ], [ -150.684985114999961, 61.609728578000045 ], [ -150.684894714999984, 61.609723143000053 ], [ -150.684783101999983, 61.609696907000057 ], [ -150.684699981999984, 61.609645580000063 ], [ -150.684607923999977, 61.609599917000082 ], [ -150.684504335999975, 61.60956070900005 ], [ -150.684444375999959, 61.609540580000044 ], [ -150.684344857999974, 61.609499368000058 ], [ -150.684263697999967, 61.609449650000045 ], [ -150.684231050999983, 61.609417902000075 ], [ -150.684161101999962, 61.609364479000078 ], [ -150.684070530999975, 61.609318026000039 ], [ -150.683966020999975, 61.609279409000067 ], [ -150.683906061999977, 61.60925928100005 ], [ -150.683806545999971, 61.609218068000075 ], [ -150.683725387999971, 61.609168349000072 ], [ -150.683692740999959, 61.609136602000035 ], [ -150.683620556999983, 61.609083959000031 ], [ -150.683538848999973, 61.609034097000063 ], [ -150.683448651999981, 61.608986962000074 ], [ -150.683351868999978, 61.60894354900006 ], [ -150.68325341299996, 61.608902574000069 ], [ -150.683186451999973, 61.608880206000038 ], [ -150.683077023999971, 61.60885238000003 ], [ -150.682985451999969, 61.608848351000063 ], [ -150.682893485999983, 61.60884804300008 ], [ -150.682784160999972, 61.608873052000035 ], [ -150.682706021999962, 61.608893285000079 ], [ -150.682596692999965, 61.60891829600007 ], [ -150.682504277999982, 61.608922241000073 ], [ -150.682416435999983, 61.608912686000053 ], [ -150.682326063999966, 61.608868149000045 ], [ -150.682226822999979, 61.608829772000036 ], [ -150.682124786999964, 61.608805051000047 ], [ -150.68204608299996, 61.608804925000072 ], [ -150.681947486999974, 61.608817422000072 ], [ -150.681849567999961, 61.608823416000064 ], [ -150.68176963999997, 61.608804923000037 ], [ -150.681666235999984, 61.608769543000051 ], [ -150.681578804999958, 61.608721306000064 ], [ -150.681491373999961, 61.60867306800003 ], [ -150.681387970999964, 61.608637689000034 ], [ -150.681306353999958, 61.608623367000064 ], [ -150.681211408999957, 61.608614565000039 ], [ -150.68111508399997, 61.608618843000045 ], [ -150.68103178399997, 61.608633771000029 ], [ -150.680922478999975, 61.608661021000046 ], [ -150.680807370999958, 61.608685918000049 ], [ -150.680731973999968, 61.60870477800006 ], [ -150.68064439699998, 61.608711852000056 ], [ -150.680531406999961, 61.608733409000081 ], [ -150.680441087999981, 61.608749357000079 ], [ -150.680362828999961, 61.608757730000036 ], [ -150.680274442999973, 61.608727226000042 ], [ -150.680234096999982, 61.60869709800005 ], [ -150.680187195999963, 61.60863790500008 ], [ -150.680155614999961, 61.608603 ], [ -150.680081446999964, 61.60855181200003 ], [ -150.68000529699998, 61.608498625000038 ], [ -150.679887297999983, 61.608474045000037 ], [ -150.679796898999967, 61.608468606000031 ], [ -150.67973153899996, 61.60846480500004 ], [ -150.679620550999971, 61.608449162000056 ], [ -150.679515829999957, 61.608423681000033 ], [ -150.679436550999981, 61.60840008200006 ], [ -150.679340706999966, 61.608399785000074 ], [ -150.679247263999969, 61.608395506000079 ], [ -150.67915921499997, 61.608385784000063 ], [ -150.67905165199997, 61.608359219000079 ], [ -150.678978175999958, 61.608335401000033 ], [ -150.678865371999962, 61.608311653000044 ], [ -150.67878355299996, 61.608297072000028 ], [ -150.678703021999979, 61.608277848000057 ], [ -150.678596004999974, 61.608258413000044 ], [ -150.678502222999981, 61.60825408200003 ], [ -150.678404475999969, 61.608255718000066 ], [ -150.678327293999956, 61.608260199000028 ], [ -150.678225266999959, 61.608235476000061 ], [ -150.678121055999981, 61.608199586000069 ], [ -150.678031183999963, 61.608152363000045 ], [ -150.677966688999959, 61.608125513000061 ], [ -150.677853289999973, 61.608108560000062 ], [ -150.677765866999977, 61.608106490000068 ], [ -150.677643318999969, 61.608119387000045 ], [ -150.677585841999957, 61.608143251000058 ], [ -150.67749218199998, 61.608186846000081 ], [ -150.677445486999972, 61.608211013000073 ], [ -150.677364459999978, 61.608262437000064 ], [ -150.677267876999963, 61.608305957000027 ], [ -150.677177553999968, 61.608352754000066 ], [ -150.677079572999958, 61.608400376000077 ], [ -150.677036501999964, 61.608409859000062 ], [ -150.676955640999978, 61.608413750000068 ], [ -150.676889619999969, 61.608421304000046 ], [ -150.676781516999966, 61.60842873200005 ], [ -150.676681117999976, 61.608435046000068 ], [ -150.676593610999959, 61.608441238000069 ], [ -150.67649658299996, 61.608428346000039 ], [ -150.676403779999958, 61.608419787000059 ], [ -150.676310976999957, 61.608411225000054 ], [ -150.676217241999979, 61.60840259500003 ], [ -150.676130906999958, 61.608396047000042 ], [ -150.676022545999984, 61.608408559000054 ], [ -150.675971300999976, 61.608424804000038 ], [ -150.675936339999964, 61.608456650000051 ], [ -150.675893090999978, 61.60848995200007 ], [ -150.67582976099996, 61.608542268000065 ], [ -150.675753812999972, 61.608595899000079 ], [ -150.675706994999956, 61.608618964000073 ], [ -150.67560518999997, 61.608636922000073 ], [ -150.675532183999962, 61.608617939000055 ], [ -150.675428519999969, 61.608599153000057 ], [ -150.675350608999963, 61.608579962000078 ], [ -150.67530707399996, 61.608594301000039 ], [ -150.675255271999958, 61.608618651000029 ], [ -150.675231439999976, 61.608661114000029 ], [ -150.675269523999958, 61.60870071100004 ], [ -150.675327148999969, 61.608752395000067 ], [ -150.675384772999962, 61.608804080000027 ], [ -150.675408146999956, 61.608844563000048 ], [ -150.67542935299997, 61.608887214000049 ], [ -150.67542655699998, 61.608934999000041 ], [ -150.675434475999964, 61.608967160000077 ], [ -150.675372002999978, 61.609013582000046 ], [ -150.675318918999977, 61.609028504000037 ], [ -150.67520731999997, 61.609066434000056 ], [ -150.675116069999973, 61.609112073000063 ], [ -150.675069207999968, 61.609140147000062 ], [ -150.674996521999958, 61.609192200000052 ], [ -150.674920514999968, 61.609241541000074 ], [ -150.674865115999978, 61.609271512000078 ], [ -150.674813610999962, 61.609325170000034 ], [ -150.674801013999968, 61.609368312000072 ], [ -150.674771691999979, 61.609409002000064 ], [ -150.674759094999956, 61.609452146000081 ], [ -150.674707592999965, 61.609505802000058 ], [ -150.674660277999976, 61.609537463000038 ], [ -150.674581114999967, 61.609587266000062 ], [ -150.674474548999967, 61.609625918000063 ], [ -150.674360975999974, 61.609647979000044 ], [ -150.67430446299997, 61.609652649000054 ], [ -150.674187350999972, 61.609657070000083 ], [ -150.674094908999962, 61.609661110000047 ], [ -150.673996985999963, 61.609667098000045 ], [ -150.67391705999998, 61.609648600000071 ], [ -150.673813661999958, 61.609613215000081 ], [ -150.673726240999969, 61.609564973000033 ], [ -150.673643143999982, 61.609513638000067 ], [ -150.673537102999973, 61.609484691000034 ], [ -150.673444766999978, 61.609485343000074 ], [ -150.673360858999956, 61.609494978000043 ], [ -150.672783219999957, 61.609305619000054 ] ] ] } },
{ "type": "Feature", "properties": { "OBJECTID": 199937, "ID": 75000200000655.0, "Shape_Length": 0.011741529521112239 }, "geometry": { "type": "MultiLineString", "coordinates": [ [ [ -150.250037805999966, 61.723236001000032 ], [ -150.250133698999974, 61.723191411000073 ], [ -150.250233801999968, 61.723149297000077 ], [ -150.25033390599998, 61.723107181000046 ], [ -150.250429800999967, 61.72306259100003 ], [ -150.250536169999975, 61.72302428200004 ], [ -150.250648386999984, 61.722990495000033 ], [ -150.250714795999983, 61.722973700000068 ], [ -150.250827009999966, 61.722939913000062 ], [ -150.250929167999971, 61.722899129000041 ], [ -150.251031326999964, 61.722858344000031 ], [ -150.251143542999984, 61.722824556000035 ], [ -150.251209951999982, 61.72280776100007 ], [ -150.251318325999961, 61.722770913000033 ], [ -150.25143021599996, 61.722737583000082 ], [ -150.251538593999982, 61.722700731000032 ], [ -150.251605001999962, 61.722683938000046 ], [ -150.251717212999978, 61.72265014900006 ], [ -150.251823581999957, 61.72261184000007 ], [ -150.251919469999962, 61.722567249000065 ], [ -150.25201956899997, 61.722525133000033 ], [ -150.252119668999967, 61.722483017000059 ], [ -150.252219767999975, 61.722440901000027 ], [ -150.252319865999965, 61.722398784000063 ], [ -150.252419964999973, 61.722356668000032 ], [ -150.252520062999963, 61.722314552000057 ], [ -150.25262490999998, 61.72227468400007 ], [ -150.252717684999965, 61.722229206000065 ], [ -150.252801582999979, 61.722180480000077 ], [ -150.252852154999971, 61.722153283000068 ], [ -150.252925803999972, 61.722101448000046 ], [ -150.252999452999973, 61.722049613000081 ], [ -150.253050027999961, 61.722022414000037 ], [ -150.253139949999962, 61.721975830000076 ], [ -150.253222842999975, 61.721927205000043 ], [ -150.253310887999959, 61.721878167000057 ], [ -150.25335807899998, 61.721854142000041 ], [ -150.253461237999971, 61.721812855000053 ], [ -150.253507479999968, 61.72179284200007 ], [ -150.253610638999959, 61.721751553000047 ], [ -150.253657828999962, 61.721727527000041 ], [ -150.253739847999981, 61.721676349000063 ], [ -150.253832619999969, 61.72163086900008 ], [ -150.253937459999975, 61.721591001000036 ], [ -150.254037552999961, 61.721548884000072 ], [ -150.254137645999975, 61.721506767000051 ], [ -150.254237739999979, 61.72146464900004 ], [ -150.254337831999976, 61.72142253100003 ], [ -150.254437924999962, 61.721380414000066 ], [ -150.254538017999977, 61.721338296000056 ], [ -150.254642857999983, 61.721298427000079 ], [ -150.254735626999974, 61.721252948000028 ], [ -150.254819520999973, 61.72120422100005 ], [ -150.254870089999969, 61.721177023000052 ], [ -150.254943731999958, 61.721125186000052 ], [ -150.255017374999966, 61.721073349000051 ], [ -150.255075619999957, 61.721048149000069 ], [ -150.255156040999964, 61.720998278000081 ], [ -150.255214071999973, 61.720944833000033 ], [ -150.255254699999966, 61.720909555000048 ], [ -150.255286022999968, 61.720872967000048 ], [ -150.255363328999977, 61.72082382800005 ], [ -150.255451625999967, 61.72077742700003 ], [ -150.255545259999963, 61.720733279000058 ], [ -150.255593165999983, 61.720701759000065 ], [ -150.255639627999983, 61.720645760000082 ], [ -150.255671098999983, 61.720607168000072 ], [ -150.255702570999972, 61.720568573000037 ], [ -150.255753698999968, 61.720515386000045 ], [ -150.255804721999965, 61.720480796000061 ], [ -150.255855845999974, 61.720427609000069 ], [ -150.255887316999974, 61.720389017000059 ], [ -150.255928631999979, 61.720351061000031 ], [ -150.255956780999981, 61.720295576000069 ], [ -150.256006461999959, 61.720258856000044 ], [ -150.256038425999975, 61.720216478000054 ], [ -150.256032629999964, 61.720165300000076 ], [ -150.25603514499997, 61.720126692000065 ], [ -150.256064161999973, 61.720086650000042 ], [ -150.256111552999982, 61.720035483000061 ], [ -150.256184375999965, 61.71998547100003 ], [ -150.256225001999979, 61.719950194000035 ], [ -150.256265627999966, 61.719914914000071 ], [ -150.25633043299996, 61.719863436000082 ], [ -150.256395239999961, 61.719811957000047 ], [ -150.256443073999975, 61.719778510000083 ], [ -150.256467334999968, 61.719738084000028 ], [ -150.256518460999956, 61.719684898000082 ], [ -150.256569479999968, 61.719650306000062 ], [ -150.25662060199997, 61.71959712000006 ], [ -150.256652070999962, 61.719558527000061 ], [ -150.256683539999983, 61.719519932000082 ], [ -150.256734664999982, 61.719466745000034 ], [ -150.256785684999983, 61.71943215400006 ], [ -150.256842744999972, 61.719381463000047 ], [ -150.256863944999964, 61.71933989200005 ], [ -150.256882485999967, 61.719296428000064 ], [ -150.256870101999965, 61.719250405000082 ], [ -150.256888638999982, 61.719206942000028 ], [ -150.25691027299996, 61.719166251000047 ], [ -150.256974076999967, 61.719113139000058 ], [ -150.257032455999962, 61.719089216000043 ], [ -150.257073863999977, 61.719070785000042 ], [ -150.257159609999974, 61.719022735000067 ], [ -150.257217331999982, 61.719000220000055 ], [ -150.257302103999962, 61.718950672000062 ], [ -150.257364476999982, 61.718900205000068 ], [ -150.257404851999979, 61.718862624000053 ], [ -150.257406095999983, 61.71881730900003 ], [ -150.257415769999966, 61.718773154000075 ], [ -150.257436967999979, 61.718731582000032 ], [ -150.257494029999975, 61.71868089000003 ], [ -150.257536271999982, 61.718645044000027 ], [ -150.257608224999984, 61.71859538800004 ], [ -150.257641694999961, 61.718558285000029 ], [ -150.25770873999997, 61.718506167000044 ], [ -150.257748115999959, 61.718473043000074 ], [ -150.257835711999974, 61.718426752000028 ], [ -150.25792846799996, 61.718381269000076 ], [ -150.258033290999975, 61.718341399000053 ], [ -150.258138116999959, 61.718301527000051 ], [ -150.258236302999961, 61.718258246000062 ], [ -150.258312047999965, 61.718209579000074 ], [ -150.25833504199997, 61.718169574000058 ], [ -150.25834803799998, 61.71812658500005 ], [ -150.258371026999981, 61.718086582000069 ], [ -150.258446774999982, 61.718037916000071 ], [ -150.258544960999984, 61.717994632000057 ], [ -150.258654528999983, 61.717957010000077 ], [ -150.258741043999976, 61.71790823300006 ], [ -150.258841981999979, 61.717867477000027 ], [ -150.25889399899998, 61.717837250000059 ], [ -150.258915564999967, 61.717819685000052 ], [ -150.25893376099998, 61.717779897000071 ], [ -150.258963155999965, 61.71773952500007 ], [ -150.258986215999983, 61.71769803400008 ], [ -150.259043273999964, 61.717647341000031 ], [ -150.259085512999974, 61.717611494000039 ], [ -150.259157461999962, 61.717561838000051 ], [ -150.259190927999981, 61.71752473500004 ], [ -150.259257967999957, 61.717472616000066 ], [ -150.259305429999984, 61.717441203000078 ], [ -150.259389131999967, 61.717394052000031 ], [ -150.259447149999971, 61.71734060600005 ], [ -150.259495405999957, 61.717307801000061 ], [ -150.259526962999956, 61.717272360000038 ], [ -150.259623694999959, 61.717236993000029 ], [ -150.259692271999967, 61.717224939000062 ] ] ] } },
{ "type": "Feature", "properties": { "OBJECTID": 202039, "ID": 75005300011441.0, "Shape_Length": 0.044343678577699198 }, "geometry": { "type": "MultiLineString", "coordinates": [ [ [ -151.324696903999978, 61.115829403000077 ], [ -151.324354337999978, 61.115799097000036 ], [ -151.32394091499998, 61.115731905000075 ], [ -151.323596366999965, 61.115725234000081 ], [ -151.323337457999969, 61.115726140000049 ], [ -151.323121318999966, 61.115804817000082 ], [ -151.322939614999967, 61.115913755000065 ], [ -151.322864687999981, 61.116072111000051 ], [ -151.32282174499997, 61.116139456000042 ], [ -151.322507620999971, 61.116361135000034 ], [ -151.321710024999959, 61.116612028000077 ], [ -151.321151040999979, 61.116704685000059 ], [ -151.320811620999962, 61.116805084000077 ], [ -151.320334317999965, 61.117035711000028 ], [ -151.320021700999973, 61.117194860000041 ], [ -151.31978318299997, 61.11753944700007 ], [ -151.319785929999966, 61.117799927000078 ], [ -151.319807940999965, 61.117977919000054 ], [ -151.319878789999962, 61.118187444000057 ], [ -151.320156028999975, 61.118529198000033 ], [ -151.320733593999961, 61.118990223000083 ], [ -151.320850476999965, 61.119359454000062 ], [ -151.320799149999971, 61.119530104000034 ], [ -151.32040858299996, 61.119777044000045 ], [ -151.319924034999957, 61.119915381000055 ], [ -151.319504097999982, 61.119978504000073 ], [ -151.31907534299998, 61.119946515000038 ], [ -151.318684128999962, 61.119761362000077 ], [ -151.318252518999969, 61.11961685700004 ], [ -151.31774010999996, 61.119553647000032 ], [ -151.31712377599996, 61.119553524000082 ], [ -151.316677747999961, 61.11958037900007 ], [ -151.316237058999974, 61.119690200000036 ], [ -151.315780508999978, 61.119895435000046 ], [ -151.315351790999983, 61.120152373000053 ], [ -151.314806636999975, 61.120573922000062 ], [ -151.314641026999965, 61.120783783000036 ], [ -151.314400114999984, 61.121097933000044 ], [ -151.314395027999979, 61.121123318000059 ], [ -151.314245342999982, 61.121675759000027 ], [ -151.314120343999974, 61.122135 ], [ -151.314014976999971, 61.122653809000042 ], [ -151.313908897999966, 61.12288850200008 ], [ -151.313710828999973, 61.123044462000053 ], [ -151.313381353999972, 61.123150519000035 ], [ -151.312972692999978, 61.123172171000078 ], [ -151.312665985999956, 61.123154372000045 ], [ -151.312326341999977, 61.123088581000047 ], [ -151.311951769999979, 61.122998434000067 ], [ -151.311547754999964, 61.12281893200003 ], [ -151.311175180999982, 61.122705147000033 ], [ -151.310682524999976, 61.122553512000081 ], [ -151.310187593999984, 61.122405315000037 ], [ -151.309599435999957, 61.122225833000073 ], [ -151.309076182999974, 61.122013234000065 ], [ -151.308753856999971, 61.121888582000054 ], [ -151.308596020999971, 61.121713862000036 ], [ -151.308295990999966, 61.121471267000061 ], [ -151.307914631999978, 61.121315871000036 ], [ -151.307567202999962, 61.121196646000044 ], [ -151.307134625999964, 61.121063924000055 ], [ -151.306702049999984, 61.120931201000076 ], [ -151.306398863999959, 61.12087202400005 ], [ -151.306097679999965, 61.120789210000055 ], [ -151.305920064999981, 61.120702885000071 ], [ -151.305890094999967, 61.120668966000039 ], [ -151.305677101999976, 61.12051466500003 ], [ -151.305558209999958, 61.120317025000077 ], [ -151.305491545999956, 61.120084890000044 ], [ -151.305386963999979, 61.119863853000027 ], [ -151.305264080999962, 61.11971348600008 ], [ -151.305145193999977, 61.119515847000059 ], [ -151.305034119999959, 61.119371628000067 ], [ -151.304961965999979, 61.11920449400003 ], [ -151.304888812999963, 61.119049176000033 ], [ -151.304877191999964, 61.118895059000067 ], [ -151.304889184999979, 61.118753241000036 ], [ -151.304875065999965, 61.118628670000078 ], [ -151.304891056999963, 61.118439577000061 ], [ -151.304790292999968, 61.118319235000058 ], [ -151.304465521999958, 61.118224120000036 ], [ -151.304038805999966, 61.118168447000073 ], [ -151.303633202999976, 61.118154617000073 ], [ -151.303189182999972, 61.11815779300008 ], [ -151.302797691999984, 61.118268531000069 ], [ -151.302463227999965, 61.118433652000078 ], [ -151.302127257999985, 61.118616499000041 ], [ -151.301878431999967, 61.118789209000056 ], [ -151.301745378999982, 61.118898683000054 ], [ -151.301541456999956, 61.118983873000047 ], [ -151.301181819999982, 61.119022506000078 ], [ -151.300797323999973, 61.119024710000076 ], [ -151.300231627999977, 61.119007924000073 ], [ -151.299657571999973, 61.118958922000047 ], [ -151.299080673999981, 61.118929895000065 ], [ -151.298426933999963, 61.118934876000083 ], [ -151.29800901599998, 61.118920790000061 ], [ -151.297569559999971, 61.118866979000074 ], [ -151.296954150999966, 61.118755038000074 ], [ -151.296391557999982, 61.118592429000046 ], [ -151.295919621999957, 61.118412340000077 ], [ -151.295480840999971, 61.118208432000074 ], [ -151.295155828999981, 61.117971235000027 ], [ -151.29491395499997, 61.117771179000044 ], [ -151.294568853999976, 61.117480317000059 ], [ -151.294399314999964, 61.117299431000049 ], [ -151.294295054999964, 61.116930419000028 ], [ -151.294251584999984, 61.116716487000076 ], [ -151.294215906999966, 61.116555979000054 ], [ -151.294129502999965, 61.116412233000062 ], [ -151.294015408999968, 61.116334572000028 ], [ -151.293818830999982, 61.116151638000076 ], [ -151.293643783999983, 61.116035752000073 ], [ -151.293357490999966, 61.115923606000081 ], [ -151.29274875699997, 61.115834738000046 ], [ -151.292157608999958, 61.115829078000047 ], [ -151.291670175999968, 61.115908310000066 ], [ -151.291122159999958, 61.116092768000044 ], [ -151.290797912999977, 61.116317582000079 ], [ -151.290401730999974, 61.116475342000058 ], [ -151.29027157799996, 61.116504668000061 ] ] ] } },
{ "type": "Feature", "properties": { "OBJECTID": 206371, "ID": 75005300011214.0, "Shape_Length": 0.004593940236543392 }, "geometry": { "type": "MultiLineString", "coordinates": [ [ [ -151.085262029999967, 61.437302012000032 ], [ -151.084940879999976, 61.437258697000061 ], [ -151.084183463999977, 61.437261823000028 ], [ -151.08370445099996, 61.437270762000082 ], [ -151.08321429199998, 61.43718474700006 ], [ -151.082836675999971, 61.436959003000027 ], [ -151.082425926999974, 61.436626017000037 ], [ -151.081855748999971, 61.43571662100004 ], [ -151.081411129999964, 61.435502161000045 ] ] ] } },
{ "type": "Feature", "properties": { "OBJECTID": 206907, "ID": 75005300016478.0, "Shape_Length": 0.01150668458574826 }, "geometry": { "type": "MultiLineString", "coordinates": [ [ [ -152.387641271999968, 60.823759841000083 ], [ -152.385402605999957, 60.824832706000052 ], [ -152.384620672999972, 60.825331906000031 ], [ -152.384617007999964, 60.825520372000028 ], [ -152.384093673999956, 60.825957972000083 ], [ -152.38227480599997, 60.826829506000081 ], [ -152.380979073999981, 60.827263506000065 ], [ -152.380721673999972, 60.82726230600008 ], [ -152.378903806999972, 60.82807090600005 ], [ -152.377351806999968, 60.828440772000079 ] ] ] } },
{ "type": "Feature", "properties": { "OBJECTID": 207453, "ID": 75005300024453.0, "Shape_Length": 0.0059435064890788342 }, "geometry": { "type": "MultiLineString", "coordinates": [ [ [ -152.245142272999971, 60.861388172000034 ], [ -152.244903406999981, 60.861056172000076 ], [ -152.244597701999965, 60.860759095000049 ], [ -152.244577909999975, 60.860226401000034 ], [ -152.244281681999979, 60.85983215400006 ], [ -152.243913476999978, 60.859413321000034 ], [ -152.243713027999974, 60.859055794000028 ], [ -152.243793206999982, 60.858413572000075 ], [ -152.243308397999982, 60.857962068000063 ], [ -152.242934409999975, 60.857649646000027 ], [ -152.242413236999965, 60.857347168000047 ], [ -152.242215274999978, 60.856927706000079 ], [ -152.242066205999976, 60.856725706000077 ] ] ] } },
{ "type": "Feature", "properties": { "OBJECTID": 208581, "ID": 75005300015379.0, "Shape_Length": 0.064279220981780946 }, "geometry": { "type": "MultiLineString", "coordinates": [ [ [ -151.10903259799997, 61.259651636000058 ], [ -151.108318971999978, 61.259655716000054 ], [ -151.107558898999969, 61.259734599000069 ], [ -151.107428660999972, 61.25964190600007 ], [ -151.107130716999961, 61.259758828000031 ], [ -151.106773471999958, 61.259765590000029 ], [ -151.106474283999972, 61.259678847000032 ], [ -151.106060299999967, 61.259656011000061 ], [ -151.10561101899998, 61.259802925000031 ], [ -151.105166283999978, 61.259753057000069 ], [ -151.104776604999984, 61.259709610000073 ], [ -151.103982624999958, 61.259626893000075 ], [ -151.103572792999984, 61.259423103000074 ], [ -151.103303126999975, 61.259148612000047 ], [ -151.102820883999982, 61.258897025000067 ], [ -151.102337310999957, 61.258768538000027 ], [ -151.10142730299998, 61.258645408000064 ], [ -151.100837043999974, 61.258708802000058 ], [ -151.099472710999976, 61.258462457000064 ], [ -151.099323367999972, 61.257928930000048 ], [ -151.09911483099998, 61.257435972000053 ], [ -151.09826964399997, 61.257244209000078 ], [ -151.097263458999976, 61.257057111000051 ], [ -151.097064606999965, 61.256740390000061 ], [ -151.098441441999967, 61.255874113000061 ], [ -151.098896263999961, 61.25577469600006 ], [ -151.099277716999978, 61.255394334000073 ], [ -151.099493687999967, 61.254982098000028 ], [ -151.100043998999979, 61.254704713000081 ], [ -151.100492463999984, 61.254349428000069 ], [ -151.10090179499997, 61.253013017000058 ], [ -151.100608946999984, 61.252561264000065 ], [ -151.100278055999979, 61.252251736000062 ], [ -151.100042204999966, 61.252014756000051 ], [ -151.09990155899996, 61.251891885000077 ], [ -151.099622160999957, 61.25152307500008 ], [ -151.099641155999961, 61.251201295000044 ], [ -151.099783631999969, 61.250725958000032 ], [ -151.099880156999973, 61.250408910000033 ], [ -151.09963820699997, 61.250149891000035 ], [ -151.099613836999964, 61.249874706000071 ], [ -151.099631491999958, 61.24958317800008 ], [ -151.099459778999972, 61.249393174000033 ], [ -151.098680214999973, 61.249362672000075 ], [ -151.098056696999976, 61.249250185000051 ], [ -151.097682938999981, 61.249005580000073 ], [ -151.09738614799997, 61.248625465000032 ], [ -151.096998261999971, 61.248370873000056 ], [ -151.096606688999969, 61.248213253000074 ], [ -151.096219716999968, 61.248113060000037 ], [ -151.095368234999967, 61.247664585000052 ], [ -151.094370613999956, 61.247326104000081 ], [ -151.093553303999983, 61.247275838000064 ], [ -151.092774452999976, 61.24691381100007 ], [ -151.091610061999972, 61.246551190000048 ], [ -151.090601010999961, 61.246209986000054 ], [ -151.090751660999956, 61.245961150000028 ], [ -151.090794476999974, 61.24550367300003 ], [ -151.090905678999974, 61.245046631000037 ], [ -151.090605453999984, 61.244732839000051 ], [ -151.089921353999983, 61.244397313000036 ], [ -151.088959793999976, 61.244114773000035 ], [ -151.086816941999984, 61.243555809000043 ], [ -151.085303258999971, 61.243191026000034 ], [ -151.084697988999977, 61.242966941000077 ], [ -151.084021686999961, 61.242591065000056 ], [ -151.083718772999958, 61.242414418000067 ], [ -151.082955507999969, 61.242341335000049 ], [ -151.082246396999977, 61.242084900000066 ], [ -151.081779996999984, 61.241880922000064 ], [ -151.081052446999962, 61.241609883000081 ], [ -151.080400163999968, 61.241274124000029 ], [ -151.079326018999978, 61.241038354000068 ], [ -151.07853800099997, 61.240960249000068 ], [ -151.078173625999966, 61.240616332000059 ], [ -151.078110607999974, 61.240117742000052 ], [ -151.077880358999977, 61.239715082000032 ], [ -151.076601309999973, 61.239587902000039 ], [ -151.075069966999962, 61.239700341000059 ], [ -151.074038672999961, 61.239677898000082 ], [ -151.072850598999963, 61.239911560000053 ], [ -151.071845903999957, 61.239985670000067 ], [ -151.070851670999957, 61.239926272000048 ], [ -151.070224080999964, 61.239965639000047 ], [ -151.069248025999968, 61.239921345000027 ], [ -151.068200503999975, 61.239686100000029 ], [ -151.067865856999958, 61.239664821000076 ], [ -151.06718357799997, 61.239977175000035 ], [ -151.066605065999966, 61.240130700000066 ], [ -151.065726309999974, 61.240311997000049 ], [ -151.064703260999977, 61.240568803000031 ], [ -151.064188121999962, 61.240572111000063 ], [ -151.064018562999962, 61.240478541000073 ], [ -151.063896398999958, 61.240300728000079 ], [ -151.063605381999963, 61.240128813000069 ], [ -151.06328148999998, 61.240098279000051 ], [ -151.062995808999972, 61.240082760000064 ], [ -151.06271652199996, 61.240066 ] ] ] } },
{ "type": "Feature", "properties": { "OBJECTID": 213394, "ID": 75005300002382.0, "Shape_Length": 0.017107466020828316 }, "geometry": { "type": "MultiLineString", "coordinates": [ [ [ -151.868896207999967, 61.016635772000029 ], [ -151.863712207999981, 61.011511705000032 ], [ -151.859538407999963, 61.002624572000059 ] ] ] } },
{ "type": "Feature", "properties": { "OBJECTID": 216887, "ID": 75005300026550.0, "Shape_Length": 0.051707985086570943 }, "geometry": { "type": "MultiLineString", "coordinates": [ [ [ -151.304185276999959, 61.142267305000075 ], [ -151.304484808999973, 61.141154972000038 ], [ -151.305351608999956, 61.141068372000063 ], [ -151.30529227599996, 61.140230505000034 ], [ -151.303230876999976, 61.138828972000056 ], [ -151.303589808999959, 61.138583372000028 ], [ -151.304247074999978, 61.138597972000071 ], [ -151.30523287699998, 61.139002505000065 ], [ -151.305621674999969, 61.138395772000081 ], [ -151.304546207999977, 61.137716572000045 ], [ -151.304696007999979, 61.137268772000027 ], [ -151.305891408999969, 61.136821172000055 ], [ -151.305891408999969, 61.136474372000066 ], [ -151.304995075999983, 61.136286572000074 ], [ -151.304098809999971, 61.136373105000075 ], [ -151.303800408999962, 61.135564172000045 ], [ -151.303352208999968, 61.135607505000053 ], [ -151.302665076999972, 61.135376172000065 ], [ -151.301918809999961, 61.134205972000075 ], [ -151.302307608999968, 61.133396972000071 ], [ -151.303233807999959, 61.133324905000052 ], [ -151.303323675999962, 61.132949305000068 ], [ -151.302965274999963, 61.132703572000082 ], [ -151.303772608999964, 61.131779105000078 ], [ -151.304310075999979, 61.131822505000059 ], [ -151.304489808999961, 61.13118690500005 ], [ -151.300816075999961, 61.129640705000043 ], [ -151.300427875999958, 61.129120572000033 ], [ -151.299472408999975, 61.128701505000038 ], [ -151.299681475999961, 61.128369305000035 ], [ -151.303296275999969, 61.128340905000073 ], [ -151.30458087599996, 61.128167572000052 ], [ -151.305537008999977, 61.127806372000066 ], [ -151.305387607999961, 61.127589772000078 ], [ -151.304193075999962, 61.127185172000054 ], [ -151.304163476999975, 61.126188372000058 ], [ -151.304731275999984, 61.125957305000043 ], [ -151.304611876999957, 61.125624972000082 ], [ -151.303446807999961, 61.126058305000072 ], [ -151.303148075999957, 61.125841505000039 ], [ -151.303447075999969, 61.125335905000043 ], [ -151.302909808999971, 61.124916972000051 ], [ -151.302611007999957, 61.125075905000074 ], [ -151.302700275999968, 61.12532137200003 ], [ -151.302341809999973, 61.125407972000062 ], [ -151.301595407999969, 61.125090172000057 ], [ -151.301505875999965, 61.124801172000048 ], [ -151.300848874999957, 61.124497705000067 ], [ -151.300908875999966, 61.12425217200007 ], [ -151.301535876999964, 61.124497772000041 ], [ -151.30183467599997, 61.12438230500004 ], [ -151.301446609999971, 61.123977772000046 ], [ -151.302163874999962, 61.123053172000027 ], [ -151.300312407999968, 61.122634105000031 ], [ -151.30001387599998, 61.122301772000071 ], [ -151.299536008999979, 61.122330572000067 ], [ -151.299386676999973, 61.122272772000031 ], [ -151.299416675999964, 61.122070572000041 ], [ -151.29923760899996, 61.121940572000028 ], [ -151.298341675999978, 61.121868305000078 ], [ -151.297625075999974, 61.121810372000027 ], [ -151.297505675999957, 61.121564705000083 ], [ -151.297684875999977, 61.12130477200003 ], [ -151.297691863999972, 61.121287898000048 ] ] ] } },
{ "type": "Feature", "properties": { "OBJECTID": 217332, "ID": 75005300022905.0, "Shape_Length": 0.038811215595711858 }, "geometry": { "type": "MultiLineString", "coordinates": [ [ [ -151.100508275999971, 61.228436905000081 ], [ -151.099210408999966, 61.228394705000028 ], [ -151.09773927599997, 61.229002705000028 ], [ -151.096678007999969, 61.229302105000045 ], [ -151.094130208999957, 61.230460705000041 ], [ -151.091961675999983, 61.231813105000072 ], [ -151.090988676999984, 61.232805172000042 ], [ -151.090042275999963, 61.233357572000045 ], [ -151.089624676999961, 61.233791772000075 ], [ -151.088547875999978, 61.234342372000071 ], [ -151.088199608999957, 61.235783305000041 ], [ -151.087766608999971, 61.236468572000035 ], [ -151.086019009999973, 61.23732397200007 ], [ -151.085091475999974, 61.23756237200007 ], [ -151.083006208999961, 61.23753290500008 ], [ -151.081200807999977, 61.237193105000074 ], [ -151.079794075999956, 61.236733105000042 ], [ -151.078763008999971, 61.236529905000054 ], [ -151.073837675999982, 61.236019972000065 ], [ -151.071492008999968, 61.235986705000073 ], [ -151.069517875999964, 61.236272905000078 ], [ -151.068996607999964, 61.236265372000048 ], [ -151.066876809999968, 61.236800972000083 ], [ -151.065956874999983, 61.236913572000049 ], [ -151.065420075999981, 61.23715737200007 ] ] ] } },
{ "type": "Feature", "properties": { "OBJECTID": 221400, "ID": 75005300026929.0, "Shape_Length": 0.045154802758798331 }, "geometry": { "type": "MultiLineString", "coordinates": [ [ [ -152.490918673999971, 60.61812150600008 ], [ -152.489242606999966, 60.617992106000031 ], [ -152.487654607999957, 60.617862706000039 ], [ -152.486213207999981, 60.617371973000047 ], [ -152.484272007999976, 60.616924773000051 ], [ -152.483125405999971, 60.616925173000027 ], [ -152.481625873999974, 60.616983506000054 ], [ -152.480802806999975, 60.617099306000057 ], [ -152.479774274999983, 60.617460906000076 ], [ -152.478892473999963, 60.617894706000072 ], [ -152.478392872999962, 60.618024773000059 ], [ -152.476305873999962, 60.618473506000043 ], [ -152.47530620699996, 60.618502573000058 ], [ -152.474777007999961, 60.61861830600003 ], [ -152.474336007999966, 60.618690773000083 ], [ -152.47345380799996, 60.618618706000063 ], [ -152.472836207999961, 60.618488906000039 ], [ -152.47183680699996, 60.618864773000041 ], [ -152.470866606999977, 60.619110706000072 ], [ -152.470190606999978, 60.619211973000063 ], [ -152.468544206999979, 60.619486973000051 ], [ -152.46772087399998, 60.619732773000067 ], [ -152.466633405999971, 60.620339906000027 ], [ -152.466074806999984, 60.620426773000077 ], [ -152.464310606999959, 60.620585973000061 ], [ -152.463546074999982, 60.620817373000079 ], [ -152.462664073999974, 60.620918706000054 ], [ -152.461576273999981, 60.621150106000073 ], [ -152.460370672999971, 60.621338173000083 ], [ -152.458724073999974, 60.621396306000065 ], [ -152.457871272999967, 60.621425173000034 ], [ -152.456842073999979, 60.621382106000056 ], [ -152.455577674999972, 60.621454506000077 ], [ -152.453286873999957, 60.621839373000057 ], [ -152.451432873999977, 60.621800373000042 ], [ -152.450150674999975, 60.621983706000037 ], [ -152.449634805999978, 60.622232973000052 ], [ -152.448716873999985, 60.623549106000041 ], [ -152.448072007999968, 60.623860706000073 ], [ -152.447459005999974, 60.623858106000057 ] ] ] } },
{ "type": "Feature", "properties": { "OBJECTID": 222895, "ID": 75005300020394.0, "Shape_Length": 0.032733126309719751 }, "geometry": { "type": "MultiLineString", "coordinates": [ [ [ -152.375153406999971, 60.813372306000076 ], [ -152.374753992999985, 60.813786661000051 ], [ -152.374049953999958, 60.814611697000032 ], [ -152.374048868999978, 60.814989829000069 ], [ -152.373776536999969, 60.815355736000072 ], [ -152.372565088999977, 60.815757814000051 ], [ -152.37061717399996, 60.816435077000051 ], [ -152.369180082999975, 60.816664070000058 ], [ -152.368803871999972, 60.817151779000028 ], [ -152.368367847999963, 60.817705365000052 ], [ -152.368527817999961, 60.818360030000065 ], [ -152.368452335999962, 60.819078482000066 ], [ -152.368337484999984, 60.819417860000044 ], [ -152.367820920999975, 60.819591543000058 ], [ -152.366367513999961, 60.819754058000058 ], [ -152.365655756999956, 60.819925407000028 ], [ -152.364681131999959, 60.820273451000048 ], [ -152.363566304999978, 60.820466026000076 ], [ -152.363020949999964, 60.820660627000052 ], [ -152.362850849999973, 60.820933084000046 ], [ -152.362926754999961, 60.821235338000065 ], [ -152.362667055999964, 60.821858474000067 ], [ -152.362386834999967, 60.822375709000028 ], [ -152.361716218999959, 60.822888276000072 ], [ -152.360996660999973, 60.823210951000078 ], [ -152.359664513999974, 60.823289661000047 ], [ -152.357898582999979, 60.823448345000031 ], [ -152.35681147699998, 60.823700337000048 ], [ -152.355841789999971, 60.82392334900004 ], [ -152.354839189999979, 60.82407420800007 ], [ -152.354332804999984, 60.824427805000028 ], [ -152.354075335999966, 60.824879041000031 ], [ -152.353493751999963, 60.825174940000068 ], [ -152.351926287999959, 60.825269677000051 ], [ -152.35059451799998, 60.82533883900004 ], [ -152.349156885999975, 60.825567622000051 ], [ -152.348198007999969, 60.825740106000069 ] ] ] } },
{ "type": "Feature", "properties": { "OBJECTID": 226793, "ID": 75005300017906.0, "Shape_Length": 0.045540109074444092 }, "geometry": { "type": "MultiLineString", "coordinates": [ [ [ -151.827598281999968, 61.025738840000031 ], [ -151.827374473999981, 61.025331305000066 ], [ -151.825936608999967, 61.022176172000059 ], [ -151.825920873999962, 61.019096305000062 ], [ -151.826337207999984, 61.018345705000058 ], [ -151.827546407999961, 61.017161972000054 ], [ -151.830588874999961, 61.015428505000045 ], [ -151.832960674999981, 61.014317705000053 ], [ -151.835184474999977, 61.013708372000053 ], [ -151.838882607999977, 61.011728972000071 ], [ -151.841122074999959, 61.01067977200006 ], [ -151.845319007999962, 61.009207305000075 ], [ -151.847015274999961, 61.008844705000058 ], [ -151.848075807999976, 61.008162372000072 ], [ -151.850051407999985, 61.007236505000037 ], [ -151.852524073999973, 61.006880372000069 ], [ -151.854376806999966, 61.006860172000074 ], [ -151.856476807999968, 61.006115772000044 ], [ -151.858576007999972, 61.004147372000034 ], [ -151.859538407999963, 61.002624572000059 ] ] ] } },
{ "type": "Feature", "properties": { "OBJECTID": 228314, "ID": 75005300026723.0, "Shape_Length": 0.0039036163034453807 }, "geometry": { "type": "MultiLineString", "coordinates": [ [ [ -151.085304741999977, 61.435608325000032 ], [ -151.084325688999968, 61.43554531500007 ], [ -151.083541437999969, 61.435623652000061 ], [ -151.082092457999977, 61.435564957000054 ], [ -151.081411129999964, 61.435502161000045 ] ] ] } },
{ "type": "Feature", "properties": { "OBJECTID": 230550, "ID": 75005300011447.0, "Shape_Length": 0.10545093493709502 }, "geometry": { "type": "MultiLineString", "coordinates": [ [ [ -151.115979471999964, 61.285486677000051 ], [ -151.115798737999967, 61.28526157500005 ], [ -151.115553349999971, 61.284812162000037 ], [ -151.115734605999961, 61.28465880400006 ], [ -151.11631584899996, 61.284590361000028 ], [ -151.11671465699996, 61.284347643000046 ], [ -151.11687381699997, 61.284014708000029 ], [ -151.11668192199997, 61.283835504000081 ], [ -151.116753303999957, 61.283377617000042 ], [ -151.11669691299997, 61.282907609000063 ], [ -151.116440876999974, 61.282431515000042 ], [ -151.116683860999984, 61.282046583000067 ], [ -151.117155408999963, 61.281681096000057 ], [ -151.117843701999959, 61.281524889000082 ], [ -151.118048414999976, 61.281331874000045 ], [ -151.118065496999975, 61.280923336000058 ], [ -151.117606074999969, 61.280561505000037 ], [ -151.117531699999972, 61.280377104000081 ], [ -151.117632326999967, 61.280033482000078 ], [ -151.11746018599996, 61.279310079000027 ], [ -151.117082478999976, 61.278994417000035 ], [ -151.116995995999957, 61.278746364000028 ], [ -151.117188681999977, 61.278480427000034 ], [ -151.117164558999974, 61.278091596000081 ], [ -151.116674430999979, 61.277953717000059 ], [ -151.116018622999974, 61.277800468000066 ], [ -151.115877112999982, 61.277643390000037 ], [ -151.116007002999964, 61.277414036000039 ], [ -151.116149357999973, 61.277047604000074 ], [ -151.115844811999978, 61.276799758000038 ], [ -151.115300763999983, 61.276662703000056 ], [ -151.114333344999977, 61.276635765000037 ], [ -151.114118283999971, 61.276493962000075 ], [ -151.113706230999981, 61.276229669000031 ], [ -151.113092896999973, 61.275781235000068 ], [ -151.11281591499997, 61.275557634000052 ], [ -151.11240242599996, 61.27554040800004 ], [ -151.111050748999958, 61.275459367000053 ], [ -151.109961728999963, 61.27533726200005 ], [ -151.109301723999977, 61.275241163000032 ], [ -151.108890814999967, 61.275016623000056 ], [ -151.108675808999976, 61.274765888000047 ], [ -151.108450932999972, 61.274406025000076 ], [ -151.107998956999978, 61.274145618000034 ], [ -151.107500951999981, 61.273955289000071 ], [ -151.106861902999981, 61.273681512000053 ], [ -151.105726621999963, 61.273390633000076 ], [ -151.104869844999968, 61.27335585700007 ], [ -151.103384819999974, 61.273230180000041 ], [ -151.102452794999977, 61.273343340000054 ], [ -151.102087186999967, 61.273439900000028 ], [ -151.101615132999967, 61.273616968000056 ], [ -151.10060852099997, 61.273839824000049 ], [ -151.09959987199997, 61.273762108000028 ], [ -151.099351808999984, 61.273621372000036 ], [ -151.098930275999976, 61.273376172000042 ], [ -151.098447875999966, 61.272928972000045 ], [ -151.097336874999968, 61.272742505000053 ], [ -151.095835409999978, 61.272541972000056 ], [ -151.09496520899998, 61.272557505000066 ], [ -151.093975275999981, 61.272659772000054 ], [ -151.092624875999974, 61.272632372000032 ], [ -151.091904409999984, 61.272546505000037 ], [ -151.091124808999979, 61.272691905000045 ], [ -151.090526669999974, 61.272730983000031 ], [ -151.09018749699996, 61.272542300000055 ], [ -151.090037122999973, 61.272344980000071 ], [ -151.090005965999978, 61.27203649900008 ], [ -151.089895411999976, 61.271513243000072 ], [ -151.08970079499997, 61.271258166000052 ], [ -151.089102277999984, 61.271007286000042 ], [ -151.088297403999974, 61.270892508000031 ], [ -151.087643374999971, 61.270752710000068 ], [ -151.087514607999964, 61.270687905000045 ], [ -151.087291582999967, 61.270493762000058 ], [ -151.087719346999961, 61.269956902000047 ], [ -151.088047399999965, 61.269513877000065 ], [ -151.088454223999975, 61.268968315000052 ], [ -151.087954771999961, 61.268687901000078 ], [ -151.087687942999963, 61.267924575000052 ], [ -151.087312308999969, 61.267698849000055 ], [ -151.086569886999968, 61.267474898000046 ], [ -151.086256209999959, 61.267222054000058 ], [ -151.086350811999978, 61.266731512000035 ], [ -151.086635726999958, 61.266434398000058 ], [ -151.086914312999966, 61.265990339000041 ], [ -151.086857674999976, 61.265851811000061 ], [ -151.087016526999975, 61.265632560000029 ], [ -151.087495208999968, 61.26549105600003 ], [ -151.088042679999973, 61.265355728000031 ], [ -151.08804676699998, 61.265095342000052 ], [ -151.087933263999957, 61.264973792000035 ], [ -151.087740044999975, 61.264766874000031 ], [ -151.087095075999969, 61.264360905000046 ], [ -151.086883408999967, 61.263956705000055 ], [ -151.086190408999983, 61.263307372000043 ], [ -151.085196609999969, 61.262470572000041 ], [ -151.084625207999977, 61.262167772000055 ], [ -151.083875208999984, 61.262154172000066 ], [ -151.083064407999984, 61.261967305000042 ], [ -151.08269050499996, 61.261672118000035 ], [ -151.082715244999974, 61.261549951000063 ], [ -151.083144119999957, 61.261303227000042 ], [ -151.08372836099997, 61.260875067000029 ], [ -151.08350809099997, 61.260568676000048 ], [ -151.082975582999978, 61.260442500000067 ], [ -151.082444367999983, 61.260293999000055 ], [ -151.08210392099997, 61.260184805000051 ], [ -151.081810158999957, 61.259972839000056 ], [ -151.081383370999959, 61.259873887000083 ], [ -151.08102141699996, 61.259899843000028 ], [ -151.08087945699998, 61.259536519000051 ], [ -151.080620442999958, 61.259336904000065 ], [ -151.080290982999969, 61.259103030000063 ], [ -151.080006279999964, 61.258798309000042 ], [ -151.079989075999976, 61.258474505000038 ], [ -151.080283941999966, 61.258222332000059 ], [ -151.080165178999977, 61.258148105000032 ], [ -151.079795685999983, 61.257965107000075 ], [ -151.07950647499996, 61.257824972000037 ], [ -151.079561416999979, 61.257415430000037 ], [ -151.079900466999959, 61.257203982000078 ], [ -151.080181893999963, 61.256997648000038 ], [ -151.080386532999967, 61.256812517000071 ], [ -151.080063173999974, 61.256673113000033 ], [ -151.079614606999968, 61.256488452000042 ], [ -151.079367252999958, 61.256270134000033 ], [ -151.078959546999982, 61.256072122000035 ], [ -151.078247424999972, 61.255952947000083 ], [ -151.077778135999978, 61.255889971000045 ], [ -151.077698208999976, 61.255818772000055 ], [ -151.077625716999961, 61.255712539000058 ], [ -151.07778414699996, 61.255498026000055 ], [ -151.078071643999976, 61.255457291000027 ], [ -151.078387196999984, 61.255510720000075 ], [ -151.078576336999959, 61.255500492000067 ], [ -151.078810922999963, 61.25521180700008 ], [ -151.078478403999981, 61.255057998000041 ], [ -151.07779748699997, 61.25494690000005 ], [ -151.077781977999962, 61.254768659000035 ], [ -151.077898681999983, 61.254576947000032 ], [ -151.077978453999975, 61.254356041000051 ], [ -151.077663358999956, 61.254013163000081 ], [ -151.07728690999997, 61.253583746000061 ], [ -151.076805342999961, 61.253005304000055 ], [ -151.076384600999972, 61.252953895000076 ], [ -151.075744266999976, 61.252911915000027 ], [ -151.075660658999965, 61.252744399000051 ], [ -151.075618334999973, 61.25255880900005 ], [ -151.075458425999983, 61.252321351000035 ], [ -151.075311194999983, 61.252250503000027 ], [ -151.075114962999976, 61.252192077000075 ], [ -151.074605506999973, 61.252049673000045 ], [ -151.074672263999958, 61.251912806000064 ], [ -151.074794026999967, 61.251831061000075 ], [ -151.074730197999969, 61.251663961000077 ], [ -151.074582632999977, 61.251438265000047 ], [ -151.074514448999963, 61.251318432000062 ], [ -151.074710100999965, 61.251237311000068 ], [ -151.075181786999963, 61.251062553000054 ], [ -151.075172171999981, 61.250844501000074 ], [ -151.074830701999957, 61.250681022000038 ], [ -151.07438167799998, 61.250609991000033 ], [ -151.074041040999958, 61.250663109000072 ], [ -151.073546879999981, 61.250748675000068 ], [ -151.07299378099998, 61.250732276000065 ], [ -151.073116196999962, 61.25058387200005 ], [ -151.073207742999983, 61.250452636000034 ], [ -151.073287394999966, 61.250340656000049 ], [ -151.073181423999984, 61.250201081000057 ], [ -151.073149435999966, 61.25001097300003 ], [ -151.072729348999957, 61.249841093000043 ], [ -151.07185447599997, 61.249728505000064 ], [ -151.071973276999984, 61.249439505000055 ], [ -151.072282675999958, 61.24925137200006 ], [ -151.072642607999967, 61.249279972000068 ], [ -151.07285247599998, 61.249279705000049 ], [ -151.073182275999983, 61.24923610500008 ], [ -151.073331608999979, 61.24912037200005 ], [ -151.073301275999967, 61.249019305000047 ], [ -151.073121275999966, 61.24900497200008 ], [ -151.072881474999974, 61.249034105000078 ], [ -151.072581808999956, 61.249048772000037 ], [ -151.072131807999966, 61.249020372000075 ], [ -151.071981475999962, 61.248933905000058 ], [ -151.072110561999978, 61.248819303000062 ], [ -151.072127510999962, 61.248692093000045 ], [ -151.072250209999964, 61.248659105000058 ], [ -151.072555045999962, 61.248724490000029 ], [ -151.072889791999984, 61.248745758000041 ], [ -151.073062177999958, 61.248702035000065 ], [ -151.073136301999966, 61.248542580000048 ], [ -151.07296245699996, 61.248387365000042 ], [ -151.072779459999964, 61.248331411000038 ], [ -151.072398808999964, 61.248268972000062 ], [ -151.072265142999981, 61.247921298000051 ], [ -151.072370878999976, 61.247665661000042 ], [ -151.072457788999969, 61.247524266000028 ], [ -151.072594557999963, 61.247437171000058 ], [ -151.072484818999982, 61.247231213000077 ], [ -151.072313160999983, 61.247118624000052 ], [ -151.072323920999963, 61.247043121000047 ], [ -151.072110700999957, 61.246778150000068 ], [ -151.071885708999957, 61.246640799000033 ], [ -151.071612160999962, 61.246593631000053 ], [ -151.071335300999976, 61.24659603300006 ], [ -151.071089377999982, 61.24668556000006 ], [ -151.070701312999972, 61.246705784000028 ], [ -151.070419059999978, 61.246652467000047 ], [ -151.07024480299998, 61.246501977000037 ], [ -151.070306580999983, 61.246262440000066 ], [ -151.070463122999968, 61.246175076000043 ], [ -151.070416474999973, 61.246036751000076 ], [ -151.070089555999971, 61.245879808000041 ], [ -151.070080208999968, 61.245844305000048 ], [ -151.069850391999978, 61.245840100000066 ], [ -151.069210874999982, 61.245873972000027 ], [ -151.068821008999976, 61.245816572000081 ], [ -151.068490807999979, 61.24574470500005 ], [ -151.068460409999972, 61.245629105000035 ], [ -151.068610074999981, 61.24555670500007 ], [ -151.068788608999967, 61.24523877200005 ], [ -151.068432407999978, 61.244312454000067 ], [ -151.068200162999972, 61.243873010000073 ], [ -151.068002275999959, 61.243505905000063 ], [ -151.068728276999963, 61.243151837000028 ], [ -151.068390475999962, 61.243115505000048 ], [ -151.067338609999979, 61.242437505000055 ], [ -151.067033776999978, 61.242297363000034 ], [ -151.066024065999983, 61.24265269600005 ], [ -151.065494020999978, 61.242619999000055 ], [ -151.065559934999982, 61.242343979000054 ], [ -151.064939505999973, 61.242000605000044 ], [ -151.065008837999983, 61.241709920000062 ], [ -151.064273606999961, 61.241362854000045 ], [ -151.063646874999961, 61.241285172000062 ] ] ] } },
{ "type": "Feature", "properties": { "OBJECTID": 235524, "ID": 75005400044725.0, "Shape_Length": 0.0080783496016335228 }, "geometry": { "type": "MultiLineString", "coordinates": [ [ [ -153.760139411999972, 58.95038941100006 ], [ -153.759932953999964, 58.95043134000008 ], [ -153.759563917999969, 58.950430655000048 ], [ -153.759102788999968, 58.950406129000044 ], [ -153.758734256999958, 58.950334435000059 ], [ -153.758457813999968, 58.950286581000057 ], [ -153.757997026999959, 58.950214714000083 ], [ -153.757305593999973, 58.950142412000048 ], [ -153.756475437999967, 58.950117183000032 ], [ -153.756060275999971, 58.950116402000049 ], [ -153.755414808999973, 58.950067846000081 ], [ -153.754999817999959, 58.950043392000055 ], [ -153.754446610999963, 58.949995005000062 ], [ -153.753478418999975, 58.949922158000049 ], [ -153.752878743999958, 58.949921015000029 ], [ -153.752094380999978, 58.949943183000073 ] ] ] } },
{ "type": "Feature", "properties": { "OBJECTID": 236581, "ID": 75005400042622.0, "Shape_Length": 0.0036913625039004445 }, "geometry": { "type": "MultiLineString", "coordinates": [ [ [ -154.290998129999963, 59.156491720000076 ], [ -154.29057939599997, 59.156596195000077 ], [ -154.290220570999963, 59.156741952000061 ], [ -154.289707358999976, 59.156970294000075 ], [ -154.289235060999971, 59.15709914200005 ], [ -154.288679219999977, 59.157228174000068 ], [ -154.288248442999958, 59.157328527000061 ], [ -154.287896245999974, 59.157357262000062 ], [ -154.287622314999965, 59.157379610000078 ], [ -154.287590745999978, 59.157377834000044 ], [ -154.287566620999968, 59.157379733000027 ], [ -154.287442417999983, 59.157376051000028 ] ] ] } },
{ "type": "Feature", "properties": { "OBJECTID": 243059, "ID": 75005400034923.0, "Shape_Length": 0.01091127885092988 }, "geometry": { "type": "MultiLineString", "coordinates": [ [ [ -152.784231969999979, 59.955058829000052 ], [ -152.783859788999962, 59.954837740000073 ], [ -152.783468254999974, 59.954625938000049 ], [ -152.783056322999983, 59.954451809000034 ], [ -152.782664102999973, 59.954258928000058 ], [ -152.782273280999959, 59.954028200000039 ], [ -152.782015524999963, 59.953798683000059 ], [ -152.781852815999969, 59.953570036000031 ], [ -152.781860487999978, 59.953361874000052 ], [ -152.781925183999959, 59.953154232000031 ], [ -152.78199057599997, 59.952927666000051 ], [ -152.78199964099997, 59.952681657000028 ], [ -152.781896401999973, 59.952387295000051 ], [ -152.781658716999971, 59.952129567000043 ], [ -152.781248919999967, 59.95189866100003 ], [ -152.781163000999982, 59.951849689000028 ], [ -152.780931024999973, 59.951753779000057 ], [ -152.780537450999958, 59.951598740000065 ], [ -152.780222006999963, 59.951387624000063 ], [ -152.780080424999966, 59.951102376000051 ], [ -152.780014871999981, 59.950817823000079 ], [ -152.779834931999972, 59.950541688000044 ], [ -152.779484631999964, 59.950245064000057 ], [ -152.77903476299997, 59.95007057600003 ], [ -152.778544788999966, 59.94995250900007 ], [ -152.778036511999971, 59.949815341000033 ], [ -152.77762711799997, 59.949574962000042 ], [ -152.77735112199997, 59.949326339000038 ], [ -152.777076531999967, 59.949039868000057 ], [ -152.776862878999964, 59.948883985000066 ], [ -152.776818150999958, 59.948829266000075 ], [ -152.776523162999979, 59.948580467000056 ] ] ] } },
{ "type": "Feature", "properties": { "OBJECTID": 249655, "ID": 75005400024282.0, "Shape_Length": 0.0020444601304078157 }, "geometry": { "type": "MultiLineString", "coordinates": [ [ [ -154.396805528999977, 58.856501560000027 ], [ -154.396483789999962, 58.856526219000045 ], [ -154.396139321999982, 58.856574618000082 ], [ -154.395794989999985, 58.856634850000034 ], [ -154.395450929999981, 58.856718751000074 ], [ -154.395152870999965, 58.856802512000058 ], [ -154.394947091999967, 58.856909660000042 ], [ -154.394843923999957, 58.85698646000003 ] ] ] } },
{ "type": "Feature", "properties": { "OBJECTID": 252488, "ID": 75005400006152.0, "Shape_Length": 0.0094662647130117576 }, "geometry": { "type": "MultiLineString", "coordinates": [ [ [ -154.539167083999985, 59.028222145000029 ], [ -154.538738234999983, 59.028294932000051 ], [ -154.538461392999977, 59.028331584000057 ], [ -154.538184100999985, 59.028339835000054 ], [ -154.537948308999972, 59.028340814000046 ], [ -154.537629180999971, 59.028335037000033 ], [ -154.537282313999981, 59.02832937200003 ], [ -154.536977167999964, 59.028330635000032 ], [ -154.536630750999961, 59.028353371000037 ], [ -154.536367887999972, 59.028397062000067 ], [ -154.536160394999968, 59.028433422000035 ], [ -154.535772923999957, 59.028491828000028 ], [ -154.535482317999964, 59.028535631000068 ], [ -154.53519182499997, 59.028586533000066 ], [ -154.534707926999971, 59.028687938000076 ], [ -154.534237560999969, 59.028767981000044 ], [ -154.53382245399996, 59.028833595000037 ], [ -154.53344839899998, 59.028863537000063 ], [ -154.532977358999972, 59.028900974000067 ], [ -154.532506542999982, 59.028952613000058 ], [ -154.53179970399998, 59.028991015000031 ], [ -154.531218364999972, 59.029071502000079 ], [ -154.530830986999973, 59.029136993000066 ], [ -154.530415869999985, 59.029202597000051 ], [ -154.530236214999974, 59.029245934000073 ], [ -154.52994603999997, 59.029318125000032 ], [ -154.529789059999985, 59.029332968000062 ] ] ] } },
{ "type": "Feature", "properties": { "OBJECTID": 253459, "ID": 75005400012301.0, "Shape_Length": 0.0073561506728798982 }, "geometry": { "type": "MultiLineString", "coordinates": [ [ [ -154.459450432999972, 58.960123572000043 ], [ -154.45951596499998, 58.960232866000069 ], [ -154.459581645999975, 58.960353112000064 ], [ -154.459583123999977, 58.960462633000077 ], [ -154.459520545999965, 58.960572382000066 ], [ -154.459415261999965, 58.960682281000061 ], [ -154.459289071999962, 58.960825114000045 ], [ -154.459273618999958, 58.960837183000081 ], [ -154.459156214999979, 58.960986251000065 ], [ -154.458862194999966, 58.961269521000077 ], [ -154.45878107599998, 58.961360199000069 ], [ -154.458723519999978, 58.961453597000059 ], [ -154.458707124999961, 58.961573885000064 ], [ -154.458749758999971, 58.961679380000078 ], [ -154.458857960999978, 58.961790068000028 ], [ -154.458998809999969, 58.961877585000082 ], [ -154.459233855999969, 58.961981503000061 ], [ -154.459302334999961, 58.962033563000034 ], [ -154.459322062999973, 58.962096062000057 ], [ -154.459295749999967, 58.962150075000068 ], [ -154.45919153799997, 58.962241540000036 ], [ -154.458951724999963, 58.96239759000008 ], [ -154.458767737999977, 58.962531032000072 ], [ -154.458478834999966, 58.962774986000056 ], [ -154.458300675999965, 58.96290928600007 ], [ -154.45777589399998, 58.963242173000083 ], [ -154.457316932999959, 58.96366456100003 ], [ -154.457104843999957, 58.963833676000036 ], [ -154.45691472599998, 58.963964996000072 ], [ -154.456581784999969, 58.964144137000062 ], [ -154.456336806999957, 58.964246803000037 ], [ -154.455479546999982, 58.964492973000063 ], [ -154.455411225999967, 58.964570312000035 ] ] ] } },
{ "type": "Feature", "properties": { "OBJECTID": 254669, "ID": 75005400023457.0, "Shape_Length": 0.038175532815894718 }, "geometry": { "type": "MultiLineString", "coordinates": [ [ [ -153.259594505999956, 59.944456474000049 ], [ -153.259566951999972, 59.944413732000044 ], [ -153.259511048999968, 59.944363735000081 ], [ -153.259455462999966, 59.944299543000056 ], [ -153.259413814999959, 59.944249627000033 ], [ -153.259372483999982, 59.944185513000036 ], [ -153.259320786999979, 59.944125813000028 ], [ -153.259297662999984, 59.944075364000071 ], [ -153.259258240999969, 59.943926085000044 ], [ -153.259260784999981, 59.943812530000059 ], [ -153.259277422999958, 59.943706151000072 ], [ -153.259337298999981, 59.943578718000083 ], [ -153.259410951999968, 59.943472655000051 ], [ -153.259541140999971, 59.943388201000062 ], [ -153.25971408999996, 59.943303984000067 ], [ -153.259958304999969, 59.943220162000046 ], [ -153.260217250999972, 59.943115128000045 ], [ -153.260433748999958, 59.942995660000065 ], [ -153.260607171999965, 59.942890151000029 ], [ -153.26075240199998, 59.942770288000077 ], [ -153.260869440999983, 59.942636074000063 ], [ -153.261001210999979, 59.942480644000057 ], [ -153.261090217999964, 59.94232498000008 ], [ -153.261136148999981, 59.942183273000069 ], [ -153.261167825999962, 59.942041486000051 ], [ -153.261170838999959, 59.941906639000081 ], [ -153.261203308999967, 59.94172936700005 ], [ -153.261277902999979, 59.941580721000037 ], [ -153.261394460999981, 59.94146779700003 ], [ -153.261543337999967, 59.941341347000048 ], [ -153.261603261999966, 59.941323155000077 ], [ -153.261704457999969, 59.941259832000071 ], [ -153.261777147999965, 59.941196352000077 ], [ -153.261821171999969, 59.941139811000028 ], [ -153.261894018999982, 59.941069232000075 ], [ -153.26193788499998, 59.941019789000052 ], [ -153.261967656999957, 59.940963169000042 ], [ -153.262011523999973, 59.94091372500003 ], [ -153.26208468699997, 59.94082895300005 ], [ -153.262111494999971, 59.940771176000055 ], [ -153.262116042999963, 59.940701361000038 ], [ -153.26218967899996, 59.940595297000073 ], [ -153.262276617999959, 59.94053189400006 ], [ -153.262377809999975, 59.940468572000043 ], [ -153.262492935999973, 59.94041952200007 ], [ -153.262650502999975, 59.940384902000062 ], [ -153.262793499999958, 59.940364399000032 ], [ -153.26299382199997, 59.940330015000029 ], [ -153.263094061999965, 59.940309275000061 ], [ -153.26327965599998, 59.940296104000083 ], [ -153.263451315999959, 59.940268660000072 ], [ -153.263665255999967, 59.940262743000062 ], [ -153.263879354999972, 59.940249729000072 ], [ -153.263965183999971, 59.940236007000067 ], [ -153.264122432999983, 59.940215580000029 ], [ -153.264265269999981, 59.940202172000056 ], [ -153.264365035999958, 59.940202722000038 ], [ -153.264536218999979, 59.940196568000033 ], [ -153.264664960999966, 59.940175984000064 ], [ -153.264765042999983, 59.94016233900004 ], [ -153.264936226999964, 59.940156185000035 ], [ -153.265064780999978, 59.940142553000044 ], [ -153.265167082999966, 59.940137347000075 ], [ -153.266057174999958, 59.93985122600003 ], [ -153.266274812999967, 59.939678521000076 ], [ -153.266390244999968, 59.939615273000072 ], [ -153.266520244999981, 59.93953790900008 ], [ -153.26663536199996, 59.939488855000036 ], [ -153.266750477999977, 59.939439801000049 ], [ -153.266851972999973, 59.939362281000058 ], [ -153.266967402999967, 59.939299032000065 ], [ -153.267054328999961, 59.939235627000073 ], [ -153.267212513999965, 59.939172614000029 ], [ -153.267413138999984, 59.939124029000027 ], [ -153.267556284999984, 59.93909642400007 ], [ -153.267699429999965, 59.939068817000077 ], [ -153.267899738999972, 59.939034426000035 ], [ -153.268085639999981, 59.939007054000058 ], [ -153.268214533999981, 59.938979369000037 ], [ -153.268372085999971, 59.938944743000036 ], [ -153.26854373499998, 59.938917293000031 ], [ -153.268715852999975, 59.938868550000052 ], [ -153.268859152999966, 59.938833844000044 ], [ -153.268988358999962, 59.938791965000064 ], [ -153.269074965999977, 59.938742754000032 ], [ -153.269175824999962, 59.938693619000048 ], [ -153.269290619999964, 59.938658758000031 ], [ -153.269405392999971, 59.938600957000062 ], [ -153.269520997999962, 59.938553549000062 ], [ -153.269922701999974, 59.93843508100008 ], [ -153.27023790299998, 59.938361093000083 ], [ -153.270395451999974, 59.938326465000046 ], [ -153.270610787999971, 59.938256662000072 ], [ -153.270755335999979, 59.938165178000077 ], [ -153.270913978999971, 59.938080868000043 ], [ -153.271029865999964, 59.937996324000039 ], [ -153.271131031999971, 59.93793299400005 ], [ -153.271275577999972, 59.937841509000066 ], [ -153.271390681999975, 59.937792452000053 ], [ -153.271481041999976, 59.937766683000063 ], [ -153.271583333999985, 59.937716844000079 ], [ -153.271742128999961, 59.937625437000065 ], [ -153.271986897999966, 59.937513204000027 ], [ -153.272202849999957, 59.937415009000063 ], [ -153.272462333999982, 59.937281561000077 ], [ -153.272721034999961, 59.937183600000083 ], [ -153.27289454199996, 59.937070977000076 ], [ -153.273037995999971, 59.936951859000033 ], [ -153.273083703999959, 59.936894556000027 ], [ -153.273156985999975, 59.936802680000028 ], [ -153.273244829999982, 59.936696687000051 ], [ -153.273332828999969, 59.936583598000027 ], [ -153.273464044999969, 59.936449449000065 ], [ -153.273537636999976, 59.93634337900005 ], [ -153.273639885999984, 59.936230365000029 ], [ -153.273727258999969, 59.936145664000037 ], [ -153.273843287999966, 59.936054022000064 ], [ -153.27393097099997, 59.935955126000067 ], [ -153.274018341999977, 59.935870424000029 ], [ -153.274133902999978, 59.935800073000053 ], [ -153.274221895999972, 59.93568698200005 ], [ -153.274281388999981, 59.935573736000038 ], [ -153.274370159999961, 59.935425160000079 ], [ -153.274443590999965, 59.935326185000065 ], [ -153.27453189299996, 59.935198901000035 ], [ -153.274605479999963, 59.935092829000041 ], [ -153.274664502999968, 59.935000876000061 ], [ -153.27476689599996, 59.93488076400007 ], [ -153.274840480999984, 59.934774693000065 ], [ -153.274885254999958, 59.934682661000068 ], [ -153.274916709999957, 59.93454796900005 ], [ -153.274961635999972, 59.934448839000027 ], [ -153.274992468999983, 59.934342536000031 ], [ -153.27499480299997, 59.934236078000083 ], [ -153.275025153999962, 59.934151775000032 ], [ -153.275083084999977, 59.93410950100008 ], [ -153.275212886999981, 59.934039226000039 ], [ -153.275399997999983, 59.933955066000067 ], [ -153.275543268999968, 59.933920354000065 ], [ -153.275686385999961, 59.933892739000044 ], [ -153.275843595999959, 59.933872299000029 ], [ -153.276043554999973, 59.933852090000073 ], [ -153.27618589399998, 59.933859961000053 ], [ -153.276356420999974, 59.933882181000058 ], [ -153.276512544999974, 59.933911421000062 ], [ -153.276726133999972, 59.933919678000052 ], [ -153.276911840999958, 59.933899390000079 ], [ -153.277083144999978, 59.933886124000082 ], [ -153.277297662999985, 59.933851797000045 ], [ -153.277441087999961, 59.933809985000039 ], [ -153.277613477999978, 59.933747036000057 ], [ -153.27778586499997, 59.933684087000074 ], [ -153.277929907999976, 59.933613886000046 ], [ -153.278044986999959, 59.93356482400003 ], [ -153.278103533999968, 59.933494159000077 ], [ -153.27817617499997, 59.933430669000074 ], [ -153.278263374999966, 59.933353062000037 ], [ -153.278293265999963, 59.933289341000034 ], [ -153.278351347999973, 59.933239969000056 ], [ -153.278424294999979, 59.933162285000037 ], [ -153.278453412999966, 59.933134050000035 ], [ -153.27848330499998, 59.933070330000078 ], [ -153.278556253999966, 59.93299264400008 ], [ -153.278614642999969, 59.932929078000029 ], [ -153.278644998999965, 59.93284406500004 ], [ -153.278674888999973, 59.932780343000047 ], [ -153.27870508999996, 59.932702429000074 ], [ -153.278734980999957, 59.932638707000081 ], [ -153.278764870999964, 59.932574985000031 ], [ -153.278781286999958, 59.932475701000044 ], [ -153.27882573499997, 59.932397863000062 ], [ -153.278855625999967, 59.932334141000069 ], [ -153.278942510999968, 59.932270729000038 ], [ -153.279000589999981, 59.93222135700006 ], [ -153.279072915999961, 59.932172060000028 ], [ -153.279174667999968, 59.93208033500008 ], [ -153.27926108799997, 59.932038214000045 ], [ -153.279333258999969, 59.931996015000038 ], [ -153.279405430999958, 59.931953817000078 ], [ -153.279520191999978, 59.931918947000042 ], [ -153.279592054999966, 59.931890942000052 ], [ -153.279664378999968, 59.931841648000045 ], [ -153.279736858999968, 59.931785254000033 ], [ -153.279808718999959, 59.931757250000032 ], [ -153.279894829999961, 59.93172932300007 ], [ -153.279966689999981, 59.931701317000034 ], [ -153.280024301999958, 59.931673236000051 ], [ -153.280067665999979, 59.931645079000077 ], [ -153.280125894999969, 59.931588608000027 ], [ -153.280169566999973, 59.931546256000047 ], [ -153.280200688999969, 59.931425756000067 ], [ -153.280202233999972, 59.931354783000074 ], [ -153.280189220999972, 59.931297929000038 ], [ -153.280190611999984, 59.931234053000082 ], [ -153.280205939999973, 59.931184450000046 ], [ -153.280235672999964, 59.931127826000079 ], [ -153.280265558999957, 59.931064104000029 ], [ -153.28026648499997, 59.931021519000069 ], [ -153.280310619999966, 59.930957875000047 ], [ -153.28038340599997, 59.930887287000076 ], [ -153.280470284999979, 59.930823873000065 ], [ -153.280542758999957, 59.930767479000053 ], [ -153.280600986999957, 59.930711009000049 ], [ -153.280658904999967, 59.930668733000061 ], [ -153.280716359999957, 59.930647749000059 ], [ -153.28075987699998, 59.930612493000069 ], [ -153.280940180999977, 59.930502364000063 ], [ -153.281010260999977, 59.930454761000078 ], [ -153.281077961999983, 59.930401266000047 ], [ -153.28113680499996, 59.930316406000031 ], [ -153.281196417999979, 59.930196060000071 ], [ -153.281212670999963, 59.930103873000064 ], [ -153.281243633999964, 59.929990469000074 ], [ -153.281245022999968, 59.929926594000051 ], [ -153.281246563999957, 59.929855622000048 ], [ -153.281248260999973, 59.929777552000076 ], [ -153.281249185999968, 59.929734968000048 ], [ -153.281250264999983, 59.929685287000041 ], [ -153.28122315799996, 59.929621258000054 ], [ -153.281225162999959, 59.929528993000076 ], [ -153.281226858999958, 59.929450924000037 ], [ -153.281214923999983, 59.929344388000061 ], [ -153.281187969999962, 59.929273261000048 ], [ -153.281204068999983, 59.929188171000078 ], [ -153.281220320999978, 59.929095984000071 ], [ -153.281250049999983, 59.929039359000058 ], [ -153.28125128299996, 59.928982581000071 ], [ -153.281252824999967, 59.928911608000078 ], [ -153.281240274999959, 59.928833462000057 ], [ -153.281241816999966, 59.928762488000075 ], [ -153.281257758999971, 59.928684496000074 ], [ -153.281287797999966, 59.928613677000044 ], [ -153.281331925999979, 59.928550032000032 ], [ -153.281333466999968, 59.92847905900004 ], [ -153.281363194999983, 59.928422435000073 ], [ -153.281422187999965, 59.928330477000031 ], [ -153.28152361399998, 59.928252944000064 ], [ -153.281625037999959, 59.92817541200003 ], [ -153.281740248999967, 59.92811924800003 ], [ -153.281827270999969, 59.928048736000051 ], [ -153.281929155999961, 59.927949911000042 ], [ -153.282044516999974, 59.927886650000062 ], [ -153.282102582999983, 59.927837276000048 ], [ -153.282189141999964, 59.927788055000065 ], [ -153.282247669999975, 59.927717389000065 ], [ -153.282291795999981, 59.927653743000064 ], [ -153.282364261999959, 59.927597350000042 ], [ -153.282451743999957, 59.927505546000077 ], [ -153.282539070999974, 59.927420837000057 ], [ -153.282670062999983, 59.927293777000045 ], [ -153.282758157999979, 59.927173583000069 ], [ -153.282788497999974, 59.927088569000034 ], [ -153.282776557999966, 59.926982033000058 ], [ -153.282720649999959, 59.926932047000037 ], [ -153.282680218999957, 59.926825357000041 ], [ -153.282667510999971, 59.926754308000056 ], [ -153.282711174999974, 59.926711954000041 ], [ -153.282769082999977, 59.926669678000053 ], [ -153.282870806999966, 59.926577949000034 ], [ -153.282943115999984, 59.926528651000069 ], [ -153.28325853299998, 59.926438073000043 ], [ -153.283416164999977, 59.926396332000081 ], [ -153.283530595999963, 59.926375652000047 ], [ -153.283745827999979, 59.926305828000068 ], [ -153.28390345699998, 59.92626408600006 ], [ -153.284047609999959, 59.926186781000069 ], [ -153.284177359999973, 59.926116497000066 ], [ -153.284235726999981, 59.926052927000057 ], [ -153.284294553999985, 59.925968066000053 ], [ -153.28429593499996, 59.92590419000004 ], [ -153.284297623999976, 59.925826121000057 ], [ -153.284299312999963, 59.925748051000028 ], [ -153.284357524999962, 59.925691578000055 ], [ -153.284558811999972, 59.925607482000032 ], [ -153.284687943999984, 59.925565586000062 ], [ -153.28481753899996, 59.925502399000038 ], [ -153.284904394999984, 59.92543898100007 ], [ -153.284962605999965, 59.92538250900003 ], [ -153.285035675999978, 59.925297724000075 ], [ -153.285094038999972, 59.925234153000076 ], [ -153.285138768999957, 59.925142118000053 ], [ -153.285125904999973, 59.925078166000048 ], [ -153.285126824999963, 59.925035583000067 ], [ -153.285170940999961, 59.924971936000077 ], [ -153.285214291999978, 59.924943776000077 ], [ -153.285343881999978, 59.924880588000065 ], [ -153.285430736999984, 59.924817172000076 ], [ -153.28546781999998, 59.924801353000078 ], [ -153.285561350999984, 59.92474637600003 ], [ -153.285649950999982, 59.92469006500005 ], [ -153.285711342999974, 59.924662002000048 ], [ -153.285788137999958, 59.924624557000072 ], [ -153.28588425099997, 59.924572073000036 ], [ -153.285957570999983, 59.924519466000049 ], [ -153.286012062999959, 59.924459188000071 ], [ -153.286055032999968, 59.924404526000046 ], [ -153.286098043999971, 59.924347972000078 ], [ -153.28613333499996, 59.924297054000078 ], [ -153.286206491999963, 59.924252018000061 ], [ -153.286294639999966, 59.924216527000056 ], [ -153.286390668999957, 59.924167828000066 ], [ -153.286467706999957, 59.924119026000028 ], [ -153.286540903999963, 59.924072097000078 ], [ -153.286606664999965, 59.92401755700007 ], [ -153.28666515599997, 59.923947835000035 ], [ -153.286685576999957, 59.92388169700007 ], [ -153.286694661999974, 59.923858016000054 ], [ -153.286800515999971, 59.923678909000046 ] ] ] } },
{ "type": "Feature", "properties": { "OBJECTID": 257062, "ID": 75005400046570.0, "Shape_Length": 0.037862193140671734 }, "geometry": { "type": "MultiLineString", "coordinates": [ [ [ -152.899472668999977, 60.07592091600003 ], [ -152.899471008999967, 60.075970591000043 ], [ -152.899425708999956, 60.076041203000045 ], [ -152.899337949999961, 60.076097268000069 ], [ -152.899236121999962, 60.076146120000033 ], [ -152.899062741999984, 60.076194383000029 ], [ -152.898876788999956, 60.076242083000068 ], [ -152.898868022999977, 60.076251239000044 ], [ -152.898845956999963, 60.076256486000034 ], [ -152.898744362999963, 60.076298241000075 ], [ -152.89857050699996, 60.076360696000052 ], [ -152.898468675999965, 60.076409547000083 ], [ -152.898407718999977, 60.076442960000065 ], [ -152.898260624999978, 60.076477932000046 ], [ -152.898087241999974, 60.076526194000053 ], [ -152.897885237999958, 60.076574221000044 ], [ -152.897654613999975, 60.07662201100004 ], [ -152.897495775999971, 60.076663293000081 ], [ -152.897329839999969, 60.076702744000045 ], [ -152.897227318999967, 60.076718758000027 ], [ -152.897083028999958, 60.076753061000034 ], [ -152.896881260999976, 60.076793989000066 ], [ -152.896874599999961, 60.07679487300004 ], [ -152.896702298999969, 60.07684841400004 ], [ -152.896556819999972, 60.076918199000033 ], [ -152.896322623999964, 60.077072434000058 ], [ -152.896118471999984, 60.077184325000076 ], [ -152.895928154999979, 60.077310528000055 ], [ -152.895765980999983, 60.077451158000031 ], [ -152.89556063699996, 60.077598530000046 ], [ -152.895465573999957, 60.077671236000072 ], [ -152.89539869799998, 60.077732064000031 ], [ -152.895279927999979, 60.077858856000034 ], [ -152.895161633999976, 60.077971454000078 ], [ -152.894943161999976, 60.078083224000068 ], [ -152.894726355999978, 60.078145321000079 ], [ -152.894394111999958, 60.078234857000041 ], [ -152.894076174999981, 60.078324511000062 ], [ -152.893940615999981, 60.078360405000069 ], [ -152.893829552999961, 60.078421852000076 ], [ -152.893595810999983, 60.078561889000071 ], [ -152.893333005999978, 60.078701186000046 ], [ -152.89327405399996, 60.078765084000054 ], [ -152.893154317999972, 60.078920258000039 ], [ -152.893093971999974, 60.07901203800003 ], [ -152.893088090999981, 60.079020322000076 ], [ -152.893045312999959, 60.079181997000035 ], [ -152.892939645999974, 60.079344387000049 ], [ -152.892773631999972, 60.079598556000064 ], [ -152.892763281999976, 60.079611577000037 ], [ -152.89269825599996, 60.07971150700007 ], [ -152.892531281999965, 60.079994061000036 ], [ -152.892248859999967, 60.080304055000056 ], [ -152.891821877999973, 60.080655442000079 ], [ -152.891620546999974, 60.080774202000043 ], [ -152.891613038999964, 60.080778181000028 ], [ -152.891225015999964, 60.080964259000041 ], [ -152.890819180999983, 60.081112330000053 ], [ -152.890491586999957, 60.081204262000028 ], [ -152.89016494699996, 60.081267807000074 ], [ -152.889839262999971, 60.081302966000067 ], [ -152.889533297999975, 60.081319359000076 ], [ -152.889113155999979, 60.081325339000045 ], [ -152.88867361299998, 60.081340621000038 ], [ -152.88821306899996, 60.081412514000078 ], [ -152.887732161999963, 60.081522096000072 ], [ -152.887327261999957, 60.081641771000079 ], [ -152.886941122999957, 60.081771066000044 ], [ -152.886574703999969, 60.081881595000027 ], [ -152.886152315999965, 60.081953798000029 ], [ -152.885673953999969, 60.081987678000075 ], [ -152.885214674999958, 60.082021713000074 ], [ -152.884756037999978, 60.082036824000056 ], [ -152.884373411999974, 60.082062031000078 ], [ -152.883932893999969, 60.082105684000055 ], [ -152.883606552999964, 60.082159750000073 ], [ -152.883394068999962, 60.08223369600006 ], [ -152.883180942999957, 60.082326564000027 ], [ -152.882909601999984, 60.082447340000044 ], [ -152.882540913999975, 60.082624091000071 ], [ -152.882208147999961, 60.082836532000044 ], [ -152.881857129999958, 60.082991838000055 ], [ -152.881193689999975, 60.083205165000038 ], [ -152.880543173999968, 60.083389020000027 ], [ -152.879845543999977, 60.083554733000028 ], [ -152.879268994999961, 60.083668216000035 ], [ -152.878632602999971, 60.083787111000049 ], [ -152.878104361999959, 60.083883248000063 ], [ -152.87769640099998, 60.083950814000048 ], [ -152.877372336999969, 60.084007252000049 ], [ -152.87697650399997, 60.084069003000081 ], [ -152.876413883999959, 60.084123437000073 ], [ -152.875862378999983, 60.084201624000059 ], [ -152.875309863999973, 60.084309378000057 ], [ -152.874743394999967, 60.084476165000069 ], [ -152.874151646999962, 60.08468414400005 ], [ -152.873678364999961, 60.084916779000082 ], [ -152.873155743999973, 60.085196319000033 ], [ -152.87287562299997, 60.085385759000076 ], [ -152.872810397999984, 60.085534286000041 ], [ -152.872743179999958, 60.085824756000079 ], [ -152.872677903999971, 60.086058454000067 ], [ -152.872671586999957, 60.08624296000005 ], [ -152.87266259499998, 60.086505524000074 ], [ -152.87274119099996, 60.086719138000035 ], [ -152.872906889999967, 60.086897993000036 ], [ -152.873100975999961, 60.087084185000037 ], [ -152.873251393999965, 60.087291305000065 ], [ -152.873273950999959, 60.087468955000077 ], [ -152.873227120999957, 60.087582135000048 ], [ -152.873121572999963, 60.087737411000035 ], [ -152.873088569999965, 60.08786490500006 ], [ -152.872999522999976, 60.087956435000081 ], [ -152.872649643999978, 60.088138050000055 ], [ -152.872503334999976, 60.088229097000067 ], [ -152.872368178999977, 60.08841251900003 ], [ -152.872218947999983, 60.088588722000054 ], [ -152.872027988999974, 60.088729083000032 ], [ -152.871838240999978, 60.088833961000034 ], [ -152.871677122999984, 60.088939080000046 ], [ -152.871500959999963, 60.089065368000036 ], [ -152.871384733999975, 60.089114077000033 ], [ -152.870939007999965, 60.089167108000026 ], [ -152.870221527999973, 60.089210748000028 ], [ -152.869919196999973, 60.089257887000031 ], [ -152.869173992999976, 60.08969170000006 ], [ -152.868999521999967, 60.089768309000078 ], [ -152.868765104999966, 60.089922495000053 ], [ -152.868472689999976, 60.090097486000047 ], [ -152.868239000999978, 60.090230381000083 ], [ -152.867861417999961, 60.090383357000064 ] ] ] } },
{ "type": "Feature", "properties": { "OBJECTID": 258924, "ID": 75005400016791.0, "Shape_Length": 0.0092564158353778212 }, "geometry": { "type": "MultiLineString", "coordinates": [ [ [ -152.887333546999969, 60.095933790000061 ], [ -152.887099745999961, 60.095873406000067 ], [ -152.886857293999981, 60.09584299800008 ], [ -152.886656834999968, 60.095841333000067 ], [ -152.886456376999973, 60.095839667000064 ], [ -152.886255438999967, 60.095852193000042 ], [ -152.885967869999973, 60.095885295000073 ], [ -152.885665740999968, 60.095925372000067 ], [ -152.885435202999957, 60.095966045000068 ], [ -152.885218742999967, 60.096013934000041 ], [ -152.885074596999971, 60.096041128000081 ], [ -152.884887012999968, 60.096082157000069 ], [ -152.884684869999973, 60.096130163000055 ], [ -152.884482484999978, 60.096185265000031 ], [ -152.884294178999966, 60.096247582000046 ], [ -152.884221141999973, 60.096289564000074 ], [ -152.884075068999977, 60.096373529000061 ], [ -152.883943312999975, 60.096457612000052 ], [ -152.883840193999959, 60.096541933000083 ], [ -152.883736351999971, 60.096647543000074 ], [ -152.883617949999973, 60.096760131000053 ], [ -152.883529389999978, 60.096837475000029 ], [ -152.883426508999975, 60.096914699000081 ], [ -152.883265148999982, 60.097026930000027 ], [ -152.883134591999976, 60.097075530000041 ], [ -152.882947240999982, 60.09710946000007 ], [ -152.882817407999966, 60.097136770000077 ], [ -152.882615494999982, 60.097177678000037 ], [ -152.882471582999983, 60.097197771000083 ], [ -152.88235630799997, 60.097218106000071 ], [ -152.882154876999977, 60.097244819000082 ], [ -152.881996884999978, 60.097257697000032 ], [ -152.881810255999966, 60.097270337000054 ], [ -152.881652022999958, 60.097290312000041 ], [ -152.881450591999965, 60.097317023000073 ], [ -152.881234358999961, 60.097357809000073 ], [ -152.881018123999979, 60.097398593000037 ], [ -152.880860155999983, 60.097439061000046 ], [ -152.880836619999968, 60.097442980000039 ], [ -152.880520151999974, 60.097482927000044 ], [ -152.880246397999969, 60.097530328000062 ], [ -152.879900565999975, 60.097591323000074 ], [ -152.879498177999977, 60.09763054900003 ], [ -152.879254750999962, 60.097628513000075 ], [ -152.878896771999962, 60.097625518000029 ], [ -152.878482482999971, 60.097593658000051 ], [ -152.878453795999974, 60.097591382000076 ] ] ] } },
{ "type": "Feature", "properties": { "OBJECTID": 260154, "ID": 75005400029416.0, "Shape_Length": 0.031393899859909591 }, "geometry": { "type": "MultiLineString", "coordinates": [ [ [ -152.449039838999965, 60.409446306000063 ], [ -152.448825220999964, 60.409402937000038 ], [ -152.448612641999972, 60.409305092000068 ], [ -152.44856748899997, 60.409159737000039 ], [ -152.448712346999969, 60.409033603000069 ], [ -152.449046397999979, 60.408943717000056 ], [ -152.449379233999963, 60.408879375000083 ], [ -152.449520845999984, 60.408821359000058 ], [ -152.449698364999961, 60.408738197000048 ], [ -152.449911388999965, 60.408638401000076 ], [ -152.449969502999977, 60.408511272000055 ], [ -152.449854150999982, 60.408382153000048 ], [ -152.449684326999972, 60.408303529000079 ], [ -152.449652063999963, 60.408252042000072 ], [ -152.449638768999961, 60.408166691000076 ], [ -152.449644033999959, 60.40805599600003 ], [ -152.449613389999968, 60.407970446000036 ], [ -152.449444785999958, 60.407866277000039 ], [ -152.449345163999965, 60.407771418000038 ], [ -152.449280233999957, 60.407676956000046 ], [ -152.449250401999961, 60.407574378000049 ], [ -152.449326269999972, 60.407438931000058 ], [ -152.449573976999972, 60.407339533000027 ], [ -152.449802311999974, 60.407282512000052 ], [ -152.449943106999967, 60.407241528000043 ], [ -152.450085116999958, 60.407174997000027 ], [ -152.450262624999965, 60.407091834000028 ], [ -152.450511541999958, 60.406966889000046 ], [ -152.450673322999961, 60.40684946600004 ], [ -152.450937558999982, 60.406767296000055 ], [ -152.451117086999972, 60.406641554000032 ], [ -152.451157849999959, 60.40651422600007 ], [ -152.451040474999957, 60.40642768400005 ], [ -152.450748024999967, 60.406373216000077 ], [ -152.450404350999975, 60.40630112100007 ], [ -152.450254717999968, 60.406163092000043 ], [ -152.450314039999967, 60.406010416000072 ], [ -152.450406838999982, 60.405883682000081 ], [ -152.450291089999979, 60.405763080000042 ], [ -152.450034147999958, 60.40569197800005 ], [ -152.449864744999957, 60.40560484000008 ], [ -152.44981716199996, 60.40551057700003 ], [ -152.449822830999977, 60.405391365000071 ], [ -152.449794216999976, 60.405263242000046 ], [ -152.449693385999979, 60.405193927000028 ], [ -152.449521553999972, 60.405157879000058 ], [ -152.449258948999983, 60.405205987000045 ], [ -152.449132671999962, 60.405306776000032 ], [ -152.44902495499997, 60.405382218000057 ], [ -152.448797035999974, 60.405430723000052 ], [ -152.448517891999984, 60.40546160100007 ], [ -152.448256498999967, 60.405484160000071 ], [ -152.448013259999982, 60.405489891000059 ], [ -152.447824894999968, 60.405436609000049 ], [ -152.447638153999975, 60.405349269000055 ], [ -152.447470378999981, 60.405228067000053 ], [ -152.447442583999958, 60.405082912000069 ], [ -152.447621305999974, 60.404974207000066 ], [ -152.447731052999984, 60.404856190000032 ], [ -152.447700822999963, 60.404762125000047 ], [ -152.447478989999979, 60.404682901000058 ], [ -152.447117994999957, 60.40461059900008 ], [ -152.446757407999968, 60.404529781000065 ], [ -152.446535578999971, 60.404450555000039 ], [ -152.446523916999979, 60.404331145000072 ], [ -152.446495718999984, 60.404194505000078 ], [ -152.446431616999973, 60.404083012000058 ], [ -152.446181191999983, 60.403875661000029 ], [ -152.445839580999973, 60.403760979000083 ], [ -152.445460037999965, 60.403714019000063 ], [ -152.445113559999982, 60.403701516000069 ], [ -152.444834426999961, 60.403732385000069 ], [ -152.444657327999977, 60.403807027000028 ], [ -152.444444319999974, 60.403906814000038 ], [ -152.444251500999968, 60.403947196000047 ], [ -152.444081307999966, 60.40387707900004 ], [ -152.444034152999961, 60.403774299000077 ], [ -152.443970466999957, 60.403654291000066 ], [ -152.443607050999958, 60.40363306900008 ], [ -152.443463824999981, 60.403725139000073 ], [ -152.443300406999981, 60.403876612000033 ], [ -152.443124117999957, 60.403934223000078 ], [ -152.44290026799996, 60.403897567000058 ], [ -152.442535629999981, 60.403901887000075 ], [ -152.44223914799997, 60.403932552000072 ], [ -152.441997954999977, 60.403895695000074 ], [ -152.441828175999973, 60.403817060000051 ], [ -152.441866932999972, 60.403732310000066 ], [ -152.442130759999969, 60.403658671000073 ], [ -152.442359082999957, 60.403601662000028 ], [ -152.442432526999966, 60.403517310000041 ], [ -152.442367627999971, 60.403422846000069 ], [ -152.442111534999981, 60.403334698000037 ], [ -152.44180137799998, 60.40328852600004 ], [ -152.441474692999975, 60.403225124000073 ], [ -152.441127404999975, 60.403229641000053 ], [ -152.440880109999966, 60.403320508000036 ], [ -152.440547314999975, 60.403384829000061 ], [ -152.440321842999964, 60.403382229000044 ], [ -152.440157096999968, 60.403297455000029 ], [ -152.440153697999961, 60.403269533000071 ], [ -152.440158586999956, 60.403167352000082 ], [ -152.439971472999957, 60.403088516000082 ], [ -152.439695192999977, 60.403059769000038 ], [ -152.439437887999958, 60.402997162000077 ], [ -152.43921771899997, 60.402883865000035 ], [ -152.438963678999983, 60.402753135000069 ], [ -152.438739842999979, 60.402716472000066 ], [ -152.43844255199997, 60.402764159000071 ], [ -152.438263809999967, 60.40287285200003 ], [ -152.438102412999967, 60.40298174600008 ], [ -152.437926526999973, 60.40303083200007 ], [ -152.437736561999969, 60.403011599000081 ], [ -152.437515581999975, 60.402915328000063 ], [ -152.437332554999983, 60.402751339000076 ], [ -152.437185033999981, 60.40257071800005 ], [ -152.43694998099997, 60.402406126000074 ], [ -152.436559656999975, 60.402222699000049 ], [ -152.436135466999957, 60.402021839000042 ], [ -152.43569271299998, 60.40184632200004 ], [ -152.435266897999981, 60.401679521000062 ], [ -152.434774105999963, 60.401495470000043 ], [ -152.434412420999962, 60.401405518000047 ], [ -152.433988661999962, 60.401196135000077 ], [ -152.433840757999974, 60.401024027000062 ], [ -152.43384771199996, 60.400879272000054 ], [ -152.433855484999981, 60.40071748500003 ], [ -152.433759610999971, 60.400545979000071 ], [ -152.433768610999977, 60.400358648000065 ], [ -152.433707013999964, 60.400196058000063 ], [ -152.433592574999977, 60.400049896000041 ], [ -152.433355919999968, 60.399919357000044 ], [ -152.433082128999985, 60.399839507000081 ], [ -152.432684896999973, 60.399800825000057 ], [ -152.432339283999966, 60.399771259000033 ], [ -152.432011832999962, 60.399724865000053 ], [ -152.431719884999978, 60.399661840000078 ], [ -152.431514648999979, 60.399599821000038 ], [ -152.431369736999983, 60.399486306000028 ] ] ] } },
{ "type": "Feature", "properties": { "OBJECTID": 261346, "ID": 75005400041013.0, "Shape_Length": 0.00071579929554919713 }, "geometry": { "type": "MultiLineString", "coordinates": [ [ [ -152.745715161999982, 60.355034007000029 ], [ -152.745372077999974, 60.354945641000029 ], [ -152.745014075999961, 60.354895343000067 ] ] ] } },
{ "type": "Feature", "properties": { "OBJECTID": 264828, "ID": 75005400023859.0, "Shape_Length": 0.0055694757403551244 }, "geometry": { "type": "MultiLineString", "coordinates": [ [ [ -154.530368942999985, 59.03394975100008 ], [ -154.530376419999982, 59.033836111000028 ], [ -154.530356222999984, 59.033727320000082 ], [ -154.530299182999983, 59.03362814500008 ], [ -154.530223646999957, 59.03352904500008 ], [ -154.530138566999966, 59.033411050000041 ], [ -154.53003550699998, 59.033326265000028 ], [ -154.529904262999963, 59.033213192000062 ], [ -154.529735435999982, 59.033062402000041 ], [ -154.529594870999972, 59.032944633000056 ], [ -154.529472875999971, 59.032831523000027 ], [ -154.529331649999961, 59.032671153000081 ], [ -154.529284007999962, 59.032581407000066 ], [ -154.529254715999969, 59.032482119000065 ], [ -154.529271886999965, 59.032396843000072 ], [ -154.529298524999973, 59.032325728000046 ], [ -154.529389822999974, 59.032249617000048 ], [ -154.529481342999958, 59.03218770400008 ], [ -154.529573010999968, 59.032135260000075 ], [ -154.529682804999965, 59.032059072000038 ], [ -154.529755754999968, 59.031992502000037 ], [ -154.52984668299996, 59.031892723000055 ], [ -154.529854603999979, 59.031807484000069 ], [ -154.529825384999981, 59.031712929000037 ], [ -154.529768496999964, 59.031623221000075 ], [ -154.529702212999979, 59.031524083000079 ], [ -154.529654574999967, 59.031434338000054 ], [ -154.52962557799998, 59.031353983000031 ], [ -154.529605458999981, 59.031249924000065 ], [ -154.529585046999983, 59.031126930000028 ], [ -154.529545401999968, 59.030956679000042 ], [ -154.52952447399997, 59.030800552000073 ], [ -154.529513012999985, 59.030658588000051 ], [ -154.529464049999973, 59.030483640000057 ], [ -154.529443194999971, 59.030332246000057 ], [ -154.529404436999982, 59.030218795000053 ], [ -154.529338230999969, 59.030124392000062 ], [ -154.529224609999972, 59.029954441000029 ], [ -154.529139395999977, 59.029826978000074 ], [ -154.529026439999967, 59.029699629000049 ], [ -154.52897843599996, 59.029586215000052 ], [ -154.528921111999978, 59.029468106000081 ], [ -154.528899665999973, 59.029330826000034 ] ] ] } },
{ "type": "Feature", "properties": { "OBJECTID": 265550, "ID": 75005400031008.0, "Shape_Length": 0.020477835409214933 }, "geometry": { "type": "MultiLineString", "coordinates": [ [ [ -154.178291237999957, 58.883664311000075 ], [ -154.178760433999969, 58.88374748800004 ], [ -154.179311097999971, 58.883820072000049 ], [ -154.179841385999964, 58.883892682000067 ], [ -154.180391945999958, 58.883944304000067 ], [ -154.180860926999969, 58.883985562000078 ], [ -154.181472798999977, 58.884068528000057 ], [ -154.182064628999967, 58.884214390000068 ], [ -154.182595657999968, 58.88442320200005 ], [ -154.183147127999973, 58.884642463000034 ], [ -154.183637406999964, 58.88485133000006 ], [ -154.184066149999978, 58.884986936000075 ], [ -154.18459703299996, 58.885164307000082 ], [ -154.185189575999971, 58.885435890000053 ], [ -154.185721438999963, 58.885791383000083 ], [ -154.186252454999959, 58.885989702000074 ], [ -154.187376288999957, 58.886501505000069 ], [ -154.187845833999972, 58.886637040000039 ], [ -154.188478152999977, 58.886719944000049 ], [ -154.188865477999968, 58.886729857000034 ], [ -154.189374924999981, 58.886708154000075 ], [ -154.189823165999968, 58.886676062000049 ], [ -154.190373024999957, 58.886591428000031 ], [ -154.19092270799996, 58.886475358000041 ], [ -154.191472324999978, 58.886348805000068 ], [ -154.192022058999981, 58.886243210000032 ], [ -154.192775904999962, 58.886189696000031 ], [ -154.193530461999984, 58.886261915000034 ], [ -154.194162966999983, 58.88637622400006 ], [ -154.194672943999961, 58.886448804000054 ], [ -154.195141917999962, 58.886479532000067 ], [ -154.195569766999967, 58.886447449000059 ], [ -154.196037959999984, 58.886341959000049 ], [ -154.196485404999976, 58.886173628000051 ], [ -154.196830875999979, 58.885994974000027 ], [ -154.197135395999965, 58.885784947000047 ], [ -154.197460354999976, 58.885585366000043 ], [ -154.197909590999984, 58.885427224000068 ] ] ] } },
{ "type": "Feature", "properties": { "OBJECTID": 267989, "ID": 75005400006346.0, "Shape_Length": 0.014362542277546181 }, "geometry": { "type": "MultiLineString", "coordinates": [ [ [ -154.463900054999982, 58.962321791000079 ], [ -154.463794007999979, 58.962353378000046 ], [ -154.463645431999964, 58.962419625000052 ], [ -154.463475800999959, 58.962507853000034 ], [ -154.463241959999976, 58.962585360000048 ], [ -154.462816535999963, 58.962707360000081 ], [ -154.462327346999984, 58.962851492000027 ], [ -154.461902359999982, 58.963006345000053 ], [ -154.461286524999963, 58.963260452000043 ], [ -154.461257391999965, 58.963270204000082 ], [ -154.461206130999983, 58.963294163000057 ], [ -154.460664301999969, 58.963500556000042 ], [ -154.459933293999967, 58.963732038000046 ], [ -154.459777737999957, 58.963788657000066 ], [ -154.459208074999964, 58.964089944000079 ], [ -154.459100457999966, 58.964131072000043 ], [ -154.458856774999958, 58.96420598800006 ], [ -154.458758038999974, 58.964246202000027 ], [ -154.458625859999984, 58.964331753000067 ], [ -154.458566745999974, 58.964401133000081 ], [ -154.458547550999981, 58.964443662000065 ], [ -154.458522269999975, 58.964606902000071 ], [ -154.458537779999972, 58.964929461000054 ], [ -154.458367352999971, 58.965108311000051 ], [ -154.458038881999983, 58.965560961000051 ], [ -154.457997285999966, 58.965606643000058 ], [ -154.457840500999964, 58.965846549000048 ], [ -154.457523410999983, 58.966088626000044 ], [ -154.457226788999975, 58.966264916000057 ], [ -154.456950785999965, 58.966386369000077 ], [ -154.456717197999978, 58.966485767000052 ], [ -154.456547379999961, 58.966563033000057 ], [ -154.456420714999979, 58.966673006000065 ], [ -154.456422916999969, 58.966837288000079 ], [ -154.456467387999965, 58.966968562000034 ], [ -154.456490212999967, 58.967078007000055 ], [ -154.456491681999978, 58.967187528000068 ], [ -154.456407725999981, 58.967297350000081 ], [ -154.456238196999976, 58.967396521000069 ], [ -154.456047751999961, 58.967528624000067 ], [ -154.455793383999975, 58.967671902000063 ], [ -154.455517361999966, 58.967793352000058 ], [ -154.455071075999967, 58.96795921100005 ], [ -154.454917725999962, 58.968019983000033 ], [ -154.454892778999977, 58.968039881000038 ], [ -154.454729593999957, 58.968115823000062 ], [ -154.454470589999971, 58.968193192000058 ], [ -154.453610966999975, 58.968386580000072 ], [ -154.453262454999958, 58.968477220000068 ], [ -154.452114738999967, 58.968889582000031 ] ] ] } },
{ "type": "Feature", "properties": { "OBJECTID": 269092, "ID": 75005400015995.0, "Shape_Length": 0.0071063094490839045 }, "geometry": { "type": "MultiLineString", "coordinates": [ [ [ -153.292545177999983, 59.927017812000031 ], [ -153.292193719999972, 59.926795906000052 ], [ -153.29184302799996, 59.926538512000036 ], [ -153.29147748699998, 59.92630943100005 ], [ -153.291012835999965, 59.92605142900004 ], [ -153.29046180399996, 59.925835554000059 ], [ -153.289966847999978, 59.925662564000049 ], [ -153.289514023999971, 59.925518189000059 ], [ -153.28903423899996, 59.925302688000045 ], [ -153.288680405999969, 59.925086486000055 ], [ -153.288479664999983, 59.925015444000053 ], [ -153.288214776999979, 59.924875427000075 ], [ -153.287879979999957, 59.92470501300005 ], [ -153.287736467999963, 59.924535621000075 ], [ -153.287651026999981, 59.924403197000061 ], [ -153.287521915999974, 59.924248546000058 ], [ -153.287407677999965, 59.924086641000031 ], [ -153.287292810999958, 59.923954059000039 ], [ -153.287163703999965, 59.923799406000057 ], [ -153.286989825999967, 59.92367383900006 ], [ -153.286801234999984, 59.923548194000034 ], [ -153.28656897999997, 59.923400322000077 ] ] ] } },
{ "type": "Feature", "properties": { "OBJECTID": 269211, "ID": 75005400016991.0, "Shape_Length": 0.012750635771874436 }, "geometry": { "type": "MultiLineString", "coordinates": [ [ [ -152.788528533999965, 59.951901053000029 ], [ -152.788197111999978, 59.951817382000058 ], [ -152.788042379999979, 59.951759186000061 ], [ -152.787917720999957, 59.951658669000039 ], [ -152.78783557099996, 59.95156563900008 ], [ -152.787738643999973, 59.951486670000065 ], [ -152.787541148999964, 59.951428085000032 ], [ -152.787243344999979, 59.951382785000078 ], [ -152.786916771999984, 59.951344322000068 ], [ -152.786546127999969, 59.951340950000031 ], [ -152.786261019999984, 59.951338356000065 ], [ -152.785975129999969, 59.951357052000048 ], [ -152.785760514999964, 59.951376394000079 ], [ -152.785431594999977, 59.951401794000049 ], [ -152.785088420999983, 59.951427065000075 ], [ -152.784760543999965, 59.951424079000049 ], [ -152.784504986999963, 59.95139335500005 ], [ -152.784193976999973, 59.95131953200007 ], [ -152.78394103499997, 59.951217843000052 ], [ -152.783717645999957, 59.951088028000072 ], [ -152.783495044999967, 59.950936923000029 ], [ -152.783243674999966, 59.950792654000054 ], [ -152.782948494999971, 59.950676379000072 ], [ -152.782609507999979, 59.950588100000061 ], [ -152.782241225999968, 59.950520848000053 ], [ -152.781872947999972, 59.950453597000035 ], [ -152.781561429999982, 59.950393960000042 ], [ -152.781279728999976, 59.950299102000031 ], [ -152.781056620999976, 59.950162185000067 ], [ -152.780847768999962, 59.950025399000083 ], [ -152.780580851999957, 59.949916477000045 ], [ -152.780300468999968, 59.949786133000032 ], [ -152.78002165999996, 59.949613212000031 ], [ -152.779757106999966, 59.94944042000003 ], [ -152.779463522999976, 59.949281559000042 ], [ -152.779141695999982, 59.949115340000048 ], [ -152.778805093999978, 59.948963184000036 ], [ -152.778353934999984, 59.948824175000027 ], [ -152.777702170999959, 59.948711720000063 ], [ -152.777119057999982, 59.948670881000055 ], [ -152.776688654999958, 59.948626606000062 ], [ -152.776523162999979, 59.948580467000056 ] ] ] } },
{ "type": "Feature", "properties": { "OBJECTID": 271808, "ID": 75005400040964.0, "Shape_Length": 0.032944405966357539 }, "geometry": { "type": "MultiLineString", "coordinates": [ [ [ -152.761740465999964, 60.377430846000038 ], [ -152.761288537999974, 60.37728474000005 ], [ -152.760862031999977, 60.377103375000047 ], [ -152.760533153999972, 60.376887413000077 ], [ -152.760154344999961, 60.376718313000083 ], [ -152.759677467999978, 60.376595633000079 ], [ -152.759299565999981, 60.376402878000079 ], [ -152.759067876999978, 60.376164144000029 ], [ -152.75900601799998, 60.375891477000039 ], [ -152.75904043099996, 60.375619695000069 ], [ -152.759075293999985, 60.375336086000061 ], [ -152.759086088999965, 60.37505225600006 ], [ -152.758977895999976, 60.374731843000063 ], [ -152.758847436999957, 60.374363903000074 ], [ -152.758669298999962, 60.373983695000049 ], [ -152.758562463999965, 60.373627802000044 ], [ -152.758454731999961, 60.373295561000077 ], [ -152.758346099999983, 60.372986973000081 ], [ -152.758138508999963, 60.372748459000036 ], [ -152.75785602299996, 60.372580236000033 ], [ -152.75735604999997, 60.372433676000071 ], [ -152.756905112999959, 60.372263902000043 ], [ -152.756573156999963, 60.372130715000083 ], [ -152.756122678999958, 60.371949113000028 ], [ -152.755676263999959, 60.371661072000052 ], [ -152.755416000999958, 60.37147679900005 ], [ -152.755403722999972, 60.371232668000061 ], [ -152.755434552999958, 60.371055496000054 ], [ -152.75549215199996, 60.370807589000037 ], [ -152.755621942999966, 60.370560346000048 ], [ -152.755775797999974, 60.370313324000051 ], [ -152.755953712999968, 60.370066525000027 ], [ -152.756033565999957, 60.369866144000071 ], [ -152.756066195999978, 60.369641666000064 ], [ -152.75600392299998, 60.369380824000075 ], [ -152.755895328999969, 60.369072234000043 ], [ -152.75568868199997, 60.368810063000069 ], [ -152.755334506999958, 60.368629345000045 ], [ -152.754933560999973, 60.368412703000047 ], [ -152.754581648999959, 60.368172851000054 ], [ -152.75406221199998, 60.367907794000075 ], [ -152.753711666999976, 60.367632462000074 ], [ -152.753410155999973, 60.367333920000078 ], [ -152.753036916999974, 60.36702288400005 ], [ -152.752637814999957, 60.366758932000039 ], [ -152.752092997999966, 60.366529123000078 ], [ -152.751642621999963, 60.366347505000078 ], [ -152.751169547999979, 60.366130187000067 ], [ -152.750818593999981, 60.365866672000038 ], [ -152.750590210999974, 60.365545139000062 ], [ -152.750433561999984, 60.365236099000072 ], [ -152.750230604999985, 60.364879309000059 ], [ -152.750050355999974, 60.364558220000049 ], [ -152.749917773999982, 60.364249402000041 ], [ -152.749688505999984, 60.363951520000057 ], [ -152.749337133999973, 60.363699829000041 ], [ -152.748963974999981, 60.363388782000072 ], [ -152.748540891999966, 60.363124595000045 ], [ -152.748165479999983, 60.362872677000041 ], [ -152.747886306999959, 60.36262165100004 ], [ -152.747818787999961, 60.36244780100003 ], [ -152.747774635999974, 60.362395838000054 ], [ -152.74769110799997, 60.362063812000031 ], [ -152.747777344999975, 60.361697867000032 ], [ -152.747839522999982, 60.361331700000051 ], [ -152.747779600999962, 60.361011723000047 ], [ -152.747693354999967, 60.360750653000082 ], [ -152.747630710999971, 60.360501633000069 ], [ -152.747522224999983, 60.360193037000045 ], [ -152.74743688999996, 60.359908315000041 ], [ -152.74732704699997, 60.359635196000056 ], [ -152.747070600999962, 60.359419870000067 ], [ -152.746692518999964, 60.359238905000041 ], [ -152.746359828999971, 60.359129344000053 ], [ -152.746050738999969, 60.359031830000049 ], [ -152.745669939999971, 60.358921821000081 ], [ -152.745315925999961, 60.358741076000058 ], [ -152.745128031999968, 60.358621026000037 ], [ -152.744903391999969, 60.358204873000034 ], [ -152.744838956999985, 60.358003157000041 ], [ -152.744727777999969, 60.35776551500004 ], [ -152.744471818999983, 60.357538356000077 ], [ -152.744240371999979, 60.357299596000075 ], [ -152.744108330999978, 60.356978946000027 ], [ -152.744095195999961, 60.356694894000043 ], [ -152.744129257999958, 60.356434940000042 ], [ -152.744165138999961, 60.356127681000032 ], [ -152.744105714999961, 60.355795876000059 ], [ -152.743999097999961, 60.355439971000067 ], [ -152.743868431999971, 60.355083842000056 ], [ -152.743709619999976, 60.354833925000037 ], [ -152.743620691999979, 60.354643810000027 ], [ -152.74352994299997, 60.354501001000074 ] ] ] } },
{ "type": "Feature", "properties": { "OBJECTID": 275373, "ID": 75005400024975.0, "Shape_Length": 0.031082623292632068 }, "geometry": { "type": "MultiLineString", "coordinates": [ [ [ -154.199713161999966, 58.86332901600008 ], [ -154.19919859899997, 58.863462364000043 ], [ -154.198905112999967, 58.863633241000059 ], [ -154.19857525499998, 58.863879918000066 ], [ -154.198172648999957, 58.864278195000054 ], [ -154.197990900999969, 58.864676132000056 ], [ -154.197955625999981, 58.864941291000036 ], [ -154.197846837999975, 58.865225500000065 ], [ -154.197848262999969, 58.865471667000065 ], [ -154.197812985999974, 58.865736826000045 ], [ -154.197961661999983, 58.865982767000048 ], [ -154.198073415999971, 58.86620982900007 ], [ -154.198222095999967, 58.866455770000073 ], [ -154.198253028999972, 58.866499906000058 ], [ -154.198297259999975, 58.866720760000078 ], [ -154.198483307999965, 58.86706132300003 ], [ -154.198595619999963, 58.86738306400008 ], [ -154.198597381999974, 58.867686038000045 ], [ -154.198525623999984, 58.868008062000058 ], [ -154.198453643999983, 58.868292213000075 ], [ -154.198161761999984, 58.868747126000073 ], [ -154.198052960999973, 58.869031334000056 ], [ -154.197870308999967, 58.869277784000076 ], [ -154.19768787199996, 58.869562103000078 ], [ -154.19746817799998, 58.869770736000078 ], [ -154.197285409999978, 58.869998248000059 ], [ -154.197139452999977, 58.870225703000074 ], [ -154.196882934999962, 58.87043439100006 ], [ -154.196700046999979, 58.870642966000048 ], [ -154.196517049999983, 58.870832605000032 ], [ -154.196151482999966, 58.871287625000036 ], [ -154.196005621999973, 58.871534015000066 ], [ -154.19582294099996, 58.871780461000071 ], [ -154.195640258999958, 58.872026905000041 ], [ -154.19556835399996, 58.872329991000072 ], [ -154.195459846999967, 58.87267100400004 ], [ -154.195240876999975, 58.873012183000071 ], [ -154.194948045999979, 58.873315601000058 ], [ -154.194802923999958, 58.873694541000077 ], [ -154.194694836999957, 58.874111295000034 ], [ -154.194733925999969, 58.874508892000051 ], [ -154.194883049999959, 58.874830578000058 ], [ -154.195120177999968, 58.875142874000062 ], [ -154.195174004999984, 58.875505709000038 ], [ -154.195557604999976, 58.876067975000069 ], [ -154.19558360299996, 58.876822309000033 ], [ -154.195362470999981, 58.87745297500004 ], [ -154.195531671999959, 58.882355509000035 ], [ -154.195923311999962, 58.883144240000036 ], [ -154.196073018999982, 58.883274208000046 ], [ -154.196332360999975, 58.883538915000031 ], [ -154.196554547999966, 58.883746872000074 ], [ -154.196776627999981, 58.883935893000057 ], [ -154.197109537999978, 58.88418155200003 ], [ -154.197442010999964, 58.884351467000045 ], [ -154.197811320999961, 58.884521325000037 ], [ -154.198290801999974, 58.884634205000054 ], [ -154.198954561999983, 58.884765736000077 ], [ -154.199543994999971, 58.88478376300003 ], [ -154.200206984999966, 58.88478273700008 ], [ -154.200943639999963, 58.884781593000071 ], [ -154.201680628999981, 58.884837251000079 ], [ -154.202454229999972, 58.884854977000032 ], [ -154.203338217999971, 58.884853589000045 ], [ -154.203927543999981, 58.884852661000082 ] ] ] } }
]
}
