{
"type": "FeatureCollection",
"name": "schism_lake_erie_full_boundary",
"crs": { "type": "name", "properties": { "name": "urn:ogc:def:crs:OGC:1.3:CRS84" } },
"features": [
{ "type": "Feature", "properties": { }, "geometry": { "type": "Polygon", "coordinates": [ [ [ -81.5320046, 41.6318745 ], [ -81.5385445, 41.6281627 ], [ -81.5459524, 41.6239581 ], [ -81.5519464, 41.6198795 ], [ -81.5568083, 41.6164918 ], [ -81.5607942, 41.6137143 ], [ -81.5640609, 41.6114378 ], [ -81.5667178, 41.6095544 ], [ -81.5688711, 41.607996 ], [ -81.5706395, 41.606716 ], [ -81.5720913, 41.6056651 ], [ -81.5732754, 41.6048081 ], [ -81.5742507, 41.6041021 ], [ -81.5750533, 41.6035212 ], [ -81.5757122, 41.6030442 ], [ -81.5762523, 41.6026532 ], [ -81.5766961, 41.6023321 ], [ -81.5770605, 41.6020683 ], [ -81.5773576, 41.6018533 ], [ -81.5776008, 41.6016771 ], [ -81.5777976, 41.6015347 ], [ -81.5779651, 41.6014134 ], [ -81.5781215, 41.6013002 ], [ -81.5783036, 41.6011684 ], [ -81.5785209, 41.6010112 ], [ -81.5787844, 41.6008204 ], [ -81.5790976, 41.6005937 ], [ -81.5794809, 41.6003162 ], [ -81.5799498, 41.5999768 ], [ -81.5805219, 41.5995626 ], [ -81.5812215, 41.5990562 ], [ -81.582074, 41.5984391 ], [ -81.5831129, 41.5976871 ], [ -81.5843889, 41.5967807 ], [ -81.585989, 41.5957095 ], [ -81.5879425, 41.5944019 ], [ -81.5903266, 41.592806 ], [ -81.5932369, 41.5908578 ], [ -81.59679, 41.5884792 ], [ -81.6006638, 41.5858858 ], [ -81.6038864, 41.5837386 ], [ -81.6065663, 41.5820188 ], [ -81.6087656, 41.5806075 ], [ -81.6105637, 41.5794536 ], [ -81.6120378, 41.5785076 ], [ -81.6132446, 41.5777331 ], [ -81.6142337, 41.5770983 ], [ -81.6150419, 41.5765796 ], [ -81.6157071, 41.5761527 ], [ -81.6162475, 41.5758059 ], [ -81.6166922, 41.5755205 ], [ -81.6170595, 41.5752849 ], [ -81.6173588, 41.5750927 ], [ -81.6176131, 41.5749295 ], [ -81.6178238, 41.5747943 ], [ -81.6179933, 41.5746855 ], [ -81.6181595, 41.5745788 ], [ -81.6183574, 41.5744518 ], [ -81.6185979, 41.5742974 ], [ -81.6188916, 41.574109 ], [ -81.6192452, 41.573882 ], [ -81.6196816, 41.573602 ], [ -81.620212, 41.5732615 ], [ -81.6208588, 41.5728464 ], [ -81.6216455, 41.5723416 ], [ -81.6226067, 41.5717246 ], [ -81.6237783, 41.5709726 ], [ -81.6252959, 41.5701498 ], [ -81.6273104, 41.5693289 ], [ -81.6297638, 41.5683293 ], [ -81.6327534, 41.5671111 ], [ -81.6363962, 41.5656267 ], [ -81.6406513, 41.5638927 ], [ -81.6443578, 41.5623822 ], [ -81.6474008, 41.5611422 ], [ -81.6499041, 41.5601393 ], [ -81.6519584, 41.5593231 ], [ -81.6536451, 41.5586529 ], [ -81.6550251, 41.5581046 ], [ -81.6561623, 41.5576528 ], [ -81.6570991, 41.5572805 ], [ -81.6578746, 41.5569724 ], [ -81.6585178, 41.5567169 ], [ -81.6590561, 41.556503 ], [ -81.659513, 41.5563214 ], [ -81.6598938, 41.5561701 ], [ -81.6602114, 41.5560439 ], [ -81.6604721, 41.5559404 ], [ -81.6606887, 41.5558543 ], [ -81.6608796, 41.5557784 ], [ -81.661077, 41.5557 ], [ -81.661324, 41.5556018 ], [ -81.6616107, 41.5554879 ], [ -81.6619669, 41.5553464 ], [ -81.6624009, 41.555174 ], [ -81.6629318, 41.554963 ], [ -81.6635717, 41.5547088 ], [ -81.6643573, 41.5543966 ], [ -81.6653167, 41.5540153 ], [ -81.6664883, 41.5535499 ], [ -81.667917, 41.5529821 ], [ -81.6696636, 41.5522881 ], [ -81.6717431, 41.551382 ], [ -81.6742458, 41.5502542 ], [ -81.6772922, 41.5488814 ], [ -81.6810022, 41.5472094 ], [ -81.6855283, 41.5451696 ], [ -81.691049, 41.5426816 ], [ -81.697668, 41.5394953 ], [ -81.7045069, 41.536168 ], [ -81.7101209, 41.5334364 ], [ -81.7145621, 41.5310385 ], [ -81.7180106, 41.5288805 ], [ -81.7208347, 41.5271133 ], [ -81.7231472, 41.5256661 ], [ -81.7250383, 41.5244826 ], [ -81.7265858, 41.5235142 ], [ -81.7278558, 41.5227194 ], [ -81.7288932, 41.5220702 ], [ -81.7297427, 41.5215385 ], [ -81.730437, 41.521104 ], [ -81.7310063, 41.5207477 ], [ -81.7315827, 41.5206111 ], [ -81.7320779, 41.5205146 ], [ -81.7324926, 41.5204338 ], [ -81.7328383, 41.5203664 ], [ -81.7331233, 41.5203108 ], [ -81.733359, 41.5202649 ], [ -81.7335523, 41.5202272 ], [ -81.7337612, 41.5201865 ], [ -81.7340092, 41.5201382 ], [ -81.7343003, 41.5200815 ], [ -81.7346511, 41.5200131 ], [ -81.7350608, 41.5199332 ], [ -81.7355547, 41.5198369 ], [ -81.7361478, 41.5197214 ], [ -81.7368648, 41.5195816 ], [ -81.737723, 41.5194144 ], [ -81.7387573, 41.5192128 ], [ -81.7400008, 41.5189704 ], [ -81.7414973, 41.5186787 ], [ -81.7432969, 41.518328 ], [ -81.7454629, 41.5179058 ], [ -81.7480689, 41.5173979 ], [ -81.7512046, 41.5167868 ], [ -81.7550276, 41.5162641 ], [ -81.7596092, 41.5156977 ], [ -81.7650798, 41.5150213 ], [ -81.7714345, 41.5142357 ], [ -81.7787605, 41.5136676 ], [ -81.786864, 41.5135018 ], [ -81.7940029, 41.5133557 ], [ -81.8001054, 41.5132104 ], [ -81.8053278, 41.5128401 ], [ -81.8098307, 41.5125208 ], [ -81.8137146, 41.5122454 ], [ -81.8170651, 41.5120078 ], [ -81.8199543, 41.511803 ], [ -81.8224466, 41.5116262 ], [ -81.8245948, 41.5114709 ], [ -81.8264471, 41.5113205 ], [ -81.8280483, 41.5111905 ], [ -81.8294361, 41.5110778 ], [ -81.8306357, 41.5109803 ], [ -81.8316726, 41.5108961 ], [ -81.8325732, 41.510823 ], [ -81.8333461, 41.5107602 ], [ -81.8340189, 41.5107056 ], [ -81.8346008, 41.5106583 ], [ -81.835098, 41.5106179 ], [ -81.8355326, 41.5105826 ], [ -81.8359144, 41.5105516 ], [ -81.8362434, 41.510525 ], [ -81.8365152, 41.5105029 ], [ -81.8367514, 41.5104837 ], [ -81.8369663, 41.5104662 ], [ -81.8371816, 41.5104487 ], [ -81.8374074, 41.5104304 ], [ -81.8376614, 41.5104098 ], [ -81.8379492, 41.5103864 ], [ -81.8382849, 41.5103591 ], [ -81.8386758, 41.5103274 ], [ -81.8391262, 41.5102908 ], [ -81.8396483, 41.5102485 ], [ -81.840245, 41.5102 ], [ -81.8409432, 41.5101433 ], [ -81.8417429, 41.5100783 ], [ -81.8426792, 41.5100023 ], [ -81.8437527, 41.5099151 ], [ -81.8449974, 41.509814 ], [ -81.8464392, 41.5096969 ], [ -81.8481064, 41.5095615 ], [ -81.8500409, 41.5094299 ], [ -81.8522902, 41.509297 ], [ -81.8549027, 41.5091426 ], [ -81.8579321, 41.5089637 ], [ -81.8614408, 41.5087563 ], [ -81.8655678, 41.5085125 ], [ -81.8704809, 41.5082222 ], [ -81.8763875, 41.5081888 ], [ -81.8833796, 41.5085258 ], [ -81.8900895, 41.5088492 ], [ -81.8963984, 41.5091533 ], [ -81.9025508, 41.5096264 ], [ -81.9085325, 41.5101642 ], [ -81.9144646, 41.5106975 ], [ -81.9204038, 41.5112315 ], [ -81.9261928, 41.5120733 ], [ -81.9319117, 41.513918 ], [ -81.9381456, 41.5159288 ], [ -81.9451506, 41.5181883 ], [ -81.9532838, 41.5206376 ], [ -81.9624703, 41.5230323 ], [ -81.9705981, 41.5251509 ], [ -81.9776643, 41.5266639 ], [ -81.983849, 41.5276373 ], [ -81.9892454, 41.5284866 ], [ -81.9940734, 41.5292465 ], [ -81.9985331, 41.5299484 ], [ -82.0028113, 41.5299418 ], [ -82.0069044, 41.5298885 ], [ -82.0109766, 41.5298356 ], [ -82.0151883, 41.5297808 ], [ -82.019637, 41.529723 ], [ -82.0240871, 41.5296593 ], [ -82.0286876, 41.5295515 ], [ -82.0336191, 41.529436 ], [ -82.0390868, 41.529308 ], [ -82.0453157, 41.5291622 ], [ -82.0518214, 41.5272168 ], [ -82.0589558, 41.5245721 ], [ -82.0661522, 41.5219044 ], [ -82.0724778, 41.519979 ], [ -82.0784023, 41.5188471 ], [ -82.0838879, 41.5177991 ], [ -82.0891605, 41.5167918 ], [ -82.0944403, 41.515783 ], [ -82.0998357, 41.5145094 ], [ -82.1055374, 41.5130107 ], [ -82.1118211, 41.5113591 ], [ -82.1189472, 41.5094859 ], [ -82.1271741, 41.5072572 ], [ -82.1368414, 41.5046181 ], [ -82.1471408, 41.5017286 ], [ -82.1558591, 41.4990892 ], [ -82.163074, 41.496905 ], [ -82.1689864, 41.4950475 ], [ -82.1737124, 41.4932892 ], [ -82.177593, 41.4918454 ], [ -82.1807821, 41.4906588 ], [ -82.1834014, 41.4896843 ], [ -82.1855543, 41.4888833 ], [ -82.1873237, 41.4882249 ], [ -82.1887767, 41.4876843 ], [ -82.1899694, 41.4872405 ], [ -82.1909516, 41.4868727 ], [ -82.1917259, 41.4865324 ], [ -82.1923592, 41.4862528 ], [ -82.1928767, 41.4860243 ], [ -82.1933073, 41.4858341 ], [ -82.1936543, 41.4856809 ], [ -82.1939381, 41.4855555 ], [ -82.1941752, 41.4854509 ], [ -82.1943753, 41.4853625 ], [ -82.1945623, 41.4852799 ], [ -82.1947685, 41.4851889 ], [ -82.1950213, 41.4850772 ], [ -82.1953224, 41.4849443 ], [ -82.1956872, 41.4847832 ], [ -82.1961339, 41.4845859 ], [ -82.1966729, 41.4843479 ], [ -82.1973258, 41.4840596 ], [ -82.1981201, 41.4837088 ], [ -82.1990891, 41.4832809 ], [ -82.2002708, 41.4827591 ], [ -82.2017135, 41.4821219 ], [ -82.2034734, 41.4813448 ], [ -82.2056196, 41.4803969 ], [ -82.2082386, 41.4792403 ], [ -82.2114347, 41.4778288 ], [ -82.2153529, 41.4761375 ], [ -82.2199876, 41.4741683 ], [ -82.2241336, 41.4724069 ], [ -82.2276167, 41.4709269 ], [ -82.2305433, 41.4696835 ], [ -82.2330024, 41.4686386 ], [ -82.2350552, 41.4677431 ], [ -82.2366876, 41.4668631 ], [ -82.2380761, 41.4661146 ], [ -82.2392549, 41.4654792 ], [ -82.2402564, 41.4649392 ], [ -82.2411085, 41.4644799 ], [ -82.2418325, 41.4640896 ], [ -82.2424482, 41.4637577 ], [ -82.2429734, 41.4634745 ], [ -82.2434219, 41.4632328 ], [ -82.2438026, 41.4630275 ], [ -82.2441318, 41.4628501 ], [ -82.2444026, 41.4627041 ], [ -82.2446296, 41.4625817 ], [ -82.2448345, 41.4624713 ], [ -82.2449989, 41.4623826 ], [ -82.2451608, 41.4622954 ], [ -82.245353, 41.4621916 ], [ -82.2455816, 41.4620685 ], [ -82.2458609, 41.4619179 ], [ -82.2461813, 41.4617451 ], [ -82.2465588, 41.4615417 ], [ -82.2469994, 41.4613041 ], [ -82.2475168, 41.4610252 ], [ -82.2481251, 41.4606973 ], [ -82.2488441, 41.4603096 ], [ -82.2496882, 41.4598545 ], [ -82.2506809, 41.4593194 ], [ -82.2518475, 41.4586904 ], [ -82.2532238, 41.4579483 ], [ -82.2550613, 41.4574393 ], [ -82.2574518, 41.4571121 ], [ -82.260363, 41.4567135 ], [ -82.2639085, 41.4562282 ], [ -82.2682232, 41.4556376 ], [ -82.2734767, 41.4549184 ], [ -82.2797824, 41.454109 ], [ -82.2864774, 41.4532703 ], [ -82.2929354, 41.4524611 ], [ -82.2991798, 41.4516787 ], [ -82.3055171, 41.4512617 ], [ -82.3122009, 41.4508333 ], [ -82.3195045, 41.4503652 ], [ -82.3276177, 41.4494075 ], [ -82.3357748, 41.4481584 ], [ -82.3428877, 41.4470691 ], [ -82.3491748, 41.4459782 ], [ -82.3545024, 41.4448677 ], [ -82.3589241, 41.4439459 ], [ -82.3625939, 41.443181 ], [ -82.3656404, 41.4425459 ], [ -82.3681703, 41.4420185 ], [ -82.3701422, 41.4413471 ], [ -82.371735, 41.4407437 ], [ -82.3730424, 41.4402484 ], [ -82.3741157, 41.4398419 ], [ -82.3749983, 41.4395076 ], [ -82.3757283, 41.4392309 ], [ -82.3763241, 41.4390053 ], [ -82.3768115, 41.4388206 ], [ -82.3772113, 41.4386692 ], [ -82.3775388, 41.4385452 ], [ -82.3778086, 41.4384429 ], [ -82.3780318, 41.4383584 ], [ -82.3782264, 41.4382847 ], [ -82.3784213, 41.4382108 ], [ -82.378644, 41.4381265 ], [ -82.378915, 41.4380238 ], [ -82.3792424, 41.4378997 ], [ -82.3796451, 41.4377472 ], [ -82.380124, 41.4375658 ], [ -82.3807036, 41.4373462 ], [ -82.3814083, 41.4370793 ], [ -82.3822732, 41.4367516 ], [ -82.3833237, 41.4363536 ], [ -82.3846003, 41.43587 ], [ -82.3861534, 41.4352814 ], [ -82.3880442, 41.4345649 ], [ -82.3903456, 41.4336927 ], [ -82.3931455, 41.4326318 ], [ -82.3965561, 41.4313392 ], [ -82.4006604, 41.4297838 ], [ -82.4047585, 41.428223 ], [ -82.4085899, 41.4266046 ], [ -82.4123905, 41.4249992 ], [ -82.4163196, 41.4233395 ], [ -82.4205412, 41.4215562 ], [ -82.4251367, 41.4196149 ], [ -82.429582, 41.4175822 ], [ -82.4336208, 41.4155997 ], [ -82.4372312, 41.4138273 ], [ -82.4401925, 41.4123736 ], [ -82.442618, 41.4111828 ], [ -82.4446028, 41.4102085 ], [ -82.4462268, 41.4094112 ], [ -82.4475605, 41.4087564 ], [ -82.4486521, 41.4082205 ], [ -82.4495439, 41.4077827 ], [ -82.4503068, 41.4074709 ], [ -82.4509997, 41.4073023 ], [ -82.4515732, 41.4071628 ], [ -82.4520406, 41.407049 ], [ -82.4524267, 41.4069551 ], [ -82.4527531, 41.4068756 ], [ -82.4530229, 41.40681 ], [ -82.4532646, 41.4067512 ], [ -82.4534538, 41.4067051 ], [ -82.4536607, 41.4066547 ], [ -82.4539089, 41.4065944 ], [ -82.4541969, 41.4065243 ], [ -82.4545505, 41.4064383 ], [ -82.4549789, 41.406334 ], [ -82.4555006, 41.406207 ], [ -82.4561269, 41.4060546 ], [ -82.4568827, 41.4058707 ], [ -82.4577969, 41.4056482 ], [ -82.4589015, 41.4053794 ], [ -82.4602309, 41.4050558 ], [ -82.461841, 41.404664 ], [ -82.4637836, 41.4041913 ], [ -82.4661301, 41.4036202 ], [ -82.4689667, 41.4029299 ], [ -82.4723931, 41.402096 ], [ -82.4766105, 41.4014056 ], [ -82.4813712, 41.401064 ], [ -82.4864493, 41.4006995 ], [ -82.4913237, 41.4003498 ], [ -82.4953192, 41.400063 ], [ -82.498598, 41.3999797 ], [ -82.5012926, 41.4000692 ], [ -82.5034958, 41.4001424 ], [ -82.505303, 41.4002024 ], [ -82.5067766, 41.4002513 ], [ -82.5079941, 41.4002918 ], [ -82.508986, 41.4003247 ], [ -82.5097913, 41.4003515 ], [ -82.5104513, 41.4003734 ], [ -82.5109965, 41.4003916 ], [ -82.511447, 41.4004065 ], [ -82.5118233, 41.400419 ], [ -82.5121266, 41.4004291 ], [ -82.5123729, 41.4004373 ], [ -82.512576, 41.400444 ], [ -82.5127984, 41.4004514 ], [ -82.5130675, 41.4004604 ], [ -82.5133933, 41.4004712 ], [ -82.5137877, 41.4004842 ], [ -82.5142578, 41.4004999 ], [ -82.5148161, 41.4005184 ], [ -82.5154717, 41.4005402 ], [ -82.5162434, 41.4005658 ], [ -82.5171349, 41.4005954 ], [ -82.51807, 41.4008483 ], [ -82.5189961, 41.4013001 ], [ -82.519992, 41.4017859 ], [ -82.521059, 41.4023065 ], [ -82.522199, 41.4028625 ], [ -82.5234228, 41.4034594 ], [ -82.5247339, 41.4040991 ], [ -82.526136, 41.404783 ], [ -82.5276454, 41.4055193 ], [ -82.529319, 41.4063357 ], [ -82.5312275, 41.4072666 ], [ -82.5334495, 41.4083504 ], [ -82.5361351, 41.4095485 ], [ -82.539448, 41.410807 ], [ -82.5425943, 41.4120022 ], [ -82.5452994, 41.4130298 ], [ -82.547588, 41.4138991 ], [ -82.5495004, 41.4146256 ], [ -82.5510813, 41.4152261 ], [ -82.5523778, 41.4157186 ], [ -82.5534406, 41.4161222 ], [ -82.5543097, 41.4164524 ], [ -82.5550222, 41.416723 ], [ -82.5556006, 41.4169557 ], [ -82.55607, 41.4171497 ], [ -82.5564529, 41.4173081 ], [ -82.5567662, 41.4174376 ], [ -82.5570297, 41.4175465 ], [ -82.5572547, 41.4176396 ], [ -82.5574328, 41.4177132 ], [ -82.5576244, 41.4177924 ], [ -82.5578431, 41.4178828 ], [ -82.5581122, 41.4179941 ], [ -82.5584256, 41.4181237 ], [ -82.558797, 41.4182772 ], [ -82.5592407, 41.4184606 ], [ -82.5597735, 41.418681 ], [ -82.560406, 41.4189425 ], [ -82.5611553, 41.4192522 ], [ -82.5620327, 41.419615 ], [ -82.5630657, 41.4200421 ], [ -82.5642997, 41.4205523 ], [ -82.5657841, 41.4211659 ], [ -82.5675799, 41.4219083 ], [ -82.5697585, 41.422809 ], [ -82.5724102, 41.4239053 ], [ -82.5750398, 41.4250088 ], [ -82.5771434, 41.4259769 ], [ -82.5788653, 41.4267693 ], [ -82.5802754, 41.4274183 ], [ -82.5814313, 41.4279502 ], [ -82.5823769, 41.4283854 ], [ -82.5831528, 41.4287424 ], [ -82.5837866, 41.4290341 ], [ -82.5843078, 41.4292739 ], [ -82.5847244, 41.4294656 ], [ -82.5850732, 41.4296261 ], [ -82.5853566, 41.4297565 ], [ -82.5855898, 41.4298639 ], [ -82.5857907, 41.4299563 ], [ -82.5859695, 41.4300386 ], [ -82.5861704, 41.430131 ], [ -82.5864166, 41.4302443 ], [ -82.5867034, 41.4303763 ], [ -82.5870472, 41.4305345 ], [ -82.5874602, 41.4307245 ], [ -82.5879426, 41.4309465 ], [ -82.5885179, 41.4312113 ], [ -82.5892137, 41.4315315 ], [ -82.5900522, 41.4319173 ], [ -82.5910687, 41.4323851 ], [ -82.5923076, 41.4329552 ], [ -82.5937791, 41.4336946 ], [ -82.5955558, 41.4346142 ], [ -82.5977195, 41.4357341 ], [ -82.6003581, 41.4370999 ], [ -82.6035455, 41.4387496 ], [ -82.6069222, 41.4404974 ], [ -82.610236, 41.4422125 ], [ -82.613294, 41.4443198 ], [ -82.6165233, 41.4467424 ], [ -82.6201733, 41.4494804 ], [ -82.6242477, 41.4525367 ], [ -82.6282132, 41.455477 ], [ -82.6320678, 41.4583158 ], [ -82.6356677, 41.4609669 ], [ -82.6390367, 41.4634489 ], [ -82.6421136, 41.4659972 ], [ -82.6451876, 41.4685482 ], [ -82.6482958, 41.4711274 ], [ -82.6515446, 41.4737978 ], [ -82.6551405, 41.4766008 ], [ -82.6591329, 41.4797129 ], [ -82.6635516, 41.4832594 ], [ -82.6679917, 41.4870844 ], [ -82.6720767, 41.4908294 ], [ -82.6750359, 41.4943497 ], [ -82.6775766, 41.497372 ], [ -82.679752, 41.4999595 ], [ -82.6816163, 41.5021769 ], [ -82.6833399, 41.5039338 ], [ -82.684994, 41.5052627 ], [ -82.6863717, 41.5063695 ], [ -82.6875242, 41.5072955 ], [ -82.6884849, 41.5080672 ], [ -82.6892766, 41.5087032 ], [ -82.6899273, 41.5092259 ], [ -82.6904634, 41.5096567 ], [ -82.6909044, 41.5100109 ], [ -82.6912671, 41.5103023 ], [ -82.6915684, 41.5105443 ], [ -82.6918233, 41.5107491 ], [ -82.6920335, 41.510918 ], [ -82.6922239, 41.511071 ], [ -82.6923903, 41.5112045 ], [ -82.692537, 41.5113224 ], [ -82.6926824, 41.5114392 ], [ -82.6928475, 41.5115719 ], [ -82.6930365, 41.5117237 ], [ -82.693256, 41.5119 ], [ -82.6935202, 41.5121122 ], [ -82.6938335, 41.5123639 ], [ -82.6942174, 41.5126723 ], [ -82.6946855, 41.5130483 ], [ -82.6952539, 41.513505 ], [ -82.695946, 41.5140609 ], [ -82.6967929, 41.5147412 ], [ -82.6978239, 41.5155694 ], [ -82.6990805, 41.5165787 ], [ -82.7006096, 41.517807 ], [ -82.7024509, 41.5193162 ], [ -82.7044907, 41.5212742 ], [ -82.7069647, 41.5236488 ], [ -82.7099686, 41.526532 ], [ -82.7136193, 41.5300359 ], [ -82.7180672, 41.5343045 ], [ -82.7227816, 41.5388285 ], [ -82.7270349, 41.5429099 ], [ -82.7334044, 41.5440014 ], [ -82.740171, 41.5450386 ], [ -82.7469476, 41.5462601 ], [ -82.7537586, 41.5474878 ], [ -82.7607189, 41.5487424 ], [ -82.7678867, 41.5500342 ], [ -82.7751492, 41.5515172 ], [ -82.7823806, 41.5535305 ], [ -82.7878195, 41.5571121 ], [ -82.79129, 41.5613587 ], [ -82.7946896, 41.564849 ], [ -82.7979783, 41.5677282 ], [ -82.8009211, 41.5703045 ], [ -82.803639, 41.5726839 ], [ -82.8062503, 41.5749698 ], [ -82.8088624, 41.5772563 ], [ -82.8115838, 41.5796385 ], [ -82.8155909, 41.5804454 ], [ -82.8197725, 41.5808648 ], [ -82.8240298, 41.5812918 ], [ -82.8285412, 41.5817444 ], [ -82.8334921, 41.5822409 ], [ -82.8390899, 41.5828024 ], [ -82.8454883, 41.5834442 ], [ -82.8505227, 41.5819078 ], [ -82.853247, 41.5781896 ], [ -82.8555597, 41.5750332 ], [ -82.857544, 41.5723247 ], [ -82.8592613, 41.5699804 ], [ -82.8607787, 41.5679093 ], [ -82.8621597, 41.5660241 ], [ -82.863462, 41.5642462 ], [ -82.8647448, 41.562495 ], [ -82.866061, 41.5606983 ], [ -82.8674671, 41.5587785 ], [ -82.8690234, 41.5566537 ], [ -82.8707458, 41.5542213 ], [ -82.8716974, 41.551163 ], [ -82.8727876, 41.5476591 ], [ -82.8745697, 41.5439111 ], [ -82.878271, 41.5411692 ], [ -82.8817268, 41.5386091 ], [ -82.8850975, 41.5379266 ], [ -82.8891119, 41.5399015 ], [ -82.8933001, 41.5419617 ], [ -82.8967711, 41.5436691 ], [ -82.8998277, 41.5447817 ], [ -82.9023511, 41.5456725 ], [ -82.904425, 41.5464046 ], [ -82.9061344, 41.547008 ], [ -82.9075459, 41.5475063 ], [ -82.9087176, 41.5479199 ], [ -82.9097001, 41.5482667 ], [ -82.9105304, 41.5485598 ], [ -82.9112538, 41.5488152 ], [ -82.9118966, 41.549042 ], [ -82.9124986, 41.5492545 ], [ -82.9130827, 41.5494607 ], [ -82.9136872, 41.5496741 ], [ -82.9143538, 41.5499094 ], [ -82.915104, 41.5501743 ], [ -82.9159786, 41.550483 ], [ -82.9170131, 41.5508481 ], [ -82.9182484, 41.5512841 ], [ -82.9195255, 41.5517349 ], [ -82.9205943, 41.5521122 ], [ -82.9214864, 41.5524271 ], [ -82.9222323, 41.5526903 ], [ -82.9228498, 41.5529083 ], [ -82.9233719, 41.5530926 ], [ -82.9238033, 41.5532449 ], [ -82.924171, 41.5533617 ], [ -82.9244942, 41.55342 ], [ -82.9247501, 41.5534648 ], [ -82.9249753, 41.5535042 ], [ -82.9251767, 41.5535394 ], [ -82.9254066, 41.5535797 ], [ -82.9256907, 41.5536294 ], [ -82.926046, 41.5536915 ], [ -82.9264651, 41.5537648 ], [ -82.9269817, 41.5538552 ], [ -82.9276098, 41.5539651 ], [ -82.9283706, 41.5540983 ], [ -82.9292935, 41.5542597 ], [ -82.9304154, 41.5544559 ], [ -82.9317778, 41.5546943 ], [ -82.9334344, 41.5549842 ], [ -82.9354474, 41.5553363 ], [ -82.9378936, 41.5557642 ], [ -82.9408665, 41.5562843 ], [ -82.9445051, 41.5568086 ], [ -82.948986, 41.557243 ], [ -82.9544498, 41.5577727 ], [ -82.9609576, 41.5584036 ], [ -82.9684075, 41.5591259 ], [ -82.9765325, 41.5599136 ], [ -82.9824134, 41.5634462 ], [ -82.9880718, 41.5671437 ], [ -82.9936544, 41.5709921 ], [ -82.9991225, 41.5751452 ], [ -83.0044153, 41.5791649 ], [ -83.0046176, 41.5834444 ], [ -83.0033185, 41.5874342 ], [ -83.0021855, 41.5909136 ], [ -83.0011961, 41.5939524 ], [ -83.0004134, 41.5966196 ], [ -82.9999261, 41.5989619 ], [ -82.9995055, 41.6009839 ], [ -82.9991436, 41.6027237 ], [ -82.9988332, 41.6042155 ], [ -82.9985646, 41.6055068 ], [ -82.9983331, 41.6066195 ], [ -82.9981332, 41.6075801 ], [ -82.997961, 41.6084081 ], [ -82.9978095, 41.6091364 ], [ -82.9976789, 41.6097641 ], [ -82.9975685, 41.610295 ], [ -82.9974706, 41.6107653 ], [ -82.9973836, 41.6111835 ], [ -82.9973025, 41.6115735 ], [ -82.9972304, 41.6119197 ], [ -82.9971635, 41.6122411 ], [ -82.9971464, 41.6125336 ], [ -82.9972354, 41.6127822 ], [ -82.9973108, 41.6129931 ], [ -82.997376, 41.6131753 ], [ -82.9974297, 41.6133255 ], [ -82.9974787, 41.6134627 ], [ -82.9975343, 41.6136181 ], [ -82.9976013, 41.6138052 ], [ -82.9976791, 41.6140226 ], [ -82.997771, 41.61428 ], [ -82.997876, 41.6145733 ], [ -82.9979982, 41.6149151 ], [ -82.9981437, 41.6153219 ], [ -82.9983117, 41.6157919 ], [ -82.998509, 41.6163434 ], [ -82.9987393, 41.6169872 ], [ -82.9990095, 41.6177425 ], [ -82.9993252, 41.6186254 ], [ -82.9996945, 41.6196578 ], [ -83.0001269, 41.6208667 ], [ -83.0006329, 41.6222814 ], [ -83.0012251, 41.6239369 ], [ -83.0019186, 41.6258756 ], [ -83.0027298, 41.6281434 ], [ -83.0036794, 41.6307979 ], [ -83.0047908, 41.6339045 ], [ -83.0060919, 41.6375412 ], [ -83.0118706, 41.6383688 ], [ -83.018866, 41.6392485 ], [ -83.0272216, 41.6402994 ], [ -83.0366096, 41.6414801 ], [ -83.0457865, 41.6421879 ], [ -83.0548886, 41.6425761 ], [ -83.063888, 41.6429599 ], [ -83.0726811, 41.6433349 ], [ -83.0808989, 41.644809 ], [ -83.0887008, 41.6463073 ], [ -83.096036, 41.6479213 ], [ -83.102932, 41.6495106 ], [ -83.1095493, 41.6510331 ], [ -83.1158233, 41.6523495 ], [ -83.1210895, 41.6534543 ], [ -83.1254322, 41.6543654 ], [ -83.129019, 41.6548118 ], [ -83.1319679, 41.6541791 ], [ -83.1344013, 41.653657 ], [ -83.1364077, 41.6532265 ], [ -83.1380653, 41.6528709 ], [ -83.1394321, 41.6525776 ], [ -83.1405597, 41.6523357 ], [ -83.1414872, 41.6521367 ], [ -83.1422563, 41.6519716 ], [ -83.1428876, 41.6518362 ], [ -83.1434078, 41.6517245 ], [ -83.1438393, 41.6516319 ], [ -83.1441933, 41.651556 ], [ -83.1444864, 41.6514932 ], [ -83.1447251, 41.6514419 ], [ -83.1449246, 41.6513991 ], [ -83.1451242, 41.6513563 ], [ -83.145359, 41.6513059 ], [ -83.1456497, 41.6512435 ], [ -83.1459976, 41.6511689 ], [ -83.1464302, 41.651076 ], [ -83.1469512, 41.6509643 ], [ -83.1475763, 41.6508301 ], [ -83.1483377, 41.6506667 ], [ -83.1492612, 41.6504686 ], [ -83.1503756, 41.6502295 ], [ -83.1517276, 41.6499394 ], [ -83.1533677, 41.6495874 ], [ -83.1553533, 41.6491614 ], [ -83.1577631, 41.6486444 ], [ -83.1606651, 41.6488158 ], [ -83.1641496, 41.6496882 ], [ -83.1683629, 41.6507429 ], [ -83.173216, 41.6519577 ], [ -83.1774001, 41.6530051 ], [ -83.1808214, 41.6538784 ], [ -83.1836217, 41.6545932 ], [ -83.1859171, 41.6551791 ], [ -83.1877972, 41.6556591 ], [ -83.1893397, 41.6560528 ], [ -83.1906034, 41.6563754 ], [ -83.1916398, 41.6566399 ], [ -83.1924928, 41.6568576 ], [ -83.1931975, 41.6570375 ], [ -83.193784, 41.6571872 ], [ -83.1942684, 41.6573109 ], [ -83.1946756, 41.6574148 ], [ -83.195007, 41.6574994 ], [ -83.195274, 41.6575676 ], [ -83.1955023, 41.6576259 ], [ -83.1956795, 41.6576828 ], [ -83.1958771, 41.6577698 ], [ -83.19611, 41.6578788 ], [ -83.1963844, 41.6580073 ], [ -83.1967216, 41.6581651 ], [ -83.1971316, 41.6583571 ], [ -83.1976305, 41.6585907 ], [ -83.1982393, 41.6588757 ], [ -83.1989832, 41.659224 ], [ -83.1998842, 41.6596459 ], [ -83.2009691, 41.6601538 ], [ -83.2022802, 41.6607677 ], [ -83.2035843, 41.6613782 ], [ -83.204656, 41.66188 ], [ -83.2055348, 41.6622913 ], [ -83.2062574, 41.6626297 ], [ -83.2068437, 41.6629041 ], [ -83.2073265, 41.6631302 ], [ -83.2077257, 41.6633171 ], [ -83.208049, 41.6634684 ], [ -83.2083176, 41.6635941 ], [ -83.2085396, 41.6636981 ], [ -83.2087126, 41.6637791 ], [ -83.2088977, 41.6638657 ], [ -83.2091185, 41.6639691 ], [ -83.2093792, 41.6640912 ], [ -83.2096939, 41.6642385 ], [ -83.2100805, 41.6644195 ], [ -83.2105509, 41.6646397 ], [ -83.2111256, 41.6649088 ], [ -83.211829, 41.6652381 ], [ -83.2126886, 41.6656405 ], [ -83.2137375, 41.6661315 ], [ -83.2150124, 41.6667284 ], [ -83.2165715, 41.6674582 ], [ -83.2184719, 41.6683479 ], [ -83.2207928, 41.6694344 ], [ -83.2235981, 41.6707827 ], [ -83.2266091, 41.6728108 ], [ -83.2302588, 41.6752692 ], [ -83.2346907, 41.6782542 ], [ -83.2399026, 41.6811681 ], [ -83.2455842, 41.683407 ], [ -83.2511738, 41.6856096 ], [ -83.2562373, 41.6876049 ], [ -83.26041, 41.689249 ], [ -83.263858, 41.6906076 ], [ -83.2667146, 41.6917331 ], [ -83.2690935, 41.6926705 ], [ -83.2710482, 41.6934406 ], [ -83.2725669, 41.6941569 ], [ -83.2734633, 41.6950534 ], [ -83.2742034, 41.6957936 ], [ -83.2748155, 41.6964058 ], [ -83.2753201, 41.6969104 ], [ -83.2757363, 41.6973267 ], [ -83.276085, 41.6976754 ], [ -83.2763705, 41.6979609 ], [ -83.2766073, 41.6981977 ], [ -83.2768002, 41.6983906 ], [ -83.276961, 41.6985514 ], [ -83.277092, 41.6986825 ], [ -83.2772078, 41.6987983 ], [ -83.2773515, 41.6989419 ], [ -83.2775206, 41.6991111 ], [ -83.277723, 41.6993135 ], [ -83.2779748, 41.6995652 ], [ -83.278279, 41.6998695 ], [ -83.2786459, 41.7002364 ], [ -83.2790864, 41.7006769 ], [ -83.2796201, 41.7012106 ], [ -83.2802696, 41.7018601 ], [ -83.2810559, 41.7026463 ], [ -83.2820074, 41.703598 ], [ -83.2831664, 41.7047568 ], [ -83.284576, 41.7061664 ], [ -83.2862922, 41.7078825 ], [ -83.2883817, 41.7099717 ], [ -83.2909321, 41.7125218 ], [ -83.2940468, 41.7156359 ], [ -83.2993023, 41.7181891 ], [ -83.3059158, 41.7210748 ], [ -83.3090634, 41.7264794 ], [ -83.3101468, 41.7319038 ], [ -83.3124048, 41.7360474 ], [ -83.3149858, 41.7392459 ], [ -83.317101, 41.7418669 ], [ -83.3188343, 41.7440146 ], [ -83.3202548, 41.7457747 ], [ -83.3214199, 41.7472183 ], [ -83.3223767, 41.7484039 ], [ -83.3231628, 41.7493777 ], [ -83.3238123, 41.7501825 ], [ -83.3243487, 41.750847 ], [ -83.3247955, 41.7514006 ], [ -83.3251663, 41.7518599 ], [ -83.325476, 41.7522438 ], [ -83.3257308, 41.7525594 ], [ -83.3259475, 41.7528279 ], [ -83.3261277, 41.7530511 ], [ -83.3262749, 41.7532335 ], [ -83.3264017, 41.7533906 ], [ -83.3265133, 41.7535288 ], [ -83.3266275, 41.7536703 ], [ -83.3267563, 41.7538299 ], [ -83.3269133, 41.7540244 ], [ -83.3270988, 41.7542542 ], [ -83.327325, 41.7545345 ], [ -83.3277067, 41.7547643 ], [ -83.3283345, 41.7547999 ], [ -83.3290792, 41.7548421 ], [ -83.3299388, 41.7548909 ], [ -83.3309009, 41.7549455 ], [ -83.3319963, 41.7550076 ], [ -83.3332278, 41.7550775 ], [ -83.3346238, 41.7551566 ], [ -83.3362004, 41.7552461 ], [ -83.3379685, 41.7553464 ], [ -83.3399615, 41.7554594 ], [ -83.3421961, 41.7555862 ], [ -83.3442897, 41.7561437 ], [ -83.3453516, 41.7582157 ], [ -83.3466449, 41.7607391 ], [ -83.3482216, 41.7638151 ], [ -83.3501454, 41.7675683 ], [ -83.3524442, 41.7720529 ], [ -83.3545128, 41.7760878 ], [ -83.3562076, 41.7793937 ], [ -83.3575975, 41.7821046 ], [ -83.3587364, 41.7843258 ], [ -83.3599423, 41.7859818 ], [ -83.3619351, 41.786773 ], [ -83.3636597, 41.7874578 ], [ -83.3651648, 41.7880554 ], [ -83.3665159, 41.7885918 ], [ -83.36774, 41.7890779 ], [ -83.3687893, 41.7894945 ], [ -83.3696848, 41.7898501 ], [ -83.3704625, 41.7901588 ], [ -83.3711544, 41.7904336 ], [ -83.3717877, 41.790685 ], [ -83.3723632, 41.7909135 ], [ -83.372876, 41.7911325 ], [ -83.3733312, 41.7913391 ], [ -83.3737427, 41.7915258 ], [ -83.3741134, 41.7916941 ], [ -83.3744484, 41.7918461 ], [ -83.3747472, 41.7919817 ], [ -83.3750197, 41.7921054 ], [ -83.3752643, 41.7922164 ], [ -83.3754844, 41.7923163 ], [ -83.3756806, 41.7924053 ], [ -83.3758649, 41.792489 ], [ -83.3760523, 41.792574 ], [ -83.3762729, 41.792674 ], [ -83.3765454, 41.7927977 ], [ -83.3768699, 41.792945 ], [ -83.3772699, 41.7931265 ], [ -83.377751, 41.7933448 ], [ -83.378306, 41.7935967 ], [ -83.3789237, 41.793877 ], [ -83.3796085, 41.7941877 ], [ -83.3802932, 41.7944984 ], [ -83.3810522, 41.7948428 ], [ -83.3818948, 41.7952252 ], [ -83.3828462, 41.7956569 ], [ -83.3839441, 41.7961551 ], [ -83.3851857, 41.7967185 ], [ -83.384927, 41.7980814 ], [ -83.3846185, 41.7997064 ], [ -83.3842478, 41.8016589 ], [ -83.3838002, 41.8040169 ], [ -83.3833437, 41.8064214 ], [ -83.3829474, 41.8085091 ], [ -83.3826032, 41.8103221 ], [ -83.381535, 41.8115218 ], [ -83.3800715, 41.8122284 ], [ -83.3788732, 41.8128069 ], [ -83.377892, 41.8132807 ], [ -83.3770886, 41.8136686 ], [ -83.3764295, 41.8139868 ], [ -83.3758903, 41.8142471 ], [ -83.3754485, 41.8144604 ], [ -83.3750944, 41.8146314 ], [ -83.3747977, 41.8147746 ], [ -83.3745575, 41.8148905 ], [ -83.3743491, 41.8149912 ], [ -83.3741679, 41.8150787 ], [ -83.3739733, 41.8151726 ], [ -83.373729, 41.8152906 ], [ -83.3734381, 41.8154309 ], [ -83.3730789, 41.8156044 ], [ -83.3726502, 41.8158114 ], [ -83.3721238, 41.8160655 ], [ -83.3714848, 41.816374 ], [ -83.3707083, 41.8167489 ], [ -83.3697579, 41.8172077 ], [ -83.3686012, 41.8177662 ], [ -83.367188, 41.8184484 ], [ -83.3654667, 41.8192793 ], [ -83.363365, 41.820294 ], [ -83.3607965, 41.8215339 ], [ -83.3579676, 41.8228995 ], [ -83.3556994, 41.8241346 ], [ -83.3547983, 41.8257538 ], [ -83.3540566, 41.8270866 ], [ -83.3534443, 41.8281868 ], [ -83.3529416, 41.8290899 ], [ -83.3525277, 41.8298337 ], [ -83.3521895, 41.8304413 ], [ -83.3519127, 41.8309386 ], [ -83.3516856, 41.8313467 ], [ -83.3515013, 41.8316778 ], [ -83.3513474, 41.8319543 ], [ -83.3512184, 41.832186 ], [ -83.3511156, 41.8323708 ], [ -83.3510274, 41.8325292 ], [ -83.3509538, 41.8326616 ], [ -83.3508671, 41.8328173 ], [ -83.3507719, 41.8329884 ], [ -83.3506531, 41.8332019 ], [ -83.3505115, 41.8334561 ], [ -83.3503456, 41.8337542 ], [ -83.3501508, 41.8341042 ], [ -83.3499195, 41.8345198 ], [ -83.34964, 41.8350219 ], [ -83.3493075, 41.8356192 ], [ -83.3489887, 41.836192 ], [ -83.3487141, 41.8366855 ], [ -83.3484794, 41.8371069 ], [ -83.3482735, 41.8374768 ], [ -83.3480854, 41.8378148 ], [ -83.3479146, 41.8381217 ], [ -83.3477702, 41.8383811 ], [ -83.3476429, 41.8386097 ], [ -83.3475371, 41.8387999 ], [ -83.3474436, 41.8389678 ], [ -83.3473698, 41.8391006 ], [ -83.3472866, 41.83925 ], [ -83.3472016, 41.8394026 ], [ -83.3471106, 41.8395662 ], [ -83.3470124, 41.8397426 ], [ -83.3469011, 41.8399425 ], [ -83.346784, 41.8401529 ], [ -83.3466484, 41.8403965 ], [ -83.3464871, 41.8406863 ], [ -83.3462939, 41.8410332 ], [ -83.3460665, 41.8414418 ], [ -83.3457973, 41.8419254 ], [ -83.3454754, 41.8425037 ], [ -83.3451004, 41.8431772 ], [ -83.3446787, 41.8439348 ], [ -83.3441935, 41.8448063 ], [ -83.3436426, 41.8457961 ], [ -83.3430127, 41.8469273 ], [ -83.3422877, 41.8482296 ], [ -83.3414185, 41.8497043 ], [ -83.3393616, 41.8508739 ], [ -83.3368538, 41.8522999 ], [ -83.333794, 41.8540397 ], [ -83.3302117, 41.8560766 ], [ -83.3266471, 41.8581032 ], [ -83.3243026, 41.860247 ], [ -83.3224388, 41.8620664 ], [ -83.3209006, 41.8635678 ], [ -83.3196317, 41.8648065 ], [ -83.3185858, 41.8658272 ], [ -83.3177221, 41.8666703 ], [ -83.3170098, 41.8673655 ], [ -83.3164226, 41.8679387 ], [ -83.315937, 41.8684126 ], [ -83.3155331, 41.8688068 ], [ -83.3152026, 41.8691295 ], [ -83.3149282, 41.8693973 ], [ -83.3147059, 41.8696142 ], [ -83.3145212, 41.8697945 ], [ -83.3143656, 41.8699463 ], [ -83.3142296, 41.8700792 ], [ -83.3141042, 41.8702015 ], [ -83.3139455, 41.8703564 ], [ -83.3137605, 41.8705369 ], [ -83.3135304, 41.8707615 ], [ -83.3132477, 41.8710374 ], [ -83.3129071, 41.8713698 ], [ -83.3125008, 41.8717663 ], [ -83.3120071, 41.8722482 ], [ -83.311409, 41.8728319 ], [ -83.310681, 41.8735424 ], [ -83.3098031, 41.8743992 ], [ -83.3088012, 41.875377 ], [ -83.3077954, 41.8763586 ], [ -83.3067923, 41.8773375 ], [ -83.3057906, 41.8783151 ], [ -83.3047912, 41.8792904 ], [ -83.303795, 41.8802625 ], [ -83.3028014, 41.8812322 ], [ -83.3019046, 41.8822502 ], [ -83.3011569, 41.8833747 ], [ -83.3003844, 41.8845366 ], [ -83.2995846, 41.8857396 ], [ -83.2987554, 41.8869866 ], [ -83.2978958, 41.8882794 ], [ -83.297004, 41.8896205 ], [ -83.296079, 41.8910116 ], [ -83.2951193, 41.8924548 ], [ -83.2941255, 41.8939492 ], [ -83.293206, 41.8953319 ], [ -83.2922833, 41.8964692 ], [ -83.2914102, 41.8973845 ], [ -83.290684, 41.8981458 ], [ -83.2900817, 41.8987773 ], [ -83.2895765, 41.899307 ], [ -83.289145, 41.8997593 ], [ -83.2887711, 41.9001512 ], [ -83.288439, 41.9004994 ], [ -83.2881585, 41.9007935 ], [ -83.2879344, 41.9010284 ], [ -83.2877465, 41.9012254 ], [ -83.2875982, 41.9013809 ], [ -83.2874694, 41.901516 ], [ -83.2873536, 41.9016373 ], [ -83.2872156, 41.901782 ], [ -83.2870535, 41.9019519 ], [ -83.2868688, 41.9021455 ], [ -83.2866678, 41.9023562 ], [ -83.2864342, 41.9026011 ], [ -83.2861704, 41.9028777 ], [ -83.2858761, 41.9031863 ], [ -83.2855486, 41.9035295 ], [ -83.2851744, 41.9039218 ], [ -83.2847388, 41.9043784 ], [ -83.2842253, 41.9049168 ], [ -83.2836124, 41.9055592 ], [ -83.2829131, 41.9062922 ], [ -83.282113, 41.9071311 ], [ -83.281176, 41.9081131 ], [ -83.2799759, 41.9092097 ], [ -83.2783077, 41.9103268 ], [ -83.2763177, 41.9116593 ], [ -83.2739526, 41.9132429 ], [ -83.2711422, 41.9151247 ], [ -83.2678505, 41.9173287 ], [ -83.2643081, 41.9197004 ], [ -83.2604169, 41.9223056 ], [ -83.2560144, 41.9252529 ], [ -83.2527036, 41.9295236 ], [ -83.2495628, 41.934564 ], [ -83.2463971, 41.939644 ], [ -83.2437873, 41.9438316 ], [ -83.2416413, 41.9472748 ], [ -83.2398738, 41.9501103 ], [ -83.2384679, 41.9524527 ], [ -83.2373586, 41.9543885 ], [ -83.2364473, 41.9559787 ], [ -83.2356983, 41.9572858 ], [ -83.235084, 41.9583576 ], [ -83.2345815, 41.9592345 ], [ -83.2341709, 41.9599511 ], [ -83.2338338, 41.9605391 ], [ -83.2335564, 41.9610232 ], [ -83.2333317, 41.9614152 ], [ -83.233145, 41.961741 ], [ -83.2329945, 41.9620037 ], [ -83.232868, 41.9622243 ], [ -83.2327668, 41.9624009 ], [ -83.2326812, 41.9625503 ], [ -83.232605, 41.9626832 ], [ -83.2325181, 41.9628349 ], [ -83.2324135, 41.9630173 ], [ -83.2322869, 41.9632382 ], [ -83.2321373, 41.9634994 ], [ -83.2319636, 41.9638022 ], [ -83.2317569, 41.964163 ], [ -83.2315121, 41.9645903 ], [ -83.2312136, 41.9651109 ], [ -83.2308565, 41.9657341 ], [ -83.2302385, 41.9663174 ], [ -83.2289624, 41.966463 ], [ -83.2275131, 41.9666286 ], [ -83.2259146, 41.966811 ], [ -83.2241255, 41.9670153 ], [ -83.2220682, 41.9672502 ], [ -83.2199065, 41.9674971 ], [ -83.2181168, 41.9677014 ], [ -83.2166484, 41.9678691 ], [ -83.2154434, 41.9680067 ], [ -83.2144514, 41.9681199 ], [ -83.2136417, 41.9682123 ], [ -83.2129762, 41.9682884 ], [ -83.2124304, 41.9683506 ], [ -83.2119803, 41.9684021 ], [ -83.2116173, 41.9684435 ], [ -83.2113131, 41.9684782 ], [ -83.2110638, 41.9685067 ], [ -83.210858, 41.9685302 ], [ -83.2106536, 41.9685535 ], [ -83.2104074, 41.9685817 ], [ -83.2100977, 41.968617 ], [ -83.2097126, 41.968661 ], [ -83.2092602, 41.9687183 ], [ -83.2088189, 41.9689712 ], [ -83.2083025, 41.9692699 ], [ -83.2076958, 41.9696209 ], [ -83.206984, 41.9700326 ], [ -83.2061589, 41.9705099 ], [ -83.2051867, 41.9710723 ], [ -83.2040515, 41.9717289 ], [ -83.2027184, 41.9725001 ], [ -83.2011347, 41.973416 ], [ -83.1992412, 41.9745112 ], [ -83.1969548, 41.9758337 ], [ -83.1941174, 41.9773254 ], [ -83.1899297, 41.9778845 ], [ -83.1848347, 41.9785648 ], [ -83.1786273, 41.9793936 ], [ -83.1710574, 41.9804043 ], [ -83.1619356, 41.9818028 ], [ -83.1554382, 41.9872205 ], [ -83.150022, 41.9917465 ], [ -83.147649, 41.9965855 ], [ -83.1456114, 42.0007896 ], [ -83.143841, 42.0044421 ], [ -83.1423169, 42.0075862 ], [ -83.1410177, 42.0102665 ], [ -83.139902, 42.0125681 ], [ -83.1389329, 42.0145668 ], [ -83.1381059, 42.0162728 ], [ -83.1374138, 42.0177003 ], [ -83.1370531, 42.0189593 ], [ -83.1367705, 42.0200525 ], [ -83.1365266, 42.0209959 ], [ -83.1363163, 42.0218092 ], [ -83.1361344, 42.0225127 ], [ -83.1359764, 42.0231238 ], [ -83.1358408, 42.0236482 ], [ -83.1357232, 42.0241031 ], [ -83.1356209, 42.0244989 ], [ -83.1355336, 42.0248362 ], [ -83.1354571, 42.0251324 ], [ -83.1353934, 42.0253788 ], [ -83.1353368, 42.0255975 ], [ -83.1352863, 42.0257927 ], [ -83.1352428, 42.0259614 ], [ -83.1352063, 42.0261023 ], [ -83.1351638, 42.0262668 ], [ -83.1351172, 42.0264472 ], [ -83.1350647, 42.0266498 ], [ -83.1350037, 42.0268859 ], [ -83.1349309, 42.0271674 ], [ -83.1348492, 42.0274834 ], [ -83.1347523, 42.027858 ], [ -83.1346414, 42.0282869 ], [ -83.1345121, 42.0287871 ], [ -83.1343628, 42.0293647 ], [ -83.1341894, 42.0300349 ], [ -83.1337311, 42.0304328 ], [ -83.1327383, 42.0299716 ], [ -83.1316771, 42.0294787 ], [ -83.1305349, 42.028948 ], [ -83.1293036, 42.028376 ], [ -83.1279845, 42.0277633 ], [ -83.1265628, 42.0271027 ], [ -83.1250427, 42.0263966 ], [ -83.1234772, 42.0256692 ], [ -83.1218306, 42.0249043 ], [ -83.1200632, 42.024083 ], [ -83.1181899, 42.0231291 ], [ -83.1161132, 42.0220702 ], [ -83.1138371, 42.0209096 ], [ -83.1113492, 42.019641 ], [ -83.1086688, 42.0182742 ], [ -83.1057259, 42.0167736 ], [ -83.1025135, 42.0151355 ], [ -83.0985123, 42.0138262 ], [ -83.0938118, 42.0124723 ], [ -83.0883981, 42.010913 ], [ -83.0822713, 42.0091482 ], [ -83.0773189, 42.0104875 ], [ -83.0736291, 42.0130471 ], [ -83.0706094, 42.0151417 ], [ -83.0681321, 42.01686 ], [ -83.0661, 42.0182696 ], [ -83.064436, 42.0194237 ], [ -83.0627386, 42.0193132 ], [ -83.0611419, 42.0188589 ], [ -83.05971, 42.0184514 ], [ -83.0584256, 42.0180858 ], [ -83.0572702, 42.0177571 ], [ -83.056233, 42.0174619 ], [ -83.0553023, 42.0171971 ], [ -83.0544653, 42.0169588 ], [ -83.0537104, 42.016744 ], [ -83.0530368, 42.0165523 ], [ -83.0524304, 42.0163797 ], [ -83.0518828, 42.0162238 ], [ -83.0513875, 42.0160829 ], [ -83.0509489, 42.0159581 ], [ -83.0505443, 42.0158429 ], [ -83.0501898, 42.0157421 ], [ -83.0498721, 42.0156516 ], [ -83.0495785, 42.0155681 ], [ -83.0493076, 42.015491 ], [ -83.0490837, 42.0154273 ], [ -83.0488671, 42.0153656 ], [ -83.0486722, 42.0153101 ], [ -83.0484653, 42.0152513 ], [ -83.0482721, 42.0151963 ], [ -83.0480424, 42.0151309 ], [ -83.0477842, 42.0150574 ], [ -83.0475003, 42.0149766 ], [ -83.0472013, 42.0148915 ], [ -83.0468609, 42.0147946 ], [ -83.046477, 42.0146853 ], [ -83.0460551, 42.0145653 ], [ -83.045582, 42.0144307 ], [ -83.0450655, 42.0142837 ], [ -83.0444869, 42.014119 ], [ -83.0438309, 42.0139323 ], [ -83.0431052, 42.0137258 ], [ -83.0423, 42.013489 ], [ -83.0414249, 42.0132009 ], [ -83.0404636, 42.0128844 ], [ -83.0393985, 42.0125338 ], [ -83.0382245, 42.0121473 ], [ -83.0369333, 42.0117222 ], [ -83.0355111, 42.0112541 ], [ -83.033938, 42.0107362 ], [ -83.0322044, 42.0101655 ], [ -83.0302917, 42.0095358 ], [ -83.0281584, 42.0088334 ], [ -83.025729, 42.0080336 ], [ -83.0229082, 42.0071049 ], [ -83.0196395, 42.0059234 ], [ -83.0158401, 42.0044023 ], [ -83.0116121, 42.0027095 ], [ -83.0073717, 42.0010118 ], [ -83.0029604, 41.9992456 ], [ -82.998256, 41.9972443 ], [ -82.9934193, 41.995051 ], [ -82.9890713, 41.9930793 ], [ -82.9850903, 41.9912739 ], [ -82.9813152, 41.9895618 ], [ -82.9775315, 41.9879524 ], [ -82.973642, 41.9863323 ], [ -82.9697089, 41.9846941 ], [ -82.9662052, 41.9832346 ], [ -82.9630337, 41.9819135 ], [ -82.9600588, 41.9806742 ], [ -82.956995, 41.9798092 ], [ -82.9539625, 41.9789815 ], [ -82.9508457, 41.9781308 ], [ -82.9475205, 41.9772233 ], [ -82.9439143, 41.9762389 ], [ -82.9405754, 41.9753276 ], [ -82.9375629, 41.9745053 ], [ -82.9346609, 41.9741109 ], [ -82.9319372, 41.9737546 ], [ -82.9292766, 41.9734066 ], [ -82.9265685, 41.9730524 ], [ -82.9236936, 41.9726764 ], [ -82.9205308, 41.9722626 ], [ -82.9169476, 41.971794 ], [ -82.9127966, 41.971251 ], [ -82.9079431, 41.9715372 ], [ -82.902445, 41.9720987 ], [ -82.8963779, 41.9727181 ], [ -82.8895748, 41.9734127 ], [ -82.8818174, 41.9743365 ], [ -82.8730806, 41.9754908 ], [ -82.8652838, 41.9765208 ], [ -82.8586632, 41.9774679 ], [ -82.8529544, 41.9783259 ], [ -82.8479127, 41.9790835 ], [ -82.8433304, 41.9797722 ], [ -82.8390233, 41.9804295 ], [ -82.8348821, 41.9812341 ], [ -82.8307026, 41.9820463 ], [ -82.8263228, 41.9828973 ], [ -82.8216158, 41.9838118 ], [ -82.8164157, 41.9848222 ], [ -82.8108252, 41.9862704 ], [ -82.8057491, 41.9876103 ], [ -82.8012628, 41.9887945 ], [ -82.7971774, 41.9898728 ], [ -82.7933434, 41.990887 ], [ -82.7897079, 41.9920205 ], [ -82.7860686, 41.9931562 ], [ -82.7826965, 41.9942084 ], [ -82.7797143, 41.9951389 ], [ -82.7771551, 41.9959374 ], [ -82.7750455, 41.9965957 ], [ -82.7733109, 41.9971369 ], [ -82.7718837, 41.9975822 ], [ -82.7707081, 41.9979499 ], [ -82.7697381, 41.9982547 ], [ -82.7689409, 41.9985052 ], [ -82.7682808, 41.9987126 ], [ -82.7677394, 41.9988827 ], [ -82.7672964, 41.9990218 ], [ -82.7669306, 41.9991368 ], [ -82.7666228, 41.9992335 ], [ -82.7663682, 41.9993135 ], [ -82.7661537, 41.9993809 ], [ -82.76597, 41.9994386 ], [ -82.7657624, 41.9995038 ], [ -82.7655134, 41.9995821 ], [ -82.7652113, 41.999677 ], [ -82.7648499, 41.9997905 ], [ -82.7644115, 41.9999283 ], [ -82.763871, 42.0000981 ], [ -82.7632182, 42.0003031 ], [ -82.7624275, 42.0005516 ], [ -82.7614664, 42.0008536 ], [ -82.7603033, 42.001219 ], [ -82.7588856, 42.0016644 ], [ -82.7571681, 42.002204 ], [ -82.7550825, 42.0028592 ], [ -82.7525498, 42.0036549 ], [ -82.7494689, 42.0046228 ], [ -82.7456666, 42.0056694 ], [ -82.7410534, 42.0069086 ], [ -82.7362121, 42.0082091 ], [ -82.731502, 42.0094743 ], [ -82.7267253, 42.0107574 ], [ -82.7215181, 42.011801 ], [ -82.7157832, 42.0129048 ], [ -82.7100534, 42.0140075 ], [ -82.7044136, 42.0150929 ], [ -82.6992595, 42.0157399 ], [ -82.6945077, 42.0161857 ], [ -82.6899947, 42.0166091 ], [ -82.6855313, 42.0170278 ], [ -82.6809333, 42.0174592 ], [ -82.6760229, 42.0179797 ], [ -82.6706126, 42.0186005 ], [ -82.664475, 42.0193047 ], [ -82.6573597, 42.0201211 ], [ -82.6490464, 42.0185331 ], [ -82.6392363, 42.0165651 ], [ -82.6304381, 42.0147764 ], [ -82.6229974, 42.0132454 ], [ -82.616606, 42.0119303 ], [ -82.6110035, 42.0107775 ], [ -82.606651, 42.0085567 ], [ -82.6029063, 42.0061803 ], [ -82.5998379, 42.0042331 ], [ -82.5973227, 42.0026368 ], [ -82.5952638, 42.0013302 ], [ -82.5935776, 42.0002601 ], [ -82.5921959, 41.9993831 ], [ -82.5910646, 41.9986651 ], [ -82.5901428, 41.9980801 ], [ -82.589387, 41.9976003 ], [ -82.5888495, 41.9971518 ], [ -82.5884423, 41.9967537 ], [ -82.5881024, 41.9964216 ], [ -82.5878249, 41.9961502 ], [ -82.587594, 41.9959246 ], [ -82.5874025, 41.9957375 ], [ -82.5872494, 41.9955878 ], [ -82.5871133, 41.9954547 ], [ -82.5869964, 41.9953405 ], [ -82.5868602, 41.9952073 ], [ -82.5866949, 41.9950458 ], [ -82.58649, 41.9948455 ], [ -82.5862372, 41.9945983 ], [ -82.5859328, 41.9943009 ], [ -82.5855664, 41.9939428 ], [ -82.5851226, 41.9935089 ], [ -82.5845874, 41.9929857 ], [ -82.5839344, 41.9923474 ], [ -82.5831457, 41.9915764 ], [ -82.5821926, 41.9906448 ], [ -82.5810387, 41.9895168 ], [ -82.5796398, 41.9881492 ], [ -82.5779454, 41.9864928 ], [ -82.5758897, 41.9844831 ], [ -82.5733466, 41.9820759 ], [ -82.570292, 41.9793615 ], [ -82.567289, 41.9766928 ], [ -82.5642706, 41.9740103 ], [ -82.5611079, 41.9711994 ], [ -82.558659, 41.967681 ], [ -82.5565325, 41.9632523 ], [ -82.5540063, 41.9579906 ], [ -82.5510791, 41.9523404 ], [ -82.5474687, 41.9467284 ], [ -82.5436395, 41.9407758 ], [ -82.539713, 41.9341613 ], [ -82.536898, 41.9262481 ], [ -82.5336537, 41.9171269 ], [ -82.5225723, 41.91117 ], [ -82.5096606, 41.9055205 ], [ -82.5019027, 41.912474 ], [ -82.4964379, 41.9209624 ], [ -82.4917992, 41.9281668 ], [ -82.4894797, 41.9347128 ], [ -82.4882711, 41.9404228 ], [ -82.4872375, 41.9453063 ], [ -82.4864402, 41.9495434 ], [ -82.4858445, 41.9532774 ], [ -82.4853069, 41.9566469 ], [ -82.4848061, 41.959786 ], [ -82.4843218, 41.9628207 ], [ -82.4838341, 41.9658775 ], [ -82.4832946, 41.969083 ], [ -82.4826671, 41.9725766 ], [ -82.4819609, 41.9765076 ], [ -82.4811472, 41.9810375 ], [ -82.4802241, 41.9861754 ], [ -82.4790114, 41.9907436 ], [ -82.4777236, 41.9946188 ], [ -82.4766191, 41.9979422 ], [ -82.4756732, 42.0007883 ], [ -82.4748632, 42.0032255 ], [ -82.4741693, 42.0053131 ], [ -82.4735747, 42.0071018 ], [ -82.4730657, 42.0086331 ], [ -82.4725145, 42.0099166 ], [ -82.4719993, 42.0109951 ], [ -82.4715627, 42.0119092 ], [ -82.4711924, 42.0126842 ], [ -82.470878, 42.0133424 ], [ -82.4706134, 42.0138961 ], [ -82.4703868, 42.0143706 ], [ -82.4701968, 42.0147683 ], [ -82.4700368, 42.0151031 ], [ -82.4699004, 42.0153886 ], [ -82.4697819, 42.0156365 ], [ -82.4696862, 42.015837 ], [ -82.4696041, 42.0160087 ], [ -82.4695313, 42.0161611 ], [ -82.4694585, 42.0163135 ], [ -82.46938, 42.0164779 ], [ -82.4692823, 42.0166824 ], [ -82.4691719, 42.0169135 ], [ -82.469041, 42.0171875 ], [ -82.4688871, 42.0175095 ], [ -82.4687041, 42.0178925 ], [ -82.4684901, 42.0183405 ], [ -82.4682385, 42.018867 ], [ -82.4679395, 42.019493 ], [ -82.467586, 42.0202328 ], [ -82.4671691, 42.0211053 ], [ -82.4666761, 42.0221371 ], [ -82.466094, 42.0233554 ], [ -82.4654067, 42.0247938 ], [ -82.4645952, 42.0264922 ], [ -82.4634913, 42.0284464 ], [ -82.4618773, 42.0306845 ], [ -82.4599415, 42.0333686 ], [ -82.4576253, 42.0365802 ], [ -82.4550749, 42.0401162 ], [ -82.4523664, 42.0438712 ], [ -82.4501147, 42.0474012 ], [ -82.4481233, 42.0506117 ], [ -82.4462585, 42.0536179 ], [ -82.4444423, 42.0565454 ], [ -82.4425994, 42.0595162 ], [ -82.4397857, 42.0619625 ], [ -82.4368377, 42.064171 ], [ -82.433893, 42.0663771 ], [ -82.4308866, 42.0686291 ], [ -82.427746, 42.0709816 ], [ -82.424717, 42.0734665 ], [ -82.4223278, 42.0756639 ], [ -82.4203281, 42.077503 ], [ -82.418638, 42.0790574 ], [ -82.4171866, 42.0803922 ], [ -82.4159153, 42.0815612 ], [ -82.4147748, 42.0826101 ], [ -82.4137115, 42.0835879 ], [ -82.4126787, 42.0845375 ], [ -82.4116286, 42.0855032 ], [ -82.4105128, 42.0865293 ], [ -82.4092853, 42.0876581 ], [ -82.4077339, 42.0888185 ], [ -82.4058171, 42.090022 ], [ -82.4035975, 42.0914157 ], [ -82.4009823, 42.0930575 ], [ -82.3978677, 42.0950129 ], [ -82.394124, 42.0973633 ], [ -82.3896026, 42.1002017 ], [ -82.3839354, 42.1034481 ], [ -82.3771095, 42.1072112 ], [ -82.3694089, 42.1114563 ], [ -82.3612715, 42.115452 ], [ -82.3531513, 42.1192473 ], [ -82.3451816, 42.1229493 ], [ -82.3372056, 42.126469 ], [ -82.3293108, 42.1299526 ], [ -82.3211374, 42.1333377 ], [ -82.3127653, 42.1364108 ], [ -82.3056401, 42.1390261 ], [ -82.2995519, 42.1412406 ], [ -82.2942187, 42.1431002 ], [ -82.2894642, 42.1447581 ], [ -82.2850904, 42.1462831 ], [ -82.2809165, 42.1477383 ], [ -82.2768995, 42.1493406 ], [ -82.273034, 42.1512311 ], [ -82.2689826, 42.1532124 ], [ -82.2645755, 42.1553677 ], [ -82.2596309, 42.1577856 ], [ -82.2534505, 42.1599767 ], [ -82.2460558, 42.1625092 ], [ -82.2377642, 42.1653487 ], [ -82.2290297, 42.1682593 ], [ -82.2208976, 42.1709508 ], [ -82.2133283, 42.1734717 ], [ -82.2063468, 42.1763051 ], [ -82.1994317, 42.1791115 ], [ -82.1922984, 42.1820063 ], [ -82.1854315, 42.1857709 ], [ -82.1790212, 42.1893767 ], [ -82.1730564, 42.1927316 ], [ -82.1673169, 42.1959967 ], [ -82.1615781, 42.199304 ], [ -82.1560546, 42.2024872 ], [ -82.151351, 42.2051975 ], [ -82.1472909, 42.2075372 ], [ -82.1433432, 42.2092329 ], [ -82.13953, 42.2107097 ], [ -82.1357955, 42.2121558 ], [ -82.131983, 42.2136323 ], [ -82.1279379, 42.2151987 ], [ -82.1235, 42.2169172 ], [ -82.1184804, 42.2188589 ], [ -82.1126759, 42.2211029 ], [ -82.1058514, 42.2237412 ], [ -82.0978955, 42.2270753 ], [ -82.0900052, 42.23136 ], [ -82.0834254, 42.2349329 ], [ -82.0777932, 42.2375486 ], [ -82.0720057, 42.2381377 ], [ -82.0667599, 42.2386717 ], [ -82.0618383, 42.2391726 ], [ -82.057038, 42.2396612 ], [ -82.0522612, 42.2404347 ], [ -82.0472926, 42.2412622 ], [ -82.0419191, 42.2421572 ], [ -82.0359201, 42.2431563 ], [ -82.0290074, 42.2440316 ], [ -82.0215324, 42.244727 ], [ -82.0149283, 42.2453413 ], [ -82.0090887, 42.2458845 ], [ -82.0036932, 42.2459817 ], [ -81.9984779, 42.2459966 ], [ -81.9932322, 42.2460116 ], [ -81.9877973, 42.2460272 ], [ -81.9822536, 42.2459744 ], [ -81.9763572, 42.2455076 ], [ -81.9698053, 42.2449889 ], [ -81.962558, 42.2444152 ], [ -81.9553672, 42.2437927 ], [ -81.948046, 42.2430405 ], [ -81.9402598, 42.2422405 ], [ -81.9326129, 42.2414445 ], [ -81.9260402, 42.2403656 ], [ -81.9203995, 42.2394397 ], [ -81.9157047, 42.238669 ], [ -81.9118116, 42.2380299 ], [ -81.9085664, 42.2374972 ], [ -81.9058286, 42.2371108 ], [ -81.9035495, 42.2369243 ], [ -81.9016788, 42.2367711 ], [ -81.9001456, 42.2366456 ], [ -81.8988897, 42.2365427 ], [ -81.8978586, 42.2364583 ], [ -81.8970183, 42.2363895 ], [ -81.8963234, 42.2363326 ], [ -81.8957578, 42.2362863 ], [ -81.8952964, 42.2362485 ], [ -81.8949127, 42.2362171 ], [ -81.8945958, 42.2361912 ], [ -81.8943402, 42.2361702 ], [ -81.8941353, 42.2361534 ], [ -81.8939395, 42.2361374 ], [ -81.8936962, 42.2361175 ], [ -81.8933927, 42.2360926 ], [ -81.8930129, 42.2360615 ], [ -81.8925634, 42.2360247 ], [ -81.8920196, 42.2359802 ], [ -81.8913473, 42.2359252 ], [ -81.8905344, 42.2358587 ], [ -81.8895365, 42.2357769 ], [ -81.8883242, 42.2356777 ], [ -81.886843, 42.2355564 ], [ -81.8850349, 42.2354083 ], [ -81.8828348, 42.2352282 ], [ -81.8802356, 42.2353984 ], [ -81.8771346, 42.2361109 ], [ -81.8733607, 42.2369781 ], [ -81.8687891, 42.2380286 ], [ -81.8632581, 42.2392995 ], [ -81.8569099, 42.2409696 ], [ -81.8513602, 42.2441172 ], [ -81.8457098, 42.2473217 ], [ -81.8398513, 42.2506443 ], [ -81.835434, 42.255001 ], [ -81.8339692, 42.2606327 ], [ -81.8325417, 42.2661202 ], [ -81.8311353, 42.2715265 ], [ -81.8297436, 42.2768754 ], [ -81.8287942, 42.2822523 ], [ -81.8278765, 42.2877337 ], [ -81.8269072, 42.2935222 ], [ -81.8258184, 42.2998528 ], [ -81.8245672, 42.306405 ], [ -81.8234435, 42.3122892 ], [ -81.8224672, 42.3174017 ], [ -81.8214105, 42.321811 ], [ -81.8204073, 42.3256023 ], [ -81.8195414, 42.3288748 ], [ -81.8187953, 42.3316945 ], [ -81.8181511, 42.3341289 ], [ -81.8175955, 42.3362287 ], [ -81.8171164, 42.3380388 ], [ -81.8167039, 42.3395975 ], [ -81.8160618, 42.3408684 ], [ -81.8153811, 42.3418981 ], [ -81.8148118, 42.3427593 ], [ -81.8143348, 42.343481 ], [ -81.8139359, 42.3440846 ], [ -81.813602, 42.3445896 ], [ -81.8133202, 42.3450159 ], [ -81.8130871, 42.3453685 ], [ -81.8128897, 42.3456672 ], [ -81.812722, 42.3459209 ], [ -81.812581, 42.346134 ], [ -81.8124646, 42.3463102 ], [ -81.8123696, 42.3464539 ], [ -81.812284, 42.3465833 ], [ -81.812185, 42.3467331 ], [ -81.8120624, 42.3469185 ], [ -81.8119172, 42.3471383 ], [ -81.8117447, 42.3473992 ], [ -81.8115361, 42.3477147 ], [ -81.8112905, 42.3480862 ], [ -81.8109966, 42.3485308 ], [ -81.810645, 42.3490628 ], [ -81.81023, 42.3496905 ], [ -81.8097334, 42.3504417 ], [ -81.8091402, 42.3513388 ], [ -81.8084334, 42.3524079 ], [ -81.8075872, 42.3536879 ], [ -81.8065771, 42.3552157 ], [ -81.8053699, 42.3570416 ], [ -81.8039345, 42.3592265 ], [ -81.8023096, 42.3618599 ], [ -81.8003731, 42.3649983 ], [ -81.7980651, 42.3687386 ], [ -81.795319, 42.3731884 ], [ -81.7907195, 42.3774724 ], [ -81.7840959, 42.3818274 ], [ -81.7762549, 42.3870166 ], [ -81.7670324, 42.3932743 ], [ -81.7578566, 42.399324 ], [ -81.7496696, 42.4039633 ], [ -81.7427741, 42.4078704 ], [ -81.7369684, 42.4111925 ], [ -81.7320301, 42.4140551 ], [ -81.727736, 42.4165442 ], [ -81.72393, 42.4187503 ], [ -81.7204659, 42.4207581 ], [ -81.7172279, 42.4226761 ], [ -81.714069, 42.4245644 ], [ -81.7108437, 42.4264924 ], [ -81.707417, 42.4285406 ], [ -81.7036499, 42.4307923 ], [ -81.6994659, 42.4332931 ], [ -81.6955686, 42.4356041 ], [ -81.6920477, 42.4376894 ], [ -81.688759, 42.439637 ], [ -81.685566, 42.441528 ], [ -81.6823316, 42.4434433 ], [ -81.6789352, 42.4454565 ], [ -81.6755728, 42.4475471 ], [ -81.6722357, 42.449622 ], [ -81.6694004, 42.4513847 ], [ -81.6670764, 42.4528297 ], [ -81.6651739, 42.4540125 ], [ -81.6636147, 42.4549819 ], [ -81.6623406, 42.4557739 ], [ -81.6612947, 42.4564242 ], [ -81.6604363, 42.4569578 ], [ -81.6597337, 42.4573946 ], [ -81.6591538, 42.4577551 ], [ -81.6586945, 42.4580589 ], [ -81.6583239, 42.458318 ], [ -81.6580161, 42.4585334 ], [ -81.6577691, 42.4587061 ], [ -81.6575645, 42.4588492 ], [ -81.6573978, 42.4589658 ], [ -81.6572484, 42.4590703 ], [ -81.6570746, 42.4591919 ], [ -81.6568601, 42.4593418 ], [ -81.6566082, 42.459518 ], [ -81.6563029, 42.4597315 ], [ -81.655935, 42.4599889 ], [ -81.6554813, 42.4603061 ], [ -81.6549253, 42.4606949 ], [ -81.6542484, 42.4611684 ], [ -81.6534261, 42.4617434 ], [ -81.6524231, 42.4624449 ], [ -81.6511936, 42.4633048 ], [ -81.6497003, 42.464349 ], [ -81.6478779, 42.4656235 ], [ -81.6456547, 42.4671781 ], [ -81.6429377, 42.4690781 ], [ -81.6397622, 42.4712985 ], [ -81.6362691, 42.4734921 ], [ -81.6329017, 42.4754348 ], [ -81.6297306, 42.4772642 ], [ -81.6266237, 42.4790565 ], [ -81.6234492, 42.4808876 ], [ -81.6200742, 42.4828345 ], [ -81.6165255, 42.4848814 ], [ -81.6137445, 42.4868097 ], [ -81.6114788, 42.4884015 ], [ -81.6096213, 42.4897064 ], [ -81.6080965, 42.4907775 ], [ -81.6068455, 42.4916564 ], [ -81.6058224, 42.4923751 ], [ -81.6049852, 42.4929632 ], [ -81.6043037, 42.493442 ], [ -81.603744, 42.4938351 ], [ -81.6032816, 42.49416 ], [ -81.6028987, 42.4944289 ], [ -81.6025819, 42.4946515 ], [ -81.6023219, 42.4948341 ], [ -81.602105, 42.4949865 ], [ -81.6019245, 42.4951133 ], [ -81.6017709, 42.4952212 ], [ -81.6016021, 42.4953398 ], [ -81.6013911, 42.495488 ], [ -81.6011371, 42.4956664 ], [ -81.6008356, 42.4958782 ], [ -81.6004699, 42.496135 ], [ -81.6000193, 42.4964515 ], [ -81.5994677, 42.4968391 ], [ -81.5987982, 42.4973094 ], [ -81.5979787, 42.497885 ], [ -81.5969841, 42.4985856 ], [ -81.5957808, 42.49945 ], [ -81.5943099, 42.5005067 ], [ -81.5925224, 42.5017908 ], [ -81.5903514, 42.5033504 ], [ -81.587698, 42.5052563 ], [ -81.5845538, 42.5075148 ], [ -81.5811588, 42.5099535 ], [ -81.577388, 42.5126267 ], [ -81.5733945, 42.5153349 ], [ -81.5700792, 42.5175831 ], [ -81.5673612, 42.5194263 ], [ -81.5651324, 42.5209376 ], [ -81.5633056, 42.5221762 ], [ -81.5618068, 42.5231925 ], [ -81.5605771, 42.5240263 ], [ -81.5595692, 42.5247097 ], [ -81.5588167, 42.5253246 ], [ -81.558213, 42.5258413 ], [ -81.5577149, 42.5262674 ], [ -81.5573039, 42.526619 ], [ -81.5569662, 42.526908 ], [ -81.556692, 42.5271426 ], [ -81.5564686, 42.5273337 ], [ -81.556282, 42.5274933 ], [ -81.5561326, 42.5276212 ], [ -81.5559933, 42.5277403 ], [ -81.5558536, 42.5278599 ], [ -81.5556751, 42.5280126 ], [ -81.5554616, 42.5281953 ], [ -81.5551997, 42.5284194 ], [ -81.554883, 42.5286903 ], [ -81.5544915, 42.5290253 ], [ -81.5540206, 42.5294281 ], [ -81.5534568, 42.5299105 ], [ -81.5527655, 42.5305019 ], [ -81.5519266, 42.5312197 ], [ -81.5509071, 42.5320919 ], [ -81.5496706, 42.5331497 ], [ -81.5481705, 42.534433 ], [ -81.5463471, 42.5359929 ], [ -81.5441296, 42.5378899 ], [ -81.5406261, 42.539431 ], [ -81.5361399, 42.541086 ], [ -81.5313775, 42.5428428 ], [ -81.5267057, 42.5445662 ], [ -81.5220467, 42.546466 ], [ -81.5173556, 42.5486839 ], [ -81.5126724, 42.5508978 ], [ -81.5080791, 42.5530692 ], [ -81.503381, 42.5552901 ], [ -81.4980706, 42.5572588 ], [ -81.4931518, 42.5590038 ], [ -81.4890468, 42.5604601 ], [ -81.48562, 42.5616758 ], [ -81.4827591, 42.5626907 ], [ -81.4803678, 42.5635389 ], [ -81.4783607, 42.564227 ], [ -81.4766815, 42.564792 ], [ -81.475279, 42.565264 ], [ -81.474112, 42.5656568 ], [ -81.4731394, 42.5659841 ], [ -81.472329, 42.5662568 ], [ -81.4716563, 42.5664832 ], [ -81.4710949, 42.5666721 ], [ -81.4706272, 42.5668296 ], [ -81.4702391, 42.5669601 ], [ -81.4699154, 42.567069 ], [ -81.4696431, 42.5671607 ], [ -81.4694178, 42.5672365 ], [ -81.4692257, 42.5673011 ], [ -81.4690419, 42.567363 ], [ -81.4688215, 42.5674371 ], [ -81.4685581, 42.5675258 ], [ -81.4682431, 42.5676318 ], [ -81.4678652, 42.567759 ], [ -81.4674036, 42.5679143 ], [ -81.4668551, 42.5680989 ], [ -81.4661959, 42.5683207 ], [ -81.465407, 42.5685862 ], [ -81.4644581, 42.5689055 ], [ -81.4634295, 42.5692516 ], [ -81.4625599, 42.5695443 ], [ -81.4618322, 42.5697891 ], [ -81.4612283, 42.5699923 ], [ -81.4607222, 42.5701626 ], [ -81.460299, 42.5703051 ], [ -81.4599487, 42.5704229 ], [ -81.4596589, 42.5705205 ], [ -81.4594099, 42.5706042 ], [ -81.4592138, 42.5706702 ], [ -81.4590309, 42.5707318 ], [ -81.4588233, 42.5708016 ], [ -81.4585601, 42.5708902 ], [ -81.4582478, 42.5709953 ], [ -81.457875, 42.5711208 ], [ -81.4574334, 42.5712693 ], [ -81.4569047, 42.5714482 ], [ -81.4562799, 42.5716912 ], [ -81.4555421, 42.5719832 ], [ -81.4546606, 42.572332 ], [ -81.453609, 42.5727481 ], [ -81.4523524, 42.5732453 ], [ -81.4508546, 42.5738379 ], [ -81.4490742, 42.5745424 ], [ -81.4469476, 42.5753838 ], [ -81.4444094, 42.576388 ], [ -81.4413798, 42.5775866 ], [ -81.4377664, 42.5790162 ], [ -81.4334181, 42.5806612 ], [ -81.4280202, 42.5823468 ], [ -81.4218383, 42.5842769 ], [ -81.4162786, 42.5860129 ], [ -81.4113579, 42.5875535 ], [ -81.406919, 42.5890247 ], [ -81.4027435, 42.5904087 ], [ -81.3986531, 42.5917644 ], [ -81.3946494, 42.5930914 ], [ -81.3909249, 42.5943258 ], [ -81.38743, 42.5956368 ], [ -81.3842164, 42.5972079 ], [ -81.3809552, 42.5988024 ], [ -81.3775121, 42.6004856 ], [ -81.3739521, 42.602226 ], [ -81.3708861, 42.6037249 ], [ -81.3682931, 42.6049925 ], [ -81.3661146, 42.6060802 ], [ -81.3643718, 42.6071251 ], [ -81.362878, 42.6080207 ], [ -81.3615997, 42.608787 ], [ -81.3605066, 42.6094424 ], [ -81.3595707, 42.6100035 ], [ -81.3587673, 42.6104851 ], [ -81.3580785, 42.6108981 ], [ -81.3574881, 42.611252 ], [ -81.3569895, 42.6115509 ], [ -81.3565603, 42.6118082 ], [ -81.356186, 42.6120326 ], [ -81.3558728, 42.6122204 ], [ -81.3556008, 42.6123834 ], [ -81.3553717, 42.6125208 ], [ -81.3551708, 42.6126412 ], [ -81.355004, 42.6127412 ], [ -81.3548411, 42.6128388 ], [ -81.3546636, 42.6129452 ], [ -81.3544623, 42.613066 ], [ -81.3542174, 42.6132127 ], [ -81.3539338, 42.6133828 ], [ -81.3535974, 42.6135844 ], [ -81.3532115, 42.6138157 ], [ -81.3527606, 42.6140861 ], [ -81.3522325, 42.6144026 ], [ -81.3516169, 42.6147717 ], [ -81.3508987, 42.6152022 ], [ -81.3500568, 42.6157069 ], [ -81.3490763, 42.6162947 ], [ -81.3479299, 42.6169819 ], [ -81.3465891, 42.6177856 ], [ -81.3450227, 42.6187245 ], [ -81.3430009, 42.6196015 ], [ -81.3404123, 42.6204398 ], [ -81.3373011, 42.6214475 ], [ -81.3335652, 42.6226574 ], [ -81.32908, 42.62411 ], [ -81.3236916, 42.6258549 ], [ -81.3173455, 42.6276558 ], [ -81.3109578, 42.6290422 ], [ -81.3046303, 42.6304155 ], [ -81.2981044, 42.6318319 ], [ -81.2914442, 42.6337619 ], [ -81.2854234, 42.6357313 ], [ -81.2800184, 42.6374992 ], [ -81.2750079, 42.6391381 ], [ -81.2695928, 42.6393324 ], [ -81.2636928, 42.6393776 ], [ -81.2570984, 42.639428 ], [ -81.2501458, 42.6395507 ], [ -81.2434243, 42.6398112 ], [ -81.2366687, 42.640073 ], [ -81.230512, 42.6403117 ], [ -81.2253704, 42.6404057 ], [ -81.221058, 42.6403292 ], [ -81.2174555, 42.6402654 ], [ -81.214438, 42.6402119 ], [ -81.211904, 42.6401669 ], [ -81.2097457, 42.6401287 ], [ -81.2079057, 42.6400961 ], [ -81.206383, 42.6400691 ], [ -81.2051237, 42.6400468 ], [ -81.2040721, 42.6400281 ], [ -81.2031842, 42.6400124 ], [ -81.2024234, 42.6399998 ], [ -81.2017711, 42.6400015 ], [ -81.2012188, 42.6400037 ], [ -81.2007427, 42.6400055 ], [ -81.2003384, 42.6400071 ], [ -81.1999998, 42.6400084 ], [ -81.1997084, 42.6400096 ], [ -81.1994567, 42.6400106 ], [ -81.1992351, 42.6400114 ], [ -81.1990274, 42.6400123 ], [ -81.1988034, 42.6400131 ], [ -81.1985434, 42.6400141 ], [ -81.1982316, 42.6400154 ], [ -81.197864, 42.6400169 ], [ -81.1974405, 42.6400185 ], [ -81.1969476, 42.6400204 ], [ -81.1963635, 42.6400228 ], [ -81.1956763, 42.6400254 ], [ -81.1948675, 42.6400286 ], [ -81.1939212, 42.6400323 ], [ -81.1928113, 42.6400367 ], [ -81.1915092, 42.6400418 ], [ -81.1899807, 42.6400478 ], [ -81.1881842, 42.6400549 ], [ -81.1860654, 42.6400632 ], [ -81.183549, 42.6400731 ], [ -81.180533, 42.640085 ], [ -81.1769259, 42.640099 ], [ -81.1726779, 42.6401137 ], [ -81.1676893, 42.640131 ], [ -81.1618165, 42.6401513 ], [ -81.1548593, 42.6401754 ], [ -81.1478456, 42.6401703 ], [ -81.1412769, 42.6401448 ], [ -81.134878, 42.6401199 ], [ -81.1283866, 42.6400947 ], [ -81.1218309, 42.6400037 ], [ -81.1152537, 42.6398869 ], [ -81.1083841, 42.639765 ], [ -81.1010117, 42.6396299 ], [ -81.0940249, 42.6393916 ], [ -81.0875506, 42.6391708 ], [ -81.0813223, 42.6389584 ], [ -81.0750822, 42.6387292 ], [ -81.0685692, 42.6383934 ], [ -81.0614948, 42.6380288 ], [ -81.0535699, 42.6376203 ], [ -81.0454586, 42.6372605 ], [ -81.0385758, 42.6369814 ], [ -81.0329374, 42.6367528 ], [ -81.0283223, 42.6365658 ], [ -81.0245422, 42.6364753 ], [ -81.0214417, 42.6365665 ], [ -81.0189077, 42.636641 ], [ -81.016827, 42.6367021 ], [ -81.0151311, 42.636752 ], [ -81.0137339, 42.6367931 ], [ -81.0125906, 42.6368267 ], [ -81.0116609, 42.636854 ], [ -81.0109018, 42.6368763 ], [ -81.0102755, 42.6368947 ], [ -81.0097586, 42.6369099 ], [ -81.0093319, 42.6369225 ], [ -81.0089853, 42.6369327 ], [ -81.0086996, 42.6369411 ], [ -81.0084675, 42.6369479 ], [ -81.0082669, 42.6369538 ], [ -81.0080328, 42.6369607 ], [ -81.0077491, 42.636969 ], [ -81.0074055, 42.6369791 ], [ -81.0069891, 42.6369914 ], [ -81.0064805, 42.6370063 ], [ -81.0058545, 42.6370247 ], [ -81.0050839, 42.6370474 ], [ -81.0041402, 42.6370751 ], [ -81.0029937, 42.6371088 ], [ -81.0016002, 42.6371498 ], [ -80.9998884, 42.6372001 ], [ -80.9978326, 42.6374504 ], [ -80.9953335, 42.637781 ], [ -80.9922913, 42.6381835 ], [ -80.988587, 42.6386735 ], [ -80.9840772, 42.63927 ], [ -80.9786495, 42.639988 ], [ -80.9736485, 42.6406495 ], [ -80.9694994, 42.6406871 ], [ -80.9660872, 42.6405718 ], [ -80.9632915, 42.6404773 ], [ -80.9610079, 42.6404001 ], [ -80.9591298, 42.6403366 ], [ -80.9576015, 42.6402849 ], [ -80.9563409, 42.6402423 ], [ -80.9553086, 42.6402074 ], [ -80.9544712, 42.6401791 ], [ -80.9537875, 42.640156 ], [ -80.9532227, 42.6401369 ], [ -80.9527559, 42.6401211 ], [ -80.9523664, 42.6401079 ], [ -80.9520509, 42.6400972 ], [ -80.9517953, 42.6400886 ], [ -80.9515875, 42.6400816 ], [ -80.9513737, 42.6400744 ], [ -80.9511151, 42.6400656 ], [ -80.9508021, 42.6400551 ], [ -80.9504234, 42.6400423 ], [ -80.9499607, 42.6400266 ], [ -80.9493907, 42.6400073 ], [ -80.9486882, 42.6399836 ], [ -80.9478246, 42.6399544 ], [ -80.946781, 42.6399191 ], [ -80.9455113, 42.6398762 ], [ -80.9439516, 42.6398678 ], [ -80.9420441, 42.6398591 ], [ -80.9397115, 42.6398485 ], [ -80.9368594, 42.6398355 ], [ -80.9333803, 42.6398197 ], [ -80.9291359, 42.6398004 ], [ -80.9239584, 42.6397769 ], [ -80.9181369, 42.6396067 ], [ -80.9122486, 42.6391771 ], [ -80.9063686, 42.6387481 ], [ -80.9004704, 42.6383177 ], [ -80.8943288, 42.6378537 ], [ -80.8883397, 42.6369238 ], [ -80.8824127, 42.6360036 ], [ -80.8764879, 42.6350837 ], [ -80.8706666, 42.6341798 ], [ -80.864755, 42.6330586 ], [ -80.8584435, 42.6318391 ], [ -80.8521549, 42.630624 ], [ -80.845995, 42.6294337 ], [ -80.8400055, 42.6281092 ], [ -80.8339031, 42.6267522 ], [ -80.8280245, 42.625445 ], [ -80.8226969, 42.6242604 ], [ -80.8176046, 42.6238525 ], [ -80.8129387, 42.6236577 ], [ -80.8090153, 42.6234939 ], [ -80.8057431, 42.6233573 ], [ -80.8030268, 42.6232439 ], [ -80.8007952, 42.6231507 ], [ -80.7989744, 42.6230236 ], [ -80.7976006, 42.6224825 ], [ -80.7963948, 42.6220075 ], [ -80.7953274, 42.6215871 ], [ -80.7944019, 42.6212225 ], [ -80.793584, 42.6209003 ], [ -80.7928621, 42.6206159 ], [ -80.7922518, 42.6203755 ], [ -80.7917254, 42.6201682 ], [ -80.7912537, 42.6199824 ], [ -80.7908066, 42.6198063 ], [ -80.7903985, 42.6196455 ], [ -80.7900466, 42.6195069 ], [ -80.7897509, 42.6193904 ], [ -80.789509, 42.6192951 ], [ -80.7892996, 42.6192127 ], [ -80.7891141, 42.6191395 ], [ -80.7889316, 42.6190677 ], [ -80.7887271, 42.6189871 ], [ -80.7885107, 42.6189019 ], [ -80.7882724, 42.6188081 ], [ -80.7880192, 42.6187083 ], [ -80.7877418, 42.618599 ], [ -80.7874329, 42.6184773 ], [ -80.7870772, 42.6183372 ], [ -80.7866566, 42.6181716 ], [ -80.7861628, 42.617977 ], [ -80.7855631, 42.6177408 ], [ -80.7848489, 42.6174594 ], [ -80.7839958, 42.6171234 ], [ -80.7829802, 42.6167233 ], [ -80.781775, 42.6162485 ], [ -80.7803917, 42.6157036 ], [ -80.7787907, 42.6150741 ], [ -80.7768264, 42.6144436 ], [ -80.774467, 42.6136925 ], [ -80.7716331, 42.6127906 ], [ -80.7682462, 42.6117126 ], [ -80.7642652, 42.6104454 ], [ -80.7595373, 42.6089404 ], [ -80.7538998, 42.6070924 ], [ -80.7472682, 42.6047675 ], [ -80.7407796, 42.6024927 ], [ -80.7348768, 42.6004232 ], [ -80.7293229, 42.5984624 ], [ -80.7238834, 42.5965308 ], [ -80.7183271, 42.5945576 ], [ -80.7124241, 42.5924612 ], [ -80.705941, 42.5901358 ], [ -80.69861, 42.5874789 ], [ -80.6901199, 42.5844017 ], [ -80.6812385, 42.581224 ], [ -80.6732811, 42.5784101 ], [ -80.66598, 42.5758281 ], [ -80.6590068, 42.5734771 ], [ -80.6521843, 42.5712857 ], [ -80.6453729, 42.5690978 ], [ -80.6383345, 42.5668721 ], [ -80.6305891, 42.5650908 ], [ -80.6230874, 42.5633655 ], [ -80.6168802, 42.5619379 ], [ -80.611679, 42.5610206 ], [ -80.6073055, 42.5606223 ], [ -80.6037178, 42.5602957 ], [ -80.6007759, 42.5600278 ], [ -80.5983649, 42.5598082 ], [ -80.5963869, 42.5596281 ], [ -80.5947673, 42.5594806 ], [ -80.5934363, 42.5593594 ], [ -80.5923478, 42.5592604 ], [ -80.5914571, 42.5591793 ], [ -80.5907179, 42.5591119 ], [ -80.5901223, 42.5590577 ], [ -80.5896274, 42.5590126 ], [ -80.5892222, 42.5589757 ], [ -80.588895, 42.5589459 ], [ -80.5886288, 42.5589217 ], [ -80.5884052, 42.5589013 ], [ -80.5882032, 42.5588829 ], [ -80.5879533, 42.5588602 ], [ -80.5876625, 42.5588337 ], [ -80.5873157, 42.5588021 ], [ -80.5868887, 42.5587633 ], [ -80.586356, 42.5587147 ], [ -80.5857155, 42.5586876 ], [ -80.5849372, 42.5586666 ], [ -80.5839817, 42.558641 ], [ -80.5828075, 42.5586095 ], [ -80.5813733, 42.5585709 ], [ -80.5796322, 42.5585242 ], [ -80.5774955, 42.5584668 ], [ -80.5748925, 42.5583969 ], [ -80.5717079, 42.5583113 ], [ -80.5678243, 42.5582071 ], [ -80.5630796, 42.5580796 ], [ -80.5575496, 42.5583183 ], [ -80.5524605, 42.5587139 ], [ -80.5479067, 42.559068 ], [ -80.5437022, 42.5593949 ], [ -80.5396698, 42.5597084 ], [ -80.5355734, 42.5596615 ], [ -80.5312221, 42.5596067 ], [ -80.52643, 42.5595464 ], [ -80.5211684, 42.5594802 ], [ -80.5158502, 42.5594134 ], [ -80.5104556, 42.5594648 ], [ -80.5049241, 42.5595822 ], [ -80.4993599, 42.5597002 ], [ -80.4939351, 42.5598153 ], [ -80.4888152, 42.5599247 ], [ -80.484177, 42.5606746 ], [ -80.4798107, 42.5613941 ], [ -80.4755713, 42.5620927 ], [ -80.4712926, 42.5627977 ], [ -80.4668127, 42.5634487 ], [ -80.4617349, 42.5633345 ], [ -80.4558789, 42.5632027 ], [ -80.4490245, 42.5630485 ], [ -80.4409131, 42.5631956 ], [ -80.4314985, 42.563782 ], [ -80.4216746, 42.5643938 ], [ -80.4111574, 42.5644185 ], [ -80.3994644, 42.5644249 ], [ -80.3861368, 42.5632664 ], [ -80.3708216, 42.5614219 ], [ -80.3547617, 42.5585734 ], [ -80.3374519, 42.5550743 ], [ -80.3208559, 42.5517694 ], [ -80.3071164, 42.5491073 ], [ -80.2956517, 42.547129 ], [ -80.2861041, 42.5454814 ], [ -80.2781008, 42.5440482 ], [ -80.2713005, 42.5428169 ], [ -80.2654192, 42.541752 ], [ -80.2602167, 42.5408101 ], [ -80.2554875, 42.5399546 ], [ -80.2510362, 42.5391494 ], [ -80.2466757, 42.5383606 ], [ -80.2422271, 42.5375558 ], [ -80.2375011, 42.5367009 ], [ -80.2323101, 42.5358985 ], [ -80.2266426, 42.535028 ], [ -80.2202872, 42.5340517 ], [ -80.2129879, 42.5329394 ], [ -80.204427, 42.5319108 ], [ -80.1956266, 42.5308533 ], [ -80.1872565, 42.529916 ], [ -80.1789969, 42.5291936 ], [ -80.1705697, 42.5284566 ], [ -80.1616673, 42.5274521 ], [ -80.1529564, 42.5262035 ], [ -80.1448874, 42.5250468 ], [ -80.1372326, 42.5254703 ], [ -80.1300457, 42.5261872 ], [ -80.1230484, 42.5268853 ], [ -80.1161232, 42.5280396 ], [ -80.109018, 42.5292803 ], [ -80.1015773, 42.5305795 ], [ -80.0936533, 42.5317293 ], [ -80.084965, 42.5329194 ], [ -80.0779377, 42.5358957 ], [ -80.0779489, 42.5428557 ], [ -80.0779593, 42.5492635 ], [ -80.0779691, 42.5553834 ], [ -80.0779789, 42.5614658 ], [ -80.0829925, 42.5646533 ], [ -80.0897069, 42.566008 ], [ -80.0954718, 42.5671713 ], [ -80.1002401, 42.5687973 ], [ -80.1045669, 42.5706242 ], [ -80.1088217, 42.5724207 ], [ -80.1131789, 42.5742603 ], [ -80.1167308, 42.5773369 ], [ -80.1207584, 42.5809894 ], [ -80.1256948, 42.5851448 ], [ -80.1327868, 42.5890016 ], [ -80.141327, 42.59321 ], [ -80.1511946, 42.5962348 ], [ -80.1610962, 42.5984692 ], [ -80.1706793, 42.5994447 ], [ -80.1782717, 42.598436 ], [ -80.1845767, 42.5953647 ], [ -80.19046, 42.5924988 ], [ -80.1959688, 42.5898152 ], [ -80.2012505, 42.5872421 ], [ -80.2071676, 42.5873649 ], [ -80.212606, 42.5875669 ], [ -80.2177508, 42.587758 ], [ -80.2221744, 42.5859651 ], [ -80.2269603, 42.5832236 ], [ -80.2320808, 42.5802904 ], [ -80.2373838, 42.5826501 ], [ -80.243384, 42.58561 ], [ -80.2487522, 42.5895011 ], [ -80.2526515, 42.594383 ], [ -80.2566846, 42.5993514 ], [ -80.2613247, 42.6045095 ], [ -80.2664705, 42.6102293 ], [ -80.2721662, 42.6156585 ], [ -80.2768792, 42.6200952 ], [ -80.2805278, 42.6238259 ], [ -80.2828417, 42.6272163 ], [ -80.2847516, 42.6300146 ], [ -80.2863267, 42.6323223 ], [ -80.2876164, 42.6342117 ], [ -80.2886735, 42.6357603 ], [ -80.2895416, 42.6370321 ], [ -80.290254, 42.6380757 ], [ -80.2908412, 42.6389359 ], [ -80.2912956, 42.6396553 ], [ -80.2916555, 42.6402593 ], [ -80.2919532, 42.6407592 ], [ -80.292204, 42.6411801 ], [ -80.2924162, 42.6415364 ], [ -80.2925944, 42.6418353 ], [ -80.2927425, 42.642084 ], [ -80.2928671, 42.6422932 ], [ -80.2929747, 42.6424737 ], [ -80.2930684, 42.6426311 ], [ -80.2931474, 42.6427636 ], [ -80.2932378, 42.6429154 ], [ -80.2933399, 42.6430867 ], [ -80.2934585, 42.6432858 ], [ -80.2936002, 42.6435237 ], [ -80.2937701, 42.643809 ], [ -80.2939717, 42.6441473 ], [ -80.2942103, 42.6445478 ], [ -80.2944942, 42.6450244 ], [ -80.2948342, 42.6455951 ], [ -80.2952365, 42.6462704 ], [ -80.2957195, 42.6470811 ], [ -80.2963018, 42.6480584 ], [ -80.2970063, 42.6492407 ], [ -80.2978616, 42.6506763 ], [ -80.2988963, 42.652413 ], [ -80.3001323, 42.6544873 ], [ -80.3011501, 42.6570888 ], [ -80.3022661, 42.6602207 ], [ -80.3036083, 42.6639873 ], [ -80.3052312, 42.6685412 ], [ -80.3069839, 42.6734588 ], [ -80.3085609, 42.6778836 ], [ -80.3088084, 42.6820393 ], [ -80.307743, 42.6863501 ], [ -80.306707, 42.6905418 ], [ -80.3058493, 42.6940118 ], [ -80.3028874, 42.6960653 ], [ -80.2999447, 42.6978973 ], [ -80.2970875, 42.6996761 ], [ -80.2941953, 42.7014767 ], [ -80.2911457, 42.7033752 ], [ -80.2880287, 42.7054987 ], [ -80.2852248, 42.7075475 ], [ -80.2826046, 42.7094619 ], [ -80.2800563, 42.7113237 ], [ -80.2774732, 42.7132109 ], [ -80.2747449, 42.7152042 ], [ -80.2717304, 42.7173648 ], [ -80.2683722, 42.7197544 ], [ -80.2651586, 42.722041 ], [ -80.2621146, 42.7242069 ], [ -80.2591208, 42.726337 ], [ -80.2560654, 42.7285018 ], [ -80.2533761, 42.7303824 ], [ -80.2511704, 42.7319248 ], [ -80.2493624, 42.7331889 ], [ -80.2478807, 42.734225 ], [ -80.2466646, 42.7350753 ], [ -80.2456727, 42.7357688 ], [ -80.2448569, 42.7363392 ], [ -80.2441866, 42.7368079 ], [ -80.2436357, 42.7371931 ], [ -80.2431837, 42.7375091 ], [ -80.2428133, 42.7377681 ], [ -80.2425051, 42.7379836 ], [ -80.2422626, 42.7381531 ], [ -80.2420572, 42.7382967 ], [ -80.2418922, 42.7384121 ], [ -80.2417354, 42.7385217 ], [ -80.2415543, 42.7386484 ], [ -80.2413474, 42.738793 ], [ -80.2410948, 42.7389697 ], [ -80.2407875, 42.7391845 ], [ -80.2404114, 42.7394474 ], [ -80.2399526, 42.7397682 ], [ -80.2393988, 42.7401553 ], [ -80.2387234, 42.7406276 ], [ -80.237893, 42.7411944 ], [ -80.236862, 42.7418722 ], [ -80.2356071, 42.7426973 ], [ -80.2340752, 42.7437045 ], [ -80.2322042, 42.7449347 ], [ -80.2299551, 42.7464133 ], [ -80.2279012, 42.7477636 ], [ -80.2262167, 42.7488711 ], [ -80.2248349, 42.7497795 ], [ -80.2237028, 42.7505238 ], [ -80.2227771, 42.7511323 ], [ -80.2220198, 42.7516301 ], [ -80.2213976, 42.7520392 ], [ -80.2208879, 42.7523742 ], [ -80.2204694, 42.7526493 ], [ -80.2201263, 42.7528749 ], [ -80.2198397, 42.7530633 ], [ -80.2196044, 42.753218 ], [ -80.2194073, 42.7533475 ], [ -80.219245, 42.7534542 ], [ -80.2190826, 42.753561 ], [ -80.2188781, 42.7536954 ], [ -80.2186356, 42.7538548 ], [ -80.2183384, 42.7540503 ], [ -80.2179723, 42.7542835 ], [ -80.2174719, 42.7545199 ], [ -80.2168638, 42.7547992 ], [ -80.2161216, 42.75514 ], [ -80.2152204, 42.7555538 ], [ -80.2141173, 42.7560604 ], [ -80.2127712, 42.7566785 ], [ -80.2111258, 42.757434 ], [ -80.2092019, 42.7583175 ], [ -80.2074873, 42.7591047 ], [ -80.2060397, 42.7597694 ], [ -80.2048181, 42.7603303 ], [ -80.203788, 42.7608033 ], [ -80.2029188, 42.7612024 ], [ -80.2021841, 42.7615397 ], [ -80.2015657, 42.7618236 ], [ -80.2010449, 42.7620627 ], [ -80.2006036, 42.7622654 ], [ -80.2002249, 42.7624392 ], [ -80.1999181, 42.7625801 ], [ -80.1996535, 42.7627016 ], [ -80.1994247, 42.7628067 ], [ -80.1992376, 42.7628926 ], [ -80.1990619, 42.7629732 ], [ -80.1988589, 42.7630665 ], [ -80.1986239, 42.7631743 ], [ -80.1983412, 42.7633041 ], [ -80.1980111, 42.7634557 ], [ -80.1976191, 42.7636356 ], [ -80.1971569, 42.7638478 ], [ -80.1966062, 42.7641007 ], [ -80.1959509, 42.7644015 ], [ -80.195175, 42.7647578 ], [ -80.1942588, 42.7651784 ], [ -80.1931774, 42.7656749 ], [ -80.191833, 42.7661545 ], [ -80.1900134, 42.7663119 ], [ -80.1877945, 42.7665038 ], [ -80.1850853, 42.7667381 ], [ -80.1817804, 42.767024 ], [ -80.1777489, 42.7673726 ], [ -80.1728345, 42.7677976 ], [ -80.1668377, 42.7683162 ], [ -80.1599645, 42.7687967 ], [ -80.1537521, 42.7690012 ], [ -80.1481838, 42.7691846 ], [ -80.1430433, 42.7693539 ], [ -80.1381163, 42.7695162 ], [ -80.1331963, 42.76968 ], [ -80.1281038, 42.7699706 ], [ -80.1226354, 42.7702828 ], [ -80.116613, 42.7706265 ], [ -80.1107781, 42.7709594 ], [ -80.1052807, 42.7712793 ], [ -80.1000248, 42.7720001 ], [ -80.0947712, 42.7727206 ], [ -80.0892988, 42.7734711 ], [ -80.0835549, 42.7742588 ], [ -80.0786165, 42.7749361 ], [ -80.0745999, 42.7756134 ], [ -80.0713232, 42.7762429 ], [ -80.068634, 42.7767596 ], [ -80.0664308, 42.7771828 ], [ -80.0646258, 42.7775297 ], [ -80.0631486, 42.7778134 ], [ -80.0619402, 42.7780456 ], [ -80.0609499, 42.7782358 ], [ -80.06014, 42.7783915 ], [ -80.0594761, 42.778519 ], [ -80.0589254, 42.7786248 ], [ -80.0584811, 42.7787102 ], [ -80.0581169, 42.7787801 ], [ -80.0578167, 42.7788378 ], [ -80.0575651, 42.7788861 ], [ -80.0573542, 42.7789267 ], [ -80.0571601, 42.7789639 ], [ -80.0569326, 42.7790077 ], [ -80.0566681, 42.7790585 ], [ -80.0563493, 42.7791197 ], [ -80.0559749, 42.7791916 ], [ -80.0555225, 42.7792785 ], [ -80.054974, 42.7793839 ], [ -80.0543129, 42.7795109 ], [ -80.0535169, 42.7796639 ], [ -80.0525579, 42.7798481 ], [ -80.0514046, 42.7800696 ], [ -80.0500143, 42.7803368 ], [ -80.0483428, 42.7806932 ], [ -80.0463205, 42.7811614 ], [ -80.0438569, 42.7817317 ], [ -80.0408553, 42.7824267 ], [ -80.0371939, 42.7832742 ], [ -80.032726, 42.7843085 ], [ -80.0273646, 42.7855496 ], [ -80.0221681, 42.7851676 ], [ -80.0173545, 42.7821115 ], [ -80.0124401, 42.7789915 ], [ -80.0072513, 42.775697 ], [ -80.002179, 42.7724763 ], [ -79.99736, 42.7694163 ], [ -79.9921774, 42.7724793 ], [ -79.9865099, 42.7761755 ], [ -79.9815417, 42.7794153 ], [ -79.9774535, 42.7820812 ], [ -79.9741031, 42.7842659 ], [ -79.9713577, 42.786056 ], [ -79.9691085, 42.7875225 ], [ -79.9671229, 42.7885507 ], [ -79.9652137, 42.7890634 ], [ -79.9636414, 42.7894856 ], [ -79.9623434, 42.7898342 ], [ -79.9612705, 42.7901223 ], [ -79.9603832, 42.7903605 ], [ -79.959651, 42.7905572 ], [ -79.9590469, 42.7907194 ], [ -79.9585504, 42.7908527 ], [ -79.9581405, 42.7909627 ], [ -79.9577998, 42.7910543 ], [ -79.9575144, 42.7911309 ], [ -79.9572699, 42.7911965 ], [ -79.9570703, 42.7912501 ], [ -79.9568599, 42.7913066 ], [ -79.9566275, 42.7913691 ], [ -79.9563314, 42.7914486 ], [ -79.9559859, 42.7915413 ], [ -79.9555626, 42.791655 ], [ -79.9550395, 42.7917955 ], [ -79.9544136, 42.7919635 ], [ -79.9536623, 42.7921653 ], [ -79.9527544, 42.7924091 ], [ -79.9516512, 42.7927053 ], [ -79.9503182, 42.7930632 ], [ -79.9487035, 42.7934968 ], [ -79.946751, 42.7940211 ], [ -79.9443808, 42.7946575 ], [ -79.9415184, 42.7954261 ], [ -79.9388043, 42.7961439 ], [ -79.9364995, 42.7965929 ], [ -79.9346004, 42.7969628 ], [ -79.9330346, 42.7972679 ], [ -79.9317443, 42.7975193 ], [ -79.9306816, 42.7977262 ], [ -79.9298039, 42.7978972 ], [ -79.9290821, 42.7980378 ], [ -79.9284875, 42.7981536 ], [ -79.9279973, 42.7982491 ], [ -79.9275912, 42.7983283 ], [ -79.9272597, 42.7983928 ], [ -79.926983, 42.7984467 ], [ -79.9267592, 42.7984903 ], [ -79.9265703, 42.7985271 ], [ -79.9263544, 42.7985692 ], [ -79.9260975, 42.7986192 ], [ -79.9257867, 42.7986797 ], [ -79.9254067, 42.7987538 ], [ -79.9249464, 42.7988435 ], [ -79.9243888, 42.7989521 ], [ -79.9237116, 42.799084 ], [ -79.9228907, 42.7992439 ], [ -79.9218955, 42.7994378 ], [ -79.9206865, 42.7996733 ], [ -79.919218, 42.7999593 ], [ -79.9174378, 42.8003061 ], [ -79.9152785, 42.8007267 ], [ -79.9126583, 42.8012371 ], [ -79.9094794, 42.8018562 ], [ -79.9055897, 42.8025186 ], [ -79.9008505, 42.8032877 ], [ -79.8950887, 42.8042227 ], [ -79.8886772, 42.8052631 ], [ -79.8829764, 42.8061882 ], [ -79.8778436, 42.8070211 ], [ -79.8730349, 42.8077014 ], [ -79.8683178, 42.8082776 ], [ -79.8635117, 42.8088647 ], [ -79.8584193, 42.8094869 ], [ -79.852828, 42.8101698 ], [ -79.84658, 42.8110759 ], [ -79.84094, 42.8125703 ], [ -79.8361743, 42.8138329 ], [ -79.8320898, 42.8149151 ], [ -79.8285175, 42.8158615 ], [ -79.8253108, 42.816711 ], [ -79.8223337, 42.8174998 ], [ -79.8194284, 42.8181649 ], [ -79.8164929, 42.8186308 ], [ -79.8134884, 42.8191076 ], [ -79.810292, 42.8196149 ], [ -79.8067677, 42.8201742 ], [ -79.8027684, 42.8208089 ], [ -79.7981505, 42.8215418 ], [ -79.7938082, 42.8222308 ], [ -79.7901873, 42.8228055 ], [ -79.7872525, 42.8230777 ], [ -79.7857883, 42.8214557 ], [ -79.7845308, 42.8200625 ], [ -79.7834279, 42.8188407 ], [ -79.7824326, 42.817738 ], [ -79.7815009, 42.8167057 ], [ -79.7806254, 42.8157358 ], [ -79.7798422, 42.8148681 ], [ -79.7791407, 42.8140908 ], [ -79.7785124, 42.8133947 ], [ -79.7779498, 42.8127714 ], [ -79.777446, 42.8122132 ], [ -79.7769913, 42.8117094 ], [ -79.7765577, 42.8112289 ], [ -79.7761302, 42.8107552 ], [ -79.7757407, 42.8103236 ], [ -79.7753922, 42.8099375 ], [ -79.7750764, 42.8095875 ], [ -79.7747768, 42.8092556 ], [ -79.774481, 42.8089278 ], [ -79.7741464, 42.8089869 ], [ -79.7738787, 42.8092382 ], [ -79.7736528, 42.8094504 ], [ -79.7734696, 42.8096223 ], [ -79.7733144, 42.8097681 ], [ -79.7731923, 42.8098827 ], [ -79.7730491, 42.8100172 ], [ -79.7728877, 42.8101687 ], [ -79.7726946, 42.81035 ], [ -79.7724841, 42.8105476 ], [ -79.7722394, 42.8107773 ], [ -79.7719624, 42.8110375 ], [ -79.7716465, 42.811334 ], [ -79.7712946, 42.8116644 ], [ -79.7708924, 42.812042 ], [ -79.7704261, 42.8124798 ], [ -79.7698752, 42.8129969 ], [ -79.7692145, 42.8136171 ], [ -79.7684456, 42.814339 ], [ -79.7675766, 42.8151548 ], [ -79.7665983, 42.8160732 ], [ -79.765487, 42.8171164 ], [ -79.7642302, 42.8182961 ], [ -79.7628035, 42.8196355 ], [ -79.7611523, 42.8211854 ], [ -79.7592078, 42.8230107 ], [ -79.7568909, 42.8251853 ], [ -79.7541455, 42.8277621 ], [ -79.7515086, 42.830237 ], [ -79.7496102, 42.8301251 ], [ -79.7482483, 42.8268116 ], [ -79.7466199, 42.8228496 ], [ -79.7449105, 42.8186902 ], [ -79.7431289, 42.8143546 ], [ -79.7383651, 42.8134105 ], [ -79.7322798, 42.8143636 ], [ -79.7271221, 42.8151714 ], [ -79.7226794, 42.8158672 ], [ -79.7187854, 42.8164771 ], [ -79.7153002, 42.8170229 ], [ -79.7124499, 42.8177539 ], [ -79.7128117, 42.820398 ], [ -79.7132502, 42.8236019 ], [ -79.7137831, 42.8274953 ], [ -79.7144162, 42.832121 ], [ -79.7149932, 42.8363364 ], [ -79.7143389, 42.8391436 ], [ -79.7099669, 42.8388616 ], [ -79.7058808, 42.838598 ], [ -79.7019083, 42.8383418 ], [ -79.697883, 42.8380822 ], [ -79.6936361, 42.8378082 ], [ -79.6892346, 42.836766 ], [ -79.684392, 42.834952 ], [ -79.6795031, 42.8331206 ], [ -79.6745526, 42.831266 ], [ -79.6694201, 42.8293432 ], [ -79.6645163, 42.8275061 ], [ -79.6595429, 42.8264697 ], [ -79.6545907, 42.8262634 ], [ -79.6498091, 42.8260643 ], [ -79.6450117, 42.8258644 ], [ -79.6400674, 42.8256584 ], [ -79.6348152, 42.8254396 ], [ -79.6291101, 42.8256235 ], [ -79.6228833, 42.8259717 ], [ -79.6158899, 42.8263628 ], [ -79.6090796, 42.8267437 ], [ -79.6035364, 42.8272447 ], [ -79.5990378, 42.8279465 ], [ -79.5953384, 42.8285237 ], [ -79.5922971, 42.8289981 ], [ -79.5897944, 42.8293886 ], [ -79.587739, 42.8297092 ], [ -79.5860468, 42.8299732 ], [ -79.5846541, 42.8301905 ], [ -79.5835124, 42.8303686 ], [ -79.5825733, 42.830515 ], [ -79.5818009, 42.8306356 ], [ -79.5811597, 42.8307356 ], [ -79.5806385, 42.8308169 ], [ -79.5802095, 42.8308838 ], [ -79.5798579, 42.8309387 ], [ -79.5795654, 42.8309843 ], [ -79.5793293, 42.8310211 ], [ -79.5791354, 42.8310514 ], [ -79.5789211, 42.8310848 ], [ -79.5786552, 42.8311263 ], [ -79.5783481, 42.8311742 ], [ -79.5779676, 42.8312335 ], [ -79.5775099, 42.831305 ], [ -79.576943, 42.8313934 ], [ -79.5762587, 42.8315001 ], [ -79.5754219, 42.8315945 ], [ -79.5743961, 42.8316954 ], [ -79.5731453, 42.8318186 ], [ -79.5716213, 42.8319686 ], [ -79.5697617, 42.8321516 ], [ -79.5674948, 42.8323748 ], [ -79.5647302, 42.8326469 ], [ -79.5613601, 42.8329787 ], [ -79.5573261, 42.8333758 ], [ -79.5531894, 42.833783 ], [ -79.5489647, 42.8341988 ], [ -79.5445729, 42.8339145 ], [ -79.5396706, 42.8323773 ], [ -79.5338085, 42.830539 ], [ -79.5267483, 42.828325 ], [ -79.5179264, 42.8294345 ], [ -79.5078211, 42.8309558 ], [ -79.4979425, 42.8324429 ], [ -79.4897152, 42.834265 ], [ -79.4829721, 42.835935 ], [ -79.477392, 42.8373169 ], [ -79.4727759, 42.8384602 ], [ -79.4689579, 42.8394057 ], [ -79.4658587, 42.8403042 ], [ -79.463338, 42.8411674 ], [ -79.4612331, 42.8418882 ], [ -79.4594802, 42.8424885 ], [ -79.4580164, 42.8429897 ], [ -79.4567935, 42.8434085 ], [ -79.4557773, 42.8437565 ], [ -79.4549306, 42.8440464 ], [ -79.4542257, 42.8442878 ], [ -79.453631, 42.8444914 ], [ -79.4531398, 42.8446596 ], [ -79.4527305, 42.8447998 ], [ -79.4523899, 42.8449164 ], [ -79.4521053, 42.8450139 ], [ -79.4518697, 42.8450945 ], [ -79.45167, 42.8451629 ], [ -79.4514969, 42.8452222 ], [ -79.4512886, 42.8452936 ], [ -79.4510417, 42.845378 ], [ -79.4507451, 42.8454796 ], [ -79.4503819, 42.845604 ], [ -79.449955, 42.8457502 ], [ -79.4494451, 42.8459248 ], [ -79.4488334, 42.8461342 ], [ -79.448097, 42.8463864 ], [ -79.4472156, 42.8466882 ], [ -79.4461608, 42.8470493 ], [ -79.4448936, 42.8474833 ], [ -79.4433769, 42.8480026 ], [ -79.4415467, 42.8486102 ], [ -79.4393431, 42.849329 ], [ -79.4366981, 42.8501916 ], [ -79.4335222, 42.8512275 ], [ -79.4297091, 42.8524711 ], [ -79.4251308, 42.8539642 ], [ -79.419634, 42.8557569 ], [ -79.4126237, 42.854717 ], [ -79.404231, 42.8531391 ], [ -79.3963767, 42.8516624 ], [ -79.3894238, 42.8507921 ], [ -79.3832405, 42.8504294 ], [ -79.3776971, 42.8501043 ], [ -79.3725679, 42.8498034 ], [ -79.3676387, 42.8495147 ], [ -79.3627379, 42.8495516 ], [ -79.3577088, 42.8495974 ], [ -79.3523502, 42.8496462 ], [ -79.346449, 42.8496999 ], [ -79.3403256, 42.8512376 ], [ -79.3337833, 42.8534132 ], [ -79.3264591, 42.8558487 ], [ -79.3182627, 42.8577839 ], [ -79.3105896, 42.858306 ], [ -79.304005, 42.858754 ], [ -79.2982592, 42.859145 ], [ -79.2931616, 42.859669 ], [ -79.2885304, 42.860194 ], [ -79.2845439, 42.860646 ], [ -79.2812436, 42.8610201 ], [ -79.2784978, 42.8613313 ], [ -79.2762177, 42.8615898 ], [ -79.2743377, 42.8617343 ], [ -79.2727922, 42.8618305 ], [ -79.2715236, 42.8619096 ], [ -79.2704873, 42.8619742 ], [ -79.2696313, 42.8620275 ], [ -79.2689259, 42.8620714 ], [ -79.26835, 42.8621073 ], [ -79.2678636, 42.8621376 ], [ -79.2674492, 42.8621634 ], [ -79.2670884, 42.8621859 ], [ -79.2667761, 42.8622054 ], [ -79.2665095, 42.862222 ], [ -79.2662864, 42.8622358 ], [ -79.2660934, 42.8622479 ], [ -79.2658762, 42.8622614 ], [ -79.2656305, 42.8622768 ], [ -79.2653425, 42.8622947 ], [ -79.2650097, 42.8623154 ], [ -79.2646172, 42.8623399 ], [ -79.264147, 42.8623691 ], [ -79.2635671, 42.8624053 ], [ -79.2628506, 42.8624499 ], [ -79.2619909, 42.8625035 ], [ -79.2609348, 42.8625692 ], [ -79.2596509, 42.8626493 ], [ -79.2580795, 42.8627471 ], [ -79.2561666, 42.8628421 ], [ -79.2541556, 42.8626342 ], [ -79.2521583, 42.8624277 ], [ -79.2501051, 42.8622154 ], [ -79.2479267, 42.8619903 ], [ -79.2455313, 42.8617427 ], [ -79.2428158, 42.8614619 ], [ -79.2396683, 42.8611365 ], [ -79.2359507, 42.8609587 ], [ -79.2318617, 42.8609417 ], [ -79.2282464, 42.8609268 ], [ -79.2250406, 42.8609134 ], [ -79.2221437, 42.8609015 ], [ -79.2194362, 42.8608902 ], [ -79.2167985, 42.8608793 ], [ -79.2141168, 42.8608682 ], [ -79.2112756, 42.8608564 ], [ -79.208162, 42.8608435 ], [ -79.2050041, 42.8608304 ], [ -79.2018639, 42.8608302 ], [ -79.1986178, 42.8608702 ], [ -79.1951392, 42.8609131 ], [ -79.1912661, 42.8609609 ], [ -79.186842, 42.8610155 ], [ -79.1819346, 42.861076 ], [ -79.1766848, 42.8611408 ], [ -79.1717037, 42.8612022 ], [ -79.1672323, 42.8607826 ], [ -79.162943, 42.8602145 ], [ -79.1586292, 42.8596431 ], [ -79.1541176, 42.8590273 ], [ -79.1494261, 42.8575863 ], [ -79.1440111, 42.855923 ], [ -79.1384272, 42.8542077 ], [ -79.1337046, 42.8522288 ], [ -79.1292984, 42.8502685 ], [ -79.1249599, 42.8483383 ], [ -79.1212936, 42.8459784 ], [ -79.1184203, 42.843389 ], [ -79.1156884, 42.8409271 ], [ -79.1130067, 42.8385101 ], [ -79.1091567, 42.8381802 ], [ -79.1056249, 42.8381194 ], [ -79.102416, 42.8380643 ], [ -79.0994151, 42.8380127 ], [ -79.0964768, 42.8379622 ], [ -79.0935248, 42.8379115 ], [ -79.0905071, 42.8378597 ], [ -79.0873188, 42.8378049 ], [ -79.0843868, 42.838483 ], [ -79.0825248, 42.8405298 ], [ -79.0807184, 42.8425154 ], [ -79.0788908, 42.8445241 ], [ -79.0769641, 42.8466418 ], [ -79.0743985, 42.8486166 ], [ -79.0709245, 42.8501053 ], [ -79.067474, 42.8515838 ], [ -79.0639013, 42.8531146 ], [ -79.0598713, 42.854419 ], [ -79.055373, 42.8556038 ], [ -79.0503613, 42.8569238 ], [ -79.0447317, 42.8584065 ], [ -79.0396579, 42.8597428 ], [ -79.0353847, 42.8608682 ], [ -79.0314432, 42.8610025 ], [ -79.0277961, 42.8610499 ], [ -79.0242915, 42.8610954 ], [ -79.0207874, 42.861141 ], [ -79.0171856, 42.861369 ], [ -79.0134964, 42.8620767 ], [ -79.0095707, 42.8628298 ], [ -79.0053598, 42.8636376 ], [ -79.0007337, 42.864525 ], [ -78.9955124, 42.8655266 ], [ -78.9894845, 42.8666829 ], [ -78.9827, 42.8680298 ], [ -78.9767638, 42.8692201 ], [ -78.9717617, 42.8700635 ], [ -78.9673244, 42.8702243 ], [ -78.9633713, 42.8703676 ], [ -78.9597372, 42.8704992 ], [ -78.9563904, 42.8710033 ], [ -78.9532714, 42.8717152 ], [ -78.9501992, 42.8724166 ], [ -78.9470459, 42.8731365 ], [ -78.9436755, 42.8739059 ], [ -78.9399467, 42.8747571 ], [ -78.9357276, 42.8757202 ], [ -78.9316562, 42.876748 ], [ -78.9284988, 42.8782046 ], [ -78.9257042, 42.8794939 ], [ -78.9232423, 42.8806296 ], [ -78.9210586, 42.881637 ], [ -78.9191109, 42.8825355 ], [ -78.9174196, 42.8833157 ], [ -78.9159919, 42.8839743 ], [ -78.9147826, 42.8845322 ], [ -78.9137602, 42.8850038 ], [ -78.9128988, 42.8854012 ], [ -78.9121769, 42.8857342 ], [ -78.9115615, 42.8860181 ], [ -78.9110501, 42.886254 ], [ -78.9106723, 42.8861245 ], [ -78.9104164, 42.8858477 ], [ -78.9101878, 42.8856005 ], [ -78.9099756, 42.8853711 ], [ -78.9097921, 42.8851727 ], [ -78.9096245, 42.8849915 ], [ -78.909477, 42.8848321 ], [ -78.9093475, 42.884692 ], [ -78.9092343, 42.8845696 ], [ -78.9091252, 42.8844517 ], [ -78.9090043, 42.884321 ], [ -78.908872, 42.8841779 ], [ -78.9087215, 42.8840152 ], [ -78.9085544, 42.8838344 ], [ -78.9083678, 42.8836326 ], [ -78.9081582, 42.883406 ], [ -78.9079204, 42.8831489 ], [ -78.9076579, 42.882865 ], [ -78.9073905, 42.8825759 ], [ -78.9071642, 42.8823311 ], [ -78.9069684, 42.8821194 ], [ -78.9068026, 42.8819401 ], [ -78.906662, 42.881788 ], [ -78.9065476, 42.8816644 ], [ -78.9064303, 42.8815376 ], [ -78.9062959, 42.8813923 ], [ -78.9061414, 42.8812252 ], [ -78.9059514, 42.8810198 ], [ -78.9057344, 42.880785 ], [ -78.9054764, 42.880506 ], [ -78.9051698, 42.8801745 ], [ -78.9048122, 42.8797865 ], [ -78.9044387, 42.8793033 ], [ -78.9040019, 42.8787219 ], [ -78.9034815, 42.8780292 ], [ -78.9028637, 42.8772068 ], [ -78.9021222, 42.8762199 ], [ -78.9012279, 42.8750295 ], [ -78.9001451, 42.8735883 ], [ -78.8988844, 42.87191 ], [ -78.8974567, 42.8700496 ], [ -78.8958507, 42.867974 ], [ -78.8940599, 42.8656592 ], [ -78.8922193, 42.8632801 ], [ -78.8903345, 42.8608438 ], [ -78.8884586, 42.8584187 ], [ -78.8866048, 42.8560223 ], [ -78.8846297, 42.8535838 ], [ -78.8822441, 42.8511878 ], [ -78.879729, 42.8486616 ], [ -78.8771354, 42.8460565 ], [ -78.8745025, 42.8434119 ], [ -78.8717299, 42.8406266 ], [ -78.8687088, 42.8375917 ], [ -78.8663095, 42.8340404 ], [ -78.867698, 42.8300851 ], [ -78.8688628, 42.8267667 ], [ -78.8698478, 42.8239606 ], [ -78.8706917, 42.8215563 ], [ -78.8714003, 42.8195374 ], [ -78.8719845, 42.817873 ], [ -78.8724658, 42.8165016 ], [ -78.8728619, 42.8153731 ], [ -78.8731885, 42.8144423 ], [ -78.873457, 42.8136771 ], [ -78.8736781, 42.8130475 ], [ -78.873861, 42.8125262 ], [ -78.8740118, 42.8120965 ], [ -78.8741354, 42.8117441 ], [ -78.8742369, 42.8114549 ], [ -78.8743227, 42.8112104 ], [ -78.8743907, 42.8110166 ], [ -78.8744504, 42.8108468 ], [ -78.8745009, 42.8107027 ], [ -78.8745576, 42.8105409 ], [ -78.8746299, 42.8103349 ], [ -78.8747163, 42.810089 ], [ -78.8748224, 42.8097863 ], [ -78.8749487, 42.8094266 ], [ -78.8751022, 42.8089893 ], [ -78.8752898, 42.8084546 ], [ -78.8755174, 42.807806 ], [ -78.875793, 42.8070206 ], [ -78.8761284, 42.8060648 ], [ -78.8764724, 42.8048988 ], [ -78.8766334, 42.8034462 ], [ -78.8768301, 42.8016735 ], [ -78.8770699, 42.7995115 ], [ -78.8773631, 42.796869 ], [ -78.8777206, 42.7936454 ], [ -78.8781305, 42.78995 ], [ -78.8810244, 42.7871529 ], [ -78.8842029, 42.7843524 ], [ -78.8875735, 42.7813825 ], [ -78.8909723, 42.7783875 ], [ -78.8945539, 42.7757458 ], [ -78.8979374, 42.7733013 ], [ -78.9012262, 42.7709252 ], [ -78.9045604, 42.7685162 ], [ -78.9081579, 42.7660432 ], [ -78.9120729, 42.7636938 ], [ -78.9157095, 42.7615113 ], [ -78.9192121, 42.7594092 ], [ -78.9227253, 42.7573007 ], [ -78.9265228, 42.7552184 ], [ -78.9307363, 42.7531845 ], [ -78.9348604, 42.7511938 ], [ -78.9390204, 42.7491857 ], [ -78.9433903, 42.7470762 ], [ -78.9482733, 42.7449019 ], [ -78.9538221, 42.7424813 ], [ -78.9593365, 42.7400756 ], [ -78.9638577, 42.738103 ], [ -78.9675244, 42.7364386 ], [ -78.9705176, 42.7350604 ], [ -78.9729701, 42.7339311 ], [ -78.9749825, 42.7330044 ], [ -78.9766312, 42.7322452 ], [ -78.9779836, 42.7316225 ], [ -78.9790917, 42.7311122 ], [ -78.9799979, 42.7306949 ], [ -78.9807417, 42.7303523 ], [ -78.981351, 42.7300718 ], [ -78.9818494, 42.7298423 ], [ -78.9822568, 42.7296547 ], [ -78.9825908, 42.7295009 ], [ -78.9828613, 42.7293763 ], [ -78.9830923, 42.7292699 ], [ -78.9832795, 42.7291837 ], [ -78.9834657, 42.729098 ], [ -78.9836862, 42.7289965 ], [ -78.9839489, 42.7288755 ], [ -78.9842663, 42.7287293 ], [ -78.9846517, 42.7285518 ], [ -78.9851259, 42.7283336 ], [ -78.9857063, 42.7280867 ], [ -78.9864201, 42.7277894 ], [ -78.9872892, 42.7274273 ], [ -78.9883473, 42.7269865 ], [ -78.9896355, 42.7264498 ], [ -78.9912065, 42.7257954 ], [ -78.9931253, 42.724996 ], [ -78.9954624, 42.7240223 ], [ -78.9983099, 42.722836 ], [ -79.0017858, 42.7213878 ], [ -79.0058132, 42.7197098 ], [ -79.0098528, 42.7182837 ], [ -79.0138692, 42.7168721 ], [ -79.0180278, 42.7154104 ], [ -79.0224997, 42.7138386 ], [ -79.0274722, 42.7120908 ], [ -79.0328196, 42.7097131 ], [ -79.0389161, 42.7069795 ], [ -79.0456359, 42.7039661 ], [ -79.0512254, 42.7006871 ], [ -79.0557715, 42.697372 ], [ -79.0596904, 42.6945141 ], [ -79.0629059, 42.6921691 ], [ -79.0655447, 42.6902447 ], [ -79.0675027, 42.6885241 ], [ -79.0690727, 42.6870784 ], [ -79.0703667, 42.6858869 ], [ -79.0714341, 42.684904 ], [ -79.0723141, 42.6840936 ], [ -79.0730385, 42.6834265 ], [ -79.0736325, 42.6828796 ], [ -79.0741249, 42.6824261 ], [ -79.0745336, 42.6820498 ], [ -79.0748713, 42.6817387 ], [ -79.0751511, 42.6814811 ], [ -79.0753846, 42.681266 ], [ -79.0755811, 42.6810851 ], [ -79.0757427, 42.6809363 ], [ -79.0758787, 42.680811 ], [ -79.0760235, 42.6806776 ], [ -79.0761943, 42.6805204 ], [ -79.0764048, 42.6803265 ], [ -79.0766499, 42.6801008 ], [ -79.0769412, 42.6798324 ], [ -79.0772982, 42.6795037 ], [ -79.0777305, 42.6791056 ], [ -79.0782575, 42.6786202 ], [ -79.0787742, 42.6781445 ], [ -79.0792016, 42.6777507 ], [ -79.0795572, 42.6774234 ], [ -79.0798448, 42.6771585 ], [ -79.0800142, 42.6769107 ], [ -79.0801127, 42.6766881 ], [ -79.0801995, 42.6764922 ], [ -79.080274, 42.676324 ], [ -79.0803423, 42.6761697 ], [ -79.0804102, 42.6760162 ], [ -79.0804879, 42.6758408 ], [ -79.0805806, 42.6756316 ], [ -79.0806836, 42.6753989 ], [ -79.0808051, 42.6751244 ], [ -79.0809494, 42.6747986 ], [ -79.0811159, 42.6744229 ], [ -79.0813148, 42.6739735 ], [ -79.0815477, 42.6734476 ], [ -79.0818238, 42.6728239 ], [ -79.0821469, 42.6720944 ], [ -79.0825278, 42.6712342 ], [ -79.0829369, 42.6703103 ], [ -79.0832901, 42.6695127 ], [ -79.0835896, 42.6688364 ], [ -79.0838455, 42.6682584 ], [ -79.0840623, 42.6677688 ], [ -79.084247, 42.6673515 ], [ -79.0844042, 42.6669966 ], [ -79.0845393, 42.6666913 ], [ -79.0846533, 42.6664341 ], [ -79.0847487, 42.6662185 ], [ -79.0848359, 42.6660215 ], [ -79.0849071, 42.6658607 ], [ -79.0849708, 42.6657169 ], [ -79.0850468, 42.6655452 ], [ -79.0851272, 42.6653637 ], [ -79.0852245, 42.6651438 ], [ -79.0853363, 42.6648911 ], [ -79.0854703, 42.6645888 ], [ -79.0856272, 42.6642342 ], [ -79.0858103, 42.6638207 ], [ -79.0860239, 42.6633383 ], [ -79.0862765, 42.6627678 ], [ -79.0865724, 42.6620994 ], [ -79.0869219, 42.66131 ], [ -79.0873336, 42.6603802 ], [ -79.0878194, 42.6592869 ], [ -79.0888865, 42.6581667 ], [ -79.0902213, 42.6568251 ], [ -79.0918333, 42.6552049 ], [ -79.0937862, 42.653242 ], [ -79.0961412, 42.650875 ], [ -79.0983839, 42.6486207 ], [ -79.1002379, 42.6467571 ], [ -79.1017697, 42.6452173 ], [ -79.1030336, 42.6439467 ], [ -79.1040816, 42.6429023 ], [ -79.1049767, 42.6420565 ], [ -79.1057148, 42.641359 ], [ -79.106323, 42.6407842 ], [ -79.1068269, 42.6403081 ], [ -79.1072418, 42.639916 ], [ -79.1075889, 42.6395881 ], [ -79.1078731, 42.6393195 ], [ -79.1081049, 42.6391005 ], [ -79.1083038, 42.6389125 ], [ -79.1084674, 42.6387579 ], [ -79.1086063, 42.6386267 ], [ -79.1087374, 42.6385028 ], [ -79.1088886, 42.6383599 ], [ -79.1090778, 42.6381811 ], [ -79.1093056, 42.6379658 ], [ -79.1095758, 42.6377105 ], [ -79.1099034, 42.6374009 ], [ -79.1102997, 42.6370265 ], [ -79.1107797, 42.6365729 ], [ -79.1113637, 42.6360209 ], [ -79.1120702, 42.6353533 ], [ -79.1129271, 42.6345435 ], [ -79.1139676, 42.6335602 ], [ -79.1152291, 42.632368 ], [ -79.1167559, 42.6309251 ], [ -79.1186097, 42.629173 ], [ -79.1207821, 42.6270115 ], [ -79.1233291, 42.6243519 ], [ -79.1264092, 42.6211353 ], [ -79.1301304, 42.6172491 ], [ -79.1346186, 42.6125414 ], [ -79.1392308, 42.6065271 ], [ -79.1436418, 42.6007742 ], [ -79.1471749, 42.5959828 ], [ -79.1495535, 42.5917899 ], [ -79.151537, 42.5882931 ], [ -79.1531859, 42.5853861 ], [ -79.1545616, 42.5829607 ], [ -79.1556998, 42.580954 ], [ -79.1575256, 42.5797979 ], [ -79.159114, 42.5789006 ], [ -79.1604218, 42.5781616 ], [ -79.1615003, 42.5775524 ], [ -79.1623994, 42.5770445 ], [ -79.1631533, 42.5766186 ], [ -79.1637782, 42.5762655 ], [ -79.164292, 42.5759753 ], [ -79.1647102, 42.575739 ], [ -79.1650574, 42.5755428 ], [ -79.1653418, 42.5753822 ], [ -79.1655786, 42.5752483 ], [ -79.1657749, 42.5751375 ], [ -79.1659462, 42.5750407 ], [ -79.1661313, 42.5749361 ], [ -79.1663595, 42.5748072 ], [ -79.1666308, 42.5746539 ], [ -79.166959, 42.5744685 ], [ -79.1673603, 42.5742418 ], [ -79.1678522, 42.5739639 ], [ -79.1684484, 42.5736271 ], [ -79.169181, 42.5732132 ], [ -79.1700713, 42.5727101 ], [ -79.1711547, 42.572098 ], [ -79.1724787, 42.57135 ], [ -79.1741671, 42.5705369 ], [ -79.1763112, 42.5696993 ], [ -79.1785006, 42.5688441 ], [ -79.1803003, 42.568141 ], [ -79.1817784, 42.5675636 ], [ -79.18299, 42.5670903 ], [ -79.1839882, 42.5667004 ], [ -79.1848049, 42.5663813 ], [ -79.1854749, 42.5661196 ], [ -79.1860215, 42.565906 ], [ -79.1864709, 42.5657305 ], [ -79.1868402, 42.5655862 ], [ -79.1871546, 42.5654634 ], [ -79.1874148, 42.5653617 ], [ -79.1876261, 42.5652792 ], [ -79.1878178, 42.5652043 ], [ -79.188021, 42.5651249 ], [ -79.188264, 42.56503 ], [ -79.1885588, 42.5649148 ], [ -79.1889128, 42.5647765 ], [ -79.1893398, 42.5646098 ], [ -79.1898579, 42.5644073 ], [ -79.1904895, 42.5641606 ], [ -79.1912644, 42.5638579 ], [ -79.1922095, 42.5634886 ], [ -79.1933605, 42.563039 ], [ -79.1947786, 42.5625045 ], [ -79.1965893, 42.5620037 ], [ -79.1987827, 42.5613969 ], [ -79.2014386, 42.5606622 ], [ -79.2046554, 42.5597723 ], [ -79.2085566, 42.5586931 ], [ -79.212938, 42.5574809 ], [ -79.2171856, 42.5563059 ], [ -79.2213874, 42.5550469 ], [ -79.2257248, 42.5537067 ], [ -79.2302558, 42.5523067 ], [ -79.2346384, 42.5509524 ], [ -79.2390044, 42.5496033 ], [ -79.2434852, 42.5481209 ], [ -79.2481551, 42.5463629 ], [ -79.2532955, 42.5444278 ], [ -79.258367, 42.5425185 ], [ -79.2629547, 42.5407914 ], [ -79.2671039, 42.5390278 ], [ -79.2709051, 42.5371982 ], [ -79.2746153, 42.5354123 ], [ -79.2780006, 42.5337827 ], [ -79.280775, 42.5324472 ], [ -79.2830502, 42.531352 ], [ -79.2849151, 42.5304543 ], [ -79.2864424, 42.529719 ], [ -79.2876944, 42.5291163 ], [ -79.2887367, 42.5286479 ], [ -79.2896322, 42.528313 ], [ -79.2903664, 42.5280385 ], [ -79.2909709, 42.5278125 ], [ -79.2914754, 42.5276239 ], [ -79.2918884, 42.5274696 ], [ -79.2922293, 42.527342 ], [ -79.2925076, 42.527238 ], [ -79.2927353, 42.5271529 ], [ -79.2929362, 42.5270778 ], [ -79.2931168, 42.5270102 ], [ -79.2933493, 42.5269233 ], [ -79.2936283, 42.526819 ], [ -79.2939613, 42.5266945 ], [ -79.2943712, 42.5265413 ], [ -79.2948714, 42.5263542 ], [ -79.2954818, 42.526126 ], [ -79.2962209, 42.5258497 ], [ -79.2971213, 42.5255131 ], [ -79.2982146, 42.5251043 ], [ -79.2995447, 42.524607 ], [ -79.301165, 42.5240012 ], [ -79.3031342, 42.523265 ], [ -79.3055344, 42.5223676 ], [ -79.3084585, 42.5212742 ], [ -79.3120217, 42.5199419 ], [ -79.3162094, 42.5182372 ], [ -79.3207413, 42.5163383 ], [ -79.3257551, 42.5142375 ], [ -79.3314544, 42.5118493 ], [ -79.3380305, 42.5090332 ], [ -79.3444313, 42.5061941 ], [ -79.3498479, 42.5037914 ], [ -79.3544816, 42.5017359 ], [ -79.3584923, 42.4999068 ], [ -79.3619568, 42.4981692 ], [ -79.3651069, 42.4965892 ], [ -79.3679262, 42.495175 ], [ -79.3702451, 42.4940118 ], [ -79.3721433, 42.4930597 ], [ -79.3736969, 42.4922804 ], [ -79.3749727, 42.4916405 ], [ -79.3760166, 42.4911168 ], [ -79.3768771, 42.4906851 ], [ -79.3775792, 42.4903329 ], [ -79.3781563, 42.4900435 ], [ -79.3786294, 42.4898061 ], [ -79.379014, 42.4896022 ], [ -79.3793194, 42.4894282 ], [ -79.3795721, 42.4892841 ], [ -79.3797718, 42.4891702 ], [ -79.3799518, 42.4890676 ], [ -79.3801206, 42.4889713 ], [ -79.3803336, 42.4888499 ], [ -79.380594, 42.4887015 ], [ -79.380905, 42.4885241 ], [ -79.3812874, 42.4883061 ], [ -79.3817513, 42.4880415 ], [ -79.3823204, 42.4877171 ], [ -79.3830135, 42.4873219 ], [ -79.3838607, 42.4868389 ], [ -79.3848935, 42.48625 ], [ -79.3861545, 42.485531 ], [ -79.3876929, 42.4846537 ], [ -79.3895718, 42.4835824 ], [ -79.3918669, 42.4822737 ], [ -79.3946708, 42.4806748 ], [ -79.3980956, 42.4787219 ], [ -79.401692, 42.4764723 ], [ -79.4049873, 42.4743351 ], [ -79.4081686, 42.4722718 ], [ -79.4113693, 42.4701959 ], [ -79.4147231, 42.4680205 ], [ -79.4181287, 42.4658116 ], [ -79.4212601, 42.4635767 ], [ -79.4243551, 42.4613475 ], [ -79.4275648, 42.4590356 ], [ -79.4310147, 42.4565506 ], [ -79.4348219, 42.4538081 ], [ -79.4385626, 42.4510879 ], [ -79.4421907, 42.4484244 ], [ -79.4458797, 42.4457161 ], [ -79.4497789, 42.4428533 ], [ -79.454045, 42.439721 ], [ -79.4588207, 42.4361586 ], [ -79.4639448, 42.4323256 ], [ -79.4684971, 42.4289202 ], [ -79.4726323, 42.4258934 ], [ -79.4767236, 42.4232258 ], [ -79.4807289, 42.420614 ], [ -79.4845691, 42.4181097 ], [ -79.4880543, 42.415837 ], [ -79.4913227, 42.4137054 ], [ -79.4947928, 42.4118418 ], [ -79.498418, 42.4099291 ], [ -79.5023231, 42.4078688 ], [ -79.5062146, 42.4058156 ], [ -79.5099709, 42.4038336 ], [ -79.5135246, 42.4016575 ], [ -79.5169228, 42.3992252 ], [ -79.5205189, 42.3966511 ], [ -79.5243211, 42.3939293 ], [ -79.5277395, 42.3914821 ], [ -79.5314094, 42.3898144 ], [ -79.5351709, 42.3883385 ], [ -79.5390249, 42.3868264 ], [ -79.5431324, 42.3852147 ], [ -79.5474662, 42.3835142 ], [ -79.5514418, 42.3816295 ], [ -79.555255, 42.3796713 ], [ -79.5590119, 42.377742 ], [ -79.562578, 42.3759106 ], [ -79.5660936, 42.3741051 ], [ -79.5697096, 42.3722583 ], [ -79.573633, 42.3703463 ], [ -79.5778774, 42.3682779 ], [ -79.5820275, 42.3662553 ], [ -79.5861606, 42.364241 ], [ -79.5902819, 42.3622323 ], [ -79.5941933, 42.3603407 ], [ -79.5978855, 42.3585556 ], [ -79.6009512, 42.3570735 ], [ -79.603462, 42.3558595 ], [ -79.6055166, 42.3548661 ], [ -79.6072012, 42.3540516 ], [ -79.6085826, 42.3533837 ], [ -79.6097151, 42.3528361 ], [ -79.6106416, 42.3523881 ], [ -79.6114023, 42.3520203 ], [ -79.6120219, 42.3517178 ], [ -79.6125276, 42.3514693 ], [ -79.6129394, 42.3512669 ], [ -79.613281, 42.351099 ], [ -79.6135545, 42.3509646 ], [ -79.6137815, 42.350853 ], [ -79.6139795, 42.3507557 ], [ -79.614145, 42.3506744 ], [ -79.614339, 42.350579 ], [ -79.6145681, 42.3504664 ], [ -79.6148555, 42.3503252 ], [ -79.6152032, 42.3501542 ], [ -79.6156205, 42.3499491 ], [ -79.6161299, 42.3496987 ], [ -79.6167514, 42.3493932 ], [ -79.6175183, 42.3490164 ], [ -79.6184459, 42.3485604 ], [ -79.619585, 42.3480005 ], [ -79.620977, 42.3473162 ], [ -79.6226768, 42.3464808 ], [ -79.6247519, 42.3454608 ], [ -79.6272876, 42.3442144 ], [ -79.6303849, 42.3426919 ], [ -79.6340769, 42.3408793 ], [ -79.6379662, 42.3389744 ], [ -79.6421205, 42.3369399 ], [ -79.6462438, 42.3349203 ], [ -79.6502033, 42.3329809 ], [ -79.6541658, 42.3310451 ], [ -79.6583419, 42.3290815 ], [ -79.6628674, 42.3269535 ], [ -79.6679249, 42.3245752 ], [ -79.6736002, 42.3219063 ], [ -79.6788668, 42.319517 ], [ -79.683537, 42.3174341 ], [ -79.6877778, 42.3155426 ], [ -79.6917643, 42.3137645 ], [ -79.6956639, 42.3120252 ], [ -79.6996854, 42.3103062 ], [ -79.7038465, 42.3085657 ], [ -79.7078756, 42.3068806 ], [ -79.711913, 42.3051917 ], [ -79.7161273, 42.3034289 ], [ -79.7206708, 42.3014936 ], [ -79.7255543, 42.2993221 ], [ -79.7300198, 42.2973364 ], [ -79.7340424, 42.2955476 ], [ -79.7377903, 42.2938808 ], [ -79.7414208, 42.2922663 ], [ -79.7452566, 42.290854 ], [ -79.7495006, 42.2895135 ], [ -79.7540309, 42.2880826 ], [ -79.7581912, 42.2867685 ], [ -79.7620592, 42.2855467 ], [ -79.7658006, 42.2843648 ], [ -79.7695348, 42.2831253 ], [ -79.7733539, 42.2817237 ], [ -79.7773126, 42.2802708 ], [ -79.780673, 42.2790375 ], [ -79.7834314, 42.278025 ], [ -79.7856965, 42.2771937 ], [ -79.7875575, 42.2765107 ], [ -79.7890886, 42.2759487 ], [ -79.7903445, 42.2754878 ], [ -79.7913786, 42.2751078 ], [ -79.7922212, 42.2747801 ], [ -79.7929081, 42.2745127 ], [ -79.7934752, 42.274292 ], [ -79.793941, 42.2741106 ], [ -79.7943183, 42.2739638 ], [ -79.7946309, 42.2738421 ], [ -79.7948912, 42.2737408 ], [ -79.7951081, 42.2736564 ], [ -79.7952991, 42.273582 ], [ -79.795498, 42.2735046 ], [ -79.795739, 42.2734108 ], [ -79.7960272, 42.2732986 ], [ -79.7963752, 42.2731632 ], [ -79.7968028, 42.2729966 ], [ -79.7973133, 42.272798 ], [ -79.7979322, 42.272557 ], [ -79.7986921, 42.2722613 ], [ -79.7996147, 42.2719022 ], [ -79.8007405, 42.271464 ], [ -79.8021112, 42.2709304 ], [ -79.8037819, 42.27028 ], [ -79.8058185, 42.2694872 ], [ -79.808297, 42.2685224 ], [ -79.8113202, 42.2673455 ], [ -79.8148189, 42.2659831 ], [ -79.8182386, 42.2646502 ], [ -79.8211147, 42.2635291 ], [ -79.8235228, 42.2625905 ], [ -79.8255397, 42.2618043 ], [ -79.8272293, 42.2611457 ], [ -79.8286458, 42.2605936 ], [ -79.8298308, 42.2601316 ], [ -79.8308246, 42.2597443 ], [ -79.8316604, 42.2594184 ], [ -79.8323594, 42.2591459 ], [ -79.8329443, 42.258918 ], [ -79.8334358, 42.2587264 ], [ -79.833845, 42.2585668 ], [ -79.8341891, 42.2584327 ], [ -79.8344799, 42.2583194 ], [ -79.8347208, 42.2582254 ], [ -79.83492, 42.2581478 ], [ -79.8351049, 42.2580757 ], [ -79.8353073, 42.2579968 ], [ -79.8355583, 42.257899 ], [ -79.8358496, 42.2577854 ], [ -79.8361945, 42.257651 ], [ -79.8366193, 42.2574983 ], [ -79.8371311, 42.2573182 ], [ -79.8377467, 42.2571016 ], [ -79.838478, 42.2568443 ], [ -79.8393533, 42.2565363 ], [ -79.8404023, 42.2561672 ], [ -79.8416593, 42.255725 ], [ -79.8431654, 42.255195 ], [ -79.8449693, 42.2545603 ], [ -79.8471341, 42.2537986 ], [ -79.8497227, 42.2528878 ], [ -79.8528253, 42.2517961 ], [ -79.8565427, 42.250488 ], [ -79.8610222, 42.2489595 ], [ -79.8664355, 42.247184 ], [ -79.8729368, 42.2450516 ], [ -79.8803402, 42.242623 ], [ -79.8867389, 42.2403997 ], [ -79.8919595, 42.2385431 ], [ -79.8962389, 42.2370212 ], [ -79.8997529, 42.2357714 ], [ -79.902639, 42.234745 ], [ -79.9050148, 42.2338999 ], [ -79.9069421, 42.2331474 ], [ -79.9085432, 42.2325187 ], [ -79.9098813, 42.2319933 ], [ -79.9110028, 42.231553 ], [ -79.9119461, 42.2311826 ], [ -79.9127338, 42.2308733 ], [ -79.9133894, 42.2306159 ], [ -79.9139403, 42.2303996 ], [ -79.9144054, 42.2302169 ], [ -79.9148015, 42.2300614 ], [ -79.9151292, 42.2299327 ], [ -79.9153956, 42.2298281 ], [ -79.9156209, 42.2297396 ], [ -79.9158062, 42.2296669 ], [ -79.9159801, 42.2295986 ], [ -79.9161965, 42.2295136 ], [ -79.9164449, 42.2294161 ], [ -79.9167468, 42.2292975 ], [ -79.9171081, 42.2291556 ], [ -79.917532, 42.2289892 ], [ -79.9180381, 42.2287904 ], [ -79.918643, 42.228553 ], [ -79.9193659, 42.2282691 ], [ -79.9202289, 42.2279303 ], [ -79.921261, 42.2275249 ], [ -79.9224873, 42.2270434 ], [ -79.9239527, 42.2264679 ], [ -79.9257033, 42.2257805 ], [ -79.927788, 42.2249553 ], [ -79.9302375, 42.2239275 ], [ -79.9331519, 42.2227048 ], [ -79.9366224, 42.2212486 ], [ -79.940755, 42.2195146 ], [ -79.9456753, 42.21745 ], [ -79.9510599, 42.2151953 ], [ -79.9563394, 42.2129977 ], [ -79.9612034, 42.210973 ], [ -79.9653141, 42.2092619 ], [ -79.968765, 42.2078253 ], [ -79.971665, 42.206618 ], [ -79.9740462, 42.2055273 ], [ -79.9760435, 42.2045912 ], [ -79.9777302, 42.2038006 ], [ -79.9791529, 42.2031337 ], [ -79.980354, 42.2025706 ], [ -79.9813686, 42.202095 ], [ -79.9822237, 42.2016943 ], [ -79.9829434, 42.2013569 ], [ -79.9835555, 42.20107 ], [ -79.9840715, 42.200828 ], [ -79.9845093, 42.2006229 ], [ -79.9848753, 42.2004513 ], [ -79.9851876, 42.2003049 ], [ -79.9854464, 42.2001836 ], [ -79.9856639, 42.2000816 ], [ -79.9858492, 42.1999947 ], [ -79.9860157, 42.1999167 ], [ -79.9862141, 42.1998237 ], [ -79.9864377, 42.1997189 ], [ -79.9867098, 42.1995914 ], [ -79.9870371, 42.1994379 ], [ -79.9874153, 42.1992606 ], [ -79.9878672, 42.1990487 ], [ -79.9884033, 42.1987975 ], [ -79.9890335, 42.198502 ], [ -79.989779, 42.1981525 ], [ -79.9906664, 42.1977366 ], [ -79.9917183, 42.1972434 ], [ -79.9929622, 42.1966603 ], [ -79.994449, 42.1959896 ], [ -79.9963008, 42.1952913 ], [ -79.9985127, 42.1944572 ], [ -80.0011548, 42.1934609 ], [ -80.0043115, 42.1922705 ], [ -80.0080889, 42.190846 ], [ -80.0125428, 42.1891664 ], [ -80.0161538, 42.1870968 ], [ -80.0185963, 42.1844535 ], [ -80.0208533, 42.1820107 ], [ -80.0229252, 42.1797682 ], [ -80.0248457, 42.1776895 ], [ -80.0265097, 42.1758884 ], [ -80.0281492, 42.1745968 ], [ -80.0296561, 42.1736452 ], [ -80.0308924, 42.1728645 ], [ -80.0319063, 42.1722242 ], [ -80.0327377, 42.1716992 ], [ -80.0334269, 42.171264 ], [ -80.0339946, 42.1709055 ], [ -80.0344727, 42.1706035 ], [ -80.0348799, 42.1703464 ], [ -80.0352347, 42.1701223 ], [ -80.0355444, 42.1699267 ], [ -80.0358147, 42.1697561 ], [ -80.0360504, 42.1696072 ], [ -80.0362535, 42.1694789 ], [ -80.0364349, 42.1693643 ], [ -80.0366049, 42.169257 ], [ -80.0367519, 42.1691642 ], [ -80.0369241, 42.1690554 ], [ -80.0371158, 42.1689344 ], [ -80.0373394, 42.1687931 ], [ -80.0375928, 42.1686331 ], [ -80.0378834, 42.1684496 ], [ -80.038229, 42.1682313 ], [ -80.0386449, 42.1679687 ], [ -80.0391494, 42.1676501 ], [ -80.0397635, 42.1672622 ], [ -80.0405079, 42.1667921 ], [ -80.0413676, 42.1662491 ], [ -80.0422805, 42.1656726 ], [ -80.0431594, 42.1651174 ], [ -80.0440449, 42.1646427 ], [ -80.0449055, 42.164192 ], [ -80.0457575, 42.1637458 ], [ -80.0465987, 42.1633053 ], [ -80.047391, 42.1628905 ], [ -80.0481323, 42.1625022 ], [ -80.048831, 42.1621364 ], [ -80.0494896, 42.1617914 ], [ -80.0501059, 42.1614687 ], [ -80.050689, 42.1611633 ], [ -80.0512572, 42.1608658 ], [ -80.0518409, 42.1605601 ], [ -80.0524233, 42.1602551 ], [ -80.0529644, 42.1599718 ], [ -80.0534903, 42.1596963 ], [ -80.0539969, 42.159431 ], [ -80.0545123, 42.1591611 ], [ -80.0550722, 42.1588679 ], [ -80.0556643, 42.1585578 ], [ -80.0562465, 42.1582529 ], [ -80.0568145, 42.1579554 ], [ -80.0573194, 42.157691 ], [ -80.0577813, 42.1574491 ], [ -80.0582217, 42.1572185 ], [ -80.0586148, 42.1570934 ], [ -80.0589532, 42.1572747 ], [ -80.0592369, 42.1574268 ], [ -80.0594728, 42.1575533 ], [ -80.0596717, 42.15766 ], [ -80.0598404, 42.1577504 ], [ -80.0600296, 42.1578518 ], [ -80.0602532, 42.1579717 ], [ -80.0605244, 42.158117 ], [ -80.0608558, 42.1582948 ], [ -80.0612612, 42.1585121 ], [ -80.0617509, 42.1587746 ], [ -80.0623507, 42.1590962 ], [ -80.0630689, 42.1594811 ], [ -80.0639216, 42.1599383 ], [ -80.0649458, 42.1604874 ], [ -80.0661842, 42.1611512 ], [ -80.0676853, 42.1619559 ], [ -80.068658, 42.1633982 ], [ -80.0696085, 42.1651937 ], [ -80.0707346, 42.1673208 ], [ -80.0720769, 42.1698564 ], [ -80.0736891, 42.1729017 ], [ -80.0784244, 42.1742717 ], [ -80.08433, 42.17554 ], [ -80.0906475, 42.1768967 ], [ -80.09751, 42.1783705 ], [ -80.105043, 42.1783441 ], [ -80.1128424, 42.1762223 ], [ -80.1204856, 42.173247 ], [ -80.1273367, 42.1696736 ], [ -80.1332142, 42.1658739 ], [ -80.1382853, 42.1618837 ], [ -80.1430377, 42.1578901 ], [ -80.1470032, 42.1535896 ], [ -80.1509515, 42.1493073 ], [ -80.1546855, 42.1447472 ], [ -80.158452, 42.1398378 ], [ -80.1623109, 42.1343729 ], [ -80.165648, 42.128157 ], [ -80.1698034, 42.1226171 ], [ -80.1766864, 42.1181356 ], [ -80.1837865, 42.1135999 ], [ -80.1898081, 42.1098867 ], [ -80.1947952, 42.1068113 ], [ -80.1991718, 42.1044947 ], [ -80.2033308, 42.1029552 ], [ -80.2070118, 42.1015927 ], [ -80.2103642, 42.1003517 ], [ -80.2135305, 42.0991796 ], [ -80.2166453, 42.0980265 ], [ -80.2198419, 42.0968476 ], [ -80.2232575, 42.095589 ], [ -80.2267915, 42.0942867 ], [ -80.2303687, 42.0929684 ], [ -80.2337594, 42.0918843 ], [ -80.2366327, 42.0911211 ], [ -80.2390088, 42.09049 ], [ -80.2409705, 42.0899689 ], [ -80.2425928, 42.089538 ], [ -80.2439299, 42.0891829 ], [ -80.2450383, 42.0888884 ], [ -80.2459521, 42.0886458 ], [ -80.2467068, 42.0884453 ], [ -80.2473315, 42.0882793 ], [ -80.2478446, 42.088143 ], [ -80.2482667, 42.0880309 ], [ -80.2486181, 42.0879376 ], [ -80.2489115, 42.0878597 ], [ -80.2491569, 42.0877945 ], [ -80.2493651, 42.0877392 ], [ -80.2495696, 42.0876848 ], [ -80.2497922, 42.0876257 ], [ -80.2500728, 42.0875512 ], [ -80.2503952, 42.0874655 ], [ -80.2507931, 42.0873599 ], [ -80.2512679, 42.0872338 ], [ -80.2518513, 42.0870788 ], [ -80.252553, 42.0868924 ], [ -80.2534008, 42.0866672 ], [ -80.2544268, 42.0863947 ], [ -80.255672, 42.0860639 ], [ -80.257182, 42.0856628 ], [ -80.2590127, 42.0851765 ], [ -80.2612282, 42.0845879 ], [ -80.2639099, 42.0838756 ], [ -80.267157, 42.083013 ], [ -80.270911, 42.0816553 ], [ -80.2754177, 42.079891 ], [ -80.2803561, 42.0779575 ], [ -80.2851091, 42.0760965 ], [ -80.2899033, 42.0742969 ], [ -80.2950443, 42.0725735 ], [ -80.3006568, 42.0706922 ], [ -80.3069501, 42.0685825 ], [ -80.3131034, 42.0665146 ], [ -80.3187821, 42.0646015 ], [ -80.3242249, 42.0627678 ], [ -80.3296544, 42.0609386 ], [ -80.3352927, 42.0590333 ], [ -80.3412419, 42.0570175 ], [ -80.3464632, 42.0552483 ], [ -80.3508129, 42.0537744 ], [ -80.3544384, 42.0525459 ], [ -80.3574756, 42.0515473 ], [ -80.3600109, 42.0507268 ], [ -80.3621206, 42.0500439 ], [ -80.3638769, 42.0494755 ], [ -80.3653392, 42.0490021 ], [ -80.3665535, 42.0486091 ], [ -80.3675667, 42.0482812 ], [ -80.3684068, 42.0480093 ], [ -80.3691104, 42.0477815 ], [ -80.3696911, 42.0475935 ], [ -80.3701766, 42.0474364 ], [ -80.3705854, 42.047304 ], [ -80.3709257, 42.0471939 ], [ -80.3712128, 42.047101 ], [ -80.3714426, 42.0470265 ], [ -80.3716469, 42.0469605 ], [ -80.3718317, 42.0469006 ], [ -80.3720678, 42.0468242 ], [ -80.3723356, 42.0467376 ], [ -80.3726593, 42.0466328 ], [ -80.3730514, 42.0465058 ], [ -80.3735284, 42.0463515 ], [ -80.3741018, 42.0461659 ], [ -80.3747828, 42.0459454 ], [ -80.3756026, 42.04568 ], [ -80.3765843, 42.0453623 ], [ -80.3777665, 42.0449796 ], [ -80.3791883, 42.0445235 ], [ -80.3809076, 42.0439918 ], [ -80.3829785, 42.0433515 ], [ -80.3854671, 42.042582 ], [ -80.3884618, 42.0416558 ], [ -80.3920628, 42.0405422 ], [ -80.3963922, 42.0392034 ], [ -80.4016015, 42.0375924 ], [ -80.4072624, 42.0358935 ], [ -80.4121365, 42.0344386 ], [ -80.4161835, 42.0332305 ], [ -80.4195464, 42.0322266 ], [ -80.4223386, 42.0313932 ], [ -80.4246565, 42.0307012 ], [ -80.4265807, 42.0301263 ], [ -80.4281807, 42.0296468 ], [ -80.4295056, 42.0292497 ], [ -80.4306091, 42.0289191 ], [ -80.431526, 42.0286443 ], [ -80.4322888, 42.0284157 ], [ -80.4329253, 42.0282249 ], [ -80.433447, 42.0280685 ], [ -80.433886, 42.027937 ], [ -80.4342452, 42.0278293 ], [ -80.4345435, 42.02774 ], [ -80.4347901, 42.027666 ], [ -80.4349932, 42.0276052 ], [ -80.4351778, 42.0275498 ], [ -80.4353863, 42.0274873 ], [ -80.4356406, 42.0274111 ], [ -80.4359516, 42.0273179 ], [ -80.4363213, 42.0272072 ], [ -80.4367735, 42.0270716 ], [ -80.437317, 42.0269087 ], [ -80.437965, 42.0267145 ], [ -80.438748, 42.0264798 ], [ -80.4396862, 42.0261987 ], [ -80.4408159, 42.0258601 ], [ -80.4421757, 42.0254525 ], [ -80.4438153, 42.0249611 ], [ -80.4457887, 42.0243697 ], [ -80.4481629, 42.0236581 ], [ -80.4510223, 42.0228002 ], [ -80.4544627, 42.0217663 ], [ -80.4586015, 42.0205225 ], [ -80.4626545, 42.0193044 ], [ -80.4660209, 42.0182927 ], [ -80.4688172, 42.0174523 ], [ -80.4711402, 42.0167541 ], [ -80.4730718, 42.0161736 ], [ -80.4746756, 42.0156957 ], [ -80.4760097, 42.0153008 ], [ -80.4771212, 42.0149717 ], [ -80.4780402, 42.0146997 ], [ -80.4788062, 42.0144729 ], [ -80.4794399, 42.0142853 ], [ -80.4799645, 42.01413 ], [ -80.4804016, 42.0140006 ], [ -80.4807638, 42.0138934 ], [ -80.4810651, 42.0138042 ], [ -80.4813143, 42.0137305 ], [ -80.4815197, 42.0136696 ], [ -80.4817034, 42.0136152 ], [ -80.4819108, 42.0135539 ], [ -80.4821645, 42.0134788 ], [ -80.4824655, 42.0133897 ], [ -80.4828317, 42.0132812 ], [ -80.483271, 42.0131512 ], [ -80.4838017, 42.0129941 ], [ -80.4844434, 42.0128041 ], [ -80.4852161, 42.0125754 ], [ -80.4861459, 42.0123001 ], [ -80.4872627, 42.0119695 ], [ -80.4886077, 42.0115713 ], [ -80.4902298, 42.0110911 ], [ -80.492181, 42.0105134 ], [ -80.4945307, 42.0098178 ], [ -80.4973602, 42.0089801 ], [ -80.5006885, 42.0078411 ], [ -80.5046637, 42.0064537 ], [ -80.5091636, 42.0048831 ], [ -80.513062, 42.0035224 ], [ -80.5163157, 42.0023868 ], [ -80.5190286, 42.0014399 ], [ -80.5212925, 42.0006496 ], [ -80.5231799, 41.9999909 ], [ -80.5248138, 41.9995599 ], [ -80.5261671, 41.9992093 ], [ -80.5272883, 41.9989189 ], [ -80.5282178, 41.998678 ], [ -80.5289886, 41.9984783 ], [ -80.5296208, 41.9983145 ], [ -80.5301443, 41.9981789 ], [ -80.5305847, 41.9980648 ], [ -80.5309482, 41.9979706 ], [ -80.5312442, 41.9978939 ], [ -80.5314996, 41.9978277 ], [ -80.5317002, 41.9977758 ], [ -80.5318896, 41.9977266 ], [ -80.5321171, 41.9976677 ], [ -80.532389, 41.9975973 ], [ -80.5327207, 41.9975113 ], [ -80.533128, 41.9974058 ], [ -80.5336169, 41.9972792 ], [ -80.5342015, 41.9971277 ], [ -80.5349116, 41.9969437 ], [ -80.5357703, 41.9967212 ], [ -80.5368093, 41.996452 ], [ -80.5380606, 41.9961278 ], [ -80.5395739, 41.9957357 ], [ -80.5414038, 41.9952616 ], [ -80.543612, 41.9946894 ], [ -80.5462783, 41.9939986 ], [ -80.5494317, 41.9931815 ], [ -80.5522129, 41.9923109 ], [ -80.5544924, 41.9915817 ], [ -80.5563703, 41.990981 ], [ -80.5579174, 41.9904861 ], [ -80.5591896, 41.9900792 ], [ -80.5602423, 41.9897425 ], [ -80.5611046, 41.9894665 ], [ -80.5618166, 41.9892388 ], [ -80.5624023, 41.9890514 ], [ -80.5628876, 41.9888962 ], [ -80.5632894, 41.9887677 ], [ -80.5636256, 41.9886601 ], [ -80.5638989, 41.9885727 ], [ -80.564126, 41.9885001 ], [ -80.5643297, 41.9884349 ], [ -80.5645264, 41.9883719 ], [ -80.5647735, 41.9882929 ], [ -80.5650607, 41.988201 ], [ -80.5654132, 41.9880883 ], [ -80.5658426, 41.9879509 ], [ -80.5663701, 41.9877822 ], [ -80.5670063, 41.9875786 ], [ -80.5677792, 41.9873314 ], [ -80.5687138, 41.9870324 ], [ -80.5698488, 41.9866693 ], [ -80.5712267, 41.9862285 ], [ -80.5729015, 41.9856927 ], [ -80.5749422, 41.985061 ], [ -80.5774248, 41.9843049 ], [ -80.580437, 41.9833872 ], [ -80.5840932, 41.9822736 ], [ -80.5885294, 41.9809222 ], [ -80.5939133, 41.9792821 ], [ -80.6001067, 41.9769215 ], [ -80.6065576, 41.9740679 ], [ -80.6134029, 41.9710396 ], [ -80.6213449, 41.9686455 ], [ -80.6312247, 41.9671211 ], [ -80.6424769, 41.9648948 ], [ -80.6529904, 41.9616634 ], [ -80.6630004, 41.9585881 ], [ -80.6718964, 41.9559341 ], [ -80.6796332, 41.9536258 ], [ -80.6865275, 41.9515687 ], [ -80.6928482, 41.9496834 ], [ -80.6987492, 41.9479232 ], [ -80.7042845, 41.9462721 ], [ -80.7096075, 41.9446842 ], [ -80.7151658, 41.943496 ], [ -80.7208132, 41.942391 ], [ -80.726465, 41.9412852 ], [ -80.7323565, 41.9401324 ], [ -80.7387763, 41.9390034 ], [ -80.746039, 41.9378679 ], [ -80.7543203, 41.9365731 ], [ -80.7622741, 41.9351909 ], [ -80.7687521, 41.9338102 ], [ -80.7740963, 41.9326712 ], [ -80.7785064, 41.9317312 ], [ -80.7821434, 41.9309561 ], [ -80.7851206, 41.9302639 ], [ -80.7875464, 41.9295984 ], [ -80.7895572, 41.9290468 ], [ -80.7912237, 41.9285897 ], [ -80.7926051, 41.9282107 ], [ -80.7937497, 41.9278966 ], [ -80.7947024, 41.9276353 ], [ -80.7954905, 41.9274191 ], [ -80.7961435, 41.9272399 ], [ -80.7966811, 41.9270924 ], [ -80.7971262, 41.9269703 ], [ -80.7974962, 41.9268688 ], [ -80.797803, 41.9267846 ], [ -80.7980565, 41.9267151 ], [ -80.7982643, 41.9266581 ], [ -80.7984512, 41.9266068 ], [ -80.7986608, 41.9265493 ], [ -80.798917, 41.926479 ], [ -80.7992247, 41.9263946 ], [ -80.7995962, 41.9262927 ], [ -80.8000459, 41.9261693 ], [ -80.8005867, 41.9260209 ], [ -80.8012408, 41.9258415 ], [ -80.8020321, 41.9256244 ], [ -80.8029835, 41.9253633 ], [ -80.8041352, 41.9250474 ], [ -80.8055235, 41.9246665 ], [ -80.8071963, 41.9242075 ], [ -80.8091933, 41.9236137 ], [ -80.8115439, 41.9228106 ], [ -80.8143619, 41.9218478 ], [ -80.8177429, 41.9206925 ], [ -80.821797, 41.9193072 ], [ -80.8266588, 41.9176459 ], [ -80.8324542, 41.9156614 ], [ -80.8392319, 41.9132183 ], [ -80.8461852, 41.9107118 ], [ -80.8524349, 41.9084588 ], [ -80.8581715, 41.9064767 ], [ -80.8635943, 41.9047127 ], [ -80.86888, 41.9029932 ], [ -80.8742456, 41.9012476 ], [ -80.8799121, 41.8993995 ], [ -80.8860214, 41.8972753 ], [ -80.8920013, 41.895196 ], [ -80.8972163, 41.8933826 ], [ -80.9015643, 41.8918705 ], [ -80.9051993, 41.8906228 ], [ -80.9083061, 41.8897317 ], [ -80.9108842, 41.8889922 ], [ -80.9130211, 41.8883792 ], [ -80.9147956, 41.8878702 ], [ -80.9162701, 41.8874473 ], [ -80.9174913, 41.8870969 ], [ -80.9185079, 41.8868053 ], [ -80.9193462, 41.8865649 ], [ -80.9200425, 41.8863651 ], [ -80.9206197, 41.8861996 ], [ -80.9210986, 41.8860622 ], [ -80.921496, 41.8859482 ], [ -80.9218257, 41.8858536 ], [ -80.9220976, 41.8857756 ], [ -80.9223278, 41.8857096 ], [ -80.9225164, 41.8856555 ], [ -80.9227083, 41.8856005 ], [ -80.9229418, 41.8855334 ], [ -80.9232228, 41.8854529 ], [ -80.9235605, 41.885356 ], [ -80.9239695, 41.8852387 ], [ -80.9244611, 41.8850976 ], [ -80.9250554, 41.8849272 ], [ -80.9257706, 41.884722 ], [ -80.9266323, 41.8844748 ], [ -80.9276715, 41.8841767 ], [ -80.9289235, 41.8838175 ], [ -80.9304405, 41.8833995 ], [ -80.932399, 41.8833317 ], [ -80.9348019, 41.8832563 ], [ -80.9377287, 41.8831644 ], [ -80.9413043, 41.8830523 ], [ -80.9456688, 41.8829153 ], [ -80.9499408, 41.8827813 ], [ -80.9534389, 41.8826715 ], [ -80.956258, 41.8822679 ], [ -80.9585719, 41.8819212 ], [ -80.9604751, 41.8816361 ], [ -80.962039, 41.8814017 ], [ -80.9633251, 41.881209 ], [ -80.964382, 41.8810507 ], [ -80.9652515, 41.8809204 ], [ -80.965968, 41.880813 ], [ -80.966558, 41.8807246 ], [ -80.9670355, 41.8806531 ], [ -80.9674391, 41.8805926 ], [ -80.9677611, 41.8805444 ], [ -80.9680242, 41.880505 ], [ -80.9682542, 41.8804705 ], [ -80.968456, 41.8804402 ], [ -80.968686, 41.8804058 ], [ -80.9689674, 41.8803636 ], [ -80.9693238, 41.8803102 ], [ -80.9697419, 41.8802476 ], [ -80.9702625, 41.8801696 ], [ -80.9708866, 41.880076 ], [ -80.9716496, 41.8799618 ], [ -80.972579, 41.8798225 ], [ -80.9737116, 41.8796528 ], [ -80.975085, 41.879447 ], [ -80.9767564, 41.8791966 ], [ -80.9787889, 41.878892 ], [ -80.9812399, 41.8784548 ], [ -80.9841257, 41.8777085 ], [ -80.9876143, 41.8768062 ], [ -80.9915251, 41.8757947 ], [ -80.9949278, 41.8749146 ], [ -80.9977757, 41.874178 ], [ -81.0001781, 41.8735567 ], [ -81.0021737, 41.8730405 ], [ -81.0038225, 41.8726141 ], [ -81.0051855, 41.8722615 ], [ -81.006321, 41.8719715 ], [ -81.0072701, 41.8717313 ], [ -81.0080641, 41.8715304 ], [ -81.0087284, 41.8713623 ], [ -81.0092958, 41.8712188 ], [ -81.0097935, 41.8710928 ], [ -81.0102378, 41.8709804 ], [ -81.0106107, 41.870886 ], [ -81.0109216, 41.8708074 ], [ -81.0111803, 41.8707419 ], [ -81.0113972, 41.870687 ], [ -81.0116017, 41.8706353 ], [ -81.0118158, 41.8705811 ], [ -81.0120773, 41.8705149 ], [ -81.012381, 41.8704381 ], [ -81.01275, 41.8703447 ], [ -81.0131943, 41.8702323 ], [ -81.0137333, 41.8700959 ], [ -81.0143913, 41.8699294 ], [ -81.0151824, 41.8697292 ], [ -81.0161347, 41.8694882 ], [ -81.0172901, 41.8691959 ], [ -81.0186956, 41.8688402 ], [ -81.0203893, 41.8684116 ], [ -81.0224355, 41.8678939 ], [ -81.0249191, 41.8672654 ], [ -81.0279347, 41.8665022 ], [ -81.0315655, 41.8654937 ], [ -81.035939, 41.8641537 ], [ -81.0412068, 41.8625397 ], [ -81.0466603, 41.8608687 ], [ -81.0519329, 41.8592531 ], [ -81.0570751, 41.8576408 ], [ -81.0621678, 41.8559361 ], [ -81.0674655, 41.8541628 ], [ -81.0731559, 41.8522579 ], [ -81.0783609, 41.8505152 ], [ -81.0826711, 41.8490136 ], [ -81.086268, 41.8477595 ], [ -81.0892673, 41.8467138 ], [ -81.091768, 41.8458419 ], [ -81.0938553, 41.8451141 ], [ -81.0955942, 41.8445078 ], [ -81.0970465, 41.8440013 ], [ -81.0982605, 41.8435781 ], [ -81.0992741, 41.8432246 ], [ -81.1001148, 41.8429316 ], [ -81.1008149, 41.8426706 ], [ -81.1013891, 41.8424486 ], [ -81.1018698, 41.8422628 ], [ -81.1022785, 41.8421049 ], [ -81.1026219, 41.8419722 ], [ -81.102904, 41.8418631 ], [ -81.103147, 41.8417692 ], [ -81.1033454, 41.8416925 ], [ -81.1035243, 41.8416233 ], [ -81.1037237, 41.8415463 ], [ -81.1039668, 41.8414523 ], [ -81.1042562, 41.8413405 ], [ -81.1045993, 41.8412079 ], [ -81.105008, 41.8410499 ], [ -81.1054956, 41.8408615 ], [ -81.1060784, 41.8406362 ], [ -81.1067739, 41.8403674 ], [ -81.1076056, 41.8400459 ], [ -81.1085996, 41.8396617 ], [ -81.1097894, 41.8392018 ], [ -81.1112111, 41.8386523 ], [ -81.112908, 41.8379964 ], [ -81.1149383, 41.8372116 ], [ -81.1173618, 41.8362749 ], [ -81.1202552, 41.8351564 ], [ -81.1237032, 41.8338082 ], [ -81.127768, 41.8321358 ], [ -81.1323234, 41.8302615 ], [ -81.13719, 41.8282591 ], [ -81.1420373, 41.8262646 ], [ -81.1466277, 41.8243758 ], [ -81.1512626, 41.822704 ], [ -81.1559739, 41.8211171 ], [ -81.160879, 41.819465 ], [ -81.1659192, 41.8177674 ], [ -81.170893, 41.8159473 ], [ -81.1757424, 41.8139433 ], [ -81.1806422, 41.8119184 ], [ -81.1855978, 41.8098702 ], [ -81.1906132, 41.8077974 ], [ -81.1957449, 41.8057441 ], [ -81.2011141, 41.8036183 ], [ -81.2066496, 41.8014264 ], [ -81.2118964, 41.7993489 ], [ -81.2170694, 41.797355 ], [ -81.2223506, 41.7953806 ], [ -81.2276555, 41.7933973 ], [ -81.2329914, 41.7914023 ], [ -81.2375833, 41.7896854 ], [ -81.2415191, 41.7884506 ], [ -81.2449608, 41.7878122 ], [ -81.2477946, 41.7872865 ], [ -81.250128, 41.7868536 ], [ -81.2520503, 41.786497 ], [ -81.2536346, 41.786203 ], [ -81.254947, 41.7859596 ], [ -81.2560387, 41.7857571 ], [ -81.2569584, 41.7855864 ], [ -81.2577464, 41.7854403 ], [ -81.2584254, 41.7853143 ], [ -81.2590071, 41.7852064 ], [ -81.2594891, 41.7851169 ], [ -81.2598891, 41.7850427 ], [ -81.2602134, 41.7849826 ], [ -81.2604875, 41.7849317 ], [ -81.2607225, 41.7848881 ], [ -81.2609299, 41.7848497 ], [ -81.2611221, 41.784814 ], [ -81.2613315, 41.7847751 ], [ -81.2615662, 41.7847316 ], [ -81.2618413, 41.7846806 ], [ -81.2621485, 41.7846236 ], [ -81.2624845, 41.7845613 ], [ -81.2628761, 41.7844886 ], [ -81.2633359, 41.7844033 ], [ -81.2638865, 41.7843011 ], [ -81.2645599, 41.7841762 ], [ -81.2653598, 41.7840278 ], [ -81.2662756, 41.7838579 ], [ -81.2672868, 41.7835642 ], [ -81.2684407, 41.7831731 ], [ -81.2697456, 41.7827307 ], [ -81.2712045, 41.7822361 ], [ -81.2728716, 41.781671 ], [ -81.2747943, 41.7810192 ], [ -81.2770099, 41.7802681 ], [ -81.2795704, 41.7794001 ], [ -81.2824927, 41.7784093 ], [ -81.2857478, 41.7773058 ], [ -81.2894032, 41.7760665 ], [ -81.2932041, 41.774515 ], [ -81.2972961, 41.772823 ], [ -81.3017449, 41.7709834 ], [ -81.3066734, 41.7689453 ], [ -81.3122432, 41.766642 ], [ -81.3186733, 41.7639717 ], [ -81.3260515, 41.760906 ], [ -81.3331295, 41.7579648 ], [ -81.3388808, 41.755268 ], [ -81.3434985, 41.7529416 ], [ -81.3472806, 41.7510362 ], [ -81.3503776, 41.7494759 ], [ -81.3529148, 41.7481976 ], [ -81.3549911, 41.7471515 ], [ -81.356692, 41.7462945 ], [ -81.3580552, 41.7455616 ], [ -81.3591678, 41.7449563 ], [ -81.360078, 41.7444611 ], [ -81.3608262, 41.744054 ], [ -81.3614377, 41.7437213 ], [ -81.3619388, 41.7434487 ], [ -81.3623472, 41.7432265 ], [ -81.3626857, 41.7430423 ], [ -81.3629537, 41.7428965 ], [ -81.3631826, 41.7427719 ], [ -81.3633577, 41.7426767 ], [ -81.3635241, 41.7425862 ], [ -81.3637136, 41.742483 ], [ -81.3639452, 41.742357 ], [ -81.364224, 41.7422053 ], [ -81.3645624, 41.7420212 ], [ -81.3649754, 41.7417965 ], [ -81.3654824, 41.7415207 ], [ -81.3660959, 41.7411868 ], [ -81.3668483, 41.7407775 ], [ -81.3677624, 41.7402801 ], [ -81.3688822, 41.7396709 ], [ -81.3702481, 41.7389277 ], [ -81.3719119, 41.7380223 ], [ -81.3739452, 41.7369159 ], [ -81.3764294, 41.7355642 ], [ -81.3794347, 41.7338817 ], [ -81.383071, 41.7317944 ], [ -81.3875131, 41.7292444 ], [ -81.3928764, 41.7261654 ], [ -81.3990684, 41.7225883 ], [ -81.4050094, 41.7189853 ], [ -81.4101192, 41.715886 ], [ -81.4146032, 41.7131663 ], [ -81.4186417, 41.7107105 ], [ -81.4223139, 41.7083564 ], [ -81.4258489, 41.70609 ], [ -81.4293954, 41.7038163 ], [ -81.4330894, 41.7014478 ], [ -81.4364307, 41.6993055 ], [ -81.4388864, 41.6973486 ], [ -81.4406793, 41.6955735 ], [ -81.4421597, 41.6941078 ], [ -81.4433834, 41.6928964 ], [ -81.4443908, 41.6918989 ], [ -81.4452228, 41.6910752 ], [ -81.4459074, 41.6903973 ], [ -81.4464733, 41.689837 ], [ -81.4469404, 41.6893746 ], [ -81.4473274, 41.6889914 ], [ -81.4476487, 41.6886733 ], [ -81.4479093, 41.6884152 ], [ -81.4481269, 41.6881998 ], [ -81.4483127, 41.6880158 ], [ -81.4484661, 41.6878639 ], [ -81.448593, 41.6877383 ], [ -81.4487218, 41.6876107 ], [ -81.4488832, 41.6874509 ], [ -81.4490734, 41.6872626 ], [ -81.4493075, 41.6870307 ], [ -81.4495837, 41.6867574 ], [ -81.4499162, 41.6864281 ], [ -81.4503206, 41.6860277 ], [ -81.4508114, 41.6855417 ], [ -81.4514108, 41.6849482 ], [ -81.4521331, 41.684233 ], [ -81.4531417, 41.6834614 ], [ -81.4545299, 41.6826324 ], [ -81.4562218, 41.6816219 ], [ -81.4582869, 41.6803885 ], [ -81.4608106, 41.6788811 ], [ -81.4638921, 41.6770405 ], [ -81.4676539, 41.6747936 ], [ -81.4718681, 41.6717499 ], [ -81.4766021, 41.6677307 ], [ -81.4823603, 41.6628416 ], [ -81.4885191, 41.6579225 ], [ -81.4941909, 41.6540389 ], [ -81.499125, 41.6506601 ], [ -81.5035234, 41.647648 ], [ -81.5077037, 41.644998 ], [ -81.5120496, 41.6426868 ], [ -81.5164786, 41.6403313 ], [ -81.5211718, 41.6378352 ], [ -81.526324, 41.6350949 ], [ -81.5320046, 41.6318745 ] ], [ [ -78.3060366, 43.1173598 ], [ -78.3059003, 43.1176515 ], [ -78.305734, 43.1180076 ], [ -78.3055332, 43.1184374 ], [ -78.3054915, 43.1189499 ], [ -78.3059709, 43.1194818 ], [ -78.3064575, 43.1200215 ], [ -78.3069558, 43.1205744 ], [ -78.3073999, 43.121067 ], [ -78.3077814, 43.1214902 ], [ -78.3081167, 43.1218622 ], [ -78.3084165, 43.1221947 ], [ -78.3086857, 43.1224934 ], [ -78.3089313, 43.1227659 ], [ -78.3091668, 43.1230271 ], [ -78.3094097, 43.1232965 ], [ -78.309652, 43.1235652 ], [ -78.3098999, 43.1238402 ], [ -78.3101579, 43.1241265 ], [ -78.310425, 43.1244226 ], [ -78.3107321, 43.1247243 ], [ -78.311076, 43.1250485 ], [ -78.3114672, 43.1254173 ], [ -78.3119212, 43.1258454 ], [ -78.3124522, 43.126346 ], [ -78.3130568, 43.126916 ], [ -78.3137439, 43.1275638 ], [ -78.3145421, 43.1283163 ], [ -78.3154851, 43.1292053 ], [ -78.3166108, 43.1302667 ], [ -78.3184437, 43.1310363 ], [ -78.32053, 43.1318782 ], [ -78.322929, 43.1328462 ], [ -78.32572, 43.1339724 ], [ -78.3288323, 43.1351321 ], [ -78.331693, 43.1361379 ], [ -78.334241, 43.1370623 ], [ -78.3365805, 43.1379561 ], [ -78.3388038, 43.1388055 ], [ -78.3407656, 43.1398135 ], [ -78.34192, 43.1415406 ], [ -78.3432122, 43.1434739 ], [ -78.3450579, 43.1452656 ], [ -78.3483619, 43.145588 ], [ -78.351633, 43.1459072 ], [ -78.3549306, 43.1456742 ], [ -78.3582577, 43.1452819 ], [ -78.3617418, 43.1448713 ], [ -78.3654193, 43.1444626 ], [ -78.3690836, 43.1441467 ], [ -78.3723041, 43.1438691 ], [ -78.3750977, 43.1436378 ], [ -78.3775735, 43.1436634 ], [ -78.3798429, 43.143687 ], [ -78.3818028, 43.1439312 ], [ -78.3827525, 43.1455021 ], [ -78.383855, 43.1473259 ], [ -78.3851397, 43.1494512 ], [ -78.3868445, 43.1512669 ], [ -78.3896634, 43.1515889 ], [ -78.3920091, 43.1518569 ], [ -78.3939475, 43.1520784 ], [ -78.3955516, 43.1522616 ], [ -78.3968826, 43.1524169 ], [ -78.3979877, 43.1525474 ], [ -78.3989115, 43.1526564 ], [ -78.3996846, 43.1527477 ], [ -78.4003483, 43.152826 ], [ -78.4009352, 43.1528953 ], [ -78.4014595, 43.1529572 ], [ -78.4019474, 43.1530148 ], [ -78.4023868, 43.1530666 ], [ -78.402764, 43.1531111 ], [ -78.4031193, 43.1531531 ], [ -78.4034704, 43.1531945 ], [ -78.4038259, 43.1532365 ], [ -78.4041687, 43.1532769 ], [ -78.4044884, 43.1533147 ], [ -78.4047846, 43.1533496 ], [ -78.4050623, 43.1533824 ], [ -78.4053308, 43.1534141 ], [ -78.405583, 43.1534439 ], [ -78.4057985, 43.1534693 ], [ -78.4060105, 43.1534943 ], [ -78.4062289, 43.1535201 ], [ -78.406424, 43.1535431 ], [ -78.4066309, 43.1535676 ], [ -78.406836, 43.1535918 ], [ -78.4070558, 43.1536177 ], [ -78.4072984, 43.1536234 ], [ -78.4075114, 43.1535993 ], [ -78.4077074, 43.1535773 ], [ -78.4079418, 43.1535508 ], [ -78.4082325, 43.1535181 ], [ -78.4085764, 43.1534793 ], [ -78.4089721, 43.1534347 ], [ -78.4093215, 43.1533953 ], [ -78.4096155, 43.1533623 ], [ -78.4098618, 43.1533345 ], [ -78.4100706, 43.153311 ], [ -78.4102673, 43.1532888 ], [ -78.4105135, 43.153261 ], [ -78.4108085, 43.1532278 ], [ -78.4111658, 43.1531875 ], [ -78.4116159, 43.1531368 ], [ -78.4121512, 43.1530765 ], [ -78.4128081, 43.1530024 ], [ -78.4136046, 43.1529126 ], [ -78.4145766, 43.1528031 ], [ -78.4156098, 43.152417 ], [ -78.4166447, 43.1518426 ], [ -78.4177802, 43.1512125 ], [ -78.4190545, 43.1505053 ], [ -78.4205063, 43.1496996 ], [ -78.4220505, 43.1486987 ], [ -78.4237561, 43.1475505 ], [ -78.4256691, 43.1462627 ], [ -78.4278169, 43.1448167 ], [ -78.4307562, 43.1445072 ], [ -78.4346757, 43.1451834 ], [ -78.4388042, 43.1451675 ], [ -78.4420216, 43.1437122 ], [ -78.4448074, 43.142452 ], [ -78.4472778, 43.1413373 ], [ -78.4495775, 43.1403786 ], [ -78.4517419, 43.1394764 ], [ -78.4538653, 43.1385948 ], [ -78.4562483, 43.1383269 ], [ -78.4586083, 43.1380886 ], [ -78.4609707, 43.1380081 ], [ -78.4633657, 43.1380531 ], [ -78.4658595, 43.1381 ], [ -78.4685041, 43.1382343 ], [ -78.4709455, 43.1388524 ], [ -78.4732294, 43.1394307 ], [ -78.4753431, 43.1399658 ], [ -78.4773408, 43.1404716 ], [ -78.4793266, 43.1409329 ], [ -78.4813615, 43.1413741 ], [ -78.4833923, 43.1418145 ], [ -78.4852965, 43.142203 ], [ -78.48689, 43.1418289 ], [ -78.4881977, 43.1415094 ], [ -78.4892778, 43.1412454 ], [ -78.4901774, 43.1410256 ], [ -78.4909256, 43.1408427 ], [ -78.4915648, 43.1406865 ], [ -78.4921133, 43.1405525 ], [ -78.4925909, 43.1404358 ], [ -78.4930225, 43.1403303 ], [ -78.4934264, 43.1402318 ], [ -78.4938078, 43.1401502 ], [ -78.4941561, 43.1400803 ], [ -78.4944701, 43.1400173 ], [ -78.4947692, 43.1399573 ], [ -78.4950486, 43.1399013 ], [ -78.4953177, 43.1398473 ], [ -78.4955713, 43.1397964 ], [ -78.495833, 43.1397439 ], [ -78.496094, 43.1396916 ], [ -78.4963555, 43.1396391 ], [ -78.4966265, 43.1395847 ], [ -78.4968772, 43.1395344 ], [ -78.4971179, 43.1394861 ], [ -78.4973349, 43.1394426 ], [ -78.4975213, 43.1394052 ], [ -78.4977437, 43.1393606 ], [ -78.4980147, 43.1393062 ], [ -78.4983394, 43.1392411 ], [ -78.4987312, 43.1391431 ], [ -78.4990618, 43.1388742 ], [ -78.4994456, 43.1385548 ], [ -78.4999129, 43.1381658 ], [ -78.5004766, 43.1376967 ], [ -78.5011634, 43.1371251 ], [ -78.5019941, 43.1364337 ], [ -78.5028488, 43.1357223 ], [ -78.5036806, 43.13503 ], [ -78.5045342, 43.1343195 ], [ -78.5056777, 43.1342051 ], [ -78.50683, 43.1344433 ], [ -78.5078346, 43.134651 ], [ -78.5087041, 43.1348307 ], [ -78.5094669, 43.1349884 ], [ -78.5101488, 43.1351294 ], [ -78.5107669, 43.1352572 ], [ -78.5113256, 43.1353727 ], [ -78.5118289, 43.1354767 ], [ -78.5122761, 43.1355691 ], [ -78.5126757, 43.1356518 ], [ -78.5130264, 43.1357243 ], [ -78.5133238, 43.1357858 ], [ -78.5135728, 43.1358372 ], [ -78.513766, 43.1358772 ], [ -78.51397, 43.1359193 ], [ -78.5142183, 43.1359706 ], [ -78.5145031, 43.1360295 ], [ -78.5148521, 43.1361017 ], [ -78.5152753, 43.1361892 ], [ -78.5157726, 43.1360818 ], [ -78.516335, 43.1358994 ], [ -78.5170032, 43.1356827 ], [ -78.5178033, 43.1354231 ], [ -78.5187662, 43.1351108 ], [ -78.5199269, 43.1347344 ], [ -78.5213146, 43.1342843 ], [ -78.5228827, 43.134243 ], [ -78.5242405, 43.1343255 ], [ -78.5254146, 43.1343968 ], [ -78.5264361, 43.1344588 ], [ -78.5273453, 43.1345141 ], [ -78.5281164, 43.1345609 ], [ -78.528798, 43.1346023 ], [ -78.5293996, 43.1346388 ], [ -78.5299177, 43.1346703 ], [ -78.5303907, 43.134699 ], [ -78.5308319, 43.1347258 ], [ -78.5312267, 43.1347498 ], [ -78.531544, 43.1347817 ], [ -78.5317993, 43.1348234 ], [ -78.5320168, 43.1348594 ], [ -78.5322262, 43.1348941 ], [ -78.5324583, 43.1349324 ], [ -78.5327389, 43.1349789 ], [ -78.5330956, 43.1350379 ], [ -78.5335154, 43.1351074 ], [ -78.5340322, 43.135193 ], [ -78.5346665, 43.1352979 ], [ -78.5354396, 43.1354258 ], [ -78.5363827, 43.1355819 ], [ -78.5374981, 43.1357665 ], [ -78.5387995, 43.1359819 ], [ -78.5403216, 43.1360592 ], [ -78.5417377, 43.1358945 ], [ -78.5429491, 43.1357537 ], [ -78.5440087, 43.1356305 ], [ -78.5449622, 43.1355121 ], [ -78.5458488, 43.1353822 ], [ -78.5467156, 43.1352552 ], [ -78.5476062, 43.1351247 ], [ -78.5485569, 43.1349854 ], [ -78.5495375, 43.1348417 ], [ -78.5505746, 43.1346897 ], [ -78.5517198, 43.134522 ], [ -78.552999, 43.1343345 ], [ -78.5543599, 43.1341351 ], [ -78.5558029, 43.134032 ], [ -78.5573359, 43.1340604 ], [ -78.5589901, 43.134091 ], [ -78.5607906, 43.1341245 ], [ -78.5627976, 43.1341616 ], [ -78.5645724, 43.1352398 ], [ -78.5664485, 43.1365779 ], [ -78.5681445, 43.1377876 ], [ -78.5697102, 43.1389042 ], [ -78.571066, 43.139906 ], [ -78.5722364, 43.1407731 ], [ -78.5732428, 43.1415187 ], [ -78.5741017, 43.1421549 ], [ -78.5748463, 43.1427065 ], [ -78.5755032, 43.1431932 ], [ -78.5760847, 43.143624 ], [ -78.5762985, 43.144105 ], [ -78.5763721, 43.1445398 ], [ -78.5764335, 43.1449023 ], [ -78.5764829, 43.1451941 ], [ -78.5765242, 43.1454376 ], [ -78.576559, 43.1456435 ], [ -78.5765875, 43.145812 ], [ -78.576612, 43.1459566 ], [ -78.5766406, 43.1461255 ], [ -78.5766755, 43.1463315 ], [ -78.5767191, 43.1465892 ], [ -78.5767724, 43.1469034 ], [ -78.5768363, 43.1472812 ], [ -78.5769152, 43.1477473 ], [ -78.5770113, 43.1483148 ], [ -78.5771288, 43.149009 ], [ -78.5772709, 43.1498482 ], [ -78.5774366, 43.1508263 ], [ -78.5775828, 43.1516894 ], [ -78.5777031, 43.1524002 ], [ -78.5778013, 43.1529799 ], [ -78.5778823, 43.1534582 ], [ -78.5779863, 43.1538418 ], [ -78.57815, 43.154144 ], [ -78.5782871, 43.1543971 ], [ -78.5784027, 43.1546107 ], [ -78.5784949, 43.1547807 ], [ -78.5785774, 43.1549329 ], [ -78.5786515, 43.1550697 ], [ -78.5787276, 43.1552101 ], [ -78.5788133, 43.1553684 ], [ -78.5789141, 43.1555543 ], [ -78.5790257, 43.1557605 ], [ -78.5791562, 43.1560013 ], [ -78.5793007, 43.156268 ], [ -78.5794626, 43.1565667 ], [ -78.5796466, 43.1569065 ], [ -78.5798525, 43.1572865 ], [ -78.5800855, 43.1577164 ], [ -78.5803495, 43.1582035 ], [ -78.5806377, 43.1587356 ], [ -78.5809512, 43.1593142 ], [ -78.5812676, 43.159898 ], [ -78.5815922, 43.1604972 ], [ -78.5820973, 43.1610453 ], [ -78.5827862, 43.1614974 ], [ -78.5834792, 43.1619523 ], [ -78.5841759, 43.1624095 ], [ -78.5848841, 43.1628743 ], [ -78.585605, 43.1633474 ], [ -78.5863462, 43.1638183 ], [ -78.587161, 43.1642365 ], [ -78.5880062, 43.1646703 ], [ -78.5888864, 43.165122 ], [ -78.5898207, 43.1656015 ], [ -78.5908048, 43.1661066 ], [ -78.5918063, 43.1666206 ], [ -78.592765, 43.1671126 ], [ -78.5936765, 43.1675803 ], [ -78.5945456, 43.1680263 ], [ -78.5953842, 43.1684566 ], [ -78.5962103, 43.1688806 ], [ -78.5970386, 43.1693057 ], [ -78.5980207, 43.169396 ], [ -78.5989475, 43.1693731 ], [ -78.5997463, 43.1693533 ], [ -78.6004256, 43.1693365 ], [ -78.6009927, 43.1693225 ], [ -78.6014556, 43.1693111 ], [ -78.6018364, 43.1693016 ], [ -78.6021531, 43.1692938 ], [ -78.6024177, 43.1692873 ], [ -78.6026341, 43.1692819 ], [ -78.6028183, 43.1692774 ], [ -78.6030104, 43.1692726 ], [ -78.6032317, 43.1692672 ], [ -78.6034823, 43.1692609 ], [ -78.6037705, 43.1692538 ], [ -78.6041108, 43.1692454 ], [ -78.604497, 43.1692359 ], [ -78.6048932, 43.1692261 ], [ -78.6053066, 43.1692158 ], [ -78.605737, 43.1692052 ], [ -78.6061623, 43.1691946 ], [ -78.6065879, 43.1691841 ], [ -78.6070283, 43.1691733 ], [ -78.6074824, 43.169162 ], [ -78.6079614, 43.1691502 ], [ -78.6084783, 43.1691374 ], [ -78.6090399, 43.1691235 ], [ -78.6096077, 43.1691095 ], [ -78.6101386, 43.1690963 ], [ -78.6105972, 43.169085 ], [ -78.6109782, 43.1690756 ], [ -78.6112907, 43.1690679 ], [ -78.6115571, 43.1690613 ], [ -78.6117839, 43.1690556 ], [ -78.6119873, 43.1690506 ], [ -78.6122282, 43.1690447 ], [ -78.6125108, 43.1690377 ], [ -78.6128306, 43.1690298 ], [ -78.6131795, 43.1690212 ], [ -78.6135661, 43.1690116 ], [ -78.6139616, 43.1690018 ], [ -78.6143615, 43.1689919 ], [ -78.6147669, 43.1689819 ], [ -78.6151778, 43.1689717 ], [ -78.6155942, 43.1689614 ], [ -78.6160165, 43.168951 ], [ -78.6164417, 43.1689405 ], [ -78.616846, 43.1689305 ], [ -78.6172354, 43.1689208 ], [ -78.6175951, 43.168912 ], [ -78.6179245, 43.1689038 ], [ -78.618219, 43.1688965 ], [ -78.6184798, 43.1688901 ], [ -78.6187198, 43.1688842 ], [ -78.6189398, 43.1688787 ], [ -78.6191495, 43.1688735 ], [ -78.6193409, 43.1688688 ], [ -78.6195556, 43.1688635 ], [ -78.6197802, 43.1688579 ], [ -78.6200345, 43.1688517 ], [ -78.6203196, 43.1688446 ], [ -78.6206309, 43.1688369 ], [ -78.6209879, 43.1688281 ], [ -78.6213924, 43.1688181 ], [ -78.6218386, 43.168807 ], [ -78.6223207, 43.1687951 ], [ -78.6228292, 43.1687826 ], [ -78.6233725, 43.1687691 ], [ -78.6239466, 43.168755 ], [ -78.6245682, 43.1687396 ], [ -78.6252743, 43.1687221 ], [ -78.6260951, 43.1687018 ], [ -78.6270667, 43.1686778 ], [ -78.6282091, 43.1686496 ], [ -78.6295092, 43.1686174 ], [ -78.630983, 43.1684679 ], [ -78.6326223, 43.1682804 ], [ -78.6343685, 43.1680808 ], [ -78.6362851, 43.1678616 ], [ -78.6384372, 43.1676155 ], [ -78.640835, 43.1673414 ], [ -78.6434216, 43.1670456 ], [ -78.6462645, 43.1667205 ], [ -78.6491749, 43.1663877 ], [ -78.652158, 43.1660467 ], [ -78.6552762, 43.1656901 ], [ -78.6582441, 43.1653508 ], [ -78.6607259, 43.165067 ], [ -78.6628464, 43.1649333 ], [ -78.6647008, 43.1648527 ], [ -78.6663565, 43.1647809 ], [ -78.6678969, 43.1647139 ], [ -78.6693784, 43.1646495 ], [ -78.6708213, 43.1645869 ], [ -78.6722331, 43.1645255 ], [ -78.6736595, 43.1644636 ], [ -78.6751584, 43.1643984 ], [ -78.6768009, 43.1643271 ], [ -78.6786543, 43.1642466 ], [ -78.6808049, 43.1641531 ], [ -78.6833358, 43.1640432 ], [ -78.6859953, 43.1639277 ], [ -78.6883257, 43.1638264 ], [ -78.6903495, 43.1637385 ], [ -78.6921221, 43.1636615 ], [ -78.6936523, 43.163595 ], [ -78.6949917, 43.1635368 ], [ -78.6961608, 43.163486 ], [ -78.6971711, 43.1634421 ], [ -78.698055, 43.1634037 ], [ -78.6988216, 43.1633704 ], [ -78.6994858, 43.1633416 ], [ -78.7000299, 43.163455 ], [ -78.7004704, 43.1636062 ], [ -78.7008369, 43.163732 ], [ -78.7011422, 43.1638367 ], [ -78.701387, 43.1639207 ], [ -78.7015955, 43.1639922 ], [ -78.7017708, 43.1640524 ], [ -78.7019781, 43.1641235 ], [ -78.7022292, 43.1642097 ], [ -78.702532, 43.1643136 ], [ -78.7029042, 43.1644413 ], [ -78.7033531, 43.1645954 ], [ -78.7038976, 43.1647822 ], [ -78.7045576, 43.1650086 ], [ -78.7053571, 43.165283 ], [ -78.7063313, 43.1656172 ], [ -78.70751, 43.1660217 ], [ -78.7089373, 43.1665114 ], [ -78.7106694, 43.1671058 ], [ -78.7127748, 43.1678282 ], [ -78.7150862, 43.1686212 ], [ -78.7170177, 43.1692839 ], [ -78.7186068, 43.1698291 ], [ -78.7199238, 43.170281 ], [ -78.7210159, 43.1706557 ], [ -78.7219143, 43.1709639 ], [ -78.7226558, 43.1712183 ], [ -78.7232669, 43.1714281 ], [ -78.7237769, 43.171603 ], [ -78.7242017, 43.1717487 ], [ -78.7245529, 43.1718693 ], [ -78.7248323, 43.1719651 ], [ -78.7250639, 43.1720445 ], [ -78.7252619, 43.1721125 ], [ -78.7254586, 43.17218 ], [ -78.725686, 43.172258 ], [ -78.7259535, 43.1723498 ], [ -78.7262781, 43.1724611 ], [ -78.7266709, 43.1725959 ], [ -78.7271303, 43.1727535 ], [ -78.7276436, 43.1729296 ], [ -78.7282129, 43.1731249 ], [ -78.7288634, 43.1733481 ], [ -78.7296117, 43.1736049 ], [ -78.7303233, 43.173849 ], [ -78.7309122, 43.174051 ], [ -78.7314057, 43.1742203 ], [ -78.7318123, 43.1743599 ], [ -78.7321463, 43.1744744 ], [ -78.7324227, 43.1745693 ], [ -78.732652, 43.1746479 ], [ -78.7328507, 43.1747161 ], [ -78.7330478, 43.1747837 ], [ -78.7332692, 43.1748597 ], [ -78.7335401, 43.1749526 ], [ -78.733868, 43.1750651 ], [ -78.7342637, 43.1752008 ], [ -78.7347424, 43.175365 ], [ -78.7353, 43.1755564 ], [ -78.735985, 43.175604 ], [ -78.7367432, 43.175382 ], [ -78.7375982, 43.1751317 ], [ -78.7385943, 43.1748401 ], [ -78.7397157, 43.1745117 ], [ -78.7407619, 43.1742055 ], [ -78.741737, 43.17392 ], [ -78.742694, 43.1736398 ], [ -78.743676, 43.1733523 ], [ -78.7447137, 43.1730485 ], [ -78.7456352, 43.1727787 ], [ -78.7464048, 43.1725534 ], [ -78.7470457, 43.1723657 ], [ -78.7475936, 43.1722053 ], [ -78.7480678, 43.1720665 ], [ -78.7485059, 43.1719382 ], [ -78.7489068, 43.1718209 ], [ -78.74928, 43.1717116 ], [ -78.7496291, 43.1716094 ], [ -78.7499766, 43.1715076 ], [ -78.7503366, 43.1714022 ], [ -78.750688, 43.1712993 ], [ -78.7510331, 43.1711983 ], [ -78.751374, 43.1710985 ], [ -78.7517164, 43.1709983 ], [ -78.7520525, 43.1708999 ], [ -78.752384, 43.1708028 ], [ -78.7527057, 43.1707086 ], [ -78.7530365, 43.1706118 ], [ -78.7533557, 43.1705184 ], [ -78.7536709, 43.170426 ], [ -78.7539904, 43.1703325 ], [ -78.754301, 43.1702415 ], [ -78.7546115, 43.1701506 ], [ -78.7549553, 43.17005 ], [ -78.7553261, 43.1699414 ], [ -78.755726, 43.1698243 ], [ -78.75615, 43.1697002 ], [ -78.7565921, 43.1695707 ], [ -78.7570617, 43.1694333 ], [ -78.7575489, 43.1692906 ], [ -78.7580654, 43.1691393 ], [ -78.7586116, 43.1689794 ], [ -78.7591796, 43.1688131 ], [ -78.7597877, 43.1686351 ], [ -78.7604276, 43.1684477 ], [ -78.7611243, 43.1682437 ], [ -78.761857, 43.1680292 ], [ -78.7626484, 43.1677975 ], [ -78.7635345, 43.1675381 ], [ -78.7645497, 43.1672408 ], [ -78.7657188, 43.1668985 ], [ -78.766902, 43.1665521 ], [ -78.7680496, 43.166216 ], [ -78.7691755, 43.1658864 ], [ -78.7702803, 43.1655629 ], [ -78.7713726, 43.165243 ], [ -78.772444, 43.1649293 ], [ -78.7734954, 43.1646215 ], [ -78.7745339, 43.1643174 ], [ -78.7755177, 43.1640293 ], [ -78.776432, 43.1637615 ], [ -78.7772982, 43.1635079 ], [ -78.7781489, 43.1632588 ], [ -78.7789916, 43.1630121 ], [ -78.7798449, 43.1627622 ], [ -78.7807242, 43.1625047 ], [ -78.7816321, 43.1622389 ], [ -78.7825771, 43.1619621 ], [ -78.7835674, 43.1616722 ], [ -78.78462, 43.161364 ], [ -78.7856982, 43.1610482 ], [ -78.7867775, 43.1607322 ], [ -78.7878564, 43.1604162 ], [ -78.7889414, 43.1600985 ], [ -78.7900595, 43.1597711 ], [ -78.7912665, 43.1594176 ], [ -78.7925739, 43.1590347 ], [ -78.7939292, 43.1586378 ], [ -78.7951957, 43.158267 ], [ -78.7963805, 43.15792 ], [ -78.7975249, 43.1575849 ], [ -78.7986628, 43.1572517 ], [ -78.7998464, 43.1569051 ], [ -78.8011167, 43.156533 ], [ -78.8025228, 43.1561213 ], [ -78.804059, 43.1556714 ], [ -78.8054082, 43.1552763 ], [ -78.80657, 43.154936 ], [ -78.8075814, 43.1546398 ], [ -78.8084269, 43.1543922 ], [ -78.8091376, 43.154184 ], [ -78.8097385, 43.1540081 ], [ -78.8102452, 43.1538597 ], [ -78.8106716, 43.1537348 ], [ -78.8110314, 43.1536295 ], [ -78.8113472, 43.1535369 ], [ -78.8116174, 43.1534578 ], [ -78.8118398, 43.1533927 ], [ -78.8120232, 43.153339 ], [ -78.8122246, 43.15328 ], [ -78.8124681, 43.1532087 ], [ -78.8127621, 43.1531436 ], [ -78.8131455, 43.1531424 ], [ -78.8136135, 43.1531411 ], [ -78.8141844, 43.1531393 ], [ -78.8148813, 43.1531372 ], [ -78.8157317, 43.1531346 ], [ -78.8167695, 43.1531314 ], [ -78.8179347, 43.1531278 ], [ -78.8189205, 43.1531249 ], [ -78.8197272, 43.1531224 ], [ -78.8203876, 43.1531204 ], [ -78.8209285, 43.1531188 ], [ -78.8213719, 43.1531174 ], [ -78.8217362, 43.1531163 ], [ -78.8220379, 43.1531154 ], [ -78.8222904, 43.1531146 ], [ -78.8225112, 43.1531139 ], [ -78.8227067, 43.1531133 ], [ -78.8229359, 43.1531127 ], [ -78.8232158, 43.1531118 ], [ -78.8235572, 43.1531107 ], [ -78.8239738, 43.1531095 ], [ -78.8244823, 43.1531079 ], [ -78.8251028, 43.153106 ], [ -78.8258601, 43.1531037 ], [ -78.8267842, 43.1531009 ], [ -78.8279121, 43.1530975 ], [ -78.8291607, 43.1530936 ], [ -78.8303088, 43.1530902 ], [ -78.8313681, 43.1530869 ], [ -78.8323672, 43.1530839 ], [ -78.8333434, 43.153081 ], [ -78.8343203, 43.1530779 ], [ -78.8352987, 43.153075 ], [ -78.836276, 43.153072 ], [ -78.837228, 43.1530691 ], [ -78.8381576, 43.1530663 ], [ -78.8390446, 43.1530635 ], [ -78.8399231, 43.1530609 ], [ -78.8407961, 43.1530582 ], [ -78.8416115, 43.1530558 ], [ -78.8423582, 43.1530535 ], [ -78.8430502, 43.1530514 ], [ -78.8437056, 43.1530494 ], [ -78.8443182, 43.1530475 ], [ -78.8449199, 43.1530456 ], [ -78.8455246, 43.1530438 ], [ -78.8460382, 43.1530422 ], [ -78.846459, 43.153041 ], [ -78.8468039, 43.1530399 ], [ -78.8470865, 43.1530391 ], [ -78.8473181, 43.1530383 ], [ -78.8475234, 43.1530377 ], [ -78.8477676, 43.153037 ], [ -78.8480616, 43.1530361 ], [ -78.8484116, 43.153035 ], [ -78.8488165, 43.1530338 ], [ -78.8492872, 43.1530323 ], [ -78.8498465, 43.1530306 ], [ -78.8505095, 43.1530286 ], [ -78.8511768, 43.1530266 ], [ -78.8518271, 43.1530246 ], [ -78.8524739, 43.1530226 ], [ -78.8531207, 43.1530206 ], [ -78.8537682, 43.1530187 ], [ -78.854415, 43.1530167 ], [ -78.8550618, 43.1530147 ], [ -78.8557086, 43.1530128 ], [ -78.8563429, 43.1530108 ], [ -78.8569555, 43.153009 ], [ -78.8575663, 43.1530071 ], [ -78.8581772, 43.1530053 ], [ -78.858788, 43.1530034 ], [ -78.8594025, 43.1530015 ], [ -78.8600417, 43.1529996 ], [ -78.8606922, 43.1529976 ], [ -78.8613733, 43.1529955 ], [ -78.8621089, 43.1529933 ], [ -78.8628932, 43.1529909 ], [ -78.8637165, 43.1529884 ], [ -78.8645432, 43.1529859 ], [ -78.8653698, 43.1529834 ], [ -78.8661963, 43.1529809 ], [ -78.8670236, 43.1529783 ], [ -78.867873, 43.1529757 ], [ -78.8687858, 43.152973 ], [ -78.8698061, 43.1529698 ], [ -78.8709797, 43.1529663 ], [ -78.872357, 43.152962 ], [ -78.8739961, 43.152957 ], [ -78.8759664, 43.1529511 ], [ -78.8783487, 43.1529438 ], [ -78.8812228, 43.1529351 ], [ -78.8844917, 43.1529251 ], [ -78.8875282, 43.1529158 ], [ -78.8900577, 43.1529081 ], [ -78.8921827, 43.1529017 ], [ -78.8939904, 43.1528961 ], [ -78.8955441, 43.1528914 ], [ -78.8968359, 43.1528875 ], [ -78.897903, 43.1528842 ], [ -78.8987899, 43.1528815 ], [ -78.8995305, 43.1528792 ], [ -78.9001493, 43.1528774 ], [ -78.9006625, 43.1528758 ], [ -78.9010995, 43.1528745 ], [ -78.9014656, 43.1528734 ], [ -78.9017707, 43.1528725 ], [ -78.9020205, 43.1528717 ], [ -78.9022261, 43.1528711 ], [ -78.9024458, 43.1528704 ], [ -78.902714, 43.1528696 ], [ -78.9030412, 43.1528686 ], [ -78.9034405, 43.1528673 ], [ -78.9039279, 43.1528659 ], [ -78.904494, 43.1528642 ], [ -78.9050689, 43.1528624 ], [ -78.9056438, 43.1528606 ], [ -78.9062187, 43.1528589 ], [ -78.9067937, 43.1528571 ], [ -78.9073686, 43.1528554 ], [ -78.9079435, 43.1528537 ], [ -78.9085184, 43.1528519 ], [ -78.9090933, 43.1528501 ], [ -78.9096683, 43.1528484 ], [ -78.9102432, 43.1528466 ], [ -78.910818, 43.1528449 ], [ -78.9113929, 43.1528431 ], [ -78.9119679, 43.1528414 ], [ -78.9125428, 43.1528396 ], [ -78.9131177, 43.1528379 ], [ -78.9136845, 43.1527568 ], [ -78.9142787, 43.1526208 ], [ -78.9149097, 43.1524764 ], [ -78.9155759, 43.1523239 ], [ -78.9162824, 43.1521622 ], [ -78.9170237, 43.1519926 ], [ -78.9176871, 43.1518407 ], [ -78.9182506, 43.1517117 ], [ -78.918728, 43.1516024 ], [ -78.9191409, 43.1515079 ], [ -78.9194892, 43.1514283 ], [ -78.9197709, 43.1513637 ], [ -78.9200217, 43.1513063 ], [ -78.9202337, 43.1512579 ], [ -78.9204178, 43.1512157 ], [ -78.9206309, 43.1511669 ], [ -78.920866, 43.1511131 ], [ -78.9211421, 43.1510499 ], [ -78.9214693, 43.150975 ], [ -78.9218709, 43.1508831 ], [ -78.9223324, 43.1507775 ], [ -78.9228802, 43.1506521 ], [ -78.9235236, 43.1505048 ], [ -78.9242452, 43.1503396 ], [ -78.9250366, 43.1501585 ], [ -78.9259029, 43.1499602 ], [ -78.9268096, 43.1497526 ], [ -78.9277495, 43.1495376 ], [ -78.9287398, 43.1493108 ], [ -78.9298161, 43.1490645 ], [ -78.9310142, 43.1487902 ], [ -78.9323419, 43.1484864 ], [ -78.9338288, 43.148146 ], [ -78.9355398, 43.1477544 ], [ -78.9375399, 43.1472966 ], [ -78.9396307, 43.146818 ], [ -78.9415322, 43.1463827 ], [ -78.9432583, 43.1459875 ], [ -78.9448504, 43.1456231 ], [ -78.9463362, 43.145283 ], [ -78.9477665, 43.1449556 ], [ -78.9491685, 43.1446347 ], [ -78.9505638, 43.1443152 ], [ -78.9519648, 43.1439946 ], [ -78.953396, 43.1436669 ], [ -78.9548543, 43.1433331 ], [ -78.9563034, 43.1430014 ], [ -78.9577494, 43.1426704 ], [ -78.9591755, 43.1423439 ], [ -78.9606046, 43.1420167 ], [ -78.9621066, 43.1416729 ], [ -78.9637114, 43.1413055 ], [ -78.9654642, 43.1409043 ], [ -78.9671065, 43.1405283 ], [ -78.9685792, 43.1401911 ], [ -78.969933, 43.1398812 ], [ -78.9712182, 43.139587 ], [ -78.972448, 43.1393054 ], [ -78.9736239, 43.1390362 ], [ -78.9747465, 43.1387793 ], [ -78.9758177, 43.138534 ], [ -78.9768365, 43.1383008 ], [ -78.9778092, 43.1380781 ], [ -78.9787409, 43.1378648 ], [ -78.9796306, 43.1376611 ], [ -78.9804845, 43.1374656 ], [ -78.9812981, 43.1372794 ], [ -78.9820761, 43.1371013 ], [ -78.9828154, 43.136932 ], [ -78.9835186, 43.136771 ], [ -78.9841906, 43.1366171 ], [ -78.9848348, 43.1364696 ], [ -78.9854545, 43.1363278 ], [ -78.9860458, 43.1361924 ], [ -78.9866049, 43.1360644 ], [ -78.9871679, 43.1359355 ], [ -78.9877545, 43.1358012 ], [ -78.9883802, 43.135658 ], [ -78.989042, 43.1355064 ], [ -78.9897441, 43.1353457 ], [ -78.9904879, 43.1351754 ], [ -78.9912816, 43.1349937 ], [ -78.9921214, 43.1348014 ], [ -78.9930131, 43.1345972 ], [ -78.9939578, 43.134381 ], [ -78.9949621, 43.134151 ], [ -78.9960034, 43.1339126 ], [ -78.9970189, 43.1336801 ], [ -78.998045, 43.1334452 ], [ -78.9991235, 43.1331983 ], [ -79.0002349, 43.1329438 ], [ -79.0012504, 43.1327113 ], [ -79.0021781, 43.1324989 ], [ -79.0030268, 43.1323046 ], [ -79.0037407, 43.1321411 ], [ -79.0043261, 43.1320071 ], [ -79.0048101, 43.1318963 ], [ -79.005203, 43.1318063 ], [ -79.0055234, 43.131733 ], [ -79.0057898, 43.131672 ], [ -79.0060093, 43.1316217 ], [ -79.0062151, 43.1315746 ], [ -79.0064301, 43.1315254 ], [ -79.0066788, 43.1314685 ], [ -79.0069624, 43.1314035 ], [ -79.0072382, 43.1313404 ], [ -79.0075012, 43.1312801 ], [ -79.0077539, 43.1312223 ], [ -79.0080272, 43.1311597 ], [ -79.0083118, 43.1310945 ], [ -79.008615, 43.1310251 ], [ -79.0089342, 43.130952 ], [ -79.0092677, 43.1308757 ], [ -79.0096101, 43.1307973 ], [ -79.0099645, 43.1307161 ], [ -79.0103509, 43.1306277 ], [ -79.0107693, 43.1305318 ], [ -79.011205, 43.1304321 ], [ -79.0116631, 43.1303272 ], [ -79.0121638, 43.1302126 ], [ -79.0127307, 43.1300828 ], [ -79.0133826, 43.1299335 ], [ -79.0141417, 43.1297596 ], [ -79.0150306, 43.1295561 ], [ -79.0160822, 43.1293154 ], [ -79.0173396, 43.1290275 ], [ -79.0188586, 43.1286797 ], [ -79.0206945, 43.1282593 ], [ -79.0229154, 43.1277508 ], [ -79.0256042, 43.1271351 ], [ -79.0288734, 43.1264014 ], [ -79.0328503, 43.1256673 ], [ -79.0367474, 43.1249479 ], [ -79.0401288, 43.1243237 ], [ -79.0430619, 43.1237823 ], [ -79.0456436, 43.1233057 ], [ -79.0479292, 43.1228838 ], [ -79.0499909, 43.1225032 ], [ -79.0518804, 43.1221544 ], [ -79.053639, 43.1218297 ], [ -79.0553172, 43.1215199 ], [ -79.0569214, 43.1212238 ], [ -79.0584232, 43.1211705 ], [ -79.0597441, 43.12114 ], [ -79.06089, 43.1211135 ], [ -79.0618899, 43.1210904 ], [ -79.0627919, 43.1210695 ], [ -79.0636363, 43.1210501 ], [ -79.0644092, 43.1210322 ], [ -79.0650791, 43.1210167 ], [ -79.0656599, 43.1210033 ], [ -79.0661631, 43.1209916 ], [ -79.0665996, 43.1209816 ], [ -79.0669718, 43.1209729 ], [ -79.0672877, 43.1209664 ], [ -79.0675574, 43.1209882 ], [ -79.0677865, 43.121018 ], [ -79.0679896, 43.1210445 ], [ -79.068195, 43.1210712 ], [ -79.0684194, 43.1211003 ], [ -79.068662, 43.1211319 ], [ -79.0689255, 43.1211662 ], [ -79.0692118, 43.1212035 ], [ -79.0694948, 43.1212404 ], [ -79.0697831, 43.1212779 ], [ -79.0700947, 43.1213184 ], [ -79.0704269, 43.1213616 ], [ -79.0707941, 43.1214095 ], [ -79.0712427, 43.1214679 ], [ -79.0717685, 43.1215363 ], [ -79.0724144, 43.1216203 ], [ -79.0730468, 43.1214205 ], [ -79.0735883, 43.1209383 ], [ -79.0742038, 43.1203903 ], [ -79.0749182, 43.1197541 ], [ -79.0757627, 43.1190021 ], [ -79.0767744, 43.1181012 ], [ -79.0778846, 43.1171126 ], [ -79.07894, 43.1161728 ], [ -79.0799376, 43.1152844 ], [ -79.0808918, 43.1144346 ], [ -79.0818086, 43.1136183 ], [ -79.0826838, 43.1128388 ], [ -79.0835187, 43.1120953 ], [ -79.0843197, 43.1113819 ], [ -79.0850866, 43.110699 ], [ -79.0859214, 43.1101244 ], [ -79.0868082, 43.1097106 ], [ -79.0875971, 43.1093424 ], [ -79.0883116, 43.109009 ], [ -79.0889396, 43.108716 ], [ -79.0895072, 43.1084511 ], [ -79.090021, 43.1082113 ], [ -79.0904955, 43.1079899 ], [ -79.0909094, 43.1077968 ], [ -79.0912894, 43.1076195 ], [ -79.0916298, 43.1074606 ], [ -79.0919451, 43.1073135 ], [ -79.0922424, 43.1071747 ], [ -79.0925105, 43.1070497 ], [ -79.0927385, 43.1069432 ], [ -79.0929488, 43.1068451 ], [ -79.0931516, 43.1067504 ], [ -79.0933248, 43.1066696 ], [ -79.0934858, 43.1065945 ], [ -79.0936518, 43.1065171 ], [ -79.0938145, 43.1064412 ], [ -79.0940054, 43.106352 ], [ -79.0942402, 43.1062424 ], [ -79.0944992, 43.1061216 ], [ -79.0947668, 43.1059967 ], [ -79.0950539, 43.1058627 ], [ -79.0953805, 43.1057104 ], [ -79.09576, 43.1055332 ], [ -79.0961832, 43.1053357 ], [ -79.0966303, 43.105127 ], [ -79.0970781, 43.1049181 ], [ -79.0975208, 43.1047115 ], [ -79.0979616, 43.1045057 ], [ -79.0984228, 43.1042906 ], [ -79.0988861, 43.1040743 ], [ -79.0993672, 43.1038498 ], [ -79.0998624, 43.1036188 ], [ -79.1003408, 43.1033954 ], [ -79.1008164, 43.1031736 ], [ -79.1012919, 43.1029516 ], [ -79.1017948, 43.1027169 ], [ -79.1023158, 43.1024737 ], [ -79.1028512, 43.1022239 ], [ -79.1033904, 43.1019723 ], [ -79.1039224, 43.101724 ], [ -79.1044524, 43.1014767 ], [ -79.1049996, 43.1012213 ], [ -79.105553, 43.100963 ], [ -79.1061333, 43.1006921 ], [ -79.1067286, 43.1004143 ], [ -79.1073091, 43.1001433 ], [ -79.1078813, 43.0998764 ], [ -79.1084748, 43.0995993 ], [ -79.1090986, 43.0993083 ], [ -79.1097424, 43.0990078 ], [ -79.1103841, 43.0987083 ], [ -79.1110341, 43.0984049 ], [ -79.1116829, 43.0981021 ], [ -79.1123483, 43.0977915 ], [ -79.1130332, 43.0974719 ], [ -79.1137288, 43.0971472 ], [ -79.1144191, 43.096825 ], [ -79.115107, 43.0965039 ], [ -79.1158207, 43.0961709 ], [ -79.1165595, 43.095826 ], [ -79.1172977, 43.0954815 ], [ -79.1180695, 43.0951213 ], [ -79.1188963, 43.0947353 ], [ -79.1198144, 43.0943068 ], [ -79.1208711, 43.0938136 ], [ -79.1221065, 43.0932369 ], [ -79.1235509, 43.0925627 ], [ -79.1252487, 43.0917703 ], [ -79.1272358, 43.0908427 ], [ -79.1295696, 43.0897534 ], [ -79.1323106, 43.0884739 ], [ -79.1355596, 43.0869573 ], [ -79.1394035, 43.0851629 ], [ -79.1435499, 43.0832272 ], [ -79.147238, 43.0817988 ], [ -79.1504983, 43.0808615 ], [ -79.1532449, 43.0800718 ], [ -79.1555823, 43.0793998 ], [ -79.1576126, 43.0788161 ], [ -79.1594214, 43.078296 ], [ -79.1610924, 43.0778156 ], [ -79.1626905, 43.0773561 ], [ -79.1642915, 43.0768958 ], [ -79.1659673, 43.076414 ], [ -79.1677716, 43.0758952 ], [ -79.1697523, 43.0753257 ], [ -79.1719988, 43.0746798 ], [ -79.1745772, 43.0739384 ], [ -79.1775561, 43.0730819 ], [ -79.1810571, 43.0720752 ], [ -79.1851951, 43.0708854 ], [ -79.1896539, 43.0696032 ], [ -79.1934212, 43.0685199 ], [ -79.1965772, 43.0676124 ], [ -79.1992494, 43.066844 ], [ -79.201528, 43.0661887 ], [ -79.2034249, 43.0656432 ], [ -79.2049988, 43.0651906 ], [ -79.2063052, 43.0648149 ], [ -79.20739, 43.064503 ], [ -79.2082943, 43.064243 ], [ -79.2090428, 43.0640277 ], [ -79.2096652, 43.0638487 ], [ -79.2101768, 43.0637015 ], [ -79.2106077, 43.0635776 ], [ -79.2109676, 43.0634742 ], [ -79.211258, 43.0633906 ], [ -79.2114964, 43.0633221 ], [ -79.2117048, 43.0632621 ], [ -79.2118973, 43.0632068 ], [ -79.2121159, 43.0631439 ], [ -79.2123917, 43.0630646 ], [ -79.212708, 43.0629736 ], [ -79.2130975, 43.0628616 ], [ -79.213569, 43.062726 ], [ -79.2141415, 43.0625614 ], [ -79.2148246, 43.062365 ], [ -79.2156121, 43.0621384 ], [ -79.2165093, 43.0618804 ], [ -79.2175562, 43.0615793 ], [ -79.2187987, 43.061222 ], [ -79.2202866, 43.0607941 ], [ -79.2220801, 43.0602783 ], [ -79.2242419, 43.0596566 ], [ -79.2268452, 43.0589078 ], [ -79.2297049, 43.0580854 ], [ -79.2325051, 43.0572801 ], [ -79.2353591, 43.0564592 ], [ -79.238391, 43.0555872 ], [ -79.2417213, 43.0546293 ], [ -79.2451005, 43.0536574 ], [ -79.2481288, 43.0527863 ], [ -79.2509, 43.0519893 ], [ -79.2534386, 43.0512591 ], [ -79.2557617, 43.0505909 ], [ -79.2579247, 43.0499687 ], [ -79.2599592, 43.0493835 ], [ -79.2618985, 43.0488257 ], [ -79.2639628, 43.0485897 ], [ -79.2662703, 43.0484903 ], [ -79.268887, 43.0483777 ], [ -79.2719232, 43.048247 ], [ -79.2755044, 43.0480929 ], [ -79.2797545, 43.04791 ], [ -79.2844229, 43.0477091 ], [ -79.2895285, 43.0474893 ], [ -79.2952835, 43.0472416 ], [ -79.3014623, 43.0469757 ], [ -79.3070067, 43.046737 ], [ -79.3120629, 43.0465194 ], [ -79.3168024, 43.0463154 ], [ -79.3208781, 43.04614 ], [ -79.3242861, 43.0459933 ], [ -79.3271635, 43.0458695 ], [ -79.3296288, 43.0457634 ], [ -79.3317883, 43.0456704 ], [ -79.3337287, 43.0455869 ], [ -79.3355349, 43.0455092 ], [ -79.3372944, 43.0454334 ], [ -79.3390711, 43.045357 ], [ -79.3409035, 43.0452781 ], [ -79.342817, 43.0451958 ], [ -79.3447984, 43.0451104 ], [ -79.3467384, 43.0450269 ], [ -79.3486984, 43.0449425 ], [ -79.350763, 43.0448537 ], [ -79.3529436, 43.0447598 ], [ -79.3552192, 43.0446619 ], [ -79.3575745, 43.0445605 ], [ -79.3600186, 43.0444553 ], [ -79.3625924, 43.0443446 ], [ -79.3652839, 43.0442287 ], [ -79.3677087, 43.0441244 ], [ -79.3698877, 43.0440305 ], [ -79.3719197, 43.0439431 ], [ -79.3738925, 43.0438646 ], [ -79.3758547, 43.0439806 ], [ -79.377611, 43.0440871 ], [ -79.3790802, 43.0441761 ], [ -79.3803134, 43.0442509 ], [ -79.3813804, 43.0443156 ], [ -79.382308, 43.0443719 ], [ -79.3831629, 43.0444238 ], [ -79.3839426, 43.0444711 ], [ -79.3846017, 43.044511 ], [ -79.3851568, 43.0445447 ], [ -79.385612, 43.0445723 ], [ -79.3859869, 43.044595 ], [ -79.3863043, 43.0446142 ], [ -79.3865953, 43.0446319 ], [ -79.3868818, 43.0446493 ], [ -79.3871677, 43.0446666 ], [ -79.3874271, 43.0446824 ], [ -79.3876399, 43.0446953 ], [ -79.3878493, 43.0447079 ], [ -79.3881004, 43.0447231 ], [ -79.3884018, 43.0447415 ], [ -79.38877, 43.0447638 ], [ -79.3892195, 43.044791 ], [ -79.3897739, 43.0448247 ], [ -79.3904338, 43.0448647 ], [ -79.3912343, 43.0449132 ], [ -79.3922184, 43.0449729 ], [ -79.3934083, 43.0450451 ], [ -79.3948537, 43.0451327 ], [ -79.3966028, 43.0452388 ], [ -79.3987259, 43.0453675 ], [ -79.4012699, 43.0455218 ], [ -79.4036635, 43.0456669 ], [ -79.4057628, 43.0457942 ], [ -79.4076267, 43.0459073 ], [ -79.4092122, 43.0460034 ], [ -79.4105712, 43.0460858 ], [ -79.4117756, 43.0461589 ], [ -79.4128615, 43.0462247 ], [ -79.413901, 43.0462877 ], [ -79.4149226, 43.0463497 ], [ -79.4159986, 43.0464149 ], [ -79.4171592, 43.0464853 ], [ -79.4184766, 43.0465652 ], [ -79.419995, 43.0466573 ], [ -79.4217821, 43.0467656 ], [ -79.4239158, 43.046895 ], [ -79.4264823, 43.0470506 ], [ -79.4295786, 43.0472384 ], [ -79.4330119, 43.0474466 ], [ -79.4359959, 43.0476275 ], [ -79.4385693, 43.0477836 ], [ -79.4407979, 43.0479187 ], [ -79.4427423, 43.0480366 ], [ -79.4444826, 43.0481422 ], [ -79.4460147, 43.0482351 ], [ -79.4473454, 43.0483157 ], [ -79.4485425, 43.0483883 ], [ -79.4496438, 43.0484551 ], [ -79.4507219, 43.0485205 ], [ -79.4517767, 43.0485845 ], [ -79.4528456, 43.0486493 ], [ -79.4539305, 43.048715 ], [ -79.4550699, 43.0487842 ], [ -79.4562197, 43.0488539 ], [ -79.457414, 43.0489263 ], [ -79.4586921, 43.0490038 ], [ -79.4601244, 43.0490906 ], [ -79.4617681, 43.0491903 ], [ -79.4636888, 43.0493068 ], [ -79.4659717, 43.0494452 ], [ -79.4687067, 43.049611 ], [ -79.4720084, 43.0498113 ], [ -79.4760101, 43.0499992 ], [ -79.4808651, 43.0499949 ], [ -79.4863499, 43.04999 ], [ -79.4913536, 43.0513208 ], [ -79.4961129, 43.0526272 ], [ -79.5006065, 43.0537113 ], [ -79.5051339, 43.0540449 ], [ -79.509721, 43.0542767 ], [ -79.514386, 43.0536676 ], [ -79.519, 43.0529848 ], [ -79.5234872, 43.052517 ], [ -79.5279899, 43.05258 ], [ -79.5318961, 43.0529873 ], [ -79.5354151, 43.0540873 ], [ -79.5390962, 43.0547295 ], [ -79.5428924, 43.0549391 ], [ -79.5463484, 43.05513 ], [ -79.5492884, 43.055025 ], [ -79.5518009, 43.0548912 ], [ -79.5539895, 43.0547747 ], [ -79.5559471, 43.0546705 ], [ -79.5577544, 43.0545743 ], [ -79.5594907, 43.0545672 ], [ -79.5612427, 43.0549352 ], [ -79.5631784, 43.0553418 ], [ -79.5653794, 43.0558042 ], [ -79.5679372, 43.0563416 ], [ -79.5709764, 43.0564753 ], [ -79.5744783, 43.0560261 ], [ -79.5779568, 43.0555972 ], [ -79.580963, 43.0554346 ], [ -79.583599, 43.055292 ], [ -79.5859559, 43.0551645 ], [ -79.5880851, 43.0550493 ], [ -79.5899672, 43.0547686 ], [ -79.591612, 43.0543766 ], [ -79.5930493, 43.054034 ], [ -79.5943292, 43.0537289 ], [ -79.5955031, 43.0534491 ], [ -79.5965519, 43.0531991 ], [ -79.5974557, 43.0529837 ], [ -79.5982216, 43.0527594 ], [ -79.5988548, 43.0525021 ], [ -79.5994071, 43.0522776 ], [ -79.599897, 43.0520785 ], [ -79.6003105, 43.0519104 ], [ -79.6006497, 43.0517725 ], [ -79.6009294, 43.0516589 ], [ -79.6011594, 43.0515654 ], [ -79.6013586, 43.0514844 ], [ -79.6015264, 43.0514162 ], [ -79.601724, 43.0513359 ], [ -79.601953, 43.0512428 ], [ -79.6022281, 43.0511311 ], [ -79.6025503, 43.0510001 ], [ -79.6029055, 43.0508557 ], [ -79.6032948, 43.0506976 ], [ -79.6037201, 43.0505246 ], [ -79.6041904, 43.0503331 ], [ -79.6047175, 43.0501113 ], [ -79.6053281, 43.0498544 ], [ -79.6060536, 43.0495491 ], [ -79.6069218, 43.0491838 ], [ -79.6079628, 43.0487457 ], [ -79.609184, 43.0482319 ], [ -79.610477, 43.0476877 ], [ -79.6115479, 43.0472371 ], [ -79.6124305, 43.0468657 ], [ -79.6131585, 43.0465594 ], [ -79.6138114, 43.0467201 ], [ -79.6143731, 43.046888 ], [ -79.6148686, 43.047036 ], [ -79.615304, 43.0471661 ], [ -79.6157077, 43.0472867 ], [ -79.6160716, 43.0473954 ], [ -79.6163938, 43.0474917 ], [ -79.6167004, 43.0475832 ], [ -79.6170036, 43.0476738 ], [ -79.6173077, 43.0477646 ], [ -79.6175927, 43.0478497 ], [ -79.6178445, 43.047925 ], [ -79.6181121, 43.048005 ], [ -79.6183647, 43.0480804 ], [ -79.6185762, 43.0481436 ], [ -79.6187576, 43.0481977 ], [ -79.6189628, 43.0482591 ], [ -79.6191401, 43.048312 ], [ -79.6193331, 43.0483696 ], [ -79.6195185, 43.048425 ], [ -79.6197241, 43.0484864 ], [ -79.6199216, 43.0485455 ], [ -79.6201401, 43.0486107 ], [ -79.6203662, 43.0486783 ], [ -79.6206186, 43.0487537 ], [ -79.6209129, 43.0488415 ], [ -79.6212717, 43.0489487 ], [ -79.6217012, 43.0490771 ], [ -79.6222109, 43.0492293 ], [ -79.6228454, 43.0492487 ], [ -79.623625, 43.0490976 ], [ -79.6245701, 43.0489145 ], [ -79.6257206, 43.0486915 ], [ -79.6271159, 43.0484211 ], [ -79.6288193, 43.0480909 ], [ -79.6307039, 43.0473706 ], [ -79.6329323, 43.0464239 ], [ -79.6354502, 43.0453541 ], [ -79.6382886, 43.0456128 ], [ -79.6409377, 43.0458789 ], [ -79.6434077, 43.0461269 ], [ -79.6455867, 43.0464284 ], [ -79.6467967, 43.0477625 ], [ -79.6479703, 43.0490563 ], [ -79.6490054, 43.0501974 ], [ -79.6499083, 43.0511927 ], [ -79.6507113, 43.052078 ], [ -79.6514951, 43.0527876 ], [ -79.6525887, 43.0527037 ], [ -79.6534828, 43.052633 ], [ -79.6542175, 43.052575 ], [ -79.6548198, 43.0525274 ], [ -79.6553064, 43.052489 ], [ -79.6557126, 43.0524569 ], [ -79.6560464, 43.0524305 ], [ -79.6563186, 43.052409 ], [ -79.656537, 43.0523918 ], [ -79.6567196, 43.0523774 ], [ -79.6569038, 43.0523628 ], [ -79.6570961, 43.0523476 ], [ -79.6572969, 43.0523318 ], [ -79.6575063, 43.0523152 ], [ -79.6577138, 43.0522988 ], [ -79.657941, 43.0522809 ], [ -79.6581584, 43.0522637 ], [ -79.6583622, 43.0522476 ], [ -79.6585547, 43.0522324 ], [ -79.6587633, 43.052216 ], [ -79.6589854, 43.0521984 ], [ -79.6592489, 43.0521775 ], [ -79.659534, 43.052155 ], [ -79.6598198, 43.0521325 ], [ -79.6601116, 43.0521094 ], [ -79.6604398, 43.0520835 ], [ -79.6608293, 43.0520527 ], [ -79.6612561, 43.0519616 ], [ -79.6616163, 43.0516527 ], [ -79.6620471, 43.0512765 ], [ -79.6625705, 43.0508195 ], [ -79.663184, 43.0502838 ], [ -79.6638171, 43.049731 ], [ -79.6644734, 43.0491579 ], [ -79.6651799, 43.0485409 ], [ -79.6659727, 43.0478487 ], [ -79.667014, 43.0472888 ], [ -79.6685957, 43.0474989 ], [ -79.6701019, 43.0476991 ], [ -79.6715551, 43.0478921 ], [ -79.6728065, 43.0480583 ], [ -79.6738351, 43.048195 ], [ -79.6746775, 43.0483068 ], [ -79.6751883, 43.0486382 ], [ -79.6755735, 43.0490153 ], [ -79.6759194, 43.049354 ], [ -79.6762067, 43.0496352 ], [ -79.6764608, 43.049884 ], [ -79.6766764, 43.0500951 ], [ -79.6768723, 43.0502868 ], [ -79.6770474, 43.0504582 ], [ -79.6771961, 43.0506038 ], [ -79.6773279, 43.0507328 ], [ -79.67746, 43.0508621 ], [ -79.6776106, 43.0510096 ], [ -79.67776, 43.0511558 ], [ -79.6778866, 43.0512797 ], [ -79.6780053, 43.051396 ], [ -79.6781464, 43.051534 ], [ -79.6783018, 43.0516862 ], [ -79.6784289, 43.0518107 ], [ -79.6785473, 43.0519265 ], [ -79.6786867, 43.0520631 ], [ -79.6788492, 43.0522221 ], [ -79.6790143, 43.0523837 ], [ -79.6791641, 43.0525303 ], [ -79.6792852, 43.0526489 ], [ -79.6794163, 43.0527772 ], [ -79.6795466, 43.0529048 ], [ -79.6796841, 43.0530394 ], [ -79.6798085, 43.0531612 ], [ -79.6799506, 43.0533002 ], [ -79.6801252, 43.0534711 ], [ -79.6803199, 43.0536619 ], [ -79.6805287, 43.0538662 ], [ -79.6807632, 43.0540958 ], [ -79.6810249, 43.0543519 ], [ -79.68134, 43.0546604 ], [ -79.6816926, 43.0549848 ], [ -79.6822261, 43.0550528 ], [ -79.6827417, 43.0551034 ], [ -79.6832041, 43.0551486 ], [ -79.6836297, 43.0551903 ], [ -79.6840591, 43.0552324 ], [ -79.6844665, 43.0552723 ], [ -79.6848207, 43.055307 ], [ -79.6851305, 43.0553374 ], [ -79.6854005, 43.0553638 ], [ -79.6856248, 43.0553858 ], [ -79.685817, 43.0554046 ], [ -79.6860414, 43.0554266 ], [ -79.6863217, 43.0554541 ], [ -79.6866764, 43.0554888 ], [ -79.6870976, 43.0555301 ], [ -79.6876053, 43.0555798 ], [ -79.6882321, 43.0556412 ], [ -79.6889827, 43.0557148 ], [ -79.6896975, 43.0557848 ], [ -79.6902795, 43.0558179 ], [ -79.6907518, 43.0557337 ], [ -79.6911389, 43.0556646 ], [ -79.6914603, 43.0556072 ], [ -79.6917293, 43.0555592 ], [ -79.6919364, 43.0555223 ], [ -79.6921291, 43.0554879 ], [ -79.6923456, 43.0554493 ], [ -79.6925639, 43.0554103 ], [ -79.692818, 43.055365 ], [ -79.693103, 43.0553142 ], [ -79.6934113, 43.0552592 ], [ -79.6937821, 43.055193 ], [ -79.6942017, 43.0551181 ], [ -79.6946998, 43.0550293 ], [ -79.6952986, 43.0549225 ], [ -79.6960028, 43.0547968 ], [ -79.6968314, 43.054649 ], [ -79.6978213, 43.0544723 ], [ -79.6989133, 43.0547888 ], [ -79.7001652, 43.0553266 ], [ -79.7014478, 43.0558776 ], [ -79.7026341, 43.0563872 ], [ -79.7037266, 43.0568566 ], [ -79.7047501, 43.0572962 ], [ -79.7056503, 43.0576829 ], [ -79.7064547, 43.0580285 ], [ -79.7071991, 43.0583483 ], [ -79.7079126, 43.0586548 ], [ -79.7085856, 43.0589462 ], [ -79.7091547, 43.0592341 ], [ -79.709667, 43.0594939 ], [ -79.71014, 43.0597339 ], [ -79.7105788, 43.0599564 ], [ -79.7110113, 43.0601757 ], [ -79.7114535, 43.0603999 ], [ -79.7118859, 43.0606193 ], [ -79.7123202, 43.0608395 ], [ -79.712779, 43.0610722 ], [ -79.7132934, 43.0613331 ], [ -79.7138654, 43.0616231 ], [ -79.7145292, 43.0619599 ], [ -79.7152614, 43.0623312 ], [ -79.7159933, 43.0626996 ], [ -79.7167686, 43.0625091 ], [ -79.7173993, 43.0622926 ], [ -79.7179162, 43.0621151 ], [ -79.7183395, 43.0619697 ], [ -79.718693, 43.0618483 ], [ -79.7189783, 43.0617503 ], [ -79.719213, 43.0616697 ], [ -79.71941, 43.061602 ], [ -79.7195838, 43.0615424 ], [ -79.7197832, 43.0614739 ], [ -79.7199825, 43.0614054 ], [ -79.7202014, 43.0613302 ], [ -79.7204712, 43.0612376 ], [ -79.7207767, 43.0611327 ], [ -79.7210899, 43.0610251 ], [ -79.72139, 43.060922 ], [ -79.7216584, 43.0608299 ], [ -79.7219059, 43.0607448 ], [ -79.7221377, 43.0606653 ], [ -79.7223701, 43.0605854 ], [ -79.722606, 43.0605044 ], [ -79.7228754, 43.0604059 ], [ -79.7230874, 43.0602029 ], [ -79.7232962, 43.0599306 ], [ -79.7235557, 43.0595922 ], [ -79.7238681, 43.059185 ], [ -79.7242501, 43.0586871 ], [ -79.7247156, 43.0580802 ], [ -79.7252749, 43.0573509 ], [ -79.7259396, 43.0564844 ], [ -79.7265921, 43.0556337 ], [ -79.7271392, 43.0549203 ], [ -79.7276024, 43.0543164 ], [ -79.7280153, 43.0538215 ], [ -79.7287929, 43.0537832 ], [ -79.7296336, 43.053747 ], [ -79.7305569, 43.0537072 ], [ -79.7313915, 43.0536712 ], [ -79.7320835, 43.0536414 ], [ -79.732653, 43.0536168 ], [ -79.7331191, 43.0535968 ], [ -79.7334996, 43.0535804 ], [ -79.7338138, 43.0535668 ], [ -79.7340834, 43.053556 ], [ -79.7343318, 43.0535727 ], [ -79.7345648, 43.0536025 ], [ -79.7347797, 43.05363 ], [ -79.7349697, 43.0536542 ], [ -79.7351621, 43.0536788 ], [ -79.7353428, 43.0537019 ], [ -79.7355441, 43.0537277 ], [ -79.7357621, 43.0537555 ], [ -79.7359725, 43.0537824 ], [ -79.7361538, 43.0538056 ], [ -79.7363413, 43.0538296 ], [ -79.7365675, 43.0538585 ], [ -79.7368438, 43.0538938 ], [ -79.7371719, 43.0539358 ], [ -79.7375403, 43.0539828 ], [ -79.7379894, 43.0540402 ], [ -79.7385185, 43.0541079 ], [ -79.7391622, 43.0541901 ], [ -79.7399354, 43.054289 ], [ -79.7407632, 43.0543948 ], [ -79.7415344, 43.0544934 ], [ -79.7422509, 43.054585 ], [ -79.7428626, 43.0546632 ], [ -79.7434023, 43.0547322 ], [ -79.743857, 43.0547908 ], [ -79.7442498, 43.0548793 ], [ -79.744612, 43.054976 ], [ -79.7449392, 43.0550634 ], [ -79.7452461, 43.0551454 ], [ -79.7455283, 43.0552208 ], [ -79.7457808, 43.0552883 ], [ -79.746047, 43.0553594 ], [ -79.7463359, 43.0554366 ], [ -79.7466868, 43.0555303 ], [ -79.7470821, 43.0556359 ], [ -79.7475367, 43.0557574 ], [ -79.7480631, 43.055898 ], [ -79.7486785, 43.0560624 ], [ -79.7494129, 43.0562586 ], [ -79.7502951, 43.0564943 ], [ -79.7512327, 43.0567447 ], [ -79.752053, 43.0569639 ], [ -79.7527588, 43.0571524 ], [ -79.7533718, 43.0573162 ], [ -79.7539128, 43.0574607 ], [ -79.7544019, 43.0575914 ], [ -79.7548535, 43.057712 ], [ -79.7552333, 43.0578832 ], [ -79.7555621, 43.0580693 ], [ -79.7558875, 43.0582534 ], [ -79.7562264, 43.0584452 ], [ -79.7566012, 43.0586573 ], [ -79.7570254, 43.0588974 ], [ -79.7575103, 43.0591719 ], [ -79.7580548, 43.0594801 ], [ -79.7586667, 43.0598263 ], [ -79.7593712, 43.0602251 ], [ -79.7601905, 43.0606888 ], [ -79.7611643, 43.0612399 ], [ -79.7623153, 43.0618597 ], [ -79.7633756, 43.0624255 ], [ -79.7643155, 43.062927 ], [ -79.765179, 43.0633877 ], [ -79.7660079, 43.06383 ], [ -79.7668402, 43.0642741 ], [ -79.7677022, 43.064734 ], [ -79.7684576, 43.0651371 ], [ -79.7690761, 43.0654672 ], [ -79.7695952, 43.0657441 ], [ -79.7700337, 43.0659781 ], [ -79.7704112, 43.0661794 ], [ -79.770724, 43.0663464 ], [ -79.7709965, 43.0664918 ], [ -79.7712302, 43.0666165 ], [ -79.7714348, 43.0667257 ], [ -79.7716296, 43.0668297 ], [ -79.7718445, 43.0669443 ], [ -79.7720516, 43.0670598 ], [ -79.7722248, 43.0672142 ], [ -79.7723873, 43.0673824 ], [ -79.7725228, 43.0675227 ], [ -79.772647, 43.0676512 ], [ -79.7727674, 43.0677758 ], [ -79.7728875, 43.0679001 ], [ -79.7730112, 43.0680282 ], [ -79.7731463, 43.0681679 ], [ -79.7733035, 43.0683307 ], [ -79.7734748, 43.0685079 ], [ -79.7736658, 43.0687055 ], [ -79.7738823, 43.0689297 ], [ -79.774124, 43.0691797 ], [ -79.774399, 43.0694643 ], [ -79.774677, 43.069752 ], [ -79.7749088, 43.069992 ], [ -79.775101, 43.0701908 ], [ -79.7752589, 43.0703542 ], [ -79.7753891, 43.070489 ], [ -79.7755089, 43.070613 ], [ -79.775633, 43.0707413 ], [ -79.7757582, 43.0708709 ], [ -79.7758747, 43.0709914 ], [ -79.7759877, 43.0711084 ], [ -79.7761146, 43.0712396 ], [ -79.776241, 43.0713704 ], [ -79.7763648, 43.0714986 ], [ -79.7764829, 43.0716207 ], [ -79.776597, 43.0717389 ], [ -79.7767205, 43.0718667 ], [ -79.7768472, 43.0719979 ], [ -79.7769639, 43.0721186 ], [ -79.7770846, 43.0722434 ], [ -79.7772225, 43.0723862 ], [ -79.7773812, 43.0725504 ], [ -79.7775701, 43.0727459 ], [ -79.7778035, 43.0729874 ], [ -79.7780853, 43.073279 ], [ -79.7784318, 43.0736375 ], [ -79.7788296, 43.0740492 ], [ -79.7791823, 43.0743839 ], [ -79.7795275, 43.0740732 ], [ -79.7798864, 43.0737502 ], [ -79.7802741, 43.0734012 ], [ -79.7806428, 43.0730693 ], [ -79.7809916, 43.0727553 ], [ -79.7813289, 43.0724517 ], [ -79.7816524, 43.0721605 ], [ -79.7819613, 43.0718824 ], [ -79.7822519, 43.0716207 ], [ -79.7825498, 43.0713526 ], [ -79.7828595, 43.0710739 ], [ -79.7831666, 43.0707975 ], [ -79.7834827, 43.0705129 ], [ -79.7837901, 43.0702362 ], [ -79.7840647, 43.069989 ], [ -79.7842923, 43.0697841 ], [ -79.7844795, 43.0696155 ], [ -79.7846335, 43.069477 ], [ -79.7847654, 43.0693582 ], [ -79.7848997, 43.0692373 ], [ -79.7850252, 43.0691243 ], [ -79.7851618, 43.0690014 ], [ -79.7851823, 43.068822 ], [ -79.7851604, 43.0685991 ], [ -79.7851333, 43.0683226 ], [ -79.7851008, 43.0679919 ], [ -79.7850618, 43.0675945 ], [ -79.7850143, 43.0671115 ], [ -79.7849557, 43.0665136 ], [ -79.7848948, 43.065893 ], [ -79.7848401, 43.0653361 ], [ -79.7847892, 43.0648183 ], [ -79.7847422, 43.0643398 ], [ -79.7847013, 43.0639223 ], [ -79.7846668, 43.0635707 ], [ -79.784638, 43.0632768 ], [ -79.7846136, 43.0630296 ], [ -79.7845931, 43.0628207 ], [ -79.7845746, 43.0626318 ], [ -79.784558, 43.0624629 ], [ -79.7845439, 43.0623192 ], [ -79.7845276, 43.0621539 ], [ -79.7845081, 43.0619547 ], [ -79.7844841, 43.0617094 ], [ -79.7844542, 43.0614055 ], [ -79.7844198, 43.0610552 ], [ -79.7843835, 43.0606854 ], [ -79.7843434, 43.060277 ], [ -79.7842971, 43.0598056 ], [ -79.7842417, 43.0592412 ], [ -79.7841744, 43.0585652 ], [ -79.7834445, 43.0580193 ], [ -79.7825296, 43.0574404 ], [ -79.7815066, 43.0567931 ], [ -79.7804563, 43.0561284 ], [ -79.7793593, 43.0554341 ], [ -79.7783113, 43.0547709 ], [ -79.7774459, 43.0542232 ], [ -79.7767254, 43.0537673 ], [ -79.7761221, 43.0533854 ], [ -79.775602, 43.0530634 ], [ -79.7751487, 43.0527869 ], [ -79.7747423, 43.052539 ], [ -79.7743725, 43.0523134 ], [ -79.7740074, 43.0520907 ], [ -79.7736634, 43.051881 ], [ -79.7733605, 43.0516962 ], [ -79.7730968, 43.0515353 ], [ -79.7728675, 43.0513955 ], [ -79.7726667, 43.051273 ], [ -79.7724759, 43.0511565 ], [ -79.7723015, 43.0510502 ], [ -79.7721336, 43.0509478 ], [ -79.7719743, 43.0508506 ], [ -79.7717997, 43.0507441 ], [ -79.771604, 43.0506247 ], [ -79.7714004, 43.0505005 ], [ -79.7712053, 43.0503815 ], [ -79.7709793, 43.0502437 ], [ -79.7707223, 43.0500869 ], [ -79.7704269, 43.0499067 ], [ -79.7700771, 43.0496933 ], [ -79.7696909, 43.0494587 ], [ -79.769279, 43.0492177 ], [ -79.7688718, 43.0489802 ], [ -79.7684925, 43.0487589 ], [ -79.7681227, 43.0485432 ], [ -79.7677436, 43.0483221 ], [ -79.7673501, 43.0480925 ], [ -79.7669052, 43.0478329 ], [ -79.7663958, 43.0475357 ], [ -79.765822, 43.047201 ], [ -79.7651747, 43.0468234 ], [ -79.7645715, 43.0464715 ], [ -79.7640527, 43.0461688 ], [ -79.7635946, 43.0459015 ], [ -79.763192, 43.0456667 ], [ -79.7628436, 43.0454634 ], [ -79.7625285, 43.0452796 ], [ -79.7622494, 43.0451168 ], [ -79.7619913, 43.0449662 ], [ -79.7617542, 43.0448278 ], [ -79.761545, 43.0447057 ], [ -79.7613591, 43.0445973 ], [ -79.7611874, 43.0444972 ], [ -79.7610349, 43.0444081 ], [ -79.7608657, 43.0443094 ], [ -79.7607097, 43.0442184 ], [ -79.76053, 43.0441136 ], [ -79.7603334, 43.0439989 ], [ -79.7601539, 43.0438942 ], [ -79.7600005, 43.0438047 ], [ -79.7598482, 43.0437159 ], [ -79.7596553, 43.043635 ], [ -79.7594047, 43.0436571 ], [ -79.7591236, 43.0436819 ], [ -79.7588231, 43.0437084 ], [ -79.7585593, 43.0437317 ], [ -79.7583408, 43.043751 ], [ -79.7581465, 43.0437681 ], [ -79.7579575, 43.0437848 ], [ -79.757773, 43.043801 ], [ -79.7575939, 43.0438169 ], [ -79.7573981, 43.0438342 ], [ -79.7571718, 43.0438542 ], [ -79.7569274, 43.0438757 ], [ -79.7566852, 43.043897 ], [ -79.7564777, 43.0439154 ], [ -79.756271, 43.0439336 ], [ -79.7560239, 43.0439554 ], [ -79.7557184, 43.0439824 ], [ -79.7553534, 43.0440146 ], [ -79.7550294, 43.0440432 ], [ -79.7547667, 43.0440663 ], [ -79.7545573, 43.0440848 ], [ -79.7543709, 43.0441012 ], [ -79.754176, 43.0441185 ], [ -79.7539715, 43.0441365 ], [ -79.7537514, 43.0441559 ], [ -79.7535373, 43.0441748 ], [ -79.7533232, 43.0441937 ], [ -79.7531176, 43.0442119 ], [ -79.752927, 43.0442287 ], [ -79.7527134, 43.0442475 ], [ -79.7524858, 43.0442676 ], [ -79.7522124, 43.0442917 ], [ -79.7519413, 43.0443156 ], [ -79.7516722, 43.0443394 ], [ -79.7513897, 43.0443643 ], [ -79.7511021, 43.0443897 ], [ -79.7507975, 43.0444166 ], [ -79.7504536, 43.0444469 ], [ -79.7500564, 43.044482 ], [ -79.7495951, 43.0445226 ], [ -79.7490578, 43.0445701 ], [ -79.7484416, 43.0446244 ], [ -79.7477003, 43.0446899 ], [ -79.7468951, 43.0448093 ], [ -79.746203, 43.04497 ], [ -79.7455956, 43.045111 ], [ -79.7450496, 43.0452377 ], [ -79.7445323, 43.0453578 ], [ -79.7440466, 43.0454706 ], [ -79.7435674, 43.0455818 ], [ -79.7430624, 43.0456991 ], [ -79.7425125, 43.0458267 ], [ -79.7419232, 43.0459635 ], [ -79.7412793, 43.046113 ], [ -79.740575, 43.0462765 ], [ -79.7398071, 43.0464548 ], [ -79.7389143, 43.046561 ], [ -79.7379786, 43.0466705 ], [ -79.7370213, 43.0467826 ], [ -79.7360045, 43.0469015 ], [ -79.73507, 43.0470109 ], [ -79.7342407, 43.0471079 ], [ -79.7334823, 43.0471967 ], [ -79.7327855, 43.047326 ], [ -79.7321479, 43.0475049 ], [ -79.7315448, 43.0476742 ], [ -79.7309371, 43.0478447 ], [ -79.7303282, 43.0480156 ], [ -79.7297677, 43.0481728 ], [ -79.7292282, 43.0483242 ], [ -79.7286762, 43.0484791 ], [ -79.7281039, 43.0486397 ], [ -79.7275127, 43.0488056 ], [ -79.7268765, 43.0489841 ], [ -79.7262022, 43.0491733 ], [ -79.7256226, 43.0493278 ], [ -79.7251233, 43.0493986 ], [ -79.7246956, 43.0494591 ], [ -79.7243384, 43.0495097 ], [ -79.7240225, 43.0495543 ], [ -79.7237492, 43.049593 ], [ -79.7234991, 43.0496284 ], [ -79.7232596, 43.0496623 ], [ -79.7230243, 43.0496956 ], [ -79.7228006, 43.0497272 ], [ -79.7226127, 43.0497538 ], [ -79.7223963, 43.0497844 ], [ -79.7221506, 43.0498192 ], [ -79.7218807, 43.0498574 ], [ -79.7215842, 43.0498993 ], [ -79.7212511, 43.0499464 ], [ -79.7208647, 43.0500011 ], [ -79.7204459, 43.0500604 ], [ -79.7200549, 43.0501156 ], [ -79.7197015, 43.0501656 ], [ -79.7193771, 43.0502116 ], [ -79.7190756, 43.0502542 ], [ -79.7187861, 43.0502602 ], [ -79.7184898, 43.0501978 ], [ -79.7181811, 43.0501328 ], [ -79.717837, 43.0500604 ], [ -79.7174559, 43.0499802 ], [ -79.7170051, 43.0498854 ], [ -79.7164683, 43.0497724 ], [ -79.7158259, 43.0496372 ], [ -79.7150572, 43.0494755 ], [ -79.7141329, 43.0492809 ], [ -79.7131445, 43.0490729 ], [ -79.7120978, 43.0488527 ], [ -79.7110957, 43.0485173 ], [ -79.7106899, 43.0475674 ], [ -79.7102035, 43.0464286 ], [ -79.7096759, 43.0451931 ], [ -79.7091244, 43.0439019 ], [ -79.7085533, 43.0425648 ], [ -79.7079385, 43.0411251 ], [ -79.7072527, 43.0395192 ], [ -79.7065217, 43.0378075 ], [ -79.7070471, 43.0363289 ], [ -79.7088981, 43.0348509 ], [ -79.7106048, 43.033488 ], [ -79.7120037, 43.032371 ], [ -79.7131476, 43.0314576 ], [ -79.714085, 43.030709 ], [ -79.714854, 43.0300949 ], [ -79.7154724, 43.0295859 ], [ -79.7159722, 43.029166 ], [ -79.7163862, 43.0288182 ], [ -79.7167215, 43.0285364 ], [ -79.7169998, 43.0283026 ], [ -79.7172317, 43.0281077 ], [ -79.7174257, 43.0279447 ], [ -79.717586, 43.0278101 ], [ -79.717722, 43.0276958 ], [ -79.717861, 43.0275791 ], [ -79.7180352, 43.0274326 ], [ -79.7182251, 43.0272731 ], [ -79.7184137, 43.0271146 ], [ -79.7186194, 43.0269418 ], [ -79.718847, 43.0267506 ], [ -79.7190916, 43.0265451 ], [ -79.7193755, 43.0263066 ], [ -79.7197114, 43.0260243 ], [ -79.7201104, 43.0256891 ], [ -79.7204587, 43.025228 ], [ -79.7207472, 43.0246293 ], [ -79.7210898, 43.023918 ], [ -79.721483, 43.0231019 ], [ -79.7219345, 43.0221648 ], [ -79.7224642, 43.0210652 ], [ -79.7230694, 43.0198088 ], [ -79.7236764, 43.0185488 ], [ -79.7242847, 43.0172859 ], [ -79.724831, 43.016152 ], [ -79.7253007, 43.0151768 ], [ -79.7256992, 43.0143495 ], [ -79.7263017, 43.0144849 ], [ -79.726964, 43.0150702 ], [ -79.7275982, 43.0156303 ], [ -79.7282287, 43.0161874 ], [ -79.7288828, 43.0167653 ], [ -79.7295804, 43.0173816 ], [ -79.7303607, 43.0180709 ], [ -79.7311953, 43.0188082 ], [ -79.7320771, 43.0195872 ], [ -79.7334568, 43.0196377 ], [ -79.734819, 43.0196097 ], [ -79.7360831, 43.0195837 ], [ -79.7371942, 43.0195608 ], [ -79.7382111, 43.0195399 ], [ -79.7391863, 43.0195198 ], [ -79.7401562, 43.0194999 ], [ -79.7411279, 43.0194799 ], [ -79.7421269, 43.0194573 ], [ -79.7428606, 43.0190015 ], [ -79.743448, 43.0185905 ], [ -79.7439434, 43.0182438 ], [ -79.7443653, 43.0179484 ], [ -79.7447384, 43.0176873 ], [ -79.7450824, 43.0174465 ], [ -79.7454034, 43.0172219 ], [ -79.7456889, 43.017022 ], [ -79.7459348, 43.0168499 ], [ -79.7461537, 43.0166967 ], [ -79.746337, 43.0165683 ], [ -79.7464942, 43.0164583 ], [ -79.7466334, 43.0163609 ], [ -79.7467847, 43.016255 ], [ -79.7469604, 43.016132 ], [ -79.7471813, 43.0159773 ], [ -79.7474376, 43.015798 ], [ -79.7477503, 43.0155756 ], [ -79.7480745, 43.0152589 ], [ -79.7484638, 43.0148696 ], [ -79.7489365, 43.0143969 ], [ -79.7495138, 43.0138196 ], [ -79.7502241, 43.0131093 ], [ -79.7510782, 43.0122552 ], [ -79.7520391, 43.0112943 ], [ -79.7529643, 43.0103691 ], [ -79.7537636, 43.0095698 ], [ -79.7539547, 43.0087497 ], [ -79.7540313, 43.0080508 ], [ -79.7540952, 43.0074663 ], [ -79.7541476, 43.0069875 ], [ -79.7541907, 43.0065936 ], [ -79.7542272, 43.0062607 ], [ -79.754258, 43.0059794 ], [ -79.7542847, 43.0057357 ], [ -79.7543087, 43.0055162 ], [ -79.7543292, 43.0053289 ], [ -79.7543469, 43.0051665 ], [ -79.7543642, 43.0050093 ], [ -79.75438, 43.0048648 ], [ -79.7543985, 43.0046959 ], [ -79.7544213, 43.0044874 ], [ -79.7544489, 43.0042352 ], [ -79.7544824, 43.0039289 ], [ -79.7545227, 43.0035606 ], [ -79.7545723, 43.0031074 ], [ -79.7546334, 43.0025492 ], [ -79.7547073, 43.0018737 ], [ -79.7547975, 43.0010496 ], [ -79.754883, 43.0002691 ], [ -79.7545331, 42.9997254 ], [ -79.7539831, 42.9993273 ], [ -79.7535158, 42.998989 ], [ -79.7531207, 42.9987029 ], [ -79.7527808, 42.998457 ], [ -79.7524989, 42.9982529 ], [ -79.7522659, 42.9980843 ], [ -79.752075, 42.997946 ], [ -79.7519159, 42.9978309 ], [ -79.7517727, 42.9977273 ], [ -79.7516076, 42.9976077 ], [ -79.7514085, 42.9974636 ], [ -79.7511682, 42.9972896 ], [ -79.7508798, 42.9970808 ], [ -79.7505318, 42.9968289 ], [ -79.7501196, 42.9965305 ], [ -79.7496481, 42.9961892 ], [ -79.7491387, 42.9958204 ], [ -79.7486832, 42.9954907 ], [ -79.7483126, 42.9952224 ], [ -79.7480044, 42.9949993 ], [ -79.7477517, 42.9948164 ], [ -79.7475367, 42.9946607 ], [ -79.7473535, 42.9945281 ], [ -79.7472054, 42.9944209 ], [ -79.7470659, 42.99432 ], [ -79.7469033, 42.9942023 ], [ -79.7467182, 42.9940682 ], [ -79.7465196, 42.9939244 ], [ -79.7463261, 42.9937843 ], [ -79.7461388, 42.9936412 ], [ -79.7459466, 42.9934619 ], [ -79.745722, 42.9932524 ], [ -79.745462, 42.9930097 ], [ -79.7451522, 42.9927207 ], [ -79.7448137, 42.9924047 ], [ -79.7444468, 42.9920625 ], [ -79.744033, 42.9916764 ], [ -79.7435521, 42.9912276 ], [ -79.7429916, 42.9907047 ], [ -79.7423239, 42.9900816 ], [ -79.7415336, 42.9893441 ], [ -79.7406183, 42.9884901 ], [ -79.7396031, 42.987519 ], [ -79.7398913, 42.9861026 ], [ -79.7402208, 42.9847238 ], [ -79.7405, 42.9835548 ], [ -79.7407339, 42.9825762 ], [ -79.7409258, 42.9817732 ], [ -79.7410837, 42.9811124 ], [ -79.741214, 42.980567 ], [ -79.7413207, 42.9801202 ], [ -79.7412771, 42.9797428 ], [ -79.7411883, 42.9794278 ], [ -79.7411132, 42.979161 ], [ -79.7410521, 42.9789436 ], [ -79.741003, 42.9787693 ], [ -79.7409574, 42.9786076 ], [ -79.7409142, 42.978454 ], [ -79.7408761, 42.9783186 ], [ -79.7408368, 42.9781792 ], [ -79.7407874, 42.9780036 ], [ -79.7407271, 42.9777895 ], [ -79.7406548, 42.9775327 ], [ -79.7405655, 42.9772156 ], [ -79.7404571, 42.9768305 ], [ -79.7403229, 42.976354 ], [ -79.7401616, 42.9757808 ], [ -79.7399665, 42.975088 ], [ -79.7397292, 42.9742452 ], [ -79.7394517, 42.9732597 ], [ -79.7392041, 42.9723802 ], [ -79.7389892, 42.9716165 ], [ -79.7388021, 42.9709521 ], [ -79.7386481, 42.9704049 ], [ -79.7385203, 42.9699511 ], [ -79.7384142, 42.9695742 ], [ -79.7383287, 42.969267 ], [ -79.7383143, 42.9690106 ], [ -79.7383231, 42.9687998 ], [ -79.7383301, 42.9686283 ], [ -79.7383359, 42.9684867 ], [ -79.7383422, 42.9683315 ], [ -79.73835, 42.9681419 ], [ -79.7383595, 42.9679089 ], [ -79.7383713, 42.9676227 ], [ -79.7383857, 42.9672711 ], [ -79.7384035, 42.9668391 ], [ -79.7384248, 42.96632 ], [ -79.7384442, 42.9658468 ], [ -79.7384601, 42.9654585 ], [ -79.7384731, 42.9651405 ], [ -79.7384839, 42.9648784 ], [ -79.7384928, 42.9646586 ], [ -79.7385007, 42.9644658 ], [ -79.7385079, 42.9642912 ], [ -79.7385138, 42.9641474 ], [ -79.7385201, 42.9639953 ], [ -79.7385276, 42.9638111 ], [ -79.7385361, 42.9636024 ], [ -79.7385451, 42.9633841 ], [ -79.7385551, 42.9631406 ], [ -79.7385667, 42.9628582 ], [ -79.73858, 42.9625336 ], [ -79.7385956, 42.9621516 ], [ -79.7386144, 42.9616951 ], [ -79.7386369, 42.9611448 ], [ -79.7386641, 42.960482 ], [ -79.7386969, 42.9596812 ], [ -79.7387322, 42.9587072 ], [ -79.7386862, 42.9575191 ], [ -79.738635, 42.9561974 ], [ -79.7385895, 42.9550236 ], [ -79.7385488, 42.9539723 ], [ -79.7385111, 42.9529973 ], [ -79.7384742, 42.9520455 ], [ -79.7384364, 42.9510696 ], [ -79.7383961, 42.9500291 ], [ -79.7383517, 42.9488829 ], [ -79.7383012, 42.9475784 ], [ -79.7384596, 42.9460861 ], [ -79.7390523, 42.9445458 ], [ -79.7396869, 42.9428966 ], [ -79.7403883, 42.9410736 ], [ -79.7411881, 42.9389948 ], [ -79.7421184, 42.9365769 ], [ -79.7433752, 42.9338697 ], [ -79.7447064, 42.9315554 ], [ -79.7458077, 42.9296407 ], [ -79.7467226, 42.9280502 ], [ -79.7474835, 42.9267273 ], [ -79.7489913, 42.9261656 ], [ -79.7504628, 42.9257002 ], [ -79.7518514, 42.9252611 ], [ -79.7531641, 42.9248459 ], [ -79.7544193, 42.924449 ], [ -79.7556311, 42.924231 ], [ -79.7569216, 42.924491 ], [ -79.7583135, 42.9247715 ], [ -79.7598194, 42.9250751 ], [ -79.7613013, 42.9253737 ], [ -79.7628072, 42.9255874 ], [ -79.7643088, 42.9256575 ], [ -79.7656463, 42.9257201 ], [ -79.7667876, 42.9257734 ], [ -79.7677995, 42.9258207 ], [ -79.7687283, 42.9258641 ], [ -79.7696028, 42.925905 ], [ -79.7704808, 42.925946 ], [ -79.7713902, 42.9259885 ], [ -79.772323, 42.9260321 ], [ -79.7732922, 42.9260775 ], [ -79.7743038, 42.9259543 ], [ -79.7753694, 42.9257494 ], [ -79.7765429, 42.9255236 ], [ -79.7778488, 42.9252723 ], [ -79.7793396, 42.9249856 ], [ -79.7810762, 42.9246515 ], [ -79.7829387, 42.9243696 ], [ -79.7847676, 42.9240986 ], [ -79.7865691, 42.9238315 ], [ -79.7884207, 42.9238291 ], [ -79.7903864, 42.9239389 ], [ -79.792517, 42.9240579 ], [ -79.7945534, 42.9243259 ], [ -79.7961822, 42.9250941 ], [ -79.797726, 42.9258223 ], [ -79.7991482, 42.926493 ], [ -79.8004506, 42.9271073 ], [ -79.8015265, 42.9278226 ], [ -79.8022131, 42.9287333 ], [ -79.8028002, 42.9295118 ], [ -79.8033048, 42.930181 ], [ -79.8037512, 42.9307731 ], [ -79.8041525, 42.9313053 ], [ -79.8045245, 42.9317987 ], [ -79.804879, 42.9322687 ], [ -79.805287, 42.9326724 ], [ -79.8057941, 42.9323511 ], [ -79.8062162, 42.9320836 ], [ -79.8065663, 42.9318619 ], [ -79.8068443, 42.9316856 ], [ -79.8070778, 42.9315377 ], [ -79.8072724, 42.9314144 ], [ -79.8074469, 42.9313038 ], [ -79.8076022, 42.9312054 ], [ -79.8077739, 42.9310966 ], [ -79.8079714, 42.9309715 ], [ -79.8081489, 42.930859 ], [ -79.8083034, 42.9307611 ], [ -79.808461, 42.9306613 ], [ -79.8086167, 42.9305626 ], [ -79.8087594, 42.9304721 ], [ -79.8089235, 42.9303682 ], [ -79.8091066, 42.9302521 ], [ -79.8093113, 42.9301225 ], [ -79.8095469, 42.9299732 ], [ -79.8098209, 42.9297996 ], [ -79.8101321, 42.9296025 ], [ -79.8104828, 42.9293801 ], [ -79.8108311, 42.9291594 ], [ -79.8111244, 42.9289736 ], [ -79.8113643, 42.9288217 ], [ -79.8115629, 42.9286958 ], [ -79.8117268, 42.9285919 ], [ -79.8118716, 42.9285001 ], [ -79.8120398, 42.9283936 ], [ -79.8122223, 42.928278 ], [ -79.8124373, 42.9281417 ], [ -79.812696, 42.9279778 ], [ -79.813007, 42.9277806 ], [ -79.8133857, 42.9275407 ], [ -79.8138407, 42.9272523 ], [ -79.8143822, 42.9269093 ], [ -79.8150325, 42.9264973 ], [ -79.8158697, 42.9260375 ], [ -79.8169241, 42.9255305 ], [ -79.8182038, 42.9249151 ], [ -79.8197626, 42.9241656 ], [ -79.8215596, 42.9233015 ], [ -79.8231388, 42.922542 ], [ -79.8243233, 42.9230606 ], [ -79.8253101, 42.9237913 ], [ -79.8261663, 42.9244253 ], [ -79.8269137, 42.9249788 ], [ -79.8275651, 42.9254612 ], [ -79.8281406, 42.9258873 ], [ -79.8286756, 42.9262835 ], [ -79.8291488, 42.9266693 ], [ -79.8294615, 42.9270928 ], [ -79.8297547, 42.9274902 ], [ -79.8300532, 42.9278948 ], [ -79.8303633, 42.9283149 ], [ -79.8306828, 42.928748 ], [ -79.8310084, 42.9291892 ], [ -79.8313424, 42.9296419 ], [ -79.8317004, 42.9301268 ], [ -79.8320871, 42.9306509 ], [ -79.8324964, 42.9312055 ], [ -79.8329366, 42.931802 ], [ -79.8334087, 42.9324416 ], [ -79.833875, 42.9331538 ], [ -79.8342557, 42.9340105 ], [ -79.834695, 42.934999 ], [ -79.8352009, 42.9361374 ], [ -79.8357313, 42.937331 ], [ -79.8361829, 42.9383472 ], [ -79.8365712, 42.9392208 ], [ -79.8369133, 42.9399908 ], [ -79.8372241, 42.9406898 ], [ -79.8375172, 42.9413492 ], [ -79.8378029, 42.9419894 ], [ -79.8380626, 42.9425714 ], [ -79.8382893, 42.9430795 ], [ -79.8384867, 42.9435221 ], [ -79.838662, 42.9439148 ], [ -79.838824, 42.9442778 ], [ -79.8389767, 42.94462 ], [ -79.839121, 42.9449434 ], [ -79.8392565, 42.9452472 ], [ -79.8393887, 42.9455433 ], [ -79.83953, 42.9458599 ], [ -79.8396861, 42.9462098 ], [ -79.8398683, 42.946618 ], [ -79.8400645, 42.9470579 ], [ -79.8402775, 42.9475351 ], [ -79.8405096, 42.9480552 ], [ -79.8407717, 42.9486424 ], [ -79.8410776, 42.9493279 ], [ -79.8414365, 42.9501322 ], [ -79.842569, 42.950315 ], [ -79.8437227, 42.9504354 ], [ -79.8448473, 42.9505528 ], [ -79.8459213, 42.950665 ], [ -79.8468889, 42.950766 ], [ -79.8477066, 42.9508514 ], [ -79.8483878, 42.9509225 ], [ -79.8489492, 42.9509811 ], [ -79.8494286, 42.9510311 ], [ -79.8498483, 42.9510749 ], [ -79.8501871, 42.9511103 ], [ -79.8504739, 42.9511403 ], [ -79.850734, 42.9511674 ], [ -79.8509815, 42.9511932 ], [ -79.8511855, 42.9512146 ], [ -79.8513898, 42.9512359 ], [ -79.8516325, 42.9512612 ], [ -79.8519006, 42.9512892 ], [ -79.8522147, 42.951322 ], [ -79.852553, 42.9513573 ], [ -79.8529328, 42.9513969 ], [ -79.8533956, 42.9514452 ], [ -79.8539414, 42.9515036 ], [ -79.8545737, 42.9516307 ], [ -79.8553046, 42.9517879 ], [ -79.85613, 42.9519654 ], [ -79.8570193, 42.9521567 ], [ -79.8578536, 42.9523361 ], [ -79.8585445, 42.9524847 ], [ -79.8588816, 42.9528636 ], [ -79.8591566, 42.9532395 ], [ -79.8594364, 42.9536221 ], [ -79.8597179, 42.954007 ], [ -79.8600032, 42.9543971 ], [ -79.8602806, 42.9547763 ], [ -79.8605615, 42.9551605 ], [ -79.8608513, 42.9555566 ], [ -79.8611425, 42.9559548 ], [ -79.8614489, 42.9563737 ], [ -79.8617674, 42.9568092 ], [ -79.8620921, 42.9572531 ], [ -79.8624325, 42.9577185 ], [ -79.8627939, 42.9582125 ], [ -79.8631874, 42.9587506 ], [ -79.8636221, 42.9593448 ], [ -79.8641917, 42.9599488 ], [ -79.8649508, 42.9604921 ], [ -79.8657676, 42.9610767 ], [ -79.8666271, 42.9616919 ], [ -79.8673994, 42.9622447 ], [ -79.8680712, 42.9627256 ], [ -79.8686543, 42.9631429 ], [ -79.8691716, 42.9635131 ], [ -79.8696497, 42.9638553 ], [ -79.8701414, 42.9641558 ], [ -79.8706291, 42.9644341 ], [ -79.8710916, 42.9646979 ], [ -79.871508, 42.9649355 ], [ -79.8718979, 42.9651579 ], [ -79.8722691, 42.9653697 ], [ -79.8726421, 42.9655825 ], [ -79.8730435, 42.9658115 ], [ -79.8734903, 42.9660664 ], [ -79.8740174, 42.9663672 ], [ -79.8746341, 42.966719 ], [ -79.8753762, 42.9671424 ], [ -79.8762638, 42.9676487 ], [ -79.8764879, 42.9682883 ], [ -79.876169, 42.9690193 ], [ -79.8758497, 42.9697514 ], [ -79.8755466, 42.970446 ], [ -79.8752613, 42.9710998 ], [ -79.8749863, 42.9717303 ], [ -79.8747229, 42.972334 ], [ -79.8744692, 42.9729153 ], [ -79.8742251, 42.9734748 ], [ -79.8739946, 42.9740031 ], [ -79.873769, 42.9745204 ], [ -79.8735629, 42.9749928 ], [ -79.8733844, 42.9754018 ], [ -79.8732244, 42.9757684 ], [ -79.8730716, 42.9761187 ], [ -79.8729198, 42.9764666 ], [ -79.8727704, 42.976809 ], [ -79.872632, 42.9771262 ], [ -79.8724995, 42.9774299 ], [ -79.8723098, 42.9776914 ], [ -79.8720669, 42.9779367 ], [ -79.8718009, 42.9782054 ], [ -79.8714938, 42.9785153 ], [ -79.8711457, 42.9788668 ], [ -79.8707638, 42.9792524 ], [ -79.8704077, 42.9796119 ], [ -79.8700858, 42.9799369 ], [ -79.8697809, 42.9802447 ], [ -79.8694763, 42.9805523 ], [ -79.8691474, 42.9808843 ], [ -79.8687845, 42.9812507 ], [ -79.8683624, 42.9816769 ], [ -79.8678663, 42.9821777 ], [ -79.8674785, 42.9828347 ], [ -79.8673596, 42.9836546 ], [ -79.8672504, 42.9844069 ], [ -79.8671493, 42.9851037 ], [ -79.8670509, 42.9857818 ], [ -79.8669518, 42.986465 ], [ -79.8668497, 42.9871692 ], [ -79.8667463, 42.9878815 ], [ -79.8666401, 42.9886131 ], [ -79.8665321, 42.9893575 ], [ -79.8664196, 42.9901331 ], [ -79.8662973, 42.9909759 ], [ -79.8661603, 42.9919202 ], [ -79.8660021, 42.9930109 ], [ -79.8660127, 42.9942144 ], [ -79.8660557, 42.9954151 ], [ -79.8660984, 42.9966041 ], [ -79.8661412, 42.9977991 ], [ -79.8661859, 42.9990479 ], [ -79.866233, 43.0003606 ], [ -79.8662803, 43.0016798 ], [ -79.8668713, 43.002763 ], [ -79.8676577, 43.0036294 ], [ -79.8683477, 43.0043896 ], [ -79.8689662, 43.0050709 ], [ -79.8695218, 43.0056829 ], [ -79.8700415, 43.0062554 ], [ -79.8705473, 43.0068126 ], [ -79.8710336, 43.0073482 ], [ -79.8715458, 43.0076641 ], [ -79.8720673, 43.0073051 ], [ -79.8725031, 43.0070051 ], [ -79.8728641, 43.0067566 ], [ -79.8731716, 43.006545 ], [ -79.8734345, 43.006364 ], [ -79.8736597, 43.0062089 ], [ -79.8738543, 43.006075 ], [ -79.8740286, 43.005955 ], [ -79.8741694, 43.0058581 ], [ -79.8743252, 43.0057508 ], [ -79.8745051, 43.0056269 ], [ -79.8747283, 43.0054734 ], [ -79.8749949, 43.0052898 ], [ -79.8753254, 43.0050623 ], [ -79.8756814, 43.0048172 ], [ -79.875984, 43.0046089 ], [ -79.8762353, 43.0044359 ], [ -79.8764425, 43.0042933 ], [ -79.8766214, 43.0041701 ], [ -79.8767771, 43.0040629 ], [ -79.876917, 43.0039666 ], [ -79.8770802, 43.0038544 ], [ -79.8772561, 43.0037333 ], [ -79.8774681, 43.0035873 ], [ -79.877711, 43.00342 ], [ -79.8779946, 43.0032248 ], [ -79.8783258, 43.0029968 ], [ -79.8787101, 43.0027323 ], [ -79.8791674, 43.0024174 ], [ -79.8794764, 43.0019688 ], [ -79.8795733, 43.0014083 ], [ -79.8796799, 43.0007924 ], [ -79.8798001, 43.0000971 ], [ -79.8799349, 42.9993175 ], [ -79.8800755, 42.9985045 ], [ -79.8802267, 42.9976305 ], [ -79.8803949, 42.9966576 ], [ -79.8804989, 42.9955985 ], [ -79.8805412, 42.9945228 ], [ -79.8805848, 42.9934168 ], [ -79.8806304, 42.9922556 ], [ -79.8806779, 42.9910484 ], [ -79.8807264, 42.9898131 ], [ -79.8807766, 42.9885385 ], [ -79.8808291, 42.9872037 ], [ -79.8817821, 42.9860721 ], [ -79.8828014, 42.9849719 ], [ -79.8837301, 42.9839694 ], [ -79.8845559, 42.983078 ], [ -79.8853017, 42.9822728 ], [ -79.8860021, 42.9815168 ], [ -79.8862375, 42.9807756 ], [ -79.8862355, 42.980127 ], [ -79.8862339, 42.9795954 ], [ -79.8862326, 42.9791594 ], [ -79.8862315, 42.9788013 ], [ -79.8862306, 42.978506 ], [ -79.8862299, 42.9782606 ], [ -79.8862292, 42.978052 ], [ -79.8862286, 42.9778641 ], [ -79.8862281, 42.9776922 ], [ -79.8862276, 42.9775366 ], [ -79.8862272, 42.9773928 ], [ -79.8862266, 42.9772202 ], [ -79.8862261, 42.9770237 ], [ -79.8862254, 42.9768032 ], [ -79.8862246, 42.9765436 ], [ -79.8862237, 42.9762316 ], [ -79.8862225, 42.9758536 ], [ -79.8862211, 42.975394 ], [ -79.8862194, 42.9748359 ], [ -79.8862174, 42.9741748 ], [ -79.886215, 42.9733921 ], [ -79.8862123, 42.9725202 ], [ -79.8862094, 42.9715687 ], [ -79.8862065, 42.9706186 ], [ -79.8862038, 42.9697357 ], [ -79.8862059, 42.9689168 ], [ -79.8862179, 42.9681212 ], [ -79.88623, 42.967324 ], [ -79.8862422, 42.966523 ], [ -79.8862546, 42.9657076 ], [ -79.8862674, 42.9648651 ], [ -79.8862808, 42.9639784 ], [ -79.8862952, 42.9630371 ], [ -79.8863105, 42.962022 ], [ -79.885442, 42.9613455 ], [ -79.8842351, 42.9609019 ], [ -79.8831012, 42.9604852 ], [ -79.8820158, 42.9600863 ], [ -79.880961, 42.9596986 ], [ -79.8799081, 42.9593116 ], [ -79.8788871, 42.9589364 ], [ -79.8779862, 42.9585105 ], [ -79.8771593, 42.9580886 ], [ -79.8763724, 42.9576872 ], [ -79.8755956, 42.9572908 ], [ -79.874826, 42.9568982 ], [ -79.8742283, 42.9564157 ], [ -79.8738359, 42.9557313 ], [ -79.8733917, 42.9549564 ], [ -79.872882, 42.9540675 ], [ -79.8723009, 42.953054 ], [ -79.8717527, 42.9520977 ], [ -79.8713042, 42.9513153 ], [ -79.8709352, 42.9506717 ], [ -79.8706276, 42.950135 ], [ -79.8703737, 42.9496922 ], [ -79.8701543, 42.9493248 ], [ -79.8699066, 42.949041 ], [ -79.8696877, 42.9487952 ], [ -79.8694907, 42.9485742 ], [ -79.8693228, 42.9483856 ], [ -79.8691801, 42.9482256 ], [ -79.8690634, 42.9480946 ], [ -79.8689533, 42.947971 ], [ -79.8688282, 42.9478306 ], [ -79.8686776, 42.9476615 ], [ -79.8684914, 42.9474525 ], [ -79.8682753, 42.94721 ], [ -79.8680218, 42.9469254 ], [ -79.8677219, 42.9465887 ], [ -79.8674217, 42.9462518 ], [ -79.8671241, 42.9459179 ], [ -79.8668099, 42.945565 ], [ -79.8664726, 42.9451864 ], [ -79.8661241, 42.9447952 ], [ -79.8657723, 42.9444003 ], [ -79.8654368, 42.9440237 ], [ -79.8651088, 42.9436555 ], [ -79.8647797, 42.943286 ], [ -79.864445, 42.9429103 ], [ -79.8640824, 42.9425015 ], [ -79.8637491, 42.9420073 ], [ -79.8633765, 42.9414516 ], [ -79.8630489, 42.9409632 ], [ -79.8627843, 42.9405686 ], [ -79.8625664, 42.9402437 ], [ -79.8623859, 42.9399744 ], [ -79.8622387, 42.939755 ], [ -79.8621157, 42.9395715 ], [ -79.8620162, 42.9394231 ], [ -79.8619321, 42.9392977 ], [ -79.8618331, 42.9391501 ], [ -79.8617168, 42.9389766 ], [ -79.8615731, 42.9387622 ], [ -79.8614014, 42.9385063 ], [ -79.8611998, 42.9382056 ], [ -79.8609706, 42.9378638 ], [ -79.8607083, 42.9374726 ], [ -79.8604888, 42.9370002 ], [ -79.8604211, 42.9364278 ], [ -79.860344, 42.9357767 ], [ -79.8602547, 42.9350219 ], [ -79.8601485, 42.934125 ], [ -79.8600236, 42.9330689 ], [ -79.8598776, 42.9318347 ], [ -79.8597438, 42.9307046 ], [ -79.8596312, 42.9297524 ], [ -79.8595361, 42.9289487 ], [ -79.8590459, 42.9283911 ], [ -79.8585581, 42.9279566 ], [ -79.8581593, 42.9276016 ], [ -79.8578297, 42.9273081 ], [ -79.8575597, 42.9270676 ], [ -79.8573358, 42.9268683 ], [ -79.857149, 42.9267019 ], [ -79.8569894, 42.9265598 ], [ -79.8568576, 42.9264423 ], [ -79.8567219, 42.9263215 ], [ -79.8565615, 42.9261787 ], [ -79.8563702, 42.9260084 ], [ -79.8561416, 42.9258048 ], [ -79.8558612, 42.9255552 ], [ -79.8555673, 42.9252934 ], [ -79.8553224, 42.9250753 ], [ -79.8551248, 42.9248994 ], [ -79.8549568, 42.9247498 ], [ -79.8548144, 42.924623 ], [ -79.8546868, 42.9245093 ], [ -79.8545417, 42.9243801 ], [ -79.8543672, 42.9242247 ], [ -79.8541617, 42.9240418 ], [ -79.853938, 42.9238425 ], [ -79.8537463, 42.9236923 ], [ -79.8535457, 42.9236085 ], [ -79.8533676, 42.9235341 ], [ -79.8531894, 42.9234596 ], [ -79.8529912, 42.9233769 ], [ -79.8527981, 42.9232962 ], [ -79.8526349, 42.9232281 ], [ -79.8524365, 42.9231452 ], [ -79.8522111, 42.9230511 ], [ -79.8519244, 42.9229313 ], [ -79.8515814, 42.922788 ], [ -79.8511629, 42.9226132 ], [ -79.8506506, 42.9223992 ], [ -79.8500273, 42.9221389 ], [ -79.849266, 42.9218209 ], [ -79.8483348, 42.9214319 ], [ -79.8471659, 42.9210563 ], [ -79.8459231, 42.9207248 ], [ -79.8447666, 42.9204164 ], [ -79.8437299, 42.9201399 ], [ -79.8427951, 42.9198906 ], [ -79.8419214, 42.9196576 ], [ -79.841077, 42.9194198 ], [ -79.8403908, 42.9190357 ], [ -79.8397086, 42.9186503 ], [ -79.8390173, 42.9182596 ], [ -79.8383223, 42.917867 ], [ -79.8376159, 42.9174679 ], [ -79.8368665, 42.9170444 ], [ -79.8361114, 42.9166177 ], [ -79.8354093, 42.9162211 ], [ -79.8347265, 42.9158352 ], [ -79.8340884, 42.9154747 ], [ -79.8335066, 42.9151459 ], [ -79.832989, 42.9148534 ], [ -79.8325186, 42.9145857 ], [ -79.8320815, 42.9143353 ], [ -79.8316658, 42.9140972 ], [ -79.8312593, 42.9138643 ], [ -79.8308606, 42.913636 ], [ -79.8304634, 42.9134084 ], [ -79.8300656, 42.9131805 ], [ -79.8296621, 42.9129494 ], [ -79.8292221, 42.9126974 ], [ -79.8287562, 42.9124305 ], [ -79.8282562, 42.912144 ], [ -79.8277028, 42.911827 ], [ -79.827212, 42.9115458 ], [ -79.8268005, 42.9113101 ], [ -79.8264529, 42.911111 ], [ -79.8261476, 42.910936 ], [ -79.8258726, 42.9107786 ], [ -79.8256205, 42.9106708 ], [ -79.8253271, 42.9106711 ], [ -79.8250082, 42.9106895 ], [ -79.8247124, 42.9107065 ], [ -79.8244491, 42.9107216 ], [ -79.8242085, 42.9107355 ], [ -79.8240064, 42.9107471 ], [ -79.8237871, 42.9107597 ], [ -79.823521, 42.910775 ], [ -79.823191, 42.910794 ], [ -79.8227944, 42.9108168 ], [ -79.8223177, 42.9108443 ], [ -79.8217387, 42.9108775 ], [ -79.8211001, 42.9109143 ], [ -79.8204694, 42.9109506 ], [ -79.8198567, 42.9109858 ], [ -79.8192474, 42.911004 ], [ -79.8186383, 42.9109376 ], [ -79.8179998, 42.9108679 ], [ -79.817353, 42.9107973 ], [ -79.8166772, 42.9107236 ], [ -79.8159892, 42.9106485 ], [ -79.815276, 42.9105708 ], [ -79.8145397, 42.9104904 ], [ -79.8137891, 42.9104085 ], [ -79.813008, 42.9103233 ], [ -79.8122106, 42.9102363 ], [ -79.8113896, 42.9101467 ], [ -79.8105221, 42.9100521 ], [ -79.8095755, 42.9099488 ], [ -79.8086246, 42.909659 ], [ -79.8076133, 42.9092496 ], [ -79.8064746, 42.9087885 ], [ -79.8052013, 42.9082728 ], [ -79.8037614, 42.9076896 ], [ -79.8021169, 42.9071088 ], [ -79.8001411, 42.9067477 ], [ -79.7979824, 42.9063532 ], [ -79.795686, 42.9059335 ], [ -79.7932715, 42.9054923 ], [ -79.7907621, 42.9048088 ], [ -79.7885231, 42.9041649 ], [ -79.7866906, 42.9036379 ], [ -79.7851907, 42.9032066 ], [ -79.7839628, 42.9028534 ], [ -79.7831305, 42.9023668 ], [ -79.782534, 42.9018637 ], [ -79.7820283, 42.9014371 ], [ -79.781597, 42.9010733 ], [ -79.7812168, 42.9007527 ], [ -79.780884, 42.900472 ], [ -79.7805786, 42.9002143 ], [ -79.7802925, 42.8999731 ], [ -79.7800067, 42.899732 ], [ -79.7797592, 42.8995232 ], [ -79.7795505, 42.8993471 ], [ -79.779385, 42.8992075 ], [ -79.7792402, 42.8990854 ], [ -79.7790988, 42.8989661 ], [ -79.7789685, 42.8988562 ], [ -79.7788106, 42.8987231 ], [ -79.7786266, 42.8985679 ], [ -79.7784193, 42.898393 ], [ -79.778181, 42.8981805 ], [ -79.777924, 42.897924 ], [ -79.7776147, 42.8976147 ], [ -79.7772383, 42.8972384 ], [ -79.7767829, 42.896783 ], [ -79.7762293, 42.8962294 ], [ -79.7755626, 42.8955627 ], [ -79.7747679, 42.894768 ], [ -79.7738081, 42.8938083 ], [ -79.7726489, 42.892649 ], [ -79.7712395, 42.8912395 ], [ -79.7691311, 42.8902812 ], [ -79.7664567, 42.8907062 ], [ -79.7642427, 42.891058 ], [ -79.7623961, 42.8913514 ], [ -79.760846, 42.8915978 ], [ -79.7595241, 42.8918078 ], [ -79.758376, 42.8919904 ], [ -79.7574859, 42.8923466 ], [ -79.7568285, 42.8927925 ], [ -79.7562662, 42.893174 ], [ -79.7557714, 42.8935097 ], [ -79.7553262, 42.8938117 ], [ -79.7549048, 42.8940975 ], [ -79.7544873, 42.8943807 ], [ -79.7540667, 42.8946661 ], [ -79.7536232, 42.894967 ], [ -79.7531698, 42.8952745 ], [ -79.7527458, 42.8955622 ], [ -79.752359, 42.8958246 ], [ -79.7519943, 42.8960719 ], [ -79.7516591, 42.8962994 ], [ -79.751337, 42.8965179 ], [ -79.7510031, 42.8967443 ], [ -79.7506497, 42.896984 ], [ -79.7502516, 42.8972541 ], [ -79.7497949, 42.8975639 ], [ -79.7492645, 42.8979238 ], [ -79.7486266, 42.8983565 ], [ -79.7478573, 42.8988783 ], [ -79.7469381, 42.8995019 ], [ -79.7458316, 42.9002109 ], [ -79.7446463, 42.9008828 ], [ -79.7435141, 42.9015246 ], [ -79.7423856, 42.9021642 ], [ -79.7412767, 42.9027927 ], [ -79.740244, 42.9033781 ], [ -79.7392538, 42.9039393 ], [ -79.7382781, 42.9044923 ], [ -79.7371698, 42.9049046 ], [ -79.7357285, 42.9050787 ], [ -79.7340313, 42.9052837 ], [ -79.7320225, 42.9055264 ], [ -79.729696, 42.9051389 ], [ -79.7271285, 42.9044598 ], [ -79.7243694, 42.9037299 ], [ -79.7213348, 42.9029273 ], [ -79.7193541, 42.9012548 ], [ -79.7177521, 42.8998651 ], [ -79.7164358, 42.8987233 ], [ -79.7153533, 42.8977842 ], [ -79.7144173, 42.8970446 ], [ -79.7135924, 42.8964728 ], [ -79.7129147, 42.8960029 ], [ -79.7123517, 42.8956126 ], [ -79.7118849, 42.895289 ], [ -79.7114996, 42.8950219 ], [ -79.711187, 42.8948052 ], [ -79.7109221, 42.8946215 ], [ -79.7107033, 42.8944698 ], [ -79.7105269, 42.8943475 ], [ -79.7103643, 42.8942348 ], [ -79.7102166, 42.8941324 ], [ -79.7100544, 42.89402 ], [ -79.7098922, 42.8939075 ], [ -79.7097223, 42.8937896 ], [ -79.7095538, 42.8936729 ], [ -79.7093814, 42.8935534 ], [ -79.709192, 42.8934221 ], [ -79.708973, 42.8932702 ], [ -79.7087192, 42.8930964 ], [ -79.7083535, 42.8929945 ], [ -79.7078656, 42.8929252 ], [ -79.7072738, 42.892841 ], [ -79.7065437, 42.8927373 ], [ -79.7056577, 42.8926114 ], [ -79.7045739, 42.8924573 ], [ -79.7032677, 42.8922717 ], [ -79.7017879, 42.8920614 ], [ -79.7001023, 42.8918218 ], [ -79.6982728, 42.8912717 ], [ -79.6962313, 42.8903042 ], [ -79.6937849, 42.8891449 ], [ -79.6911193, 42.8884849 ], [ -79.6885252, 42.8885143 ], [ -79.6862023, 42.8885406 ], [ -79.6840422, 42.8885651 ], [ -79.6819526, 42.8885888 ], [ -79.6799332, 42.8888938 ], [ -79.6779319, 42.8893002 ], [ -79.675843, 42.8897244 ], [ -79.6740647, 42.8894386 ], [ -79.6728095, 42.8877647 ], [ -79.6715752, 42.8861186 ], [ -79.6704839, 42.8846633 ], [ -79.6694904, 42.8833382 ], [ -79.6685488, 42.8820823 ], [ -79.6682385, 42.8808101 ], [ -79.6691598, 42.8793097 ], [ -79.6702664, 42.8775076 ], [ -79.6716011, 42.875334 ], [ -79.6738445, 42.8730434 ], [ -79.677379, 42.8708709 ], [ -79.6809232, 42.8686923 ], [ -79.6843206, 42.8682658 ], [ -79.687426, 42.8694245 ], [ -79.6900817, 42.8704152 ], [ -79.6924008, 42.8712777 ], [ -79.6944746, 42.8720481 ], [ -79.696392, 42.8727604 ], [ -79.698203, 42.8727248 ], [ -79.6997593, 42.8721539 ], [ -79.7011047, 42.8716603 ], [ -79.7022962, 42.8712232 ], [ -79.703384, 42.8708241 ], [ -79.7044006, 42.8704511 ], [ -79.7053963, 42.8700859 ], [ -79.7064198, 42.8697103 ], [ -79.7073169, 42.8691206 ], [ -79.7082008, 42.868442 ], [ -79.7091646, 42.867702 ], [ -79.7102504, 42.8668684 ], [ -79.7115169, 42.8658959 ], [ -79.7132697, 42.8650124 ], [ -79.7154834, 42.864194 ], [ -79.7179914, 42.8632667 ], [ -79.720204, 42.8624487 ], [ -79.7219606, 42.8624782 ], [ -79.7234289, 42.8634085 ], [ -79.7248156, 42.864287 ], [ -79.726111, 42.8651077 ], [ -79.7273665, 42.865903 ], [ -79.7277622, 42.8670889 ], [ -79.7280497, 42.8682962 ], [ -79.7283216, 42.8694385 ], [ -79.7285861, 42.8705493 ], [ -79.7288521, 42.8716667 ], [ -79.7291333, 42.8728475 ], [ -79.7294376, 42.8741253 ], [ -79.7310393, 42.8737645 ], [ -79.7324022, 42.8734201 ], [ -79.7335685, 42.8731254 ], [ -79.7345863, 42.8728682 ], [ -79.7355069, 42.8726356 ], [ -79.7363708, 42.8724173 ], [ -79.7372262, 42.8722012 ], [ -79.7381071, 42.8719786 ], [ -79.7390647, 42.8717366 ], [ -79.7400948, 42.8714061 ], [ -79.7411032, 42.8708399 ], [ -79.7422487, 42.8701967 ], [ -79.7435796, 42.8694493 ], [ -79.7451298, 42.8685789 ], [ -79.7469276, 42.8675694 ], [ -79.7490745, 42.8674147 ], [ -79.7514726, 42.8685893 ], [ -79.7535341, 42.869599 ], [ -79.7552672, 42.8704478 ], [ -79.7567421, 42.8711702 ], [ -79.7580195, 42.8717958 ], [ -79.759237, 42.8721929 ], [ -79.7604003, 42.8723287 ], [ -79.761422, 42.872448 ], [ -79.762352, 42.8725567 ], [ -79.7632357, 42.8726598 ], [ -79.764115, 42.8727625 ], [ -79.7650168, 42.8728678 ], [ -79.7659052, 42.8727501 ], [ -79.766748, 42.872465 ], [ -79.767593, 42.8721791 ], [ -79.7684531, 42.8718882 ], [ -79.7693667, 42.8715792 ], [ -79.7703752, 42.871238 ], [ -79.7715242, 42.8708493 ], [ -79.7726118, 42.8704814 ], [ -79.7735288, 42.8701829 ], [ -79.7743538, 42.8700826 ], [ -79.7750391, 42.8700056 ], [ -79.7756174, 42.8699407 ], [ -79.7761056, 42.8698859 ], [ -79.7765144, 42.8698399 ], [ -79.7768567, 42.8698015 ], [ -79.7771429, 42.8697694 ], [ -79.7773947, 42.8697411 ], [ -79.7776151, 42.8697163 ], [ -79.7778096, 42.8696945 ], [ -79.7780211, 42.8696707 ], [ -79.7782418, 42.8696459 ], [ -79.7784941, 42.8696176 ], [ -79.7787939, 42.8695659 ], [ -79.7790911, 42.8693949 ], [ -79.7794543, 42.8691859 ], [ -79.7798984, 42.8689303 ], [ -79.780444, 42.8686163 ], [ -79.781103, 42.8682371 ], [ -79.7819094, 42.8677731 ], [ -79.7828922, 42.8672076 ], [ -79.7840811, 42.8665233 ], [ -79.7852781, 42.8658344 ], [ -79.786506, 42.865696 ], [ -79.7877923, 42.8657913 ], [ -79.7889779, 42.8658792 ], [ -79.7899854, 42.8659538 ], [ -79.7908774, 42.8660199 ], [ -79.7916743, 42.866079 ], [ -79.7924242, 42.8660674 ], [ -79.7930938, 42.8659025 ], [ -79.7937139, 42.86575 ], [ -79.7942754, 42.8656117 ], [ -79.7947948, 42.8654839 ], [ -79.795228, 42.8653773 ], [ -79.7955881, 42.8652887 ], [ -79.7958829, 42.8652162 ], [ -79.7961304, 42.8651552 ], [ -79.7963304, 42.865106 ], [ -79.7965323, 42.8650564 ], [ -79.7967625, 42.8649997 ], [ -79.7970361, 42.8649324 ], [ -79.7973699, 42.8648503 ], [ -79.7977683, 42.8647522 ], [ -79.7982337, 42.8646376 ], [ -79.7987903, 42.8645007 ], [ -79.7994522, 42.8643377 ], [ -79.8002581, 42.8641394 ], [ -79.8012276, 42.8639009 ], [ -79.8023757, 42.8636183 ], [ -79.8036818, 42.863258 ], [ -79.8050483, 42.8625634 ], [ -79.806702, 42.8617226 ], [ -79.8087071, 42.8607033 ], [ -79.8109694, 42.8595532 ], [ -79.8130262, 42.858739 ], [ -79.814739, 42.858078 ], [ -79.8161664, 42.8575272 ], [ -79.8173587, 42.857067 ], [ -79.8183578, 42.8566814 ], [ -79.8192106, 42.8563522 ], [ -79.8199606, 42.8560909 ], [ -79.8206617, 42.855884 ], [ -79.8213176, 42.8556905 ], [ -79.8219642, 42.8554996 ], [ -79.8226158, 42.8553073 ], [ -79.8232217, 42.8551285 ], [ -79.823748, 42.8549732 ], [ -79.8242051, 42.8548382 ], [ -79.8245919, 42.8547241 ], [ -79.8249262, 42.8546254 ], [ -79.8252158, 42.8545399 ], [ -79.8254859, 42.8544603 ], [ -79.8257226, 42.8543904 ], [ -79.8259386, 42.8543266 ], [ -79.8261174, 42.8542738 ], [ -79.8263329, 42.8542103 ], [ -79.8265673, 42.8541411 ], [ -79.8268336, 42.8540625 ], [ -79.8271065, 42.8539819 ], [ -79.8274103, 42.8538923 ], [ -79.8277416, 42.8537945 ], [ -79.8281124, 42.8536851 ], [ -79.8285513, 42.8535555 ], [ -79.8290623, 42.8534047 ], [ -79.8296278, 42.8532378 ], [ -79.8302675, 42.853049 ], [ -79.8310199, 42.852827 ], [ -79.8318886, 42.8525296 ], [ -79.8327701, 42.8519602 ], [ -79.8338272, 42.8512773 ], [ -79.834802, 42.8506476 ], [ -79.835604, 42.8501295 ], [ -79.83626, 42.8497057 ], [ -79.8368019, 42.8493557 ], [ -79.8372472, 42.849068 ], [ -79.8376147, 42.8488306 ], [ -79.8379293, 42.8486273 ], [ -79.8381949, 42.8484555 ], [ -79.8384116, 42.8483046 ], [ -79.8385837, 42.8481821 ], [ -79.8387276, 42.8480798 ], [ -79.8388658, 42.8479814 ], [ -79.8390247, 42.8478683 ], [ -79.8392045, 42.8477404 ], [ -79.8393828, 42.8476136 ], [ -79.8395737, 42.8474777 ], [ -79.8397521, 42.8473508 ], [ -79.8399435, 42.8472147 ], [ -79.840158, 42.8470621 ], [ -79.8404098, 42.846883 ], [ -79.8407042, 42.8466734 ], [ -79.8410588, 42.8464212 ], [ -79.8414935, 42.8461118 ], [ -79.8420214, 42.8457362 ], [ -79.8426644, 42.8452787 ], [ -79.8434472, 42.8447218 ], [ -79.8444021, 42.8440424 ], [ -79.8455663, 42.8432141 ], [ -79.847, 42.8422159 ], [ -79.849017, 42.8412492 ], [ -79.8514678, 42.8400745 ], [ -79.8544469, 42.8386465 ], [ -79.85815, 42.8370783 ], [ -79.8621538, 42.8364329 ], [ -79.8654552, 42.8359007 ], [ -79.8681785, 42.8354617 ], [ -79.8704227, 42.835063 ], [ -79.8722841, 42.8347229 ], [ -79.8738439, 42.8344378 ], [ -79.8751676, 42.834196 ], [ -79.8763104, 42.8339871 ], [ -79.8773207, 42.8337946 ], [ -79.8782397, 42.8336061 ], [ -79.879118, 42.8334259 ], [ -79.8799966, 42.8332456 ], [ -79.8809223, 42.8330557 ], [ -79.8819369, 42.8328476 ], [ -79.8830927, 42.8326104 ], [ -79.8844338, 42.8323353 ], [ -79.8860197, 42.8320099 ], [ -79.8879085, 42.8315977 ], [ -79.8900722, 42.8309053 ], [ -79.8926666, 42.8300751 ], [ -79.8959135, 42.8294825 ], [ -79.900065, 42.8294572 ], [ -79.9044915, 42.8286465 ], [ -79.9079864, 42.8267156 ], [ -79.9116242, 42.8273465 ], [ -79.9146317, 42.827921 ], [ -79.9169187, 42.8287108 ], [ -79.9186394, 42.8295991 ], [ -79.9200486, 42.8303265 ], [ -79.9212003, 42.8309211 ], [ -79.9220343, 42.8314731 ], [ -79.9222141, 42.8321959 ], [ -79.922377, 42.8328502 ], [ -79.9225298, 42.8334642 ], [ -79.9226799, 42.8340673 ], [ -79.9228333, 42.8346841 ], [ -79.9229937, 42.8353283 ], [ -79.9231676, 42.836027 ], [ -79.9233587, 42.836795 ], [ -79.9235365, 42.8375095 ], [ -79.923686, 42.8381102 ], [ -79.9238226, 42.8386207 ], [ -79.9243622, 42.8387255 ], [ -79.9248727, 42.8387748 ], [ -79.925306, 42.8388167 ], [ -79.9256717, 42.8388521 ], [ -79.9260063, 42.8388844 ], [ -79.9263187, 42.8389146 ], [ -79.9265922, 42.838941 ], [ -79.9268431, 42.8389653 ], [ -79.9270632, 42.8389865 ], [ -79.9272541, 42.839005 ], [ -79.9274638, 42.8390253 ], [ -79.9276653, 42.8390447 ], [ -79.92787, 42.8390645 ], [ -79.9280801, 42.8390848 ], [ -79.9282938, 42.8391055 ], [ -79.9285076, 42.8391262 ], [ -79.9287213, 42.8391468 ], [ -79.9289403, 42.8391679 ], [ -79.9291416, 42.8391874 ], [ -79.9293218, 42.8392048 ], [ -79.9295, 42.839222 ], [ -79.9296838, 42.8392398 ], [ -79.9298776, 42.8392585 ], [ -79.9300771, 42.8392778 ], [ -79.930279, 42.8392973 ], [ -79.9304636, 42.8393152 ], [ -79.9306418, 42.8393324 ], [ -79.9308203, 42.8393497 ], [ -79.9310011, 42.8393671 ], [ -79.9311921, 42.8393856 ], [ -79.9313933, 42.839405 ], [ -79.9315984, 42.8394248 ], [ -79.9318018, 42.8394445 ], [ -79.9319891, 42.8394626 ], [ -79.9321708, 42.8394802 ], [ -79.9323516, 42.8394976 ], [ -79.9325563, 42.8395174 ], [ -79.9328122, 42.8395421 ], [ -79.9331295, 42.8395728 ], [ -79.9335025, 42.8396089 ], [ -79.9339539, 42.8396524 ], [ -79.9344835, 42.8396308 ], [ -79.934601, 42.8391841 ], [ -79.9347233, 42.8387186 ], [ -79.9348508, 42.8382339 ], [ -79.934986, 42.8377199 ], [ -79.9351361, 42.8371491 ], [ -79.9353076, 42.8364968 ], [ -79.9355096, 42.835729 ], [ -79.9357484, 42.8348206 ], [ -79.9360335, 42.8337367 ], [ -79.9363638, 42.8324804 ], [ -79.9366896, 42.8312411 ], [ -79.9369953, 42.8300787 ], [ -79.9373155, 42.8289534 ], [ -79.9383318, 42.8279879 ], [ -79.9394686, 42.8269305 ], [ -79.9407388, 42.8257489 ], [ -79.9421597, 42.8244272 ], [ -79.9440555, 42.8232516 ], [ -79.9470994, 42.8228005 ], [ -79.9505571, 42.8230564 ], [ -79.953826, 42.8237014 ], [ -79.9570036, 42.8243078 ], [ -79.9602538, 42.8246425 ], [ -79.9636016, 42.8249873 ], [ -79.9665294, 42.825592 ], [ -79.9674219, 42.8276536 ], [ -79.9682416, 42.8295466 ], [ -79.9689314, 42.8311398 ], [ -79.9695139, 42.8324853 ], [ -79.9700086, 42.8336277 ], [ -79.9704335, 42.834609 ], [ -79.970799, 42.835453 ], [ -79.9711351, 42.8361789 ], [ -79.9715087, 42.83678 ], [ -79.9718176, 42.8372769 ], [ -79.9720749, 42.8376908 ], [ -79.9722878, 42.8380334 ], [ -79.9724694, 42.8383255 ], [ -79.9726322, 42.8385874 ], [ -79.9727748, 42.8388169 ], [ -79.9728909, 42.8390037 ], [ -79.9729876, 42.8391594 ], [ -79.9730738, 42.8392979 ], [ -79.9731563, 42.8394308 ], [ -79.9732488, 42.8395795 ], [ -79.9733547, 42.8397499 ], [ -79.9734825, 42.8399556 ], [ -79.9736314, 42.840195 ], [ -79.9738016, 42.8404688 ], [ -79.9739909, 42.8407733 ], [ -79.9742152, 42.8411342 ], [ -79.9744795, 42.8415594 ], [ -79.9747995, 42.8420743 ], [ -79.9751551, 42.8426464 ], [ -79.9754974, 42.843197 ], [ -79.976045, 42.8430382 ], [ -79.9765331, 42.8427271 ], [ -79.9769358, 42.8424703 ], [ -79.9772744, 42.8422545 ], [ -79.9775667, 42.8420681 ], [ -79.9778204, 42.8419064 ], [ -79.9780452, 42.8417631 ], [ -79.9782466, 42.8416346 ], [ -79.9784198, 42.8415242 ], [ -79.9785729, 42.8414266 ], [ -79.9787425, 42.8413185 ], [ -79.9789402, 42.8411924 ], [ -79.979177, 42.8410414 ], [ -79.9794625, 42.8408594 ], [ -79.979797, 42.8406462 ], [ -79.9801907, 42.8403952 ], [ -79.9806461, 42.8401048 ], [ -79.9811913, 42.8397572 ], [ -79.9818395, 42.8393439 ], [ -79.982486, 42.8389318 ], [ -79.9830656, 42.8385622 ], [ -79.9836014, 42.8382206 ], [ -79.9841309, 42.837883 ], [ -79.9846773, 42.8375346 ], [ -79.9852718, 42.8371556 ], [ -79.9860671, 42.8368692 ], [ -79.9870711, 42.8366015 ], [ -79.9882824, 42.8362786 ], [ -79.9897417, 42.8358896 ], [ -79.9914826, 42.8354255 ], [ -79.9932243, 42.8349612 ], [ -79.994661, 42.8345782 ], [ -79.9958489, 42.8343395 ], [ -79.9968434, 42.8345879 ], [ -79.997665, 42.8347933 ], [ -79.9983539, 42.8349655 ], [ -79.9989374, 42.8351114 ], [ -79.9994515, 42.8352399 ], [ -79.9999184, 42.8353566 ], [ -80.000114, 42.835096 ], [ -80.0002155, 42.8348456 ], [ -80.0003001, 42.8346371 ], [ -80.0003715, 42.8344608 ], [ -80.0004396, 42.8342929 ], [ -80.0005017, 42.8341399 ], [ -80.0005599, 42.8339964 ], [ -80.0006149, 42.8338609 ], [ -80.000667, 42.8337324 ], [ -80.0007196, 42.8336026 ], [ -80.0007834, 42.8334453 ], [ -80.000848, 42.833286 ], [ -80.0009182, 42.8331128 ], [ -80.0009914, 42.8329321 ], [ -80.001068, 42.8327434 ], [ -80.0011468, 42.832549 ], [ -80.0012202, 42.8323683 ], [ -80.0012906, 42.8321946 ], [ -80.0013572, 42.8320301 ], [ -80.0014179, 42.8318806 ], [ -80.0014751, 42.8317395 ], [ -80.0015291, 42.8316064 ], [ -80.0015824, 42.8314751 ], [ -80.0016412, 42.8313299 ], [ -80.001696, 42.8311949 ], [ -80.0017484, 42.8310657 ], [ -80.0018039, 42.8309287 ], [ -80.0018666, 42.8307742 ], [ -80.0019366, 42.8306017 ], [ -80.0020171, 42.830403 ], [ -80.0021093, 42.8301756 ], [ -80.0022202, 42.8299023 ], [ -80.0023504, 42.8295809 ], [ -80.0025011, 42.8292092 ], [ -80.0026789, 42.8287709 ], [ -80.0028911, 42.8282477 ], [ -80.0031463, 42.8276182 ], [ -80.0034538, 42.82686 ], [ -80.0038264, 42.8259409 ], [ -80.0042792, 42.8248244 ], [ -80.0051586, 42.8240034 ], [ -80.007024, 42.8246224 ], [ -80.0090046, 42.8252796 ], [ -80.0111649, 42.8259965 ], [ -80.0135704, 42.8267946 ], [ -80.0161188, 42.827055 ], [ -80.018398, 42.827204 ], [ -80.0204734, 42.8273397 ], [ -80.0224349, 42.827468 ], [ -80.024369, 42.8275945 ], [ -80.0262906, 42.82754 ], [ -80.027745, 42.8266032 ], [ -80.0291331, 42.8257092 ], [ -80.030517, 42.8248178 ], [ -80.0318708, 42.8239458 ], [ -80.0330283, 42.8232001 ], [ -80.0340161, 42.8225639 ], [ -80.0348596, 42.8220205 ], [ -80.0356049, 42.8215405 ], [ -80.0362785, 42.8211065 ], [ -80.0368045, 42.8206302 ], [ -80.0371907, 42.8201197 ], [ -80.0375697, 42.8196186 ], [ -80.0379587, 42.8191041 ], [ -80.0383779, 42.81855 ], [ -80.0388501, 42.8179257 ], [ -80.0393889, 42.8172134 ], [ -80.0399581, 42.8164608 ], [ -80.0405656, 42.8156577 ], [ -80.0416801, 42.8152706 ], [ -80.0433748, 42.8152045 ], [ -80.0454392, 42.8151239 ], [ -80.0479647, 42.8150253 ], [ -80.0508125, 42.8149142 ], [ -80.053795, 42.814864 ], [ -80.0570329, 42.8155321 ], [ -80.0602046, 42.8161865 ], [ -80.0628888, 42.8161248 ], [ -80.0653167, 42.8155929 ], [ -80.067497, 42.8151152 ], [ -80.0693084, 42.8147183 ], [ -80.0708012, 42.8143912 ], [ -80.0720345, 42.8142065 ], [ -80.0730759, 42.8144056 ], [ -80.0739782, 42.8145781 ], [ -80.0747755, 42.8147306 ], [ -80.0754956, 42.8148683 ], [ -80.0761494, 42.8149933 ], [ -80.0767538, 42.8151089 ], [ -80.0772839, 42.8152102 ], [ -80.077747, 42.8152988 ], [ -80.0781385, 42.8153737 ], [ -80.0784533, 42.8154338 ], [ -80.0787325, 42.8154872 ], [ -80.0789696, 42.8155326 ], [ -80.0791622, 42.8155694 ], [ -80.0793382, 42.815603 ], [ -80.0795529, 42.8156441 ], [ -80.0797901, 42.8156895 ], [ -80.0800867, 42.8157461 ], [ -80.0804526, 42.8158161 ], [ -80.0808957, 42.8159008 ], [ -80.0814296, 42.8160029 ], [ -80.0820782, 42.8161269 ], [ -80.0828699, 42.8162783 ], [ -80.0835865, 42.8161842 ], [ -80.0835917, 42.815417 ], [ -80.0835969, 42.8146462 ], [ -80.0836024, 42.8138443 ], [ -80.0836082, 42.8129899 ], [ -80.0836144, 42.8120641 ], [ -80.0836214, 42.8110382 ], [ -80.0836292, 42.8098965 ], [ -80.0836371, 42.8087319 ], [ -80.0836451, 42.8075538 ], [ -80.0842547, 42.8063997 ], [ -80.0852548, 42.8051049 ], [ -80.0864456, 42.8035629 ], [ -80.087947, 42.8017671 ], [ -80.0905086, 42.800213 ], [ -80.0928635, 42.798784 ], [ -80.094807, 42.7976048 ], [ -80.0964253, 42.7967455 ], [ -80.0974703, 42.7978866 ], [ -80.0984717, 42.7989801 ], [ -80.0994534, 42.800052 ], [ -80.1004154, 42.8011024 ], [ -80.101427, 42.8020651 ], [ -80.1028958, 42.8022182 ], [ -80.1041391, 42.8023478 ], [ -80.1051995, 42.8024584 ], [ -80.1061046, 42.8025527 ], [ -80.1068544, 42.8026309 ], [ -80.1074808, 42.8026962 ], [ -80.1079887, 42.8027491 ], [ -80.1084256, 42.8027947 ], [ -80.1087889, 42.8028325 ], [ -80.1091033, 42.8028653 ], [ -80.1094082, 42.8028971 ], [ -80.1097205, 42.8029296 ], [ -80.1100407, 42.802963 ], [ -80.1103627, 42.8029966 ], [ -80.1107005, 42.8030318 ], [ -80.1110507, 42.8030683 ], [ -80.1113618, 42.8030923 ], [ -80.1115612, 42.8029826 ], [ -80.1117006, 42.802834 ], [ -80.1118232, 42.8027034 ], [ -80.1119524, 42.8025655 ], [ -80.1120972, 42.8024112 ], [ -80.1122621, 42.8022355 ], [ -80.1124655, 42.8020186 ], [ -80.1127084, 42.8017598 ], [ -80.112999, 42.8014499 ], [ -80.1133572, 42.8010681 ], [ -80.113791, 42.8006057 ], [ -80.1143215, 42.8000402 ], [ -80.1149673, 42.7993518 ], [ -80.1157573, 42.7985096 ], [ -80.1167215, 42.7974818 ], [ -80.1181795, 42.7964315 ], [ -80.1202441, 42.7953808 ], [ -80.1226674, 42.7941475 ], [ -80.1248538, 42.7930348 ], [ -80.1267366, 42.7921738 ], [ -80.1281068, 42.7932079 ], [ -80.1292784, 42.7940991 ], [ -80.1302971, 42.7948742 ], [ -80.131204, 42.7955641 ], [ -80.1320407, 42.7962007 ], [ -80.1328419, 42.7968102 ], [ -80.1338333, 42.7969759 ], [ -80.1347445, 42.7969935 ], [ -80.1355177, 42.7970085 ], [ -80.1361503, 42.7970207 ], [ -80.1366657, 42.7970307 ], [ -80.1370889, 42.7970389 ], [ -80.1374374, 42.7970457 ], [ -80.1377247, 42.7970512 ], [ -80.1379622, 42.7970558 ], [ -80.1381636, 42.7970597 ], [ -80.1383614, 42.7970635 ], [ -80.1385601, 42.7970674 ], [ -80.1387954, 42.7970719 ], [ -80.1390844, 42.7970775 ], [ -80.1394391, 42.7970844 ], [ -80.1398744, 42.7970928 ], [ -80.1403918, 42.7970856 ], [ -80.1408639, 42.7967898 ], [ -80.1414107, 42.796423 ], [ -80.1420535, 42.7959919 ], [ -80.142811, 42.7954838 ], [ -80.1437012, 42.7948866 ], [ -80.144768, 42.7941711 ], [ -80.1459935, 42.7933491 ], [ -80.1473355, 42.7924488 ], [ -80.1487931, 42.791471 ], [ -80.1507427, 42.7909162 ], [ -80.1532999, 42.7906331 ], [ -80.1563794, 42.7902921 ], [ -80.1601274, 42.7901519 ], [ -80.1646923, 42.7903138 ], [ -80.1688289, 42.7891813 ], [ -80.1725309, 42.7881841 ], [ -80.1759932, 42.7878834 ], [ -80.1790568, 42.7876173 ], [ -80.1815576, 42.7879708 ], [ -80.1832116, 42.7892075 ], [ -80.1845783, 42.7902293 ], [ -80.1857034, 42.7910705 ], [ -80.1866337, 42.791766 ], [ -80.1874059, 42.7923434 ], [ -80.1880448, 42.7928211 ], [ -80.1885762, 42.7932183 ], [ -80.1890226, 42.7935445 ], [ -80.1894278, 42.7937764 ], [ -80.1897631, 42.7939683 ], [ -80.1900336, 42.7941231 ], [ -80.1902658, 42.794256 ], [ -80.1904538, 42.7943635 ], [ -80.1906103, 42.7944531 ], [ -80.1907826, 42.7945517 ], [ -80.1909355, 42.7946392 ], [ -80.1910933, 42.7947294 ], [ -80.1912661, 42.7948283 ], [ -80.191459, 42.7949387 ], [ -80.1916846, 42.7950678 ], [ -80.1919423, 42.7952153 ], [ -80.1922401, 42.7953856 ], [ -80.1925873, 42.7955843 ], [ -80.1929905, 42.7958151 ], [ -80.1934537, 42.7960801 ], [ -80.1940481, 42.7961581 ], [ -80.1946954, 42.7959587 ], [ -80.1953722, 42.7957502 ], [ -80.1960982, 42.7955266 ], [ -80.1969093, 42.7952768 ], [ -80.1978458, 42.7949883 ], [ -80.1988448, 42.7946806 ], [ -80.1997599, 42.7943988 ], [ -80.2006185, 42.7941343 ], [ -80.2013429, 42.7939112 ], [ -80.2019381, 42.7937279 ], [ -80.202338, 42.793485 ], [ -80.2025925, 42.7932138 ], [ -80.2028114, 42.7929805 ], [ -80.2029918, 42.7927884 ], [ -80.2031434, 42.7926269 ], [ -80.203272, 42.7924898 ], [ -80.2033794, 42.7923755 ], [ -80.2034854, 42.7922626 ], [ -80.2036142, 42.7921254 ], [ -80.2037589, 42.7919712 ], [ -80.203936, 42.7917826 ], [ -80.2041467, 42.791558 ], [ -80.2043967, 42.7912916 ], [ -80.2046945, 42.7909743 ], [ -80.2050514, 42.7905942 ], [ -80.2054831, 42.7901341 ], [ -80.2060087, 42.7895741 ], [ -80.2066478, 42.7888933 ], [ -80.2074255, 42.7880646 ], [ -80.2083742, 42.7870538 ], [ -80.2093538, 42.7860101 ], [ -80.21018, 42.7851297 ], [ -80.2112763, 42.7848185 ], [ -80.2122432, 42.7846383 ], [ -80.2130351, 42.7844908 ], [ -80.2136853, 42.7843696 ], [ -80.2142163, 42.7842707 ], [ -80.2146604, 42.7841879 ], [ -80.2150298, 42.7841191 ], [ -80.2153367, 42.784062 ], [ -80.2155999, 42.7840129 ], [ -80.2158264, 42.7839707 ], [ -80.2160176, 42.7839351 ], [ -80.2162422, 42.7838932 ], [ -80.2165098, 42.7838434 ], [ -80.2167905, 42.7837911 ], [ -80.2171111, 42.7837314 ], [ -80.2174818, 42.7836623 ], [ -80.2179063, 42.7835557 ], [ -80.2183545, 42.7833786 ], [ -80.2188751, 42.7831729 ], [ -80.2194999, 42.782926 ], [ -80.2202221, 42.7826407 ], [ -80.2209844, 42.7823395 ], [ -80.2218164, 42.7820108 ], [ -80.2227369, 42.781647 ], [ -80.2237654, 42.7812407 ], [ -80.2249224, 42.7807835 ], [ -80.2261846, 42.7802848 ], [ -80.2276044, 42.7797237 ], [ -80.2289336, 42.778808 ], [ -80.230419, 42.7776438 ], [ -80.2319175, 42.7764691 ], [ -80.233143, 42.7755086 ], [ -80.2341528, 42.7747171 ], [ -80.2349786, 42.7740697 ], [ -80.2356572, 42.7735378 ], [ -80.2362115, 42.7731032 ], [ -80.2366654, 42.7727475 ], [ -80.2370396, 42.7724541 ], [ -80.2373041, 42.772204 ], [ -80.2374281, 42.7719408 ], [ -80.2375356, 42.7717128 ], [ -80.2376325, 42.7715072 ], [ -80.2377138, 42.7713347 ], [ -80.2377804, 42.7711934 ], [ -80.2378414, 42.7710641 ], [ -80.237907, 42.7709249 ], [ -80.2379755, 42.7707797 ], [ -80.2380515, 42.7706182 ], [ -80.238141, 42.7704284 ], [ -80.2382428, 42.7702127 ], [ -80.2383633, 42.7699569 ], [ -80.2385054, 42.7696555 ], [ -80.2386726, 42.7693008 ], [ -80.2388731, 42.7688755 ], [ -80.2391154, 42.7683614 ], [ -80.2394112, 42.7677338 ], [ -80.2397698, 42.7669732 ], [ -80.2402062, 42.7660472 ], [ -80.240756, 42.7649206 ], [ -80.2421502, 42.763889 ], [ -80.2438593, 42.7626501 ], [ -80.2459101, 42.7611636 ], [ -80.2478025, 42.7597918 ], [ -80.2494841, 42.7587836 ], [ -80.2508738, 42.7579721 ], [ -80.2520141, 42.7573062 ], [ -80.2529473, 42.7567613 ], [ -80.2537144, 42.7563133 ], [ -80.2543415, 42.7559471 ], [ -80.254856, 42.7556502 ], [ -80.2553013, 42.7554369 ], [ -80.2556698, 42.755261 ], [ -80.2559681, 42.7551185 ], [ -80.2562118, 42.7550021 ], [ -80.2564157, 42.7549047 ], [ -80.2565947, 42.7548192 ], [ -80.2567519, 42.7547442 ], [ -80.2569263, 42.7546608 ], [ -80.2571101, 42.7545731 ], [ -80.2572965, 42.7544841 ], [ -80.2575161, 42.7543792 ], [ -80.2577892, 42.7542488 ], [ -80.2581101, 42.7540955 ], [ -80.258498, 42.7539102 ], [ -80.258957, 42.753691 ], [ -80.2594962, 42.7534335 ], [ -80.2601334, 42.7531292 ], [ -80.2609056, 42.7527604 ], [ -80.2618374, 42.7523154 ], [ -80.2627388, 42.7515961 ], [ -80.2637192, 42.7506377 ], [ -80.2648921, 42.749491 ], [ -80.2663014, 42.7481134 ], [ -80.2680063, 42.7464466 ], [ -80.269797, 42.7446615 ], [ -80.2708087, 42.7429891 ], [ -80.2716371, 42.7416196 ], [ -80.2723169, 42.7404958 ], [ -80.272872, 42.7395781 ], [ -80.2733276, 42.7388248 ], [ -80.2737013, 42.738207 ], [ -80.2740089, 42.7376983 ], [ -80.2742602, 42.7372829 ], [ -80.2744682, 42.736939 ], [ -80.2746428, 42.7366504 ], [ -80.2748133, 42.7364158 ], [ -80.2750146, 42.7362652 ], [ -80.2751879, 42.7361421 ], [ -80.2753477, 42.7360287 ], [ -80.2754873, 42.7359295 ], [ -80.275655, 42.7358105 ], [ -80.2758491, 42.7356727 ], [ -80.276065, 42.7355193 ], [ -80.2763139, 42.7353426 ], [ -80.276608, 42.7351338 ], [ -80.2769284, 42.7349063 ], [ -80.2772654, 42.7346669 ], [ -80.277643, 42.734399 ], [ -80.2780747, 42.7340923 ], [ -80.2785736, 42.7337381 ], [ -80.279159, 42.7333224 ], [ -80.2798405, 42.7328385 ], [ -80.2806346, 42.7322662 ], [ -80.2814601, 42.7314996 ], [ -80.2824459, 42.7305783 ], [ -80.2836093, 42.7294909 ], [ -80.2849769, 42.7282127 ], [ -80.286546, 42.7267461 ], [ -80.2877952, 42.7254083 ], [ -80.2887364, 42.7242694 ], [ -80.289507, 42.7233367 ], [ -80.290138, 42.7225731 ], [ -80.2906551, 42.7219473 ], [ -80.2910801, 42.7214329 ], [ -80.2915126, 42.7210581 ], [ -80.2919232, 42.7207848 ], [ -80.2922596, 42.7205609 ], [ -80.2925341, 42.7203782 ], [ -80.2927615, 42.7202268 ], [ -80.2929422, 42.7201066 ], [ -80.2931055, 42.7199979 ], [ -80.2932583, 42.7198961 ], [ -80.293434, 42.7197792 ], [ -80.2936401, 42.719642 ], [ -80.2938825, 42.7194807 ], [ -80.2941688, 42.71929 ], [ -80.2945171, 42.7190582 ], [ -80.2949296, 42.7187836 ], [ -80.2954319, 42.7184493 ], [ -80.2960249, 42.7180545 ], [ -80.2967373, 42.7175803 ], [ -80.2975979, 42.7170074 ], [ -80.2986314, 42.7163195 ], [ -80.2998738, 42.7154924 ], [ -80.301351, 42.714521 ], [ -80.3030543, 42.713635 ], [ -80.3044603, 42.7129039 ], [ -80.3056169, 42.7123025 ], [ -80.3065663, 42.7118088 ], [ -80.3073469, 42.7114029 ], [ -80.3079654, 42.7110472 ], [ -80.3084176, 42.7107042 ], [ -80.3087884, 42.7104229 ], [ -80.3090962, 42.7101895 ], [ -80.3093479, 42.7099986 ], [ -80.3095614, 42.7098366 ], [ -80.3097439, 42.7096981 ], [ -80.3099012, 42.7095788 ], [ -80.3100406, 42.709473 ], [ -80.3102057, 42.7093479 ], [ -80.3104033, 42.709198 ], [ -80.3106432, 42.709016 ], [ -80.3109332, 42.708796 ], [ -80.3112677, 42.7085424 ], [ -80.3116571, 42.708247 ], [ -80.3121096, 42.7079037 ], [ -80.3126405, 42.7075011 ], [ -80.3132714, 42.7070224 ], [ -80.3140116, 42.7064609 ], [ -80.3148835, 42.7057996 ], [ -80.3157115, 42.7049169 ], [ -80.3166643, 42.7038532 ], [ -80.3178052, 42.7025796 ], [ -80.3191772, 42.7010478 ], [ -80.3208167, 42.6992176 ], [ -80.3232068, 42.6973414 ], [ -80.326617, 42.6958298 ], [ -80.329592, 42.694586 ], [ -80.3321422, 42.6936289 ], [ -80.3343027, 42.6928179 ], [ -80.3361631, 42.6921197 ], [ -80.3378035, 42.691504 ], [ -80.3392852, 42.6909369 ], [ -80.3406737, 42.6903908 ], [ -80.3420344, 42.6898556 ], [ -80.3434338, 42.6893051 ], [ -80.3448814, 42.6887357 ], [ -80.3464058, 42.6881362 ], [ -80.3480505, 42.6874729 ], [ -80.3498528, 42.6867346 ], [ -80.351554, 42.6860376 ], [ -80.3530733, 42.6854153 ], [ -80.3544694, 42.6848433 ], [ -80.3557596, 42.6843148 ], [ -80.356976, 42.6838164 ], [ -80.3581562, 42.683333 ], [ -80.3593394, 42.6828369 ], [ -80.3605684, 42.6823177 ], [ -80.3617708, 42.6818096 ], [ -80.3627722, 42.6813866 ], [ -80.3636072, 42.6810338 ], [ -80.3643005, 42.6807409 ], [ -80.3648832, 42.6804947 ], [ -80.3653698, 42.6802856 ], [ -80.3657737, 42.6800897 ], [ -80.3661407, 42.6799118 ], [ -80.366473, 42.6797507 ], [ -80.3667619, 42.6796106 ], [ -80.3670034, 42.6794935 ], [ -80.3672395, 42.679379 ], [ -80.3674853, 42.6792598 ], [ -80.3677293, 42.6791415 ], [ -80.3679519, 42.6790336 ], [ -80.3681406, 42.6789421 ], [ -80.3683033, 42.6788632 ], [ -80.3684942, 42.6787707 ], [ -80.3686783, 42.6786814 ], [ -80.3688723, 42.6785874 ], [ -80.3690747, 42.6784892 ], [ -80.3692667, 42.6783961 ], [ -80.3694586, 42.678303 ], [ -80.3696581, 42.6782063 ], [ -80.3698662, 42.6781054 ], [ -80.3700455, 42.6780185 ], [ -80.3702183, 42.6779346 ], [ -80.3704212, 42.6778363 ], [ -80.3706207, 42.6777395 ], [ -80.3708276, 42.6776393 ], [ -80.3710281, 42.677542 ], [ -80.3712302, 42.677444 ], [ -80.3714453, 42.6773397 ], [ -80.3716541, 42.6772384 ], [ -80.3718985, 42.67712 ], [ -80.3721758, 42.6769855 ], [ -80.3725114, 42.6768228 ], [ -80.372907, 42.676631 ], [ -80.3733718, 42.6764056 ], [ -80.3739245, 42.6761375 ], [ -80.3745798, 42.67582 ], [ -80.3753643, 42.675442 ], [ -80.3763107, 42.6749861 ], [ -80.3774562, 42.6744343 ], [ -80.3788524, 42.6737618 ], [ -80.3805074, 42.6729011 ], [ -80.3824665, 42.6717951 ], [ -80.3848515, 42.6704485 ], [ -80.3877037, 42.6687775 ], [ -80.3907759, 42.6667212 ], [ -80.3934565, 42.6649354 ], [ -80.3958428, 42.6635207 ], [ -80.3978945, 42.6623041 ], [ -80.3996662, 42.6612537 ], [ -80.4011268, 42.6603877 ], [ -80.4023435, 42.6596971 ], [ -80.4033612, 42.6591497 ], [ -80.4041992, 42.6586988 ], [ -80.4048884, 42.658328 ], [ -80.4054514, 42.658025 ], [ -80.4059179, 42.6577741 ], [ -80.406308, 42.6575642 ], [ -80.406642, 42.6573845 ], [ -80.406926, 42.6572321 ], [ -80.4071738, 42.6571053 ], [ -80.4073795, 42.657001 ], [ -80.407563, 42.6569077 ], [ -80.4077265, 42.6568248 ], [ -80.4079195, 42.6567268 ], [ -80.408159, 42.6566052 ], [ -80.4084388, 42.6564632 ], [ -80.4087584, 42.6563009 ], [ -80.4090838, 42.6561357 ], [ -80.4093923, 42.655979 ], [ -80.4097102, 42.6558177 ], [ -80.4100468, 42.6556467 ], [ -80.4104322, 42.6554511 ], [ -80.4108883, 42.6552195 ], [ -80.4114226, 42.6549483 ], [ -80.4120659, 42.6546217 ], [ -80.4128377, 42.6542298 ], [ -80.4137681, 42.6537536 ], [ -80.4148222, 42.653103 ], [ -80.4160992, 42.6523112 ], [ -80.4176528, 42.6513478 ], [ -80.4195442, 42.6501749 ], [ -80.4218495, 42.6487454 ], [ -80.4245269, 42.6470322 ], [ -80.427327, 42.6451717 ], [ -80.4302381, 42.6432374 ], [ -80.4328312, 42.640964 ], [ -80.4355781, 42.6384515 ], [ -80.4386069, 42.6356015 ], [ -80.4422295, 42.6325655 ], [ -80.4462296, 42.6301766 ], [ -80.450237, 42.6289768 ], [ -80.4535482, 42.6279853 ], [ -80.4564329, 42.6276876 ], [ -80.4588562, 42.6276359 ], [ -80.4608404, 42.6275937 ], [ -80.462457, 42.6275592 ], [ -80.4635735, 42.627863 ], [ -80.464221, 42.628603 ], [ -80.4648251, 42.6292932 ], [ -80.4654142, 42.6299663 ], [ -80.4660176, 42.6306559 ], [ -80.4666604, 42.6313904 ], [ -80.4673429, 42.6321703 ], [ -80.4680954, 42.63303 ], [ -80.4691474, 42.6332406 ], [ -80.4702554, 42.6326563 ], [ -80.4711751, 42.6321712 ], [ -80.4719436, 42.6317659 ], [ -80.4725934, 42.6314231 ], [ -80.4731363, 42.6311368 ], [ -80.4735816, 42.6309019 ], [ -80.4739513, 42.630707 ], [ -80.4742604, 42.630544 ], [ -80.4745252, 42.6304043 ], [ -80.4747592, 42.6302808 ], [ -80.4749694, 42.63017 ], [ -80.4751569, 42.6300711 ], [ -80.4753183, 42.629986 ], [ -80.475482, 42.6298997 ], [ -80.4756417, 42.6298155 ], [ -80.4758042, 42.6297298 ], [ -80.4759853, 42.6296343 ], [ -80.4761937, 42.6295244 ], [ -80.4764468, 42.6293908 ], [ -80.476739, 42.6292367 ], [ -80.4770752, 42.6290594 ], [ -80.4774464, 42.6288636 ], [ -80.4778719, 42.6286392 ], [ -80.4783369, 42.6283569 ], [ -80.4785352, 42.6278454 ], [ -80.4787666, 42.6272143 ], [ -80.4790493, 42.6264432 ], [ -80.4793936, 42.6255046 ], [ -80.4797966, 42.6244054 ], [ -80.4802243, 42.623239 ], [ -80.4806902, 42.6219685 ], [ -80.4821607, 42.6209981 ], [ -80.4839946, 42.6200964 ], [ -80.4855271, 42.619343 ], [ -80.4868091, 42.6187126 ], [ -80.4879748, 42.6183173 ], [ -80.4890162, 42.6181402 ], [ -80.489874, 42.6179943 ], [ -80.4905805, 42.6178742 ], [ -80.4911663, 42.6177746 ], [ -80.4916532, 42.6176918 ], [ -80.4920695, 42.617621 ], [ -80.4924193, 42.6175615 ], [ -80.4927149, 42.6175112 ], [ -80.4929458, 42.617472 ], [ -80.4931436, 42.6174383 ], [ -80.4933693, 42.6173999 ], [ -80.4936263, 42.6173563 ], [ -80.4939385, 42.6173031 ], [ -80.4943207, 42.6172382 ], [ -80.4947819, 42.6171598 ], [ -80.4953362, 42.6170655 ], [ -80.4959773, 42.6169565 ], [ -80.4966969, 42.6168341 ], [ -80.4974914, 42.616699 ], [ -80.4984045, 42.6166951 ], [ -80.4994936, 42.616738 ], [ -80.5007576, 42.6167878 ], [ -80.501848, 42.6168308 ], [ -80.5027436, 42.616866 ], [ -80.5034867, 42.6168954 ], [ -80.5040917, 42.6169192 ], [ -80.5045745, 42.6168877 ], [ -80.5049482, 42.6167694 ], [ -80.505257, 42.6166716 ], [ -80.5055148, 42.6165901 ], [ -80.5057287, 42.6165223 ], [ -80.5059269, 42.6164596 ], [ -80.5061287, 42.6163958 ], [ -80.5063594, 42.6163227 ], [ -80.5065516, 42.6162619 ], [ -80.5067339, 42.6162042 ], [ -80.506941, 42.6161387 ], [ -80.5071734, 42.6160651 ], [ -80.507445, 42.6159792 ], [ -80.5077825, 42.6158723 ], [ -80.5081828, 42.6157456 ], [ -80.5086714, 42.6155909 ], [ -80.5092681, 42.6154021 ], [ -80.5099959, 42.6151717 ], [ -80.5108901, 42.6148887 ], [ -80.5119763, 42.6145449 ], [ -80.5130886, 42.6141928 ], [ -80.5140188, 42.6138984 ], [ -80.5147873, 42.6138195 ], [ -80.5154174, 42.6142684 ], [ -80.5160551, 42.6147226 ], [ -80.5166791, 42.6151672 ], [ -80.5173085, 42.6156156 ], [ -80.5179262, 42.6160556 ], [ -80.51855, 42.6165 ], [ -80.5191741, 42.6169446 ], [ -80.519786, 42.6173804 ], [ -80.5204061, 42.6178222 ], [ -80.5210564, 42.6182854 ], [ -80.5217529, 42.6187861 ], [ -80.5224636, 42.6193296 ], [ -80.5232249, 42.6199117 ], [ -80.52403, 42.6205273 ], [ -80.5248511, 42.6211551 ], [ -80.5256574, 42.6217716 ], [ -80.5264456, 42.6223742 ], [ -80.5271688, 42.6229272 ], [ -80.5278232, 42.6234275 ], [ -80.5284425, 42.6239011 ], [ -80.529049, 42.6243648 ], [ -80.5296632, 42.6248343 ], [ -80.5302774, 42.6253039 ], [ -80.5307081, 42.6258479 ], [ -80.531088, 42.6263949 ], [ -80.5314516, 42.6269183 ], [ -80.5318176, 42.6274453 ], [ -80.5322008, 42.627997 ], [ -80.5325833, 42.6285477 ], [ -80.5329698, 42.6291041 ], [ -80.5333678, 42.6296771 ], [ -80.5337476, 42.6302238 ], [ -80.5341118, 42.6307483 ], [ -80.5344414, 42.6312229 ], [ -80.5347431, 42.6316571 ], [ -80.5350242, 42.6320617 ], [ -80.5353055, 42.6324667 ], [ -80.5356002, 42.6328911 ], [ -80.5358353, 42.6333616 ], [ -80.5358423, 42.6338354 ], [ -80.5358492, 42.6342932 ], [ -80.5358559, 42.6347481 ], [ -80.5358621, 42.6351702 ], [ -80.5358677, 42.635545 ], [ -80.5358728, 42.6358872 ], [ -80.5358776, 42.636209 ], [ -80.5358823, 42.6365319 ], [ -80.5358874, 42.6368775 ], [ -80.5358932, 42.6372642 ], [ -80.5358996, 42.6376956 ], [ -80.5359067, 42.6381753 ], [ -80.5359143, 42.6386877 ], [ -80.5359227, 42.6392562 ], [ -80.535931, 42.6398157 ], [ -80.5359382, 42.6403016 ], [ -80.5359448, 42.6407498 ], [ -80.5359512, 42.6411768 ], [ -80.5359574, 42.6416002 ], [ -80.5359639, 42.6420354 ], [ -80.5359702, 42.6424601 ], [ -80.5359764, 42.6428739 ], [ -80.5359753, 42.6432683 ], [ -80.5359501, 42.6436631 ], [ -80.5359276, 42.6440124 ], [ -80.5359076, 42.6443231 ], [ -80.5358886, 42.6446165 ], [ -80.5358697, 42.6449083 ], [ -80.5358503, 42.6452097 ], [ -80.5358287, 42.6455443 ], [ -80.5358043, 42.6459227 ], [ -80.5357789, 42.646316 ], [ -80.5357531, 42.6467157 ], [ -80.5357266, 42.6471252 ], [ -80.5356981, 42.6475688 ], [ -80.5356656, 42.6480707 ], [ -80.5356275, 42.6486623 ], [ -80.5355817, 42.6493702 ], [ -80.5355272, 42.6502153 ], [ -80.5354722, 42.6510662 ], [ -80.5354213, 42.651856 ], [ -80.5353729, 42.6526057 ], [ -80.5353296, 42.6532771 ], [ -80.5352917, 42.6538635 ], [ -80.5352577, 42.6543901 ], [ -80.5352258, 42.6548842 ], [ -80.5351949, 42.6553621 ], [ -80.535186, 42.6558382 ], [ -80.5354347, 42.6562589 ], [ -80.5356703, 42.6566301 ], [ -80.535879, 42.6569589 ], [ -80.536071, 42.6572613 ], [ -80.5362557, 42.6575525 ], [ -80.5364332, 42.6578318 ], [ -80.5366066, 42.6581052 ], [ -80.5367558, 42.6583402 ], [ -80.5368816, 42.6585384 ], [ -80.5369898, 42.6587089 ], [ -80.5370887, 42.6588645 ], [ -80.5371836, 42.6590141 ], [ -80.5372842, 42.6591725 ], [ -80.5373736, 42.6593134 ], [ -80.5374584, 42.6594471 ], [ -80.5375474, 42.6595872 ], [ -80.537648, 42.6597457 ], [ -80.5377369, 42.6598856 ], [ -80.5378142, 42.6600076 ], [ -80.537893, 42.6601317 ], [ -80.5379893, 42.6602833 ], [ -80.5380843, 42.6604329 ], [ -80.5381842, 42.6605903 ], [ -80.5382789, 42.6607397 ], [ -80.5383626, 42.6608713 ], [ -80.5384431, 42.6609981 ], [ -80.5385303, 42.6611356 ], [ -80.5386251, 42.661285 ], [ -80.5387284, 42.6614475 ], [ -80.5388401, 42.6616236 ], [ -80.5389639, 42.6618187 ], [ -80.5391066, 42.6620434 ], [ -80.5392765, 42.6623111 ], [ -80.5394753, 42.6626243 ], [ -80.5397051, 42.6629862 ], [ -80.539975, 42.6634114 ], [ -80.5402817, 42.6638944 ], [ -80.5406285, 42.6644407 ], [ -80.5410315, 42.6650754 ], [ -80.5415056, 42.6658223 ], [ -80.542155, 42.6655687 ], [ -80.5427403, 42.6649606 ], [ -80.5432242, 42.664458 ], [ -80.5436243, 42.6640423 ], [ -80.5439597, 42.6636939 ], [ -80.5442407, 42.663402 ], [ -80.5444707, 42.663163 ], [ -80.5446603, 42.662966 ], [ -80.5448143, 42.6628061 ], [ -80.544939, 42.6626765 ], [ -80.5450481, 42.6625632 ], [ -80.5451737, 42.6624326 ], [ -80.5453079, 42.6622933 ], [ -80.5454731, 42.6621216 ], [ -80.5456826, 42.661904 ], [ -80.5459332, 42.6616436 ], [ -80.5462407, 42.6613242 ], [ -80.5466103, 42.6609403 ], [ -80.5470591, 42.6604739 ], [ -80.5470067, 42.6598057 ], [ -80.5468878, 42.659 ], [ -80.5467491, 42.658059 ], [ -80.546624, 42.6572107 ], [ -80.5465202, 42.6565061 ], [ -80.5464343, 42.6559237 ], [ -80.5463608, 42.6554253 ], [ -80.5462986, 42.655003 ], [ -80.5462439, 42.6546328 ], [ -80.546192, 42.6542808 ], [ -80.5461413, 42.6539367 ], [ -80.5460911, 42.6535964 ], [ -80.5460463, 42.6532927 ], [ -80.5460078, 42.6530311 ], [ -80.5459741, 42.6528025 ], [ -80.5459463, 42.6526145 ], [ -80.5459223, 42.6524516 ], [ -80.5458994, 42.6522961 ], [ -80.5458783, 42.6521533 ], [ -80.5458571, 42.6520093 ], [ -80.5458356, 42.6518639 ], [ -80.5458138, 42.6517159 ], [ -80.5457911, 42.6515613 ], [ -80.5457639, 42.6513768 ], [ -80.5457312, 42.6511554 ], [ -80.5456907, 42.6508803 ], [ -80.545641, 42.6505431 ], [ -80.5455873, 42.6501789 ], [ -80.5455407, 42.6498637 ], [ -80.5455013, 42.6495961 ], [ -80.5454676, 42.6493672 ], [ -80.5454372, 42.6491616 ], [ -80.5454086, 42.6489669 ], [ -80.545381, 42.6487802 ], [ -80.5453537, 42.648595 ], [ -80.5453246, 42.6483975 ], [ -80.5452918, 42.6481753 ], [ -80.5452198, 42.6479529 ], [ -80.5451078, 42.6477373 ], [ -80.544984, 42.6474988 ], [ -80.5448374, 42.6472165 ], [ -80.5446724, 42.6468988 ], [ -80.5444836, 42.6465352 ], [ -80.5442649, 42.6461137 ], [ -80.5440062, 42.6456157 ], [ -80.5437109, 42.6450469 ], [ -80.5433668, 42.6443841 ], [ -80.5429853, 42.6436494 ], [ -80.542718, 42.642978 ], [ -80.5427484, 42.642314 ], [ -80.5427786, 42.6416565 ], [ -80.5428075, 42.6410236 ], [ -80.5428341, 42.6404434 ], [ -80.5428597, 42.6398847 ], [ -80.5428852, 42.639327 ], [ -80.5429111, 42.6387629 ], [ -80.5429373, 42.6381909 ], [ -80.5429638, 42.6376112 ], [ -80.5429908, 42.6370225 ], [ -80.5430193, 42.6363999 ], [ -80.5430498, 42.6357337 ], [ -80.5430792, 42.6350926 ], [ -80.5429579, 42.6345382 ], [ -80.54268, 42.6340845 ], [ -80.5424327, 42.6336806 ], [ -80.5422049, 42.6333088 ], [ -80.5419833, 42.6329468 ], [ -80.541757, 42.6325774 ], [ -80.5415156, 42.632183 ], [ -80.5412756, 42.6317912 ], [ -80.5410274, 42.6313859 ], [ -80.5407628, 42.6309538 ], [ -80.5404955, 42.6305174 ], [ -80.5401834, 42.630069 ], [ -80.5398693, 42.629635 ], [ -80.5395852, 42.6292424 ], [ -80.5393143, 42.6288681 ], [ -80.5390606, 42.6285175 ], [ -80.5388059, 42.6281655 ], [ -80.5385595, 42.627825 ], [ -80.5383158, 42.6274882 ], [ -80.538074, 42.6271542 ], [ -80.5378417, 42.6268331 ], [ -80.5376053, 42.6265065 ], [ -80.5373603, 42.6261679 ], [ -80.5371153, 42.6258293 ], [ -80.5368596, 42.625476 ], [ -80.5366, 42.6251173 ], [ -80.5363362, 42.6247527 ], [ -80.5360635, 42.6243758 ], [ -80.535787, 42.6239937 ], [ -80.5355272, 42.6236347 ], [ -80.5352785, 42.6232909 ], [ -80.5350229, 42.6229377 ], [ -80.5347698, 42.6225879 ], [ -80.5345145, 42.6222352 ], [ -80.5342493, 42.6218685 ], [ -80.5339773, 42.6214928 ], [ -80.5336774, 42.6211207 ], [ -80.5333153, 42.6207699 ], [ -80.532956, 42.6204219 ], [ -80.5326035, 42.6200804 ], [ -80.5322881, 42.6197749 ], [ -80.5319998, 42.6194958 ], [ -80.5317233, 42.6192278 ], [ -80.5314468, 42.6189601 ], [ -80.5311722, 42.6186941 ], [ -80.5308962, 42.6184268 ], [ -80.5306226, 42.6181617 ], [ -80.5303473, 42.6178951 ], [ -80.5300771, 42.6176333 ], [ -80.5298027, 42.6173675 ], [ -80.5295312, 42.6171045 ], [ -80.5292588, 42.6168406 ], [ -80.528995, 42.6165852 ], [ -80.5287237, 42.6163223 ], [ -80.5284608, 42.6160676 ], [ -80.528187, 42.6158024 ], [ -80.5278921, 42.6155167 ], [ -80.5275514, 42.6151867 ], [ -80.5271552, 42.6148029 ], [ -80.5270601, 42.6143069 ], [ -80.5271492, 42.6137126 ], [ -80.5272513, 42.6130309 ], [ -80.5273697, 42.6122411 ], [ -80.5274958, 42.6114001 ], [ -80.527603, 42.6106853 ], [ -80.527694, 42.6100785 ], [ -80.527772, 42.6095584 ], [ -80.5278392, 42.60911 ], [ -80.5279009, 42.6086986 ], [ -80.5279564, 42.6083278 ], [ -80.5280061, 42.6079966 ], [ -80.5280518, 42.6076916 ], [ -80.5280925, 42.6074204 ], [ -80.5281295, 42.6071731 ], [ -80.5281642, 42.6069417 ], [ -80.5281964, 42.6067268 ], [ -80.5282276, 42.6065189 ], [ -80.5282585, 42.6063125 ], [ -80.5282883, 42.6061141 ], [ -80.5283165, 42.6059255 ], [ -80.5283413, 42.6057602 ], [ -80.5283628, 42.605617 ], [ -80.5283849, 42.6054694 ], [ -80.5284088, 42.6053102 ], [ -80.5284326, 42.6051513 ], [ -80.5284563, 42.604993 ], [ -80.5284801, 42.6048347 ], [ -80.5285034, 42.6046793 ], [ -80.5285245, 42.6045385 ], [ -80.5285486, 42.6043769 ], [ -80.528576, 42.604195 ], [ -80.528603, 42.6040145 ], [ -80.5286318, 42.6038222 ], [ -80.5286636, 42.6036099 ], [ -80.5286955, 42.6033977 ], [ -80.5287272, 42.6031856 ], [ -80.5287664, 42.602963 ], [ -80.5289153, 42.6027576 ], [ -80.5290986, 42.6025825 ], [ -80.5292669, 42.6024216 ], [ -80.5294322, 42.6022634 ], [ -80.5295796, 42.6021226 ], [ -80.5297059, 42.6020017 ], [ -80.5298255, 42.6018875 ], [ -80.5299599, 42.6017589 ], [ -80.5301133, 42.6016123 ], [ -80.5302578, 42.6014741 ], [ -80.5304044, 42.6013339 ], [ -80.5305661, 42.6011793 ], [ -80.5307467, 42.6010065 ], [ -80.530949, 42.6008131 ], [ -80.5311782, 42.6005939 ], [ -80.5314456, 42.6003382 ], [ -80.5317533, 42.600044 ], [ -80.5320743, 42.5997372 ], [ -80.5324311, 42.599396 ], [ -80.5328298, 42.5990148 ], [ -80.5332894, 42.5985753 ], [ -80.533824, 42.598064 ], [ -80.5344574, 42.5974584 ], [ -80.5352078, 42.5967408 ], [ -80.5361784, 42.5959409 ], [ -80.5375674, 42.5951286 ], [ -80.539226, 42.5941587 ], [ -80.5409499, 42.5931505 ], [ -80.5428212, 42.5921549 ], [ -80.5448895, 42.5910782 ], [ -80.5470636, 42.5899465 ], [ -80.5490825, 42.5893537 ], [ -80.5510268, 42.5892352 ], [ -80.5527031, 42.5891331 ], [ -80.5541647, 42.5890441 ], [ -80.5554595, 42.5889651 ], [ -80.55658, 42.5888969 ], [ -80.5575369, 42.5888386 ], [ -80.5583283, 42.5887786 ], [ -80.5589156, 42.5885552 ], [ -80.5594043, 42.588358 ], [ -80.5598166, 42.5881917 ], [ -80.5601642, 42.5880514 ], [ -80.560466, 42.5879298 ], [ -80.5607365, 42.5878206 ], [ -80.560964, 42.5877288 ], [ -80.5611532, 42.5876525 ], [ -80.5613176, 42.5875862 ], [ -80.5614969, 42.5875139 ], [ -80.5616649, 42.5874461 ], [ -80.5618674, 42.5873643 ], [ -80.5621051, 42.5872685 ], [ -80.5623926, 42.5871525 ], [ -80.5627434, 42.587011 ], [ -80.563171, 42.5868385 ], [ -80.5636951, 42.5866271 ], [ -80.5643331, 42.5863697 ], [ -80.5651118, 42.5860556 ], [ -80.5659145, 42.5855518 ], [ -80.5666312, 42.5847504 ], [ -80.5674954, 42.5837843 ], [ -80.5685395, 42.5826168 ], [ -80.5698081, 42.5811983 ], [ -80.5720521, 42.5802999 ], [ -80.5747442, 42.5800209 ], [ -80.5770254, 42.5797845 ], [ -80.5789756, 42.5795824 ], [ -80.5805981, 42.5794332 ], [ -80.5817781, 42.5799573 ], [ -80.5827899, 42.5804163 ], [ -80.5836534, 42.5808081 ], [ -80.5843811, 42.5811381 ], [ -80.584998, 42.581418 ], [ -80.5855291, 42.5816589 ], [ -80.5859936, 42.5818696 ], [ -80.5863928, 42.5820313 ], [ -80.5867337, 42.5821653 ], [ -80.5870176, 42.5822769 ], [ -80.5872444, 42.5823661 ], [ -80.5874421, 42.5824438 ], [ -80.5876101, 42.5825099 ], [ -80.5877981, 42.5825838 ], [ -80.5879794, 42.5826551 ], [ -80.588171, 42.5827304 ], [ -80.5884026, 42.5828214 ], [ -80.5886691, 42.5829262 ], [ -80.5889675, 42.5830435 ], [ -80.589303, 42.5831754 ], [ -80.5896979, 42.5833307 ], [ -80.5901486, 42.5835079 ], [ -80.5905614, 42.5836701 ], [ -80.5909308, 42.5838154 ], [ -80.5912655, 42.583947 ], [ -80.5915769, 42.5840694 ], [ -80.5918823, 42.5841895 ], [ -80.5921763, 42.584305 ], [ -80.5924779, 42.5844236 ], [ -80.5927711, 42.5845389 ], [ -80.5930584, 42.5846519 ], [ -80.59336, 42.5847403 ], [ -80.5936423, 42.5845813 ], [ -80.5939759, 42.5843885 ], [ -80.5943811, 42.5841542 ], [ -80.5948727, 42.5838701 ], [ -80.5954758, 42.5835214 ], [ -80.5962072, 42.5830987 ], [ -80.5971014, 42.5825818 ], [ -80.5981905, 42.5819522 ], [ -80.599522, 42.5811824 ], [ -80.6011475, 42.5802428 ], [ -80.6034637, 42.5799981 ], [ -80.6063544, 42.5802314 ], [ -80.6097666, 42.5805251 ], [ -80.6138021, 42.5809244 ], [ -80.6184601, 42.5814402 ], [ -80.6227428, 42.582244 ], [ -80.6265366, 42.582956 ], [ -80.6297496, 42.5839754 ], [ -80.6326027, 42.5849876 ], [ -80.6351874, 42.5859045 ], [ -80.6375281, 42.5867349 ], [ -80.6397365, 42.587497 ], [ -80.6419098, 42.5882236 ], [ -80.6440745, 42.5889474 ], [ -80.6462719, 42.5897199 ], [ -80.6484687, 42.5905705 ], [ -80.6507706, 42.591462 ], [ -80.6532495, 42.5924218 ], [ -80.6559702, 42.5935086 ], [ -80.6590081, 42.594789 ], [ -80.6623902, 42.5962145 ], [ -80.6661843, 42.5978619 ], [ -80.6705422, 42.5997607 ], [ -80.6755743, 42.6017393 ], [ -80.681174, 42.6038742 ], [ -80.6863394, 42.6062295 ], [ -80.6909664, 42.6082143 ], [ -80.6948652, 42.609819 ], [ -80.6981058, 42.6111291 ], [ -80.7008011, 42.6122187 ], [ -80.7030573, 42.6131356 ], [ -80.7049709, 42.6139133 ], [ -80.7066201, 42.6145835 ], [ -80.707995, 42.6152015 ], [ -80.709131, 42.6157276 ], [ -80.7100755, 42.6161651 ], [ -80.7108571, 42.616527 ], [ -80.7114964, 42.616823 ], [ -80.7120292, 42.6170698 ], [ -80.7124646, 42.6172714 ], [ -80.7128185, 42.6174353 ], [ -80.7131144, 42.6175724 ], [ -80.7133631, 42.6176875 ], [ -80.7135621, 42.6177796 ], [ -80.7137461, 42.6178649 ], [ -80.7139076, 42.6179397 ], [ -80.7141075, 42.6180322 ], [ -80.7143341, 42.6181371 ], [ -80.714618, 42.6182686 ], [ -80.7149642, 42.618429 ], [ -80.7153855, 42.6186269 ], [ -80.7159009, 42.6188694 ], [ -80.716527, 42.619164 ], [ -80.7172859, 42.619521 ], [ -80.7182162, 42.6199586 ], [ -80.719347, 42.6204906 ], [ -80.7207335, 42.6211331 ], [ -80.722489, 42.6218381 ], [ -80.7246349, 42.6226999 ], [ -80.727256, 42.6237525 ], [ -80.7304382, 42.6250617 ], [ -80.734299, 42.6266914 ], [ -80.7386848, 42.6284787 ], [ -80.7431629, 42.629795 ], [ -80.7471525, 42.6312149 ], [ -80.7508855, 42.6325436 ], [ -80.7545141, 42.633838 ], [ -80.7580542, 42.6351033 ], [ -80.7613842, 42.6362936 ], [ -80.7646121, 42.6373204 ], [ -80.7678382, 42.6382035 ], [ -80.7711278, 42.639038 ], [ -80.7744802, 42.6398069 ], [ -80.7774542, 42.6404889 ], [ -80.7800546, 42.6410854 ], [ -80.7822548, 42.6417019 ], [ -80.7839468, 42.642545 ], [ -80.785395, 42.6432665 ], [ -80.7866005, 42.6438673 ], [ -80.7875898, 42.6443602 ], [ -80.7883983, 42.644763 ], [ -80.7890607, 42.6450931 ], [ -80.7895984, 42.6453609 ], [ -80.7900393, 42.6455807 ], [ -80.7904046, 42.6457627 ], [ -80.7907006, 42.6459101 ], [ -80.7909493, 42.6460341 ], [ -80.7911595, 42.6461388 ], [ -80.7913383, 42.6462279 ], [ -80.7915165, 42.6463166 ], [ -80.7916709, 42.6463936 ], [ -80.7918299, 42.6464728 ], [ -80.7920252, 42.6465701 ], [ -80.7922771, 42.6466957 ], [ -80.7925908, 42.6468084 ], [ -80.7930189, 42.6468347 ], [ -80.7935215, 42.6468618 ], [ -80.7941055, 42.6468934 ], [ -80.794773, 42.6469295 ], [ -80.7955507, 42.6469714 ], [ -80.7964829, 42.6470218 ], [ -80.7975773, 42.6470809 ], [ -80.7988883, 42.6471516 ], [ -80.8003914, 42.6472328 ], [ -80.8017729, 42.6473338 ], [ -80.8028524, 42.6476502 ], [ -80.8037353, 42.6479097 ], [ -80.8044639, 42.6481238 ], [ -80.8050591, 42.6482987 ], [ -80.8055555, 42.6484446 ], [ -80.8059654, 42.6485651 ], [ -80.8063026, 42.6486642 ], [ -80.8065763, 42.6487446 ], [ -80.8068018, 42.6488109 ], [ -80.8069915, 42.6488667 ], [ -80.8071681, 42.6489186 ], [ -80.8073436, 42.6489702 ], [ -80.8075434, 42.6490289 ], [ -80.8077845, 42.6490997 ], [ -80.8080833, 42.6491875 ], [ -80.8084434, 42.6492934 ], [ -80.8088857, 42.6494234 ], [ -80.8094322, 42.6494531 ], [ -80.8100565, 42.6493287 ], [ -80.8107407, 42.6491924 ], [ -80.8115044, 42.6490403 ], [ -80.8123779, 42.6488663 ], [ -80.8133945, 42.6486638 ], [ -80.814596, 42.6484244 ], [ -80.8160249, 42.6481398 ], [ -80.8177408, 42.6480833 ], [ -80.819813, 42.6485492 ], [ -80.8221429, 42.649073 ], [ -80.8241223, 42.6495181 ], [ -80.8257664, 42.6498877 ], [ -80.8271506, 42.6501763 ], [ -80.828334, 42.6504122 ], [ -80.8293616, 42.650617 ], [ -80.8302209, 42.6507883 ], [ -80.8309271, 42.650929 ], [ -80.8315095, 42.6510451 ], [ -80.8319911, 42.651141 ], [ -80.8323834, 42.6512192 ], [ -80.8327229, 42.6512869 ], [ -80.8329978, 42.6513417 ], [ -80.8332424, 42.6513904 ], [ -80.8334372, 42.6514292 ], [ -80.8336419, 42.6514701 ], [ -80.833906, 42.6515227 ], [ -80.8342164, 42.6515845 ], [ -80.834598, 42.6516606 ], [ -80.8350542, 42.6517515 ], [ -80.8356146, 42.6518632 ], [ -80.8362949, 42.6519988 ], [ -80.8371226, 42.6521638 ], [ -80.8380701, 42.652334 ], [ -80.8388783, 42.6524527 ], [ -80.8395392, 42.6525497 ], [ -80.8400884, 42.6526303 ], [ -80.840533, 42.6526956 ], [ -80.8409075, 42.6527505 ], [ -80.8412029, 42.6527938 ], [ -80.8414523, 42.6528304 ], [ -80.8416689, 42.6528623 ], [ -80.8418762, 42.6528926 ], [ -80.8420906, 42.6529241 ], [ -80.8423244, 42.6529585 ], [ -80.8426112, 42.6530005 ], [ -80.8429256, 42.6530467 ], [ -80.8432842, 42.6530993 ], [ -80.843711, 42.6531619 ], [ -80.8442115, 42.6532354 ], [ -80.8448199, 42.6533247 ], [ -80.8455598, 42.6534332 ], [ -80.8464564, 42.6535649 ], [ -80.8475272, 42.653722 ], [ -80.8488193, 42.653854 ], [ -80.8503895, 42.6539801 ], [ -80.8522947, 42.6541331 ], [ -80.8546091, 42.6543344 ], [ -80.8570295, 42.6546476 ], [ -80.8590324, 42.6549067 ], [ -80.8606751, 42.6551193 ], [ -80.8620195, 42.6552933 ], [ -80.8631225, 42.6554359 ], [ -80.8640304, 42.6555534 ], [ -80.8647787, 42.6556502 ], [ -80.8653904, 42.6557293 ], [ -80.8659059, 42.6557995 ], [ -80.8663246, 42.655865 ], [ -80.8666831, 42.6559212 ], [ -80.8669644, 42.6559652 ], [ -80.8671976, 42.6560017 ], [ -80.8673949, 42.6560326 ], [ -80.8676043, 42.6560653 ], [ -80.8678181, 42.6560988 ], [ -80.868066, 42.6561376 ], [ -80.8683774, 42.6561863 ], [ -80.8687371, 42.6562426 ], [ -80.8691859, 42.6563129 ], [ -80.8697195, 42.6563964 ], [ -80.8703745, 42.6564989 ], [ -80.8711698, 42.6566234 ], [ -80.8721367, 42.6567747 ], [ -80.8733164, 42.6569601 ], [ -80.8747115, 42.657219 ], [ -80.8759616, 42.6574522 ], [ -80.8769911, 42.6576442 ], [ -80.8778344, 42.6578015 ], [ -80.8785292, 42.6579311 ], [ -80.8791025, 42.658038 ], [ -80.8795688, 42.658125 ], [ -80.8799611, 42.6581982 ], [ -80.880276, 42.6582569 ], [ -80.8805512, 42.6583082 ], [ -80.8807758, 42.6583501 ], [ -80.8809975, 42.6583915 ], [ -80.8812088, 42.6584309 ], [ -80.8814157, 42.6584695 ], [ -80.8816632, 42.6585156 ], [ -80.8819814, 42.6585692 ], [ -80.8823583, 42.6586151 ], [ -80.8828211, 42.6586716 ], [ -80.8833899, 42.6587409 ], [ -80.8840769, 42.6588247 ], [ -80.8849127, 42.6589266 ], [ -80.8859122, 42.6590485 ], [ -80.8870876, 42.6591918 ], [ -80.8884582, 42.659359 ], [ -80.8900645, 42.6595548 ], [ -80.8919855, 42.6597526 ], [ -80.8939185, 42.6597665 ], [ -80.8955149, 42.6597781 ], [ -80.8968409, 42.6597877 ], [ -80.8979474, 42.6597957 ], [ -80.8988699, 42.6598031 ], [ -80.8996484, 42.6598683 ], [ -80.9003051, 42.6599314 ], [ -80.9008699, 42.6599856 ], [ -80.901385, 42.6600351 ], [ -80.9018469, 42.6600795 ], [ -80.9022519, 42.6601184 ], [ -80.9026091, 42.6601528 ], [ -80.902918, 42.6601824 ], [ -80.9032011, 42.6602096 ], [ -80.9034456, 42.6602331 ], [ -80.9036524, 42.6602529 ], [ -80.9038796, 42.6602747 ], [ -80.9041404, 42.6602998 ], [ -80.9044401, 42.6603287 ], [ -80.9047862, 42.6603619 ], [ -80.9052122, 42.6604028 ], [ -80.9057209, 42.6604517 ], [ -80.9063273, 42.6605099 ], [ -80.9069246, 42.6605673 ], [ -80.9074028, 42.6606133 ], [ -80.9078014, 42.6606515 ], [ -80.9081389, 42.660684 ], [ -80.9084092, 42.66071 ], [ -80.9086367, 42.6607318 ], [ -80.9088559, 42.6607528 ], [ -80.9090569, 42.6607721 ], [ -80.9092736, 42.660793 ], [ -80.9095368, 42.6608183 ], [ -80.9098553, 42.6608489 ], [ -80.9102364, 42.6608855 ], [ -80.9106969, 42.6609284 ], [ -80.911228, 42.6609541 ], [ -80.9118361, 42.6609799 ], [ -80.9125504, 42.6610102 ], [ -80.9134146, 42.6610467 ], [ -80.9143776, 42.6610875 ], [ -80.9151788, 42.6611213 ], [ -80.9158352, 42.6611491 ], [ -80.9163847, 42.6611724 ], [ -80.9168491, 42.661192 ], [ -80.91725, 42.661209 ], [ -80.917595, 42.6612236 ], [ -80.9178921, 42.6612362 ], [ -80.9181538, 42.6612473 ], [ -80.9183895, 42.6612573 ], [ -80.9185822, 42.6612654 ], [ -80.9187656, 42.6612732 ], [ -80.9189527, 42.6612811 ], [ -80.9191682, 42.6612902 ], [ -80.9194201, 42.6613009 ], [ -80.9196961, 42.6613126 ], [ -80.9200209, 42.6613251 ], [ -80.9203792, 42.6613334 ], [ -80.9207731, 42.6613417 ], [ -80.921221, 42.6613511 ], [ -80.9217306, 42.661362 ], [ -80.9223199, 42.6613744 ], [ -80.923015, 42.661389 ], [ -80.9238467, 42.6614066 ], [ -80.9247023, 42.6614246 ], [ -80.9254133, 42.6614397 ], [ -80.9260022, 42.6614521 ], [ -80.9264929, 42.6614624 ], [ -80.9268913, 42.6614708 ], [ -80.9272157, 42.6614776 ], [ -80.9274797, 42.6614832 ], [ -80.9276947, 42.6614878 ], [ -80.9279014, 42.6614921 ], [ -80.9281521, 42.6614974 ], [ -80.9284564, 42.6615044 ], [ -80.928824, 42.6615191 ], [ -80.9292658, 42.6615386 ], [ -80.9297951, 42.6615619 ], [ -80.9303729, 42.6615874 ], [ -80.9308652, 42.6616091 ], [ -80.9312693, 42.6616269 ], [ -80.9316099, 42.6616419 ], [ -80.9319072, 42.661655 ], [ -80.9321566, 42.6616659 ], [ -80.9323628, 42.661675 ], [ -80.932563, 42.6616838 ], [ -80.9327785, 42.6616933 ], [ -80.933011, 42.6617036 ], [ -80.9332896, 42.6617159 ], [ -80.9336257, 42.6617306 ], [ -80.9340367, 42.6617488 ], [ -80.9345318, 42.6617706 ], [ -80.9351296, 42.6617912 ], [ -80.9358586, 42.6618067 ], [ -80.9367542, 42.6618257 ], [ -80.9378541, 42.6618489 ], [ -80.9392032, 42.6618775 ], [ -80.9408413, 42.6619122 ], [ -80.9426847, 42.6619506 ], [ -80.9442464, 42.6619785 ], [ -80.9455312, 42.6620014 ], [ -80.9465784, 42.66202 ], [ -80.9474317, 42.6620353 ], [ -80.9481271, 42.6620477 ], [ -80.9486937, 42.6620578 ], [ -80.9491577, 42.6620661 ], [ -80.9495396, 42.6620728 ], [ -80.9498542, 42.6620785 ], [ -80.9501136, 42.6620831 ], [ -80.9503284, 42.6620869 ], [ -80.9505167, 42.6620903 ], [ -80.9507056, 42.6620936 ], [ -80.9509154, 42.6620974 ], [ -80.9511629, 42.6621018 ], [ -80.9514114, 42.6621062 ], [ -80.9516224, 42.6621099 ], [ -80.951841, 42.6621139 ], [ -80.9521093, 42.6621186 ], [ -80.9524422, 42.6621246 ], [ -80.9528306, 42.6621315 ], [ -80.9532331, 42.6621387 ], [ -80.9536727, 42.6621465 ], [ -80.9541751, 42.6621555 ], [ -80.9547648, 42.6621646 ], [ -80.9554576, 42.662167 ], [ -80.9562779, 42.66217 ], [ -80.9572605, 42.6621736 ], [ -80.9584458, 42.6621779 ], [ -80.9597568, 42.6621826 ], [ -80.9608543, 42.6621866 ], [ -80.961752, 42.6621898 ], [ -80.9624871, 42.6621925 ], [ -80.9630901, 42.6621947 ], [ -80.9635848, 42.6621965 ], [ -80.9639912, 42.6621979 ], [ -80.9643259, 42.6621992 ], [ -80.9646026, 42.6621937 ], [ -80.9648354, 42.6621836 ], [ -80.9650515, 42.6621741 ], [ -80.965256, 42.6621652 ], [ -80.9654623, 42.6621562 ], [ -80.965717, 42.6621451 ], [ -80.9660318, 42.6621314 ], [ -80.9664148, 42.6621146 ], [ -80.9668808, 42.6620942 ], [ -80.9674311, 42.6620702 ], [ -80.9680669, 42.6620425 ], [ -80.9688277, 42.6620092 ], [ -80.9697459, 42.6619691 ], [ -80.9708464, 42.6619211 ], [ -80.9721797, 42.6618163 ], [ -80.9738013, 42.661677 ], [ -80.9757779, 42.6615071 ], [ -80.978191, 42.6612999 ], [ -80.981136, 42.6610781 ], [ -80.9847325, 42.660845 ], [ -80.9889369, 42.6605726 ], [ -80.9925443, 42.6601208 ], [ -80.9954188, 42.6594482 ], [ -80.9977706, 42.6588979 ], [ -80.9996864, 42.6584272 ], [ -81.0012203, 42.6579636 ], [ -81.0024803, 42.6575827 ], [ -81.003518, 42.6572689 ], [ -81.0043759, 42.6570096 ], [ -81.0050533, 42.6570644 ], [ -81.0055607, 42.6573911 ], [ -81.0060112, 42.6576812 ], [ -81.0064318, 42.657952 ], [ -81.0068452, 42.6582182 ], [ -81.0072521, 42.6584801 ], [ -81.0076471, 42.6587345 ], [ -81.0080249, 42.6589777 ], [ -81.0084054, 42.6592227 ], [ -81.0087934, 42.6594726 ], [ -81.009193, 42.6597298 ], [ -81.0096278, 42.6600098 ], [ -81.0101202, 42.6603269 ], [ -81.0105942, 42.660632 ], [ -81.0110157, 42.6609034 ], [ -81.011405, 42.661154 ], [ -81.011778, 42.6613942 ], [ -81.0121118, 42.6616315 ], [ -81.0124046, 42.6618478 ], [ -81.0126717, 42.662045 ], [ -81.0129347, 42.6622394 ], [ -81.0132097, 42.6624425 ], [ -81.0135214, 42.6626728 ], [ -81.0138797, 42.6629374 ], [ -81.0142924, 42.6632423 ], [ -81.0147735, 42.6635977 ], [ -81.0153231, 42.6640037 ], [ -81.0158907, 42.664423 ], [ -81.0164872, 42.6648636 ], [ -81.0171358, 42.6653427 ], [ -81.0178766, 42.6658899 ], [ -81.0185951, 42.6664206 ], [ -81.0191917, 42.6668766 ], [ -81.0196025, 42.6673408 ], [ -81.0199695, 42.6677601 ], [ -81.0203026, 42.6681408 ], [ -81.0205996, 42.66848 ], [ -81.0208528, 42.6687694 ], [ -81.0210746, 42.6690228 ], [ -81.0212661, 42.6692416 ], [ -81.0214216, 42.6694192 ], [ -81.0215496, 42.6695655 ], [ -81.0216611, 42.669693 ], [ -81.0217646, 42.6698112 ], [ -81.0218794, 42.6699423 ], [ -81.0220166, 42.670099 ], [ -81.0221701, 42.6702745 ], [ -81.0223459, 42.6704753 ], [ -81.0225594, 42.6707192 ], [ -81.0228114, 42.6710071 ], [ -81.0231216, 42.6713616 ], [ -81.0234992, 42.6717929 ], [ -81.0237356, 42.6723654 ], [ -81.0236181, 42.6730926 ], [ -81.0234785, 42.6739567 ], [ -81.0233145, 42.6749712 ], [ -81.0231288, 42.6761206 ], [ -81.0229209, 42.6774065 ], [ -81.0227365, 42.6785475 ], [ -81.0225845, 42.6794881 ], [ -81.0224587, 42.6802668 ], [ -81.0223544, 42.6809117 ], [ -81.022267, 42.6814525 ], [ -81.0221955, 42.6818946 ], [ -81.0221345, 42.6822721 ], [ -81.0220815, 42.6826003 ], [ -81.0220353, 42.6828862 ], [ -81.0219913, 42.6831585 ], [ -81.0219495, 42.6834169 ], [ -81.0219099, 42.6836619 ], [ -81.0218728, 42.6838976 ], [ -81.0218805, 42.6841178 ], [ -81.0219086, 42.6843103 ], [ -81.0219328, 42.6844756 ], [ -81.0219565, 42.6846381 ], [ -81.0219774, 42.6847811 ], [ -81.0219996, 42.6849328 ], [ -81.0220249, 42.6851064 ], [ -81.0220545, 42.6853084 ], [ -81.0220898, 42.68555 ], [ -81.0221325, 42.6858422 ], [ -81.022174, 42.6861261 ], [ -81.0222074, 42.6863551 ], [ -81.0222345, 42.6865409 ], [ -81.0222573, 42.6866964 ], [ -81.0222793, 42.6868473 ], [ -81.0223018, 42.6870016 ], [ -81.0223234, 42.6871486 ], [ -81.022345, 42.6872968 ], [ -81.0223677, 42.6874526 ], [ -81.022388, 42.6875917 ], [ -81.02241, 42.6877415 ], [ -81.02243, 42.6878786 ], [ -81.0224521, 42.6880299 ], [ -81.0224728, 42.6881718 ], [ -81.022493, 42.6883097 ], [ -81.0225137, 42.6884518 ], [ -81.022534, 42.6885908 ], [ -81.0225541, 42.6887276 ], [ -81.0225737, 42.6888622 ], [ -81.0225931, 42.688995 ], [ -81.0226124, 42.6891273 ], [ -81.0226327, 42.6892663 ], [ -81.0226535, 42.6894083 ], [ -81.0226755, 42.6895587 ], [ -81.0226962, 42.6897006 ], [ -81.0227165, 42.6898393 ], [ -81.0227363, 42.6899749 ], [ -81.0227556, 42.6901075 ], [ -81.0227759, 42.6902462 ], [ -81.022801, 42.6904178 ], [ -81.0228286, 42.6906069 ], [ -81.022855, 42.6907876 ], [ -81.022877, 42.6909378 ], [ -81.022897, 42.6910752 ], [ -81.0229196, 42.6912296 ], [ -81.0229426, 42.6913868 ], [ -81.0229634, 42.6915298 ], [ -81.022987, 42.6916903 ], [ -81.0230152, 42.6918834 ], [ -81.0230455, 42.6920917 ], [ -81.0230782, 42.692315 ], [ -81.0231099, 42.6925319 ], [ -81.0231407, 42.6927428 ], [ -81.0231715, 42.6929536 ], [ -81.0232028, 42.6931676 ], [ -81.023233, 42.6933747 ], [ -81.0232619, 42.6935723 ], [ -81.0232896, 42.6937615 ], [ -81.0233165, 42.693946 ], [ -81.0234126, 42.6941062 ], [ -81.0235802, 42.6942016 ], [ -81.0237351, 42.6942897 ], [ -81.0239199, 42.6943949 ], [ -81.0241472, 42.6945242 ], [ -81.0244137, 42.6946758 ], [ -81.0247437, 42.6948636 ], [ -81.0251509, 42.6950953 ], [ -81.0256436, 42.6953756 ], [ -81.0262405, 42.6957152 ], [ -81.0269617, 42.6961256 ], [ -81.0277204, 42.6965573 ], [ -81.0283959, 42.6969266 ], [ -81.0290689, 42.6971476 ], [ -81.029674, 42.6973463 ], [ -81.0302458, 42.697534 ], [ -81.0307762, 42.6977082 ], [ -81.0312236, 42.6978551 ], [ -81.0315909, 42.6979757 ], [ -81.0319008, 42.6980775 ], [ -81.0321474, 42.6981585 ], [ -81.0323548, 42.6982266 ], [ -81.0325289, 42.6982838 ], [ -81.0327352, 42.6983515 ], [ -81.0329729, 42.6984295 ], [ -81.0332465, 42.6985194 ], [ -81.033573, 42.6986266 ], [ -81.0339663, 42.6987557 ], [ -81.0344452, 42.698913 ], [ -81.0350272, 42.6991041 ], [ -81.0357271, 42.699334 ], [ -81.036575, 42.6996124 ], [ -81.0376041, 42.6999503 ], [ -81.0386527, 42.7002018 ], [ -81.0390301, 42.6995006 ], [ -81.0393456, 42.6989052 ], [ -81.0396121, 42.6984025 ], [ -81.0398367, 42.6979786 ], [ -81.0400271, 42.6976192 ], [ -81.0401856, 42.6973201 ], [ -81.040319, 42.6970683 ], [ -81.0404292, 42.6968603 ], [ -81.0405242, 42.6966808 ], [ -81.0405997, 42.6965385 ], [ -81.0406719, 42.6964022 ], [ -81.0407387, 42.696276 ], [ -81.04082, 42.6961226 ], [ -81.0409011, 42.6959696 ], [ -81.0409736, 42.6958328 ], [ -81.0410546, 42.6956799 ], [ -81.0411558, 42.695489 ], [ -81.0412782, 42.695258 ], [ -81.0414294, 42.6949726 ], [ -81.0416129, 42.6946263 ], [ -81.0418304, 42.6942158 ], [ -81.0420554, 42.6937909 ], [ -81.0422855, 42.6933568 ], [ -81.0425204, 42.6929134 ], [ -81.0427692, 42.6924438 ], [ -81.0430383, 42.6919358 ], [ -81.0432861, 42.6913683 ], [ -81.0427847, 42.6908497 ], [ -81.0422549, 42.6903387 ], [ -81.0417105, 42.6898135 ], [ -81.0411419, 42.689265 ], [ -81.0405179, 42.6886631 ], [ -81.0398104, 42.6879806 ], [ -81.0389937, 42.6871927 ], [ -81.0382315, 42.6864575 ], [ -81.0376057, 42.6858537 ], [ -81.037094, 42.6853601 ], [ -81.0366725, 42.6849534 ], [ -81.0363264, 42.6846196 ], [ -81.036403, 42.6842826 ], [ -81.0365507, 42.683972 ], [ -81.0366872, 42.6836849 ], [ -81.0368212, 42.6834031 ], [ -81.0369648, 42.683101 ], [ -81.0371184, 42.6827779 ], [ -81.0372854, 42.6824267 ], [ -81.0374748, 42.6820285 ], [ -81.037696, 42.6815631 ], [ -81.0379587, 42.6810106 ], [ -81.0382397, 42.6804196 ], [ -81.0385437, 42.6797802 ], [ -81.0388825, 42.6790819 ], [ -81.0392253, 42.6784642 ], [ -81.0395049, 42.6779604 ], [ -81.039733, 42.6775494 ], [ -81.0399211, 42.6772104 ], [ -81.0400744, 42.6769341 ], [ -81.0402024, 42.6767037 ], [ -81.0403095, 42.6765106 ], [ -81.040395, 42.6763565 ], [ -81.0404736, 42.676215 ], [ -81.0405585, 42.676062 ], [ -81.0406464, 42.6759037 ], [ -81.0407219, 42.6757677 ], [ -81.040807, 42.6756143 ], [ -81.0408959, 42.6754541 ], [ -81.0409907, 42.6752833 ], [ -81.0410885, 42.675107 ], [ -81.0411926, 42.6749195 ], [ -81.0412994, 42.674727 ], [ -81.0414127, 42.6745228 ], [ -81.0415294, 42.6743125 ], [ -81.0416481, 42.6740987 ], [ -81.0417535, 42.6739088 ], [ -81.0418417, 42.6737499 ], [ -81.0419252, 42.6735993 ], [ -81.0420027, 42.6734598 ], [ -81.0420895, 42.6733033 ], [ -81.0421645, 42.6731684 ], [ -81.0422419, 42.6730288 ], [ -81.0423307, 42.6728688 ], [ -81.0424357, 42.6726795 ], [ -81.0425523, 42.6724696 ], [ -81.042694, 42.672214 ], [ -81.0428607, 42.6719139 ], [ -81.0430637, 42.671548 ], [ -81.0432793, 42.6711595 ], [ -81.0434021, 42.6707862 ], [ -81.0434879, 42.6704414 ], [ -81.0435724, 42.6701025 ], [ -81.0436586, 42.6697566 ], [ -81.043749, 42.6693938 ], [ -81.0438454, 42.6690069 ], [ -81.0439524, 42.6685772 ], [ -81.0440599, 42.6681456 ], [ -81.0441708, 42.6677004 ], [ -81.0442876, 42.6672315 ], [ -81.0444098, 42.6667411 ], [ -81.0445464, 42.6661927 ], [ -81.0447045, 42.6655582 ], [ -81.0448908, 42.6648104 ], [ -81.0451109, 42.6639266 ], [ -81.0453734, 42.6628731 ], [ -81.0456867, 42.6616151 ], [ -81.0460635, 42.6601029 ], [ -81.047913, 42.6596573 ], [ -81.0506276, 42.6598474 ], [ -81.0536866, 42.6600607 ], [ -81.0572006, 42.660296 ], [ -81.0612242, 42.6605423 ], [ -81.0647945, 42.6606897 ], [ -81.0677173, 42.6608103 ], [ -81.0701103, 42.6609091 ], [ -81.0720749, 42.6609991 ], [ -81.0736827, 42.661092 ], [ -81.0749967, 42.6611679 ], [ -81.0760815, 42.6612305 ], [ -81.0769655, 42.6612816 ], [ -81.0776981, 42.661324 ], [ -81.0783065, 42.6613591 ], [ -81.0787988, 42.6613875 ], [ -81.0792032, 42.6614109 ], [ -81.0795478, 42.6614308 ], [ -81.0798511, 42.6614483 ], [ -81.0801216, 42.6614639 ], [ -81.080357, 42.6614775 ], [ -81.080559, 42.6614892 ], [ -81.0807979, 42.6614882 ], [ -81.0810924, 42.661474 ], [ -81.0814528, 42.6614563 ], [ -81.081893, 42.6614347 ], [ -81.0824241, 42.6614086 ], [ -81.0830665, 42.6613771 ], [ -81.0838592, 42.6613382 ], [ -81.0848301, 42.6612905 ], [ -81.0860071, 42.6612968 ], [ -81.0874522, 42.6613793 ], [ -81.0892116, 42.6614798 ], [ -81.0913586, 42.6616024 ], [ -81.0939775, 42.6617639 ], [ -81.0971685, 42.66201 ], [ -81.1010163, 42.6623069 ], [ -81.1045712, 42.662573 ], [ -81.1075074, 42.6627885 ], [ -81.1099378, 42.6629872 ], [ -81.111946, 42.6631559 ], [ -81.1136023, 42.6632949 ], [ -81.1149727, 42.66341 ], [ -81.1161165, 42.663506 ], [ -81.1170727, 42.6635863 ], [ -81.1178759, 42.6636536 ], [ -81.1185456, 42.6636757 ], [ -81.1191114, 42.6636875 ], [ -81.1195834, 42.6636973 ], [ -81.1199783, 42.6637056 ], [ -81.1203147, 42.6637125 ], [ -81.1206182, 42.6637189 ], [ -81.1208907, 42.6637245 ], [ -81.1211245, 42.6637294 ], [ -81.121328, 42.6637337 ], [ -81.1215593, 42.6637384 ], [ -81.1218191, 42.6637439 ], [ -81.1221109, 42.66375 ], [ -81.1224548, 42.6637571 ], [ -81.1228678, 42.6637657 ], [ -81.1233663, 42.6637761 ], [ -81.1239711, 42.6637887 ], [ -81.1247121, 42.6638041 ], [ -81.1256214, 42.6638231 ], [ -81.1267378, 42.6638463 ], [ -81.1280998, 42.6638747 ], [ -81.1296159, 42.6639001 ], [ -81.1308938, 42.6638844 ], [ -81.1319522, 42.6638713 ], [ -81.1328335, 42.6638604 ], [ -81.1335724, 42.6638513 ], [ -81.1341908, 42.6638437 ], [ -81.1347139, 42.6638372 ], [ -81.135151, 42.6638318 ], [ -81.1355124, 42.6638273 ], [ -81.1358148, 42.6638236 ], [ -81.1360794, 42.6638203 ], [ -81.1363163, 42.6638174 ], [ -81.1365188, 42.6638149 ], [ -81.1367361, 42.6638122 ], [ -81.1369935, 42.663809 ], [ -81.1372798, 42.6638055 ], [ -81.1376067, 42.6638015 ], [ -81.1379807, 42.6637968 ], [ -81.1384118, 42.6637915 ], [ -81.1389199, 42.6637819 ], [ -81.1395292, 42.6637589 ], [ -81.1402724, 42.6637309 ], [ -81.1411787, 42.6636968 ], [ -81.1422744, 42.6636555 ], [ -81.1436058, 42.6636053 ], [ -81.1452398, 42.6635673 ], [ -81.1472399, 42.6635925 ], [ -81.1496766, 42.6636231 ], [ -81.1526422, 42.6636517 ], [ -81.1556569, 42.6635034 ], [ -81.1582967, 42.6633733 ], [ -81.1606722, 42.6632393 ], [ -81.1628898, 42.6631139 ], [ -81.1650461, 42.662992 ], [ -81.1672204, 42.6628936 ], [ -81.1693026, 42.6630675 ], [ -81.1711623, 42.6632228 ], [ -81.1728163, 42.6633609 ], [ -81.1743038, 42.6634852 ], [ -81.1756355, 42.6635964 ], [ -81.1768717, 42.6636997 ], [ -81.17807, 42.6637997 ], [ -81.1792718, 42.6639104 ], [ -81.1804887, 42.664126 ], [ -81.1816907, 42.6643394 ], [ -81.1827691, 42.6645309 ], [ -81.1837346, 42.6647023 ], [ -81.1845441, 42.664846 ], [ -81.185206, 42.6649635 ], [ -81.1857553, 42.665061 ], [ -81.1862018, 42.6651403 ], [ -81.1865838, 42.6652081 ], [ -81.1868948, 42.6652633 ], [ -81.1871766, 42.6653133 ], [ -81.1874069, 42.6653542 ], [ -81.1875907, 42.6653869 ], [ -81.1877819, 42.6654208 ], [ -81.1879707, 42.6654468 ], [ -81.1882047, 42.6654604 ], [ -81.1884907, 42.6654713 ], [ -81.188813, 42.6654836 ], [ -81.1891375, 42.6654959 ], [ -81.1894797, 42.6655089 ], [ -81.1898697, 42.6655237 ], [ -81.1903328, 42.6655413 ], [ -81.1908923, 42.6655625 ], [ -81.1915746, 42.6655885 ], [ -81.1923921, 42.6656195 ], [ -81.1933791, 42.665657 ], [ -81.194589, 42.6657134 ], [ -81.1960572, 42.6658234 ], [ -81.1975063, 42.665932 ], [ -81.1987008, 42.6660214 ], [ -81.1996829, 42.666095 ], [ -81.2005003, 42.6661563 ], [ -81.2011747, 42.6662068 ], [ -81.2017508, 42.6662499 ], [ -81.2022442, 42.6662869 ], [ -81.2026744, 42.6663192 ], [ -81.203009, 42.6664509 ], [ -81.2032602, 42.6666241 ], [ -81.203478, 42.6667743 ], [ -81.2036928, 42.6669223 ], [ -81.2038954, 42.6670621 ], [ -81.2040702, 42.6671826 ], [ -81.2042483, 42.6673054 ], [ -81.2044273, 42.6674288 ], [ -81.2045813, 42.667535 ], [ -81.2047403, 42.6676446 ], [ -81.204913, 42.6677636 ], [ -81.2051209, 42.667907 ], [ -81.2053599, 42.6680718 ], [ -81.2056346, 42.6682612 ], [ -81.205963, 42.6684876 ], [ -81.2063548, 42.6687578 ], [ -81.2068177, 42.6690769 ], [ -81.2073564, 42.6694483 ], [ -81.2079886, 42.6698842 ], [ -81.2087411, 42.6704031 ], [ -81.209562, 42.670969 ], [ -81.210307, 42.6714826 ], [ -81.2109761, 42.6719439 ], [ -81.2113611, 42.6724492 ], [ -81.2111994, 42.673146 ], [ -81.2110117, 42.6739547 ], [ -81.2107909, 42.674906 ], [ -81.2105435, 42.6759723 ], [ -81.2103143, 42.6769596 ], [ -81.2101023, 42.6778731 ], [ -81.2098973, 42.6787564 ], [ -81.2096892, 42.6796531 ], [ -81.2094743, 42.680579 ], [ -81.209255, 42.681524 ], [ -81.2091441, 42.6824933 ], [ -81.2090525, 42.6834664 ], [ -81.2089666, 42.6843787 ], [ -81.2088863, 42.6852314 ], [ -81.2088137, 42.6860032 ], [ -81.2087475, 42.6867063 ], [ -81.208687, 42.687348 ], [ -81.2086281, 42.6879739 ], [ -81.2085681, 42.6886113 ], [ -81.208506, 42.6892708 ], [ -81.2084385, 42.6899886 ], [ -81.2083675, 42.6907426 ], [ -81.208566, 42.6914302 ], [ -81.2089526, 42.6919692 ], [ -81.2092696, 42.6924113 ], [ -81.2095316, 42.6927766 ], [ -81.2097509, 42.6930825 ], [ -81.209938, 42.6933435 ], [ -81.2101076, 42.6935799 ], [ -81.2102602, 42.6937927 ], [ -81.2103944, 42.6939799 ], [ -81.2105076, 42.6941378 ], [ -81.2106067, 42.6942759 ], [ -81.2106965, 42.6944012 ], [ -81.2107886, 42.6945297 ], [ -81.2108902, 42.6946713 ], [ -81.2110034, 42.6948293 ], [ -81.211097, 42.6949596 ], [ -81.2112003, 42.6951038 ], [ -81.2113089, 42.6952552 ], [ -81.2114292, 42.695423 ], [ -81.2115596, 42.6956047 ], [ -81.2117107, 42.6958154 ], [ -81.211891, 42.696067 ], [ -81.2121072, 42.6963685 ], [ -81.2123545, 42.6967132 ], [ -81.2126475, 42.6971219 ], [ -81.2131449, 42.6969691 ], [ -81.2137078, 42.6965662 ], [ -81.2143101, 42.6961352 ], [ -81.2149747, 42.6956595 ], [ -81.2156467, 42.6951786 ], [ -81.2162394, 42.6947544 ], [ -81.2167501, 42.6943888 ], [ -81.2171929, 42.6940718 ], [ -81.2175752, 42.6937982 ], [ -81.2179101, 42.6935585 ], [ -81.2182067, 42.6933462 ], [ -81.2184701, 42.6931577 ], [ -81.2187196, 42.692979 ], [ -81.2189527, 42.6928122 ], [ -81.2191871, 42.6926445 ], [ -81.219443, 42.6924612 ], [ -81.2196795, 42.692292 ], [ -81.2198668, 42.6921579 ], [ -81.220032, 42.6920397 ], [ -81.2201628, 42.6919461 ], [ -81.2203152, 42.691837 ], [ -81.2204758, 42.691722 ], [ -81.2206267, 42.6916139 ], [ -81.220783, 42.6915021 ], [ -81.2209615, 42.6913744 ], [ -81.2211558, 42.6912194 ], [ -81.2211754, 42.6909799 ], [ -81.2211392, 42.6906792 ], [ -81.2210963, 42.6903221 ], [ -81.2210436, 42.6898839 ], [ -81.2209788, 42.6893442 ], [ -81.2209004, 42.6886922 ], [ -81.2208039, 42.6878898 ], [ -81.2206929, 42.6869667 ], [ -81.2205807, 42.6860339 ], [ -81.2207532, 42.685181 ], [ -81.2210118, 42.6843229 ], [ -81.2212785, 42.6834381 ], [ -81.2215099, 42.6826699 ], [ -81.2216997, 42.6820399 ], [ -81.2218555, 42.681523 ], [ -81.2219829, 42.6810999 ], [ -81.2220878, 42.6807519 ], [ -81.2221755, 42.6804608 ], [ -81.2222477, 42.6802212 ], [ -81.2223126, 42.680006 ], [ -81.2223688, 42.6798191 ], [ -81.222423, 42.6796394 ], [ -81.2224714, 42.6794789 ], [ -81.2225139, 42.6793377 ], [ -81.2225633, 42.6791737 ], [ -81.2226258, 42.6789664 ], [ -81.2227021, 42.6787132 ], [ -81.222793, 42.6784116 ], [ -81.2229056, 42.6780378 ], [ -81.2230402, 42.6775911 ], [ -81.2231783, 42.6771329 ], [ -81.223314, 42.6766822 ], [ -81.2234547, 42.6762153 ], [ -81.2236378, 42.6757349 ], [ -81.2239713, 42.6752521 ], [ -81.2243395, 42.6747192 ], [ -81.2247575, 42.6741141 ], [ -81.2252363, 42.673421 ], [ -81.2257873, 42.6726233 ], [ -81.2264215, 42.6717051 ], [ -81.2270982, 42.6706426 ], [ -81.2278477, 42.6694134 ], [ -81.2287204, 42.6679821 ], [ -81.2297492, 42.6662948 ], [ -81.2309741, 42.6642858 ], [ -81.2334082, 42.663596 ], [ -81.2358813, 42.6635666 ], [ -81.2379019, 42.6635427 ], [ -81.2395582, 42.6635915 ], [ -81.240907, 42.6636399 ], [ -81.2420092, 42.6636795 ], [ -81.2429112, 42.663712 ], [ -81.2436606, 42.6637389 ], [ -81.2442682, 42.6637607 ], [ -81.244761, 42.6637784 ], [ -81.2451616, 42.6637929 ], [ -81.2454939, 42.6638048 ], [ -81.2457688, 42.6638147 ], [ -81.2459961, 42.6638228 ], [ -81.2461984, 42.6638301 ], [ -81.2464377, 42.6638387 ], [ -81.2467003, 42.6638482 ], [ -81.2469981, 42.6638588 ], [ -81.2473337, 42.6638709 ], [ -81.2477104, 42.6638844 ], [ -81.2481161, 42.663899 ], [ -81.248514, 42.6639133 ], [ -81.2489088, 42.6639275 ], [ -81.2493037, 42.6639409 ], [ -81.249698, 42.6639251 ], [ -81.2500939, 42.6639001 ], [ -81.2505043, 42.6638741 ], [ -81.2509466, 42.663846 ], [ -81.2514271, 42.6638156 ], [ -81.2519499, 42.6637825 ], [ -81.2525512, 42.6637443 ], [ -81.2532531, 42.6636999 ], [ -81.2540131, 42.6636517 ], [ -81.2548491, 42.6635988 ], [ -81.2557074, 42.6635444 ], [ -81.2565712, 42.6634464 ], [ -81.2574658, 42.663319 ], [ -81.2584262, 42.6631823 ], [ -81.2594934, 42.6630303 ], [ -81.2607173, 42.6628561 ], [ -81.2621167, 42.6626568 ], [ -81.2636456, 42.6623836 ], [ -81.2653249, 42.6618589 ], [ -81.2672745, 42.6612498 ], [ -81.2695328, 42.6605443 ], [ -81.2715792, 42.6599051 ], [ -81.2733308, 42.6595024 ], [ -81.2748268, 42.6592955 ], [ -81.2760567, 42.6591254 ], [ -81.2770788, 42.658984 ], [ -81.2779292, 42.6588664 ], [ -81.2786359, 42.6587686 ], [ -81.2792167, 42.6586883 ], [ -81.2797014, 42.6586213 ], [ -81.2800987, 42.6585663 ], [ -81.2804391, 42.6585193 ], [ -81.2807234, 42.6584799 ], [ -81.2809561, 42.6584477 ], [ -81.2811554, 42.6584202 ], [ -81.2813702, 42.6583905 ], [ -81.2816307, 42.6583544 ], [ -81.2819431, 42.6583112 ], [ -81.2823399, 42.6582564 ], [ -81.2828083, 42.6581916 ], [ -81.2833833, 42.658112 ], [ -81.284079, 42.6580158 ], [ -81.2849305, 42.6579089 ], [ -81.2859757, 42.6577995 ], [ -81.2872514, 42.6576661 ], [ -81.2888116, 42.6575029 ], [ -81.2907153, 42.6573037 ], [ -81.2929312, 42.6570257 ], [ -81.2954418, 42.656614 ], [ -81.2982292, 42.6561495 ], [ -81.3013411, 42.6555739 ], [ -81.3042834, 42.6550295 ], [ -81.3067233, 42.6545781 ], [ -81.3087584, 42.6541939 ], [ -81.3104732, 42.6538689 ], [ -81.3119301, 42.6535929 ], [ -81.3131725, 42.6533354 ], [ -81.3142312, 42.6531001 ], [ -81.3151024, 42.6529065 ], [ -81.3158223, 42.6527465 ], [ -81.3164206, 42.6526135 ], [ -81.3169229, 42.6525019 ], [ -81.3173605, 42.6524047 ], [ -81.3177273, 42.6523231 ], [ -81.3180297, 42.6522559 ], [ -81.3182764, 42.6522011 ], [ -81.3184821, 42.6521554 ], [ -81.318666, 42.6521146 ], [ -81.3188472, 42.6520742 ], [ -81.3190747, 42.6520237 ], [ -81.3193287, 42.6519673 ], [ -81.3196425, 42.6518975 ], [ -81.3200188, 42.6518139 ], [ -81.3204815, 42.6517111 ], [ -81.3210348, 42.6515636 ], [ -81.321704, 42.6513685 ], [ -81.3225208, 42.6511304 ], [ -81.3235189, 42.6508395 ], [ -81.3247376, 42.6504842 ], [ -81.3262291, 42.6500494 ], [ -81.3280436, 42.6495083 ], [ -81.3302574, 42.6488467 ], [ -81.3329624, 42.6480382 ], [ -81.3362669, 42.6470506 ], [ -81.3397714, 42.645849 ], [ -81.3426397, 42.6447988 ], [ -81.3449887, 42.6439388 ], [ -81.3469147, 42.6432336 ], [ -81.3484923, 42.642656 ], [ -81.3498385, 42.6428433 ], [ -81.351082, 42.6433072 ], [ -81.3522429, 42.6437403 ], [ -81.3532738, 42.644125 ], [ -81.3541635, 42.644457 ], [ -81.3549353, 42.6447449 ], [ -81.3556283, 42.6450034 ], [ -81.356271, 42.6452432 ], [ -81.3568774, 42.6454695 ], [ -81.3574428, 42.6456804 ], [ -81.3579755, 42.6458792 ], [ -81.3584786, 42.6460664 ], [ -81.3588598, 42.6459276 ], [ -81.3591378, 42.6457057 ], [ -81.3593652, 42.6455243 ], [ -81.3595536, 42.6453739 ], [ -81.359707, 42.6452515 ], [ -81.3598381, 42.6451469 ], [ -81.3599811, 42.6450328 ], [ -81.3601193, 42.6449225 ], [ -81.3602683, 42.6448036 ], [ -81.3604348, 42.6446708 ], [ -81.3606315, 42.6445137 ], [ -81.360858, 42.644333 ], [ -81.3610714, 42.6441627 ], [ -81.3612666, 42.6440069 ], [ -81.3614639, 42.6438495 ], [ -81.3616752, 42.6436809 ], [ -81.3618893, 42.64351 ], [ -81.362089, 42.6433506 ], [ -81.3622802, 42.6431981 ], [ -81.3624716, 42.6430454 ], [ -81.3626418, 42.6429095 ], [ -81.3628052, 42.6427792 ], [ -81.3629698, 42.6426477 ], [ -81.3631151, 42.6425318 ], [ -81.3632426, 42.64243 ], [ -81.3633802, 42.6423203 ], [ -81.3635186, 42.6422098 ], [ -81.3636413, 42.6421066 ], [ -81.3637134, 42.6419616 ], [ -81.3637055, 42.6417884 ], [ -81.3636963, 42.6415923 ], [ -81.3636854, 42.6413579 ], [ -81.3636722, 42.6410726 ], [ -81.3636559, 42.6407213 ], [ -81.3636362, 42.640298 ], [ -81.3636124, 42.6397852 ], [ -81.3635835, 42.6391637 ], [ -81.3635483, 42.6384074 ], [ -81.3635052, 42.6374779 ], [ -81.363453, 42.636356 ], [ -81.3633938, 42.6350811 ], [ -81.3633299, 42.6337034 ], [ -81.3634634, 42.6323824 ], [ -81.365026, 42.631412 ], [ -81.3668504, 42.6302792 ], [ -81.3689721, 42.6289616 ], [ -81.3714454, 42.6274256 ], [ -81.3744752, 42.6257631 ], [ -81.3781007, 42.6238644 ], [ -81.3818441, 42.6217702 ], [ -81.3847578, 42.6198582 ], [ -81.3869687, 42.6181711 ], [ -81.3884975, 42.6166038 ], [ -81.3897504, 42.6153194 ], [ -81.39078, 42.6142639 ], [ -81.3916273, 42.6133951 ], [ -81.3923272, 42.6126776 ], [ -81.3930036, 42.6121482 ], [ -81.3935996, 42.6117382 ], [ -81.3940869, 42.611403 ], [ -81.3944862, 42.6111283 ], [ -81.3948246, 42.6108955 ], [ -81.3951081, 42.6107005 ], [ -81.3953554, 42.6105303 ], [ -81.3955609, 42.6103889 ], [ -81.39575, 42.6102589 ], [ -81.3959419, 42.6101269 ], [ -81.3961133, 42.6100089 ], [ -81.3962661, 42.6099038 ], [ -81.396416, 42.6098008 ], [ -81.396599, 42.6096748 ], [ -81.3967749, 42.6095538 ], [ -81.3969422, 42.6094386 ], [ -81.3971185, 42.6093174 ], [ -81.3973156, 42.6091817 ], [ -81.3975704, 42.6090412 ], [ -81.397917, 42.6089446 ], [ -81.3983373, 42.6088333 ], [ -81.3988527, 42.6086968 ], [ -81.3994728, 42.6085327 ], [ -81.4002239, 42.6083338 ], [ -81.4011335, 42.6080931 ], [ -81.4022432, 42.6077993 ], [ -81.4035727, 42.6074473 ], [ -81.4047754, 42.6071289 ], [ -81.4057609, 42.606868 ], [ -81.4065777, 42.6066754 ], [ -81.4072734, 42.6067829 ], [ -81.4078691, 42.6068749 ], [ -81.4083859, 42.6069548 ], [ -81.4088464, 42.607026 ], [ -81.4092729, 42.6070919 ], [ -81.4096696, 42.6071532 ], [ -81.4100726, 42.6072155 ], [ -81.4104356, 42.6072716 ], [ -81.4107349, 42.6073178 ], [ -81.410983, 42.6073562 ], [ -81.4111857, 42.6073875 ], [ -81.4113642, 42.6074151 ], [ -81.4115526, 42.6074442 ], [ -81.4117575, 42.6074759 ], [ -81.4119956, 42.6075127 ], [ -81.4122571, 42.6075531 ], [ -81.4125644, 42.6076006 ], [ -81.4129222, 42.6076558 ], [ -81.4133459, 42.607706 ], [ -81.4138447, 42.6076419 ], [ -81.4144344, 42.6075525 ], [ -81.4151262, 42.6074476 ], [ -81.4159581, 42.6073215 ], [ -81.4169662, 42.6071687 ], [ -81.4181858, 42.6069838 ], [ -81.4196755, 42.606758 ], [ -81.4214844, 42.6064837 ], [ -81.4236924, 42.6062438 ], [ -81.4261544, 42.6060663 ], [ -81.4288441, 42.6058722 ], [ -81.4318452, 42.6056024 ], [ -81.4352883, 42.6051881 ], [ -81.4391481, 42.6042779 ], [ -81.4426327, 42.603239 ], [ -81.4455052, 42.6023825 ], [ -81.4478824, 42.6016688 ], [ -81.4496967, 42.6008199 ], [ -81.4512275, 42.6000961 ], [ -81.4525406, 42.5994752 ], [ -81.4536877, 42.5989328 ], [ -81.454678, 42.5984645 ], [ -81.455514, 42.5980692 ], [ -81.4562238, 42.5977336 ], [ -81.4568026, 42.5974209 ], [ -81.4572066, 42.5970446 ], [ -81.4575524, 42.5967224 ], [ -81.4578343, 42.5964598 ], [ -81.4580715, 42.5962389 ], [ -81.4582621, 42.5960613 ], [ -81.4584159, 42.595918 ], [ -81.4585477, 42.5957953 ], [ -81.458682, 42.5956702 ], [ -81.4588374, 42.5955253 ], [ -81.4589861, 42.5953868 ], [ -81.4591127, 42.5952689 ], [ -81.4592292, 42.5951604 ], [ -81.4593585, 42.5950399 ], [ -81.4595167, 42.5948925 ], [ -81.4596949, 42.5947265 ], [ -81.4598853, 42.5945491 ], [ -81.4601047, 42.5943447 ], [ -81.4603556, 42.5941111 ], [ -81.4606409, 42.5938452 ], [ -81.4609636, 42.5935446 ], [ -81.4613281, 42.593205 ], [ -81.4617473, 42.5928144 ], [ -81.4622191, 42.5923749 ], [ -81.4627548, 42.5918759 ], [ -81.4633603, 42.5913116 ], [ -81.4640427, 42.590676 ], [ -81.4648154, 42.589956 ], [ -81.465764, 42.5891833 ], [ -81.4666849, 42.5884591 ], [ -81.4674821, 42.5878323 ], [ -81.4681585, 42.5873004 ], [ -81.4687288, 42.5868518 ], [ -81.469217, 42.586468 ], [ -81.4696364, 42.5861382 ], [ -81.4700033, 42.5858497 ], [ -81.4703276, 42.5855947 ], [ -81.4706114, 42.5853714 ], [ -81.4708455, 42.5851874 ], [ -81.471046, 42.5850297 ], [ -81.4712158, 42.5848962 ], [ -81.4713619, 42.5847813 ], [ -81.4714937, 42.5846776 ], [ -81.4716432, 42.58456 ], [ -81.4717849, 42.5844485 ], [ -81.4719249, 42.5843386 ], [ -81.4720738, 42.5842214 ], [ -81.4722105, 42.5841139 ], [ -81.4723653, 42.5839922 ], [ -81.4725454, 42.5838505 ], [ -81.4727643, 42.5836784 ], [ -81.4730233, 42.5834747 ], [ -81.4733408, 42.583225 ], [ -81.4737264, 42.5829218 ], [ -81.4741982, 42.5825507 ], [ -81.474819, 42.5821621 ], [ -81.4758091, 42.5820704 ], [ -81.4769857, 42.5819614 ], [ -81.4784011, 42.5818303 ], [ -81.4801096, 42.581672 ], [ -81.4820895, 42.5814285 ], [ -81.4843935, 42.5809635 ], [ -81.4870136, 42.5804347 ], [ -81.4899313, 42.5798459 ], [ -81.4932391, 42.5791681 ], [ -81.4970765, 42.5783741 ], [ -81.5014478, 42.5773815 ], [ -81.5059889, 42.5763204 ], [ -81.5097071, 42.5750604 ], [ -81.512668, 42.5738823 ], [ -81.515089, 42.572919 ], [ -81.5170729, 42.5721286 ], [ -81.5186265, 42.5713921 ], [ -81.5198999, 42.5707849 ], [ -81.5209421, 42.5702881 ], [ -81.5217956, 42.5698811 ], [ -81.5224948, 42.5695477 ], [ -81.5230695, 42.5692737 ], [ -81.5235378, 42.5690505 ], [ -81.5239208, 42.5688633 ], [ -81.5242217, 42.5686963 ], [ -81.5244745, 42.5685548 ], [ -81.5246829, 42.568438 ], [ -81.5248534, 42.5683426 ], [ -81.5250189, 42.5682499 ], [ -81.5252119, 42.5681418 ], [ -81.5254444, 42.5680116 ], [ -81.5257203, 42.5678572 ], [ -81.5260608, 42.5676665 ], [ -81.5264759, 42.5674341 ], [ -81.5269649, 42.5671602 ], [ -81.5275505, 42.5668323 ], [ -81.528255, 42.5664378 ], [ -81.5291099, 42.5659591 ], [ -81.5301485, 42.5653776 ], [ -81.5314137, 42.564669 ], [ -81.5329783, 42.5638671 ], [ -81.5344808, 42.5631928 ], [ -81.5357111, 42.5626407 ], [ -81.536723, 42.5621866 ], [ -81.5375496, 42.5618156 ], [ -81.5382264, 42.5615119 ], [ -81.538776, 42.5612601 ], [ -81.5391754, 42.560995 ], [ -81.539499, 42.5607772 ], [ -81.5397593, 42.5606022 ], [ -81.5399828, 42.5604519 ], [ -81.5401637, 42.5603301 ], [ -81.5403173, 42.5602269 ], [ -81.5404759, 42.5601202 ], [ -81.5406767, 42.5599851 ], [ -81.5409158, 42.5598242 ], [ -81.541203, 42.5596311 ], [ -81.5415404, 42.5594041 ], [ -81.5419511, 42.5591279 ], [ -81.5424462, 42.5587948 ], [ -81.5430513, 42.5583878 ], [ -81.5437904, 42.5578906 ], [ -81.5446921, 42.557284 ], [ -81.5457835, 42.5565476 ], [ -81.5471075, 42.5556513 ], [ -81.5487176, 42.5545614 ], [ -81.5506781, 42.5532343 ], [ -81.5530672, 42.551617 ], [ -81.5560226, 42.5498269 ], [ -81.5586608, 42.5482796 ], [ -81.5608217, 42.5470122 ], [ -81.5625917, 42.545976 ], [ -81.5640594, 42.5451453 ], [ -81.5652654, 42.5444628 ], [ -81.5662521, 42.5439044 ], [ -81.5670626, 42.5434457 ], [ -81.5677246, 42.543071 ], [ -81.5682689, 42.542763 ], [ -81.5686788, 42.5424795 ], [ -81.5690151, 42.5422391 ], [ -81.5692841, 42.5420467 ], [ -81.5695026, 42.5418905 ], [ -81.5696821, 42.5417621 ], [ -81.5698386, 42.5416502 ], [ -81.5699888, 42.5415428 ], [ -81.5701608, 42.5414199 ], [ -81.5703596, 42.5412777 ], [ -81.570592, 42.5411115 ], [ -81.5708665, 42.5409153 ], [ -81.5711954, 42.5406801 ], [ -81.571594, 42.5403951 ], [ -81.5720682, 42.5400561 ], [ -81.5726391, 42.5396478 ], [ -81.5733302, 42.5391536 ], [ -81.5740739, 42.5386218 ], [ -81.5746875, 42.5381831 ], [ -81.5752342, 42.5378548 ], [ -81.5756953, 42.5375889 ], [ -81.5760806, 42.5373669 ], [ -81.5763962, 42.5371848 ], [ -81.576664, 42.5370304 ], [ -81.5768927, 42.5368985 ], [ -81.5770929, 42.5367832 ], [ -81.5772725, 42.5366796 ], [ -81.577455, 42.5365744 ], [ -81.5776431, 42.5364659 ], [ -81.5778064, 42.5363718 ], [ -81.5779588, 42.5362839 ], [ -81.5781327, 42.5361837 ], [ -81.578298, 42.5360883 ], [ -81.5784562, 42.5359971 ], [ -81.5786171, 42.5359043 ], [ -81.5787792, 42.5358109 ], [ -81.5789505, 42.5357121 ], [ -81.5791408, 42.5356008 ], [ -81.5793224, 42.5354459 ], [ -81.5795261, 42.5352608 ], [ -81.5797634, 42.5350451 ], [ -81.5800329, 42.5348001 ], [ -81.5803204, 42.5345387 ], [ -81.5806439, 42.5342446 ], [ -81.5810222, 42.5339007 ], [ -81.5814644, 42.5334988 ], [ -81.5819908, 42.5330204 ], [ -81.5826128, 42.5324548 ], [ -81.5833405, 42.5317934 ], [ -81.584198, 42.5310138 ], [ -81.5852227, 42.5300823 ], [ -81.5864972, 42.5289859 ], [ -81.5880321, 42.5276711 ], [ -81.5897181, 42.5262268 ], [ -81.5912391, 42.5249239 ], [ -81.5926311, 42.5237428 ], [ -81.5939562, 42.5226372 ], [ -81.5952583, 42.5215507 ], [ -81.5965339, 42.5204865 ], [ -81.5978158, 42.5195737 ], [ -81.5992683, 42.5190831 ], [ -81.6004627, 42.5186796 ], [ -81.6014414, 42.518349 ], [ -81.602244, 42.5180779 ], [ -81.6028968, 42.5178574 ], [ -81.6034317, 42.5176767 ], [ -81.6038769, 42.5175263 ], [ -81.6042361, 42.5173907 ], [ -81.6044155, 42.5171918 ], [ -81.6045445, 42.5170084 ], [ -81.6046609, 42.5168428 ], [ -81.604761, 42.5167005 ], [ -81.6048604, 42.516559 ], [ -81.6049582, 42.5164201 ], [ -81.6050508, 42.5162883 ], [ -81.6051416, 42.5161592 ], [ -81.6052323, 42.5160301 ], [ -81.6053239, 42.5159 ], [ -81.605414, 42.5157719 ], [ -81.6055257, 42.515613 ], [ -81.6056604, 42.5154214 ], [ -81.6058118, 42.5152061 ], [ -81.6059756, 42.5149731 ], [ -81.6061607, 42.5147099 ], [ -81.6063777, 42.5144014 ], [ -81.6066364, 42.5140334 ], [ -81.6069494, 42.5135883 ], [ -81.6073306, 42.5130461 ], [ -81.6077905, 42.5123921 ], [ -81.608346, 42.511602 ], [ -81.6090187, 42.5106451 ], [ -81.6101298, 42.5100467 ], [ -81.61117, 42.5096275 ], [ -81.6120444, 42.5092751 ], [ -81.6128011, 42.5089701 ], [ -81.6134685, 42.5087011 ], [ -81.6140754, 42.5084566 ], [ -81.6146241, 42.5082354 ], [ -81.6151235, 42.5080342 ], [ -81.6155799, 42.5078503 ], [ -81.61599, 42.507685 ], [ -81.6163628, 42.5075348 ], [ -81.6167032, 42.5073976 ], [ -81.6170055, 42.5072757 ], [ -81.6172466, 42.5071786 ], [ -81.6174507, 42.5070963 ], [ -81.6176433, 42.5070187 ], [ -81.6178067, 42.5069529 ], [ -81.617981, 42.5068826 ], [ -81.6181699, 42.5068065 ], [ -81.6183431, 42.5067366 ], [ -81.6185261, 42.5066629 ], [ -81.6187573, 42.5065697 ], [ -81.6190321, 42.5064589 ], [ -81.6193336, 42.5063375 ], [ -81.6196312, 42.5062175 ], [ -81.6199402, 42.506093 ], [ -81.6202676, 42.505961 ], [ -81.6206084, 42.5057892 ], [ -81.6208355, 42.505457 ], [ -81.6211097, 42.505046 ], [ -81.6214445, 42.5045443 ], [ -81.6218529, 42.503932 ], [ -81.6223522, 42.5031837 ], [ -81.6229636, 42.5022672 ], [ -81.6237097, 42.5011487 ], [ -81.6246209, 42.4997828 ], [ -81.6257336, 42.4981148 ], [ -81.6277348, 42.4965003 ], [ -81.6302247, 42.495264 ], [ -81.6322832, 42.494242 ], [ -81.6339717, 42.4934037 ], [ -81.6353374, 42.4926914 ], [ -81.6364033, 42.4920543 ], [ -81.6372792, 42.4915306 ], [ -81.6379979, 42.491101 ], [ -81.6385851, 42.4907499 ], [ -81.6390721, 42.4904587 ], [ -81.6394741, 42.4902184 ], [ -81.6398122, 42.4900163 ], [ -81.6400984, 42.4898452 ], [ -81.6403425, 42.4896992 ], [ -81.6405644, 42.4895667 ], [ -81.640759, 42.4894503 ], [ -81.6409274, 42.4893496 ], [ -81.6411071, 42.4892421 ], [ -81.641307, 42.4891227 ], [ -81.6415318, 42.4889883 ], [ -81.6417487, 42.4888587 ], [ -81.6419752, 42.4887232 ], [ -81.6422383, 42.4885659 ], [ -81.6425373, 42.4883871 ], [ -81.6428839, 42.48818 ], [ -81.6433052, 42.4879281 ], [ -81.6438032, 42.4876303 ], [ -81.6443668, 42.4872934 ], [ -81.6450063, 42.4869107 ], [ -81.6457381, 42.4864728 ], [ -81.6465907, 42.4859626 ], [ -81.6475967, 42.4853605 ], [ -81.6487952, 42.4846432 ], [ -81.6502319, 42.4837834 ], [ -81.6517759, 42.4828594 ], [ -81.6530852, 42.4820759 ], [ -81.6542004, 42.4814112 ], [ -81.6552033, 42.4808866 ], [ -81.6560786, 42.4804289 ], [ -81.6568138, 42.4800445 ], [ -81.6574146, 42.4797303 ], [ -81.6579108, 42.4794708 ], [ -81.6583149, 42.4792596 ], [ -81.6586493, 42.4790847 ], [ -81.6589145, 42.478946 ], [ -81.6591419, 42.4788271 ], [ -81.6593256, 42.4787311 ], [ -81.6594926, 42.4786437 ], [ -81.6596715, 42.4785502 ], [ -81.6598712, 42.4784457 ], [ -81.6600836, 42.4783347 ], [ -81.6603325, 42.4782045 ], [ -81.6606307, 42.4780486 ], [ -81.6609863, 42.4778627 ], [ -81.6614309, 42.477651 ], [ -81.6619846, 42.4773991 ], [ -81.662651, 42.4770958 ], [ -81.6634633, 42.4767261 ], [ -81.6644578, 42.4762735 ], [ -81.6656307, 42.4757398 ], [ -81.6666674, 42.475268 ], [ -81.667517, 42.4748814 ], [ -81.6682139, 42.4745643 ], [ -81.6687863, 42.4743038 ], [ -81.6692581, 42.474089 ], [ -81.6696548, 42.4739085 ], [ -81.6699812, 42.47376 ], [ -81.6702619, 42.4736322 ], [ -81.6704936, 42.4735268 ], [ -81.6706899, 42.4734375 ], [ -81.6708643, 42.4733581 ], [ -81.6710417, 42.4732774 ], [ -81.6712311, 42.4731911 ], [ -81.6714619, 42.4730861 ], [ -81.6717326, 42.4729629 ], [ -81.6720522, 42.4728175 ], [ -81.6724023, 42.4726124 ], [ -81.6727307, 42.4723277 ], [ -81.6731043, 42.4720038 ], [ -81.6735375, 42.4716281 ], [ -81.6740401, 42.4711923 ], [ -81.6746382, 42.4706737 ], [ -81.675361, 42.470047 ], [ -81.6762323, 42.4692914 ], [ -81.6772892, 42.468375 ], [ -81.6785765, 42.4672615 ], [ -81.6803406, 42.4660362 ], [ -81.6821747, 42.4647625 ], [ -81.6838149, 42.4638503 ], [ -81.6853012, 42.4632491 ], [ -81.6865149, 42.4627584 ], [ -81.6875112, 42.4623553 ], [ -81.688328, 42.462025 ], [ -81.6889998, 42.4617533 ], [ -81.6895512, 42.4615303 ], [ -81.6900037, 42.4613473 ], [ -81.6903806, 42.4611949 ], [ -81.6907035, 42.4610747 ], [ -81.6909931, 42.4609756 ], [ -81.691267, 42.4608818 ], [ -81.6915313, 42.4607913 ], [ -81.6917687, 42.46071 ], [ -81.6919712, 42.4606406 ], [ -81.6921549, 42.4605777 ], [ -81.6923506, 42.4605107 ], [ -81.6925462, 42.4604436 ], [ -81.6927603, 42.4603703 ], [ -81.6929963, 42.4602895 ], [ -81.6932463, 42.4602039 ], [ -81.693521, 42.4601098 ], [ -81.6938224, 42.4600066 ], [ -81.694168, 42.4598882 ], [ -81.6945648, 42.4597523 ], [ -81.6950192, 42.4595967 ], [ -81.6955571, 42.4594124 ], [ -81.6961942, 42.4591943 ], [ -81.6969663, 42.4589298 ], [ -81.6977996, 42.4586444 ], [ -81.6985183, 42.4583983 ], [ -81.6991305, 42.4581886 ], [ -81.699568, 42.4579175 ], [ -81.6998578, 42.4576018 ], [ -81.7001122, 42.4573246 ], [ -81.7003217, 42.4570964 ], [ -81.7004982, 42.456904 ], [ -81.7006425, 42.4567469 ], [ -81.7007687, 42.4566094 ], [ -81.7008853, 42.4564823 ], [ -81.7010167, 42.4563392 ], [ -81.7011713, 42.4561707 ], [ -81.7013523, 42.4559737 ], [ -81.7015331, 42.4557767 ], [ -81.7016933, 42.455602 ], [ -81.7018364, 42.4554462 ], [ -81.7019618, 42.4553096 ], [ -81.702087, 42.4551732 ], [ -81.7022095, 42.4550397 ], [ -81.7023229, 42.4549161 ], [ -81.7024468, 42.4547812 ], [ -81.7025911, 42.4546238 ], [ -81.7027587, 42.4544414 ], [ -81.7029582, 42.4542225 ], [ -81.7031595, 42.4539475 ], [ -81.7033681, 42.45364 ], [ -81.7036087, 42.4532854 ], [ -81.7038904, 42.4528701 ], [ -81.7042285, 42.4523719 ], [ -81.7046349, 42.4517729 ], [ -81.7051258, 42.4510493 ], [ -81.7057222, 42.4501701 ], [ -81.7064473, 42.4491012 ], [ -81.7073317, 42.4477977 ], [ -81.7087946, 42.4464375 ], [ -81.7110021, 42.4450579 ], [ -81.7135262, 42.4434804 ], [ -81.7162632, 42.4418954 ], [ -81.7185787, 42.4406155 ], [ -81.7204755, 42.4395669 ], [ -81.7220356, 42.4387116 ], [ -81.7234644, 42.4381907 ], [ -81.7246552, 42.4377627 ], [ -81.725653, 42.437404 ], [ -81.7264966, 42.4371008 ], [ -81.7272219, 42.4368401 ], [ -81.7278367, 42.4366191 ], [ -81.728359, 42.4364314 ], [ -81.728809, 42.4362584 ], [ -81.7291651, 42.4360503 ], [ -81.7294702, 42.4358682 ], [ -81.7297188, 42.4357199 ], [ -81.7299339, 42.4355915 ], [ -81.7301186, 42.4354813 ], [ -81.730282, 42.4353837 ], [ -81.7304414, 42.4352886 ], [ -81.7306239, 42.4351798 ], [ -81.7308437, 42.4350485 ], [ -81.7311128, 42.4348879 ], [ -81.7314321, 42.4346974 ], [ -81.7318258, 42.4344624 ], [ -81.7323027, 42.4341778 ], [ -81.7328657, 42.4338418 ], [ -81.7335123, 42.433456 ], [ -81.7342784, 42.4329988 ], [ -81.7351877, 42.432456 ], [ -81.7362505, 42.4318218 ], [ -81.737511, 42.4310696 ], [ -81.7390475, 42.4302264 ], [ -81.740915, 42.429305 ], [ -81.7431252, 42.4282145 ], [ -81.7457647, 42.4269123 ], [ -81.7489375, 42.4253468 ], [ -81.7527221, 42.4233987 ], [ -81.7573037, 42.4210179 ], [ -81.7628692, 42.4181145 ], [ -81.7696678, 42.4146007 ], [ -81.7779297, 42.4102963 ], [ -81.7867411, 42.4051096 ], [ -81.7938509, 42.400366 ], [ -81.7998222, 42.3964241 ], [ -81.8048028, 42.3931199 ], [ -81.8091205, 42.3905355 ], [ -81.8134626, 42.389328 ], [ -81.8170376, 42.3883291 ], [ -81.8198141, 42.3871912 ], [ -81.8221487, 42.3862302 ], [ -81.8241244, 42.3853867 ], [ -81.8257596, 42.384528 ], [ -81.8272438, 42.3837485 ], [ -81.8285688, 42.3830525 ], [ -81.8297343, 42.3824404 ], [ -81.8308641, 42.3820852 ], [ -81.8318335, 42.3818432 ], [ -81.8326435, 42.3816411 ], [ -81.8333105, 42.3814746 ], [ -81.8338612, 42.3813372 ], [ -81.8343167, 42.3812235 ], [ -81.8346965, 42.3811287 ], [ -81.8350043, 42.3810519 ], [ -81.8352682, 42.380986 ], [ -81.8354759, 42.3809342 ], [ -81.8356695, 42.3808859 ], [ -81.8358475, 42.3808415 ], [ -81.836036, 42.3807944 ], [ -81.8362799, 42.3807335 ], [ -81.836558, 42.3806641 ], [ -81.8369099, 42.3805763 ], [ -81.8373362, 42.38047 ], [ -81.8378544, 42.3803406 ], [ -81.8384827, 42.3801838 ], [ -81.8392551, 42.379991 ], [ -81.8401987, 42.3797556 ], [ -81.8413576, 42.3794813 ], [ -81.8427743, 42.379147 ], [ -81.8444943, 42.3787412 ], [ -81.8460671, 42.3779849 ], [ -81.8476006, 42.3772313 ], [ -81.8491747, 42.3764578 ], [ -81.8508558, 42.3756316 ], [ -81.8525686, 42.3748159 ], [ -81.8540438, 42.3741805 ], [ -81.8552845, 42.3736461 ], [ -81.8563363, 42.3731931 ], [ -81.8572339, 42.3728065 ], [ -81.8579968, 42.3724778 ], [ -81.8586465, 42.3721981 ], [ -81.8592164, 42.3719608 ], [ -81.8597599, 42.371817 ], [ -81.8602313, 42.3716922 ], [ -81.8606426, 42.3715834 ], [ -81.8610008, 42.3714886 ], [ -81.8613063, 42.3714077 ], [ -81.8615768, 42.3713361 ], [ -81.8618399, 42.3712665 ], [ -81.8620493, 42.3712111 ], [ -81.8622476, 42.3711586 ], [ -81.8624642, 42.3711013 ], [ -81.8627076, 42.3710369 ], [ -81.8629344, 42.3709768 ], [ -81.8631809, 42.3709116 ], [ -81.8634497, 42.3708405 ], [ -81.8637546, 42.3707597 ], [ -81.8641004, 42.3706679 ], [ -81.8644998, 42.3705205 ], [ -81.8649672, 42.3703379 ], [ -81.8655263, 42.3701194 ], [ -81.8661949, 42.3698581 ], [ -81.8669999, 42.3695435 ], [ -81.867971, 42.369164 ], [ -81.8690273, 42.3687512 ], [ -81.869987, 42.3683762 ], [ -81.870897, 42.3680206 ], [ -81.8718025, 42.3676667 ], [ -81.8727416, 42.3673006 ], [ -81.8737722, 42.3669125 ], [ -81.874935, 42.3664747 ], [ -81.8762784, 42.3659687 ], [ -81.8778621, 42.3653724 ], [ -81.8797497, 42.3646615 ], [ -81.8819281, 42.3638411 ], [ -81.884268, 42.3629754 ], [ -81.886854, 42.3620417 ], [ -81.8892091, 42.3611915 ], [ -81.8911201, 42.3604615 ], [ -81.8926699, 42.3598344 ], [ -81.8939422, 42.3593195 ], [ -81.8949901, 42.3588954 ], [ -81.8958555, 42.3585452 ], [ -81.8965704, 42.3582559 ], [ -81.8971676, 42.3580142 ], [ -81.8976703, 42.3578108 ], [ -81.898097, 42.3576381 ], [ -81.8984684, 42.3574878 ], [ -81.8987794, 42.3573619 ], [ -81.8990372, 42.3572576 ], [ -81.8992516, 42.3571708 ], [ -81.8994226, 42.3571017 ], [ -81.8996086, 42.3570264 ], [ -81.8998166, 42.3569422 ], [ -81.9000551, 42.3568457 ], [ -81.9003481, 42.3567271 ], [ -81.900701, 42.3565843 ], [ -81.9011127, 42.3563932 ], [ -81.901491, 42.3560585 ], [ -81.901919, 42.3556797 ], [ -81.9023638, 42.3552861 ], [ -81.9028128, 42.3548888 ], [ -81.9031894, 42.3545556 ], [ -81.903502, 42.354279 ], [ -81.9037601, 42.3540507 ], [ -81.903976, 42.3538596 ], [ -81.9041643, 42.353693 ], [ -81.9043288, 42.3535474 ], [ -81.9044737, 42.3534192 ], [ -81.9046032, 42.3533047 ], [ -81.9047462, 42.3531781 ], [ -81.9049172, 42.3530267 ], [ -81.9051277, 42.3528405 ], [ -81.9053871, 42.352611 ], [ -81.9056981, 42.3523357 ], [ -81.906082, 42.3519961 ], [ -81.9065457, 42.3515857 ], [ -81.9071034, 42.3510923 ], [ -81.907777, 42.3504961 ], [ -81.908809, 42.3499711 ], [ -81.9099041, 42.3494663 ], [ -81.9108088, 42.3490492 ], [ -81.9115584, 42.3487036 ], [ -81.9121764, 42.3484187 ], [ -81.9126886, 42.3481825 ], [ -81.9131155, 42.3479857 ], [ -81.9134715, 42.3478216 ], [ -81.9137664, 42.3476857 ], [ -81.914012, 42.3475725 ], [ -81.9142206, 42.3474762 ], [ -81.9144013, 42.3473929 ], [ -81.9145822, 42.3473096 ], [ -81.9147844, 42.3472164 ], [ -81.9150217, 42.3471069 ], [ -81.9152635, 42.3469955 ], [ -81.9155043, 42.3468844 ], [ -81.9157682, 42.3467628 ], [ -81.9160698, 42.3466237 ], [ -81.916421, 42.3464618 ], [ -81.9168455, 42.3462661 ], [ -81.9173543, 42.3460315 ], [ -81.9179874, 42.3457599 ], [ -81.9187856, 42.3454713 ], [ -81.9197608, 42.3451188 ], [ -81.9209523, 42.344688 ], [ -81.9222327, 42.3442252 ], [ -81.9232989, 42.3438397 ], [ -81.9241828, 42.3435209 ], [ -81.9249204, 42.3432559 ], [ -81.9255333, 42.3430358 ], [ -81.926044, 42.3428524 ], [ -81.9264683, 42.3427 ], [ -81.9268206, 42.3425735 ], [ -81.9271207, 42.3424656 ], [ -81.9273702, 42.3423761 ], [ -81.9275803, 42.3423006 ], [ -81.9277708, 42.3422321 ], [ -81.9279668, 42.3421618 ], [ -81.9282158, 42.3420723 ], [ -81.9285077, 42.3419675 ], [ -81.9288707, 42.3418371 ], [ -81.9293122, 42.3416785 ], [ -81.9298427, 42.3414828 ], [ -81.930454, 42.3411992 ], [ -81.9311704, 42.3408628 ], [ -81.9319977, 42.3404744 ], [ -81.9327536, 42.3401195 ], [ -81.9333917, 42.3398199 ], [ -81.9339537, 42.339556 ], [ -81.9344598, 42.3393184 ], [ -81.9349476, 42.3390893 ], [ -81.9354423, 42.3388571 ], [ -81.9359697, 42.3386094 ], [ -81.9365645, 42.3383301 ], [ -81.937238, 42.3379999 ], [ -81.9378618, 42.3374832 ], [ -81.9385752, 42.3368921 ], [ -81.9394083, 42.336202 ], [ -81.9403904, 42.3353884 ], [ -81.941316, 42.3346217 ], [ -81.9420757, 42.3339924 ], [ -81.9426926, 42.3334813 ], [ -81.9432025, 42.3330588 ], [ -81.9436201, 42.332713 ], [ -81.943963, 42.3324288 ], [ -81.9442422, 42.3321975 ], [ -81.944472, 42.3320071 ], [ -81.9446684, 42.3318444 ], [ -81.9448337, 42.3317075 ], [ -81.9449736, 42.3315916 ], [ -81.9451294, 42.3314625 ], [ -81.9453141, 42.3313095 ], [ -81.945537, 42.3311298 ], [ -81.9458466, 42.3309465 ], [ -81.9462326, 42.3307336 ], [ -81.9467027, 42.3304746 ], [ -81.9472685, 42.3301628 ], [ -81.9479607, 42.3297813 ], [ -81.9487661, 42.3293374 ], [ -81.949464, 42.3289527 ], [ -81.950041, 42.3286347 ], [ -81.9505182, 42.3283716 ], [ -81.9509129, 42.3281541 ], [ -81.9512413, 42.3279732 ], [ -81.9515335, 42.3278121 ], [ -81.9517834, 42.3276743 ], [ -81.9520057, 42.3275518 ], [ -81.9522067, 42.327441 ], [ -81.9523846, 42.327343 ], [ -81.9525375, 42.3272588 ], [ -81.9526989, 42.3271697 ], [ -81.9528814, 42.3270691 ], [ -81.9531027, 42.3269472 ], [ -81.9533619, 42.3268044 ], [ -81.9536696, 42.3266327 ], [ -81.9540367, 42.3264186 ], [ -81.9544677, 42.3261672 ], [ -81.9549805, 42.3258679 ], [ -81.955602, 42.3255053 ], [ -81.9563531, 42.325067 ], [ -81.9572641, 42.3245354 ], [ -81.9583174, 42.3239208 ], [ -81.9592328, 42.3233866 ], [ -81.9599956, 42.3229415 ], [ -81.9606276, 42.3225727 ], [ -81.9611519, 42.322274 ], [ -81.9615921, 42.3220328 ], [ -81.9619576, 42.3218325 ], [ -81.9622563, 42.3216687 ], [ -81.9625063, 42.3215316 ], [ -81.9627197, 42.3214147 ], [ -81.9628986, 42.3213165 ], [ -81.9630602, 42.3212281 ], [ -81.9632458, 42.3211263 ], [ -81.9634635, 42.321007 ], [ -81.9637197, 42.3208665 ], [ -81.9640117, 42.3207064 ], [ -81.964351, 42.3205204 ], [ -81.9647622, 42.320295 ], [ -81.9652609, 42.3200216 ], [ -81.9658698, 42.3196879 ], [ -81.9665585, 42.31924 ], [ -81.9673542, 42.3186548 ], [ -81.9683295, 42.3179375 ], [ -81.9695176, 42.3170637 ], [ -81.9706859, 42.3162044 ], [ -81.971645, 42.3154989 ], [ -81.9724317, 42.3149203 ], [ -81.9730803, 42.3144433 ], [ -81.9736243, 42.3140622 ], [ -81.9740964, 42.3137683 ], [ -81.9744799, 42.3135296 ], [ -81.9747993, 42.3133308 ], [ -81.9750668, 42.3131644 ], [ -81.9752861, 42.3130278 ], [ -81.975475, 42.3129102 ], [ -81.975653, 42.3127994 ], [ -81.9758216, 42.3126944 ], [ -81.9759751, 42.3125989 ], [ -81.9761544, 42.3124874 ], [ -81.9763775, 42.3123485 ], [ -81.9766474, 42.3121804 ], [ -81.9769737, 42.3119774 ], [ -81.9773696, 42.3117309 ], [ -81.9778516, 42.3114309 ], [ -81.9784364, 42.3110669 ], [ -81.9791443, 42.3106263 ], [ -81.9800058, 42.31009 ], [ -81.9810532, 42.309438 ], [ -81.9823746, 42.3086841 ], [ -81.984107, 42.3078916 ], [ -81.9862219, 42.3069241 ], [ -81.9888067, 42.3057417 ], [ -81.9915029, 42.3038838 ], [ -81.9947171, 42.3015562 ], [ -81.9986909, 42.2990014 ], [ -82.0027718, 42.2959318 ], [ -82.0063072, 42.2929042 ], [ -82.0097398, 42.290119 ], [ -82.0127252, 42.2872033 ], [ -82.0149589, 42.2839865 ], [ -82.0172163, 42.2807352 ], [ -82.0196221, 42.2773279 ], [ -82.0221469, 42.2738425 ], [ -82.0249136, 42.2704408 ], [ -82.0283152, 42.2671599 ], [ -82.0320491, 42.264806 ], [ -82.035393, 42.2629487 ], [ -82.0383914, 42.2615635 ], [ -82.0413569, 42.2611205 ], [ -82.0438433, 42.2607491 ], [ -82.0459632, 42.2604862 ], [ -82.0477825, 42.2602657 ], [ -82.0493807, 42.260072 ], [ -82.0508241, 42.259897 ], [ -82.0521711, 42.2597336 ], [ -82.053405, 42.2595841 ], [ -82.0544986, 42.2592931 ], [ -82.055537, 42.2589579 ], [ -82.0565111, 42.2586433 ], [ -82.0574593, 42.2583372 ], [ -82.0583773, 42.2580408 ], [ -82.059219, 42.257769 ], [ -82.0599167, 42.2575437 ], [ -82.0604843, 42.2573604 ], [ -82.0609506, 42.2572098 ], [ -82.0613291, 42.2570905 ], [ -82.061649, 42.2570034 ], [ -82.0619131, 42.2569314 ], [ -82.0621526, 42.2568662 ], [ -82.0623543, 42.2568113 ], [ -82.0625382, 42.2567611 ], [ -82.0627417, 42.2567057 ], [ -82.0629963, 42.2566363 ], [ -82.0632854, 42.2565576 ], [ -82.0636269, 42.2564646 ], [ -82.0640426, 42.2563513 ], [ -82.0645401, 42.2562158 ], [ -82.0651326, 42.2560544 ], [ -82.0658456, 42.2558602 ], [ -82.066715, 42.2556233 ], [ -82.0677356, 42.2553452 ], [ -82.0689006, 42.2550278 ], [ -82.0702614, 42.2546669 ], [ -82.0718763, 42.2542602 ], [ -82.0738037, 42.2537747 ], [ -82.076107, 42.2531946 ], [ -82.0788656, 42.2524993 ], [ -82.0821574, 42.2516367 ], [ -82.0860509, 42.2504557 ], [ -82.0906636, 42.2488031 ], [ -82.0963745, 42.2469464 ], [ -82.1027665, 42.2445166 ], [ -82.1087651, 42.2420665 ], [ -82.1145763, 42.2397615 ], [ -82.1203415, 42.2374024 ], [ -82.1254247, 42.2352664 ], [ -82.1295813, 42.2335074 ], [ -82.1329837, 42.2320667 ], [ -82.1357531, 42.2308622 ], [ -82.1380247, 42.2298742 ], [ -82.139886, 42.2290646 ], [ -82.1414178, 42.2283983 ], [ -82.1426707, 42.2278534 ], [ -82.1436467, 42.2273383 ], [ -82.1444424, 42.2269073 ], [ -82.1450941, 42.2265542 ], [ -82.1456332, 42.2262622 ], [ -82.1460788, 42.2260209 ], [ -82.1464418, 42.2258242 ], [ -82.1467428, 42.2256612 ], [ -82.1469917, 42.2255263 ], [ -82.1472004, 42.2254133 ], [ -82.1473776, 42.2253173 ], [ -82.1475452, 42.2252265 ], [ -82.147741, 42.2251204 ], [ -82.1479834, 42.2249891 ], [ -82.1482837, 42.2248265 ], [ -82.1486502, 42.2246279 ], [ -82.1490994, 42.2243846 ], [ -82.1496772, 42.2241206 ], [ -82.1503875, 42.2238042 ], [ -82.1512539, 42.2234181 ], [ -82.1523074, 42.2229487 ], [ -82.1535942, 42.2223754 ], [ -82.1551626, 42.2216765 ], [ -82.1570722, 42.2208256 ], [ -82.1594107, 42.2198008 ], [ -82.1623095, 42.2186112 ], [ -82.1658456, 42.2171602 ], [ -82.1694683, 42.2152278 ], [ -82.172594, 42.2135206 ], [ -82.1752339, 42.211918 ], [ -82.1775706, 42.2103778 ], [ -82.1797965, 42.2089135 ], [ -82.1820077, 42.207468 ], [ -82.1842935, 42.2059738 ], [ -82.1868839, 42.2045099 ], [ -82.1898206, 42.2030183 ], [ -82.1930704, 42.201283 ], [ -82.1967747, 42.1992148 ], [ -82.2010399, 42.1972042 ], [ -82.2049373, 42.1955678 ], [ -82.2084299, 42.1941413 ], [ -82.2116398, 42.19283 ], [ -82.2146969, 42.1915808 ], [ -82.2177301, 42.1903414 ], [ -82.2208811, 42.1890805 ], [ -82.224261, 42.1877287 ], [ -82.2280015, 42.1862293 ], [ -82.2321565, 42.184375 ], [ -82.2370112, 42.1822147 ], [ -82.2427253, 42.1800122 ], [ -82.2479923, 42.1779821 ], [ -82.252787, 42.1761222 ], [ -82.2573844, 42.1744929 ], [ -82.261915, 42.1730537 ], [ -82.2663254, 42.1716699 ], [ -82.2706053, 42.170303 ], [ -82.2742557, 42.1689765 ], [ -82.277242, 42.1678913 ], [ -82.2797294, 42.1670699 ], [ -82.2817991, 42.1664411 ], [ -82.2834992, 42.1659246 ], [ -82.2848545, 42.1654363 ], [ -82.285942, 42.1649981 ], [ -82.2868339, 42.1646389 ], [ -82.2875731, 42.1643411 ], [ -82.28818, 42.1640965 ], [ -82.2886862, 42.1638926 ], [ -82.2890974, 42.163727 ], [ -82.2894399, 42.163589 ], [ -82.2897288, 42.1634726 ], [ -82.2899713, 42.1633749 ], [ -82.2901729, 42.1632937 ], [ -82.2903539, 42.1632207 ], [ -82.2905451, 42.1631438 ], [ -82.2907652, 42.1630551 ], [ -82.2910313, 42.1629479 ], [ -82.2913399, 42.1628236 ], [ -82.2917079, 42.1626753 ], [ -82.2921412, 42.1625323 ], [ -82.2926583, 42.1623723 ], [ -82.2932834, 42.1621789 ], [ -82.2940256, 42.1619492 ], [ -82.29493, 42.1616694 ], [ -82.2960224, 42.1613314 ], [ -82.2973566, 42.1609186 ], [ -82.2989671, 42.1603958 ], [ -82.3008706, 42.1596608 ], [ -82.3031576, 42.1587777 ], [ -82.305906, 42.1577165 ], [ -82.3092486, 42.15647 ], [ -82.313302, 42.1549778 ], [ -82.3182129, 42.1531565 ], [ -82.3239948, 42.1509781 ], [ -82.329683, 42.1490341 ], [ -82.3346634, 42.1473168 ], [ -82.3391174, 42.1457674 ], [ -82.343357, 42.146427 ], [ -82.3469689, 42.1470004 ], [ -82.3501191, 42.1472747 ], [ -82.3530498, 42.146935 ], [ -82.3558057, 42.1466156 ], [ -82.3583971, 42.1463153 ], [ -82.3608334, 42.1460329 ], [ -82.3631191, 42.1457681 ], [ -82.3652609, 42.1455198 ], [ -82.3672521, 42.1452891 ], [ -82.36914, 42.1450703 ], [ -82.3709387, 42.1448618 ], [ -82.3726194, 42.144667 ], [ -82.3741867, 42.1444854 ], [ -82.3756679, 42.1443137 ], [ -82.3770824, 42.1441498 ], [ -82.3784033, 42.1439967 ], [ -82.3796552, 42.1438516 ], [ -82.3808901, 42.1437085 ], [ -82.3821591, 42.1435614 ], [ -82.3835105, 42.1434047 ], [ -82.3848419, 42.1432504 ], [ -82.3860562, 42.1431097 ], [ -82.3871623, 42.1429815 ], [ -82.3881666, 42.1428651 ], [ -82.3890613, 42.1427614 ], [ -82.3898553, 42.1426694 ], [ -82.390559, 42.1425878 ], [ -82.3911891, 42.1425148 ], [ -82.3917438, 42.1424505 ], [ -82.3922429, 42.1423927 ], [ -82.3926811, 42.1423419 ], [ -82.3930749, 42.1422962 ], [ -82.3934384, 42.1422541 ], [ -82.3937652, 42.1422162 ], [ -82.3940637, 42.1421816 ], [ -82.3943333, 42.1421504 ], [ -82.3945791, 42.1421219 ], [ -82.3947925, 42.1420972 ], [ -82.3949733, 42.1420762 ], [ -82.3951577, 42.1420548 ], [ -82.3953588, 42.1420315 ], [ -82.3955667, 42.1420074 ], [ -82.3957878, 42.1419818 ], [ -82.3960358, 42.1419531 ], [ -82.3963032, 42.1419221 ], [ -82.3966091, 42.1418866 ], [ -82.396956, 42.1418464 ], [ -82.3973376, 42.1418022 ], [ -82.3977723, 42.1417518 ], [ -82.3982582, 42.1416955 ], [ -82.3988037, 42.1416323 ], [ -82.3994198, 42.1415609 ], [ -82.4001118, 42.1414807 ], [ -82.4008878, 42.1413907 ], [ -82.4017492, 42.1412909 ], [ -82.4027062, 42.1411799 ], [ -82.4037676, 42.1410569 ], [ -82.4049279, 42.1409225 ], [ -82.4062054, 42.1407744 ], [ -82.4076386, 42.1406082 ], [ -82.4092234, 42.1404246 ], [ -82.4106471, 42.1402596 ], [ -82.4118408, 42.1401213 ], [ -82.412841, 42.1400053 ], [ -82.4136896, 42.1399069 ], [ -82.4144142, 42.1398229 ], [ -82.4150285, 42.1397517 ], [ -82.415553, 42.139691 ], [ -82.4159974, 42.1396395 ], [ -82.4163797, 42.1395952 ], [ -82.4167026, 42.1395577 ], [ -82.4169725, 42.1395264 ], [ -82.4172001, 42.1395 ], [ -82.4173977, 42.1394772 ], [ -82.4176078, 42.1394528 ], [ -82.4178261, 42.1394275 ], [ -82.4180736, 42.1393988 ], [ -82.4183754, 42.1393638 ], [ -82.4187273, 42.139323 ], [ -82.4191368, 42.1392756 ], [ -82.4196192, 42.1392197 ], [ -82.4201867, 42.1391539 ], [ -82.4208502, 42.139077 ], [ -82.4216316, 42.1389864 ], [ -82.4225516, 42.1388798 ], [ -82.4236313, 42.1387546 ], [ -82.4249014, 42.1386075 ], [ -82.426412, 42.1384323 ], [ -82.4282267, 42.138222 ], [ -82.4304175, 42.1379681 ], [ -82.4330731, 42.1376603 ], [ -82.4361482, 42.1373038 ], [ -82.4392214, 42.1369476 ], [ -82.442372, 42.1365824 ], [ -82.4453654, 42.1362354 ], [ -82.4480511, 42.1359241 ], [ -82.4503126, 42.135662 ], [ -82.4521765, 42.1354459 ], [ -82.4537165, 42.1352674 ], [ -82.4549886, 42.13512 ], [ -82.4560363, 42.1349986 ], [ -82.4568978, 42.1348987 ], [ -82.4575985, 42.1348174 ], [ -82.4581771, 42.1347504 ], [ -82.458647, 42.1346959 ], [ -82.4590383, 42.1346505 ], [ -82.4593577, 42.1346136 ], [ -82.4596139, 42.1345838 ], [ -82.4598291, 42.1345589 ], [ -82.4600327, 42.1345353 ], [ -82.4602871, 42.1345058 ], [ -82.4605801, 42.1344718 ], [ -82.4609339, 42.1344308 ], [ -82.4613799, 42.1343791 ], [ -82.4619107, 42.1343176 ], [ -82.4625615, 42.1342421 ], [ -82.4633509, 42.1341507 ], [ -82.4643144, 42.134039 ], [ -82.4654918, 42.1339025 ], [ -82.4669267, 42.1337362 ], [ -82.4686717, 42.1335339 ], [ -82.4707897, 42.1332884 ], [ -82.4732358, 42.1330049 ], [ -82.4753507, 42.1327597 ], [ -82.4770872, 42.1325584 ], [ -82.4785215, 42.1323921 ], [ -82.4797031, 42.1322552 ], [ -82.4806816, 42.1321417 ], [ -82.4815008, 42.1320468 ], [ -82.4821982, 42.1319659 ], [ -82.482798, 42.1318964 ], [ -82.4833394, 42.1318272 ], [ -82.483801, 42.1317074 ], [ -82.4842126, 42.1315955 ], [ -82.484594, 42.1314918 ], [ -82.4849513, 42.1313947 ], [ -82.4852872, 42.1313033 ], [ -82.4855958, 42.1312194 ], [ -82.485888, 42.1311401 ], [ -82.4861582, 42.1310666 ], [ -82.4864111, 42.1309978 ], [ -82.4866478, 42.1309334 ], [ -82.4868684, 42.1308735 ], [ -82.4870711, 42.1308184 ], [ -82.4872693, 42.1307645 ], [ -82.4874479, 42.1307159 ], [ -82.4876279, 42.130667 ], [ -82.4878258, 42.1306132 ], [ -82.4880322, 42.1305571 ], [ -82.488256, 42.1304963 ], [ -82.488494, 42.1304315 ], [ -82.4887529, 42.1303612 ], [ -82.4890248, 42.1302872 ], [ -82.4893224, 42.1302063 ], [ -82.4896461, 42.1301183 ], [ -82.4900099, 42.1300194 ], [ -82.4904083, 42.1299111 ], [ -82.4908366, 42.1297947 ], [ -82.4912949, 42.12967 ], [ -82.4917845, 42.129537 ], [ -82.4923089, 42.1293944 ], [ -82.492871, 42.1292416 ], [ -82.4934733, 42.1290778 ], [ -82.4941183, 42.1289024 ], [ -82.4946966, 42.1286062 ], [ -82.4951501, 42.1280598 ], [ -82.4956949, 42.1274034 ], [ -82.4963504, 42.1266137 ], [ -82.4971301, 42.1256744 ], [ -82.498057, 42.1245575 ], [ -82.4991557, 42.1232338 ], [ -82.5004773, 42.1216713 ], [ -82.5021601, 42.1198644 ], [ -82.5041774, 42.1176981 ], [ -82.506518, 42.1151848 ], [ -82.5100499, 42.1139821 ], [ -82.5140957, 42.1130823 ], [ -82.5177335, 42.1113855 ], [ -82.5204229, 42.1094152 ], [ -82.5231442, 42.1083693 ], [ -82.5255275, 42.1076908 ], [ -82.5274776, 42.1071356 ], [ -82.5290766, 42.1066803 ], [ -82.5303823, 42.1063086 ], [ -82.5312792, 42.1057674 ], [ -82.5320102, 42.1053058 ], [ -82.5326259, 42.104917 ], [ -82.5331467, 42.1045882 ], [ -82.5335931, 42.1043063 ], [ -82.5339761, 42.1040645 ], [ -82.5343097, 42.1038539 ], [ -82.5345997, 42.1036708 ], [ -82.5348728, 42.1034984 ], [ -82.5351296, 42.1033362 ], [ -82.5353494, 42.1031973 ], [ -82.5355396, 42.1030773 ], [ -82.5356934, 42.1029801 ], [ -82.5358505, 42.102881 ], [ -82.5359981, 42.1027877 ], [ -82.5361513, 42.1026911 ], [ -82.5363287, 42.102579 ], [ -82.5365345, 42.1024491 ], [ -82.5367677, 42.1023019 ], [ -82.5370145, 42.102146 ], [ -82.5372648, 42.1019879 ], [ -82.5375286, 42.1018213 ], [ -82.5378479, 42.1016198 ], [ -82.5382356, 42.1014322 ], [ -82.538791, 42.1013424 ], [ -82.5394673, 42.1012345 ], [ -82.5402906, 42.1011031 ], [ -82.541295, 42.1009429 ], [ -82.5424907, 42.1007521 ], [ -82.5439208, 42.1005239 ], [ -82.5451409, 42.0996551 ], [ -82.5464212, 42.0985647 ], [ -82.5478665, 42.0973337 ], [ -82.5495229, 42.0959231 ], [ -82.5514593, 42.094274 ], [ -82.5539144, 42.0928688 ], [ -82.5561131, 42.0918431 ], [ -82.5579187, 42.0910009 ], [ -82.5594052, 42.0903074 ], [ -82.560626, 42.0897379 ], [ -82.5616363, 42.0892666 ], [ -82.5624638, 42.0888806 ], [ -82.563143, 42.0885637 ], [ -82.5637002, 42.0882928 ], [ -82.5641198, 42.0880332 ], [ -82.5644712, 42.0878148 ], [ -82.5647597, 42.0876354 ], [ -82.5650044, 42.0874833 ], [ -82.5652085, 42.0873565 ], [ -82.5653988, 42.0872382 ], [ -82.565567, 42.0871337 ], [ -82.5657151, 42.0870417 ], [ -82.5658929, 42.0869311 ], [ -82.5661127, 42.0867946 ], [ -82.566368, 42.0866359 ], [ -82.5666898, 42.0864359 ], [ -82.567082, 42.0861922 ], [ -82.5675628, 42.0858933 ], [ -82.5681492, 42.0855289 ], [ -82.5688629, 42.0850853 ], [ -82.5697361, 42.0845426 ], [ -82.5708007, 42.0838809 ], [ -82.5721017, 42.0830723 ], [ -82.5736885, 42.082086 ], [ -82.575793, 42.0810579 ], [ -82.5779525, 42.0800258 ], [ -82.5798114, 42.0791373 ], [ -82.5813188, 42.078324 ], [ -82.58256, 42.0776249 ], [ -82.5836111, 42.0770329 ], [ -82.5845114, 42.0765259 ], [ -82.5853018, 42.0760807 ], [ -82.5860021, 42.0756863 ], [ -82.5866105, 42.0753435 ], [ -82.5871386, 42.0750462 ], [ -82.5876065, 42.0747826 ], [ -82.5879863, 42.0745495 ], [ -82.5882843, 42.0743362 ], [ -82.5885309, 42.0741595 ], [ -82.5887341, 42.074014 ], [ -82.5889099, 42.0738882 ], [ -82.5890608, 42.0737802 ], [ -82.5892197, 42.0736664 ], [ -82.5894008, 42.0735368 ], [ -82.5896263, 42.0733753 ], [ -82.589902, 42.073178 ], [ -82.5902374, 42.0729378 ], [ -82.5906445, 42.0726462 ], [ -82.5911381, 42.0722928 ], [ -82.5917402, 42.0718618 ], [ -82.5924742, 42.0713362 ], [ -82.5933774, 42.0706895 ], [ -82.5943733, 42.0699764 ], [ -82.5952224, 42.0693685 ], [ -82.5959396, 42.068855 ], [ -82.5965368, 42.0684273 ], [ -82.5967616, 42.0679491 ], [ -82.5968676, 42.0675316 ], [ -82.5969551, 42.0671871 ], [ -82.597026, 42.066908 ], [ -82.5970866, 42.0666692 ], [ -82.5971345, 42.0664805 ], [ -82.5971755, 42.066319 ], [ -82.5972156, 42.0661612 ], [ -82.597254, 42.0660097 ], [ -82.5972974, 42.0658388 ], [ -82.597349, 42.0656359 ], [ -82.597414, 42.0653798 ], [ -82.5974933, 42.0650671 ], [ -82.5975877, 42.0646959 ], [ -82.5976882, 42.0642998 ], [ -82.5977938, 42.0638838 ], [ -82.5979067, 42.0634392 ], [ -82.5980348, 42.0629349 ], [ -82.5981762, 42.0623778 ], [ -82.5983317, 42.0617655 ], [ -82.5985103, 42.0610619 ], [ -82.5987182, 42.0602433 ], [ -82.5989299, 42.059291 ], [ -82.5989094, 42.0581743 ], [ -82.5988866, 42.0569288 ], [ -82.5988615, 42.055561 ], [ -82.5988383, 42.0542957 ], [ -82.5988185, 42.0532185 ], [ -82.5988014, 42.0522829 ], [ -82.598786, 42.0514467 ], [ -82.5987718, 42.0506705 ], [ -82.598758, 42.0499169 ], [ -82.5987438, 42.049147 ], [ -82.5987184, 42.048322 ], [ -82.598474, 42.0474338 ], [ -82.598202, 42.0464742 ], [ -82.597906, 42.0454298 ], [ -82.5975911, 42.0443185 ], [ -82.5972554, 42.0431337 ], [ -82.5968863, 42.0418314 ], [ -82.5968442, 42.0403951 ], [ -82.5979616, 42.038923 ], [ -82.5991588, 42.0373459 ], [ -82.6004204, 42.0356839 ], [ -82.6028336, 42.0347267 ], [ -82.6057397, 42.0337064 ], [ -82.6091127, 42.0325221 ], [ -82.6135666, 42.0326912 ], [ -82.6189722, 42.0324579 ], [ -82.6254243, 42.0322885 ], [ -82.6322191, 42.0343295 ], [ -82.6391057, 42.0357487 ], [ -82.6465816, 42.03608 ], [ -82.6545811, 42.036032 ], [ -82.6614319, 42.0366795 ], [ -82.6671116, 42.0369714 ], [ -82.6717956, 42.0371393 ], [ -82.6756637, 42.0370446 ], [ -82.6788522, 42.0369667 ], [ -82.6813781, 42.0364894 ], [ -82.6834009, 42.0359328 ], [ -82.6850577, 42.0354767 ], [ -82.6864148, 42.0351032 ], [ -82.6875268, 42.0347972 ], [ -82.6884419, 42.0345453 ], [ -82.6891893, 42.0343396 ], [ -82.6898047, 42.0341703 ], [ -82.6903146, 42.0340299 ], [ -82.6907347, 42.0339143 ], [ -82.6910797, 42.0338194 ], [ -82.6913683, 42.0337399 ], [ -82.6916023, 42.0336755 ], [ -82.6918089, 42.0336677 ], [ -82.6920082, 42.0336815 ], [ -82.6922232, 42.0336965 ], [ -82.6924379, 42.0337114 ], [ -82.6926549, 42.0337265 ], [ -82.6929005, 42.0337436 ], [ -82.6931888, 42.0337636 ], [ -82.6934684, 42.0337831 ], [ -82.6937622, 42.0338036 ], [ -82.6940937, 42.0338266 ], [ -82.6944689, 42.0338527 ], [ -82.6949095, 42.0338833 ], [ -82.6954262, 42.0339193 ], [ -82.6960198, 42.0339606 ], [ -82.6967244, 42.0340096 ], [ -82.6975722, 42.0340686 ], [ -82.6985888, 42.0341393 ], [ -82.6998361, 42.034124 ], [ -82.7013472, 42.0340485 ], [ -82.703194, 42.0339562 ], [ -82.7054227, 42.0338449 ], [ -82.7081184, 42.0337101 ], [ -82.7112105, 42.0341532 ], [ -82.714071, 42.0351436 ], [ -82.716822, 42.0356044 ], [ -82.7195167, 42.0359259 ], [ -82.7222026, 42.0362465 ], [ -82.7249414, 42.0365734 ], [ -82.7273533, 42.0368177 ], [ -82.7294193, 42.037009 ], [ -82.7312107, 42.0371749 ], [ -82.732804, 42.0371612 ], [ -82.7343151, 42.0368421 ], [ -82.7358381, 42.0365205 ], [ -82.7373639, 42.0361982 ], [ -82.7388911, 42.0358757 ], [ -82.7403525, 42.0355671 ], [ -82.7415728, 42.035608 ], [ -82.7423368, 42.0362818 ], [ -82.7429643, 42.0368352 ], [ -82.7434803, 42.0372903 ], [ -82.7439043, 42.0376643 ], [ -82.7442557, 42.0379742 ], [ -82.744549, 42.0382329 ], [ -82.7447899, 42.0384454 ], [ -82.7449916, 42.0386232 ], [ -82.7451602, 42.0387719 ], [ -82.7453051, 42.0388997 ], [ -82.745436, 42.0390152 ], [ -82.7455804, 42.0391425 ], [ -82.7457592, 42.0393002 ], [ -82.7459758, 42.0394912 ], [ -82.7462401, 42.0397243 ], [ -82.7465596, 42.0400061 ], [ -82.7469417, 42.0403431 ], [ -82.7474054, 42.040752 ], [ -82.7477877, 42.041329 ], [ -82.7482086, 42.04205 ], [ -82.7487189, 42.0429238 ], [ -82.7493333, 42.0439761 ], [ -82.7500749, 42.045246 ], [ -82.7508879, 42.0466381 ], [ -82.7516189, 42.0478899 ], [ -82.7522778, 42.0490183 ], [ -82.7530871, 42.0497442 ], [ -82.7543279, 42.0496283 ], [ -82.755349, 42.0495329 ], [ -82.7561839, 42.0494549 ], [ -82.7568848, 42.0493894 ], [ -82.7574582, 42.0493358 ], [ -82.7579514, 42.0492898 ], [ -82.7583724, 42.0492504 ], [ -82.7587205, 42.0492179 ], [ -82.7590101, 42.0491908 ], [ -82.7592555, 42.0491679 ], [ -82.7594763, 42.0491473 ], [ -82.7596831, 42.0491279 ], [ -82.7598812, 42.0491153 ], [ -82.7601163, 42.0491544 ], [ -82.7603954, 42.0492327 ], [ -82.7607328, 42.0493275 ], [ -82.7611349, 42.0494403 ], [ -82.7616219, 42.0495771 ], [ -82.7622163, 42.049744 ], [ -82.7629368, 42.0499463 ], [ -82.763798, 42.0501881 ], [ -82.7648152, 42.0504737 ], [ -82.7658096, 42.0507529 ], [ -82.7667483, 42.0510164 ], [ -82.7676348, 42.0512653 ], [ -82.7684283, 42.0514882 ], [ -82.7691212, 42.0516827 ], [ -82.7697049, 42.0518466 ], [ -82.7701933, 42.0519837 ], [ -82.7706022, 42.0520607 ], [ -82.7709541, 42.0521032 ], [ -82.7712434, 42.0521382 ], [ -82.7714674, 42.0521652 ], [ -82.7716571, 42.0521882 ], [ -82.7718677, 42.0522136 ], [ -82.7720579, 42.0522367 ], [ -82.7722893, 42.0522647 ], [ -82.7725577, 42.0522971 ], [ -82.7728733, 42.0523353 ], [ -82.7732135, 42.0523764 ], [ -82.7735007, 42.0524112 ], [ -82.7737483, 42.0524411 ], [ -82.7739728, 42.0524683 ], [ -82.7741841, 42.0524938 ], [ -82.7743979, 42.0525196 ], [ -82.7745934, 42.0525433 ], [ -82.7748212, 42.0525708 ], [ -82.7750945, 42.0526039 ], [ -82.7754121, 42.0526423 ], [ -82.775777, 42.0526864 ], [ -82.7761838, 42.0527356 ], [ -82.7766344, 42.0528067 ], [ -82.7771222, 42.0529008 ], [ -82.7776912, 42.0530106 ], [ -82.7783575, 42.0531392 ], [ -82.7791324, 42.0532887 ], [ -82.7800527, 42.0534663 ], [ -82.7811501, 42.053678 ], [ -82.7824778, 42.0539343 ], [ -82.7840723, 42.054242 ], [ -82.7852791, 42.0532348 ], [ -82.7865689, 42.051879 ], [ -82.7880734, 42.0502973 ], [ -82.7902623, 42.0487043 ], [ -82.7930759, 42.0471104 ], [ -82.7955611, 42.0457025 ], [ -82.7977258, 42.0444761 ], [ -82.7994142, 42.0456515 ], [ -82.8008266, 42.0466929 ], [ -82.8020371, 42.0475856 ], [ -82.803088, 42.0483604 ], [ -82.804065, 42.0490127 ], [ -82.8050137, 42.0495384 ], [ -82.8059005, 42.0500298 ], [ -82.8067684, 42.0505107 ], [ -82.807656, 42.0510025 ], [ -82.8086086, 42.0515303 ], [ -82.8096688, 42.0521178 ], [ -82.8108759, 42.052803 ], [ -82.8119945, 42.0538531 ], [ -82.8133192, 42.0550966 ], [ -82.8145125, 42.0562167 ], [ -82.8152743, 42.0572162 ], [ -82.8156026, 42.0581504 ], [ -82.8158746, 42.0589246 ], [ -82.8161034, 42.0595755 ], [ -82.8162955, 42.0601223 ], [ -82.8164576, 42.0605836 ], [ -82.8165921, 42.0609661 ], [ -82.8167072, 42.0612936 ], [ -82.8168106, 42.0615881 ], [ -82.8169035, 42.0618524 ], [ -82.816995, 42.0621126 ], [ -82.8170785, 42.0623505 ], [ -82.817159, 42.0625794 ], [ -82.8172285, 42.0627774 ], [ -82.817286, 42.0629409 ], [ -82.8173395, 42.0630929 ], [ -82.8173986, 42.063261 ], [ -82.817469, 42.0634617 ], [ -82.8175579, 42.0637143 ], [ -82.8176624, 42.0640119 ], [ -82.8177901, 42.0643752 ], [ -82.818249, 42.0645836 ], [ -82.8188625, 42.0647058 ], [ -82.8193852, 42.0648101 ], [ -82.8198178, 42.0648962 ], [ -82.8201709, 42.0649666 ], [ -82.8204553, 42.0650233 ], [ -82.8206937, 42.0650708 ], [ -82.8209071, 42.0651133 ], [ -82.8211135, 42.0651545 ], [ -82.8213534, 42.0652023 ], [ -82.8216582, 42.065263 ], [ -82.8220122, 42.0653335 ], [ -82.8224549, 42.0654217 ], [ -82.8229924, 42.0655288 ], [ -82.8236464, 42.0656592 ], [ -82.8244437, 42.0658181 ], [ -82.8254131, 42.0660113 ], [ -82.8265075, 42.066402 ], [ -82.8277928, 42.0669069 ], [ -82.8293248, 42.0675087 ], [ -82.8311549, 42.0682276 ], [ -82.8333384, 42.0690853 ], [ -82.83588, 42.0700959 ], [ -82.8369682, 42.0723314 ], [ -82.8380029, 42.0745711 ], [ -82.8392047, 42.0767946 ], [ -82.8407666, 42.0788189 ], [ -82.8421686, 42.0806359 ], [ -82.8434386, 42.0822817 ], [ -82.8445934, 42.0837491 ], [ -82.845935, 42.0848765 ], [ -82.8471119, 42.0858644 ], [ -82.8481406, 42.086728 ], [ -82.8490408, 42.0874837 ], [ -82.8498169, 42.0881352 ], [ -82.8504882, 42.0886987 ], [ -82.8510693, 42.0891865 ], [ -82.8515825, 42.0896172 ], [ -82.8520313, 42.089994 ], [ -82.8524049, 42.0903076 ], [ -82.8527157, 42.090567 ], [ -82.853032, 42.0907458 ], [ -82.8533036, 42.0908912 ], [ -82.8535321, 42.0910133 ], [ -82.8537326, 42.0911206 ], [ -82.8539059, 42.0912133 ], [ -82.8540746, 42.0913036 ], [ -82.8542825, 42.0914148 ], [ -82.8545169, 42.0915402 ], [ -82.8548021, 42.0916927 ], [ -82.8551416, 42.0918743 ], [ -82.855533, 42.0920837 ], [ -82.8559926, 42.0923295 ], [ -82.8565374, 42.092621 ], [ -82.8571786, 42.092964 ], [ -82.8579455, 42.0933742 ], [ -82.8588703, 42.0938689 ], [ -82.8599585, 42.0944909 ], [ -82.8612684, 42.0952574 ], [ -82.862845, 42.09618 ], [ -82.8644158, 42.0970992 ], [ -82.8659098, 42.0979734 ], [ -82.8673419, 42.0988826 ], [ -82.8687986, 42.0998776 ], [ -82.8703874, 42.1009628 ], [ -82.8721715, 42.1021812 ], [ -82.8734435, 42.1040445 ], [ -82.8746685, 42.1058626 ], [ -82.8757496, 42.1074671 ], [ -82.8767042, 42.1088838 ], [ -82.8775783, 42.1101148 ], [ -82.8784516, 42.1111384 ], [ -82.8792274, 42.1120476 ], [ -82.8799417, 42.1128846 ], [ -82.8806281, 42.1136892 ], [ -82.8813138, 42.1144973 ], [ -82.8819313, 42.1153998 ], [ -82.8826131, 42.1164053 ], [ -82.8833944, 42.1175576 ], [ -82.8843024, 42.1188968 ], [ -82.885175, 42.1201838 ], [ -82.8859116, 42.12127 ], [ -82.8864725, 42.1222191 ], [ -82.8867791, 42.123063 ], [ -82.8870341, 42.123765 ], [ -82.8872487, 42.1243554 ], [ -82.8874315, 42.1248585 ], [ -82.8875898, 42.1252943 ], [ -82.8877232, 42.1256613 ], [ -82.8878355, 42.1259705 ], [ -82.8879272, 42.1262227 ], [ -82.8880023, 42.1264294 ], [ -82.8880638, 42.1265987 ], [ -82.8881182, 42.1267485 ], [ -82.8881754, 42.1269058 ], [ -82.8882252, 42.1270427 ], [ -82.8882853, 42.1272082 ], [ -82.888352, 42.1273918 ], [ -82.8884265, 42.1275969 ], [ -82.8885196, 42.1278531 ], [ -82.8887001, 42.1281241 ], [ -82.8891082, 42.1283572 ], [ -82.8896095, 42.1286405 ], [ -82.8902141, 42.1289824 ], [ -82.8909478, 42.1293971 ], [ -82.8917427, 42.1298466 ], [ -82.8925564, 42.1303066 ], [ -82.8934221, 42.130796 ], [ -82.8943706, 42.1313322 ], [ -82.8954414, 42.1319375 ], [ -82.8966797, 42.1326375 ], [ -82.897642, 42.1337934 ], [ -82.8986623, 42.1352936 ], [ -82.8999066, 42.1371232 ], [ -82.9014273, 42.1393591 ], [ -82.9029865, 42.1420752 ], [ -82.904523, 42.1448272 ], [ -82.9066942, 42.1474024 ], [ -82.908809, 42.1497569 ], [ -82.9105942, 42.1517444 ], [ -82.9121931, 42.1534118 ], [ -82.9136366, 42.154842 ], [ -82.9148724, 42.1560664 ], [ -82.9158955, 42.1571203 ], [ -82.916508, 42.1581224 ], [ -82.9170221, 42.1589634 ], [ -82.9174581, 42.1596766 ], [ -82.9178213, 42.1602709 ], [ -82.9181238, 42.1607658 ], [ -82.918377, 42.16118 ], [ -82.918588, 42.1615251 ], [ -82.9187645, 42.1618138 ], [ -82.9189088, 42.1620498 ], [ -82.9190328, 42.1622529 ], [ -82.9191323, 42.1624156 ], [ -82.9192216, 42.1625618 ], [ -82.9193082, 42.1627033 ], [ -82.9194188, 42.1628842 ], [ -82.9195455, 42.1630914 ], [ -82.9197005, 42.1633451 ], [ -82.9198829, 42.1636434 ], [ -82.9201065, 42.1640092 ], [ -82.9203724, 42.1644441 ], [ -82.9207601, 42.1649268 ], [ -82.9212702, 42.165437 ], [ -82.9218408, 42.1660075 ], [ -82.9225011, 42.1666679 ], [ -82.9232746, 42.1674414 ], [ -82.9241833, 42.1683501 ], [ -82.9252487, 42.1694155 ], [ -82.9264991, 42.1706658 ], [ -82.9279623, 42.1721291 ], [ -82.9295408, 42.1735813 ], [ -82.9309575, 42.1748101 ], [ -82.9321852, 42.175875 ], [ -82.9332409, 42.1767907 ], [ -82.9341488, 42.1775781 ], [ -82.9349193, 42.1782584 ], [ -82.9354815, 42.1788891 ], [ -82.9359589, 42.1794247 ], [ -82.9363665, 42.1798821 ], [ -82.9367255, 42.1802848 ], [ -82.9370441, 42.1806423 ], [ -82.9373339, 42.1809675 ], [ -82.9375813, 42.181245 ], [ -82.9377876, 42.1814764 ], [ -82.93796, 42.1816698 ], [ -82.9381131, 42.1818416 ], [ -82.938236, 42.1819795 ], [ -82.9383416, 42.1820979 ], [ -82.9384638, 42.182235 ], [ -82.9386083, 42.1823971 ], [ -82.938783, 42.1825931 ], [ -82.9389861, 42.182821 ], [ -82.9392241, 42.183088 ], [ -82.9395102, 42.1834089 ], [ -82.9398464, 42.1837862 ], [ -82.9402406, 42.1842284 ], [ -82.9406472, 42.1847792 ], [ -82.9410485, 42.1854728 ], [ -82.9415266, 42.1862992 ], [ -82.9420924, 42.1872771 ], [ -82.9427694, 42.1884472 ], [ -82.9435823, 42.1898521 ], [ -82.9445575, 42.1915372 ], [ -82.9457313, 42.193563 ], [ -82.9470702, 42.1958664 ], [ -82.9482569, 42.1979077 ], [ -82.9497485, 42.1994782 ], [ -82.9515467, 42.2007938 ], [ -82.9533584, 42.2021192 ], [ -82.9552599, 42.2035103 ], [ -82.9566174, 42.2053238 ], [ -82.957659, 42.2074058 ], [ -82.9587576, 42.2096118 ], [ -82.9596369, 42.2118266 ], [ -82.9605157, 42.2140441 ], [ -82.9614325, 42.2163577 ], [ -82.9626317, 42.2187716 ], [ -82.9653326, 42.2206586 ], [ -82.9681891, 42.2226544 ], [ -82.9706025, 42.2248906 ], [ -82.9719734, 42.2271003 ], [ -82.9731168, 42.228943 ], [ -82.9740799, 42.2304952 ], [ -82.9748711, 42.231835 ], [ -82.9755367, 42.2330203 ], [ -82.9761374, 42.2340903 ], [ -82.9767014, 42.2350949 ], [ -82.9772804, 42.2360703 ], [ -82.978514, 42.236504 ], [ -82.9796688, 42.2368933 ], [ -82.9807764, 42.2372667 ], [ -82.9818925, 42.2376429 ], [ -82.9830743, 42.2380413 ], [ -82.9843464, 42.2384701 ], [ -82.9854419, 42.2390462 ], [ -82.9858659, 42.2402098 ], [ -82.9863742, 42.2416046 ], [ -82.986987, 42.2432864 ], [ -82.9877292, 42.2453231 ], [ -82.9891272, 42.2475863 ], [ -82.9912419, 42.249974 ], [ -82.9935869, 42.2526215 ], [ -82.9951771, 42.2556678 ], [ -82.9961641, 42.2589607 ], [ -82.9972052, 42.2621687 ], [ -82.9982605, 42.2650734 ], [ -82.9991297, 42.2674656 ], [ -82.9998453, 42.269435 ], [ -83.0004362, 42.2710608 ], [ -83.0009262, 42.2724093 ], [ -83.0013351, 42.2735347 ], [ -83.0016799, 42.2744835 ], [ -83.0019752, 42.2752959 ], [ -83.0022343, 42.2760092 ], [ -83.0024686, 42.2766539 ], [ -83.0026898, 42.2772625 ], [ -83.0028998, 42.2778404 ], [ -83.0031072, 42.278411 ], [ -83.0033069, 42.2789606 ], [ -83.0034719, 42.2794146 ], [ -83.0036075, 42.2797876 ], [ -83.0037188, 42.2800939 ], [ -83.0038117, 42.2803494 ], [ -83.0038885, 42.2805606 ], [ -83.0039552, 42.2807445 ], [ -83.0040158, 42.2809109 ], [ -83.0040669, 42.2810517 ], [ -83.0041229, 42.2812057 ], [ -83.0041857, 42.2813787 ], [ -83.0042595, 42.2815817 ], [ -83.0043491, 42.2818283 ], [ -83.0044571, 42.2821254 ], [ -83.00459, 42.2824909 ], [ -83.0047508, 42.2829333 ], [ -83.004945, 42.2834677 ], [ -83.0051795, 42.2841131 ], [ -83.0054644, 42.2848969 ], [ -83.0058086, 42.285844 ], [ -83.0062236, 42.2869855 ], [ -83.0067258, 42.2883672 ], [ -83.0073321, 42.2900353 ], [ -83.0080662, 42.2920549 ], [ -83.0089577, 42.2945072 ], [ -83.0100408, 42.2974866 ], [ -83.0111655, 42.3005803 ], [ -83.0121339, 42.3032443 ], [ -83.0129855, 42.3055864 ], [ -83.0137405, 42.3076628 ], [ -83.0143678, 42.3093883 ], [ -83.0148849, 42.3108105 ], [ -83.015313, 42.3119876 ], [ -83.0156676, 42.3129628 ], [ -83.01596, 42.3137672 ], [ -83.016203, 42.3144351 ], [ -83.0164045, 42.3149896 ], [ -83.0165741, 42.3154559 ], [ -83.016716, 42.315846 ], [ -83.016836, 42.316176 ], [ -83.0169365, 42.3164524 ], [ -83.0170212, 42.3166855 ], [ -83.0170931, 42.3168831 ], [ -83.0171566, 42.3170577 ], [ -83.0172069, 42.3171961 ], [ -83.0172662, 42.317359 ], [ -83.0173355, 42.3175498 ], [ -83.0174164, 42.3177722 ], [ -83.0175136, 42.3180395 ], [ -83.0176285, 42.3183552 ], [ -83.0177649, 42.3187303 ], [ -83.0179276, 42.319178 ], [ -83.0181211, 42.31971 ], [ -83.0183532, 42.3203482 ], [ -83.0186261, 42.3210986 ], [ -83.0189248, 42.3219197 ], [ -83.0192491, 42.3228117 ], [ -83.0195767, 42.3237123 ], [ -83.0198842, 42.3245578 ], [ -83.0201666, 42.3253343 ], [ -83.0204272, 42.3260508 ], [ -83.0206639, 42.3267017 ], [ -83.0208637, 42.3272512 ], [ -83.0210282, 42.3277032 ], [ -83.0211638, 42.3280763 ], [ -83.021276, 42.3283848 ], [ -83.0213677, 42.3286369 ], [ -83.0214443, 42.3288474 ], [ -83.0215066, 42.3290187 ], [ -83.0215583, 42.3291607 ], [ -83.0216144, 42.3293152 ], [ -83.0216821, 42.3295013 ], [ -83.0217636, 42.3297254 ], [ -83.0218596, 42.3299895 ], [ -83.021947, 42.3302293 ], [ -83.0220186, 42.3304264 ], [ -83.022078, 42.3305899 ], [ -83.0221353, 42.3307473 ], [ -83.0221933, 42.3309066 ], [ -83.0222619, 42.3310953 ], [ -83.022347, 42.3313291 ], [ -83.0224496, 42.3316113 ], [ -83.0225751, 42.3319565 ], [ -83.0227275, 42.3323754 ], [ -83.0229126, 42.3328842 ], [ -83.0231376, 42.3335027 ], [ -83.0234116, 42.3342561 ], [ -83.0237451, 42.3351729 ], [ -83.0241515, 42.3362903 ], [ -83.0246477, 42.3376541 ], [ -83.0252528, 42.3393175 ], [ -83.0259898, 42.3413437 ], [ -83.0273544, 42.3434663 ], [ -83.0312023, 42.3442651 ], [ -83.0355689, 42.3451715 ], [ -83.040482, 42.3462806 ], [ -83.0460258, 42.3467202 ], [ -83.051947, 42.3458495 ], [ -83.0582578, 42.3469784 ], [ -83.0653766, 42.3477096 ], [ -83.0731569, 42.3480114 ], [ -83.0815303, 42.3488051 ], [ -83.0907429, 42.3506455 ], [ -83.1014084, 42.3528963 ], [ -83.1134608, 42.3559548 ], [ -83.1271972, 42.3578875 ], [ -83.139972, 42.3619724 ], [ -83.1525255, 42.3649426 ], [ -83.1642509, 42.3661995 ], [ -83.1739576, 42.3650461 ], [ -83.1822564, 42.3662877 ], [ -83.1878847, 42.3643728 ], [ -83.1912155, 42.3606265 ], [ -83.1936719, 42.3573271 ], [ -83.1955004, 42.3543374 ], [ -83.1977125, 42.3522884 ], [ -83.200874, 42.3517425 ], [ -83.2035416, 42.3512819 ], [ -83.2057435, 42.3509016 ], [ -83.207559, 42.3505881 ], [ -83.2090491, 42.3503308 ], [ -83.2094468, 42.3512261 ], [ -83.2097284, 42.3521466 ], [ -83.2100043, 42.3530479 ], [ -83.2102879, 42.353975 ], [ -83.210592, 42.3549685 ], [ -83.2109304, 42.3560744 ], [ -83.2113185, 42.3573425 ], [ -83.21223, 42.358592 ], [ -83.2140148, 42.3595112 ], [ -83.215653, 42.3603551 ], [ -83.2170064, 42.3610521 ], [ -83.2181256, 42.3616285 ], [ -83.2190546, 42.362107 ], [ -83.2198346, 42.3625087 ], [ -83.220502, 42.3628524 ], [ -83.2210787, 42.3631494 ], [ -83.2215993, 42.3633847 ], [ -83.2220991, 42.3632265 ], [ -83.2225122, 42.3630767 ], [ -83.2228535, 42.3629529 ], [ -83.223137, 42.36285 ], [ -83.2233721, 42.3627648 ], [ -83.2235649, 42.3626948 ], [ -83.2237644, 42.3626225 ], [ -83.2239887, 42.3625411 ], [ -83.2242701, 42.3624391 ], [ -83.224581, 42.3623263 ], [ -83.2249162, 42.3622047 ], [ -83.2252927, 42.3620682 ], [ -83.2257187, 42.3619136 ], [ -83.2262182, 42.3617324 ], [ -83.2268126, 42.3615168 ], [ -83.2274888, 42.3612716 ], [ -83.228229, 42.3610031 ], [ -83.2290393, 42.3607092 ], [ -83.2299954, 42.3605757 ], [ -83.2311614, 42.360596 ], [ -83.2325466, 42.36062 ], [ -83.2342109, 42.3606489 ], [ -83.2362187, 42.3606838 ], [ -83.238583, 42.3607248 ], [ -83.2405415, 42.3610904 ], [ -83.241898, 42.3619447 ], [ -83.2430566, 42.3626744 ], [ -83.2440598, 42.3633061 ], [ -83.2449563, 42.3638707 ], [ -83.2457878, 42.3643944 ], [ -83.2466124, 42.3648573 ], [ -83.2475731, 42.3649004 ], [ -83.2484266, 42.3649342 ], [ -83.2491979, 42.3649647 ], [ -83.2499088, 42.3649928 ], [ -83.2505832, 42.3650195 ], [ -83.2511931, 42.3650435 ], [ -83.2517087, 42.365064 ], [ -83.2521498, 42.3650814 ], [ -83.2525285, 42.3650964 ], [ -83.252866, 42.3651097 ], [ -83.2531608, 42.3651214 ], [ -83.2534168, 42.3651315 ], [ -83.2536409, 42.3651403 ], [ -83.2538458, 42.3651485 ], [ -83.2540337, 42.3651559 ], [ -83.2542449, 42.3651643 ], [ -83.2544948, 42.3651741 ], [ -83.2547925, 42.3651859 ], [ -83.2551414, 42.3651997 ], [ -83.2555435, 42.3652156 ], [ -83.2560024, 42.3652337 ], [ -83.2565322, 42.3652547 ], [ -83.2571625, 42.3652796 ], [ -83.2579279, 42.3653099 ], [ -83.2585306, 42.3649731 ], [ -83.2588976, 42.3643168 ], [ -83.259258, 42.3636722 ], [ -83.2595891, 42.36308 ], [ -83.259891, 42.3625399 ], [ -83.2601422, 42.3620907 ], [ -83.2603508, 42.3617178 ], [ -83.2605201, 42.3614148 ], [ -83.2606601, 42.3611645 ], [ -83.2607767, 42.3609558 ], [ -83.2608701, 42.3607889 ], [ -83.2609526, 42.3606412 ], [ -83.2610356, 42.3604927 ], [ -83.2611325, 42.3603196 ], [ -83.2612404, 42.3601264 ], [ -83.2613642, 42.3599049 ], [ -83.2615001, 42.3596621 ], [ -83.2616453, 42.3594021 ], [ -83.2616917, 42.3591197 ], [ -83.2615798, 42.3588321 ], [ -83.2614699, 42.3585492 ], [ -83.2613624, 42.3582728 ], [ -83.2612528, 42.3579909 ], [ -83.2611413, 42.3577041 ], [ -83.2610279, 42.3574125 ], [ -83.2609144, 42.3571204 ], [ -83.2607961, 42.3568164 ], [ -83.2606644, 42.3564774 ], [ -83.2605127, 42.3560874 ], [ -83.2603368, 42.3556349 ], [ -83.2601395, 42.3551274 ], [ -83.2599348, 42.3546007 ], [ -83.259719, 42.3540459 ], [ -83.2594946, 42.3534686 ], [ -83.2592588, 42.3528619 ], [ -83.259002, 42.3522016 ], [ -83.2587257, 42.3514908 ], [ -83.2584202, 42.350705 ], [ -83.25896, 42.3499268 ], [ -83.2599665, 42.3490359 ], [ -83.261108, 42.3480255 ], [ -83.2620768, 42.3471679 ], [ -83.2628718, 42.3464641 ], [ -83.2635275, 42.3458837 ], [ -83.2640685, 42.3454047 ], [ -83.2645192, 42.3450058 ], [ -83.2648959, 42.3446723 ], [ -83.2650194, 42.3443339 ], [ -83.2650434, 42.3440302 ], [ -83.2650626, 42.3437855 ], [ -83.2650777, 42.3435945 ], [ -83.2650903, 42.3434355 ], [ -83.2651016, 42.3432918 ], [ -83.2651136, 42.3431391 ], [ -83.2651251, 42.3429926 ], [ -83.2651384, 42.342824 ], [ -83.265154, 42.3426274 ], [ -83.265172, 42.3423973 ], [ -83.2651933, 42.3421281 ], [ -83.2652162, 42.3418367 ], [ -83.2652378, 42.3415632 ], [ -83.2652565, 42.3413263 ], [ -83.2652734, 42.3411114 ], [ -83.2652886, 42.3409183 ], [ -83.2653018, 42.3407511 ], [ -83.2653135, 42.340603 ], [ -83.2653252, 42.3404546 ], [ -83.2653385, 42.340286 ], [ -83.2653532, 42.3400993 ], [ -83.2653688, 42.3399019 ], [ -83.2653855, 42.3396884 ], [ -83.2654005, 42.3394993 ], [ -83.2654139, 42.3393289 ], [ -83.2654258, 42.3391782 ], [ -83.2654394, 42.339005 ], [ -83.2654555, 42.3388004 ], [ -83.2654745, 42.3385604 ], [ -83.265497, 42.3382747 ], [ -83.2655242, 42.3379286 ], [ -83.2655574, 42.3375082 ], [ -83.2655977, 42.3369969 ], [ -83.2655843, 42.3363968 ], [ -83.2651465, 42.3357924 ], [ -83.2646659, 42.3351289 ], [ -83.264147, 42.3344125 ], [ -83.2636223, 42.3336882 ], [ -83.2631228, 42.3329985 ], [ -83.2626431, 42.3323361 ], [ -83.2621798, 42.3316966 ], [ -83.2617098, 42.3310477 ], [ -83.2612157, 42.3303654 ], [ -83.2606909, 42.3296409 ], [ -83.2601364, 42.3288753 ], [ -83.2595411, 42.3280534 ], [ -83.2588809, 42.3271418 ], [ -83.2584763, 42.3260108 ], [ -83.258069, 42.3247308 ], [ -83.2576027, 42.323266 ], [ -83.2570584, 42.3215561 ], [ -83.2564534, 42.319655 ], [ -83.2570742, 42.3177896 ], [ -83.2577566, 42.3161441 ], [ -83.2583551, 42.3147012 ], [ -83.2588786, 42.3134388 ], [ -83.2593232, 42.3123669 ], [ -83.2597076, 42.31144 ], [ -83.2600484, 42.3106181 ], [ -83.2603469, 42.3098984 ], [ -83.2607931, 42.3093549 ], [ -83.2615759, 42.3089973 ], [ -83.2624155, 42.3086137 ], [ -83.2633263, 42.3081977 ], [ -83.2643202, 42.3077437 ], [ -83.2652472, 42.3073202 ], [ -83.2660825, 42.3069386 ], [ -83.2668451, 42.3065903 ], [ -83.2675736, 42.3062575 ], [ -83.2682667, 42.3059408 ], [ -83.2689063, 42.3056487 ], [ -83.2695317, 42.305363 ], [ -83.2701718, 42.3050706 ], [ -83.2708583, 42.304757 ], [ -83.2715556, 42.3044384 ], [ -83.271735, 42.3039043 ], [ -83.2718043, 42.3034149 ], [ -83.2718659, 42.3029794 ], [ -83.2719178, 42.3026126 ], [ -83.2719592, 42.3023198 ], [ -83.2719933, 42.3020789 ], [ -83.2720219, 42.3018773 ], [ -83.2720451, 42.3017129 ], [ -83.2720658, 42.301567 ], [ -83.2720885, 42.3014064 ], [ -83.2721117, 42.3012425 ], [ -83.2721322, 42.3010975 ], [ -83.2721543, 42.3009411 ], [ -83.2721814, 42.3007499 ], [ -83.2722136, 42.3005226 ], [ -83.2722524, 42.3002481 ], [ -83.2722928, 42.299962 ], [ -83.2723358, 42.2996585 ], [ -83.272385, 42.2993106 ], [ -83.2724425, 42.2989036 ], [ -83.2725088, 42.2984349 ], [ -83.272589, 42.2978689 ], [ -83.2726853, 42.2971882 ], [ -83.2728024, 42.2963604 ], [ -83.272874, 42.2953686 ], [ -83.2720106, 42.2943349 ], [ -83.270967, 42.2930925 ], [ -83.2697055, 42.2915907 ], [ -83.2681745, 42.2897681 ], [ -83.2667593, 42.2874809 ], [ -83.2672494, 42.284879 ], [ -83.267659, 42.2827041 ], [ -83.2685748, 42.2809892 ], [ -83.2697458, 42.279518 ], [ -83.270813, 42.2781773 ], [ -83.2717251, 42.2770313 ], [ -83.2724932, 42.2760663 ], [ -83.2731402, 42.2752534 ], [ -83.2735757, 42.2745357 ], [ -83.2738695, 42.2739166 ], [ -83.2741119, 42.2734059 ], [ -83.2743127, 42.2729828 ], [ -83.2744796, 42.2726311 ], [ -83.2746186, 42.2723383 ], [ -83.2747325, 42.2720982 ], [ -83.2748265, 42.2719001 ], [ -83.2749041, 42.2717367 ], [ -83.2749734, 42.2715906 ], [ -83.2750467, 42.2714363 ], [ -83.2751321, 42.2712563 ], [ -83.2751992, 42.271115 ], [ -83.2752686, 42.2709686 ], [ -83.2753559, 42.2707848 ], [ -83.2754566, 42.2705726 ], [ -83.2755757, 42.2703217 ], [ -83.2757154, 42.2700273 ], [ -83.2758802, 42.2696801 ], [ -83.2760619, 42.2692971 ], [ -83.2762608, 42.268878 ], [ -83.2764875, 42.2684004 ], [ -83.2767541, 42.2678385 ], [ -83.2770649, 42.2671836 ], [ -83.2774343, 42.2664054 ], [ -83.2778773, 42.2654718 ], [ -83.2776746, 42.2642988 ], [ -83.2773741, 42.2628693 ], [ -83.2770081, 42.2611285 ], [ -83.2768464, 42.2590163 ], [ -83.2777626, 42.2565296 ], [ -83.2788547, 42.2535654 ], [ -83.2798029, 42.2503204 ], [ -83.2789692, 42.2467374 ], [ -83.278172, 42.2433103 ], [ -83.2775809, 42.2404881 ], [ -83.2771389, 42.2381686 ], [ -83.2772093, 42.236296 ], [ -83.2779838, 42.2348081 ], [ -83.2786254, 42.2335758 ], [ -83.27916, 42.232549 ], [ -83.2796087, 42.231687 ], [ -83.2799865, 42.2309611 ], [ -83.2802994, 42.2303601 ], [ -83.2805602, 42.2298592 ], [ -83.2807753, 42.2294459 ], [ -83.2809543, 42.229102 ], [ -83.2811037, 42.228815 ], [ -83.2812276, 42.2285771 ], [ -83.2813277, 42.2283847 ], [ -83.2814145, 42.228218 ], [ -83.2814869, 42.228079 ], [ -83.28157, 42.2279192 ], [ -83.2816686, 42.2277298 ], [ -83.2817897, 42.2274973 ], [ -83.2819277, 42.2272183 ], [ -83.2820202, 42.2268667 ], [ -83.2821329, 42.226438 ], [ -83.2822647, 42.2259373 ], [ -83.2824201, 42.2253468 ], [ -83.282602, 42.2246553 ], [ -83.2828154, 42.2238444 ], [ -83.2830678, 42.222885 ], [ -83.2833679, 42.2217446 ], [ -83.2837247, 42.2203887 ], [ -83.2842019, 42.2191585 ], [ -83.2847224, 42.2181791 ], [ -83.2851486, 42.2173771 ], [ -83.2854985, 42.2167187 ], [ -83.2857855, 42.2161786 ], [ -83.28602, 42.2157374 ], [ -83.2862115, 42.215377 ], [ -83.2863691, 42.2150804 ], [ -83.2865001, 42.2148339 ], [ -83.286605, 42.2146365 ], [ -83.2866877, 42.2144724 ], [ -83.2867512, 42.2143326 ], [ -83.2868258, 42.2141667 ], [ -83.2869096, 42.2139803 ], [ -83.2870154, 42.2137453 ], [ -83.2871412, 42.2134654 ], [ -83.287293, 42.2131279 ], [ -83.2874785, 42.2127156 ], [ -83.2877066, 42.2122084 ], [ -83.2879834, 42.2115931 ], [ -83.2883213, 42.2108417 ], [ -83.2887117, 42.2099739 ], [ -83.2890461, 42.2092304 ], [ -83.2893214, 42.2086183 ], [ -83.2895461, 42.2081188 ], [ -83.2897303, 42.2077092 ], [ -83.2898818, 42.2073723 ], [ -83.2900035, 42.2071018 ], [ -83.2901042, 42.2068778 ], [ -83.2901894, 42.2066884 ], [ -83.2902594, 42.2065327 ], [ -83.2903207, 42.2063953 ], [ -83.2903568, 42.2062181 ], [ -83.2903439, 42.2059997 ], [ -83.2903285, 42.2057417 ], [ -83.2903104, 42.2054362 ], [ -83.290289, 42.2050762 ], [ -83.2902637, 42.2046494 ], [ -83.2902344, 42.2041562 ], [ -83.2902016, 42.2036043 ], [ -83.2901642, 42.2029763 ], [ -83.2901237, 42.202293 ], [ -83.2900891, 42.2017118 ], [ -83.2900605, 42.2012283 ], [ -83.2900364, 42.2008225 ], [ -83.2900162, 42.2004825 ], [ -83.2900125, 42.2002023 ], [ -83.2900784, 42.199975 ], [ -83.2901378, 42.1997968 ], [ -83.2901913, 42.1996362 ], [ -83.2902442, 42.1994776 ], [ -83.290302, 42.1993038 ], [ -83.2903746, 42.1990859 ], [ -83.2904622, 42.1988232 ], [ -83.2905691, 42.1985023 ], [ -83.2906973, 42.1981175 ], [ -83.2908544, 42.1976458 ], [ -83.2910454, 42.1970726 ], [ -83.291278, 42.1963745 ], [ -83.2915613, 42.1955242 ], [ -83.2918838, 42.1945559 ], [ -83.2921578, 42.1937336 ], [ -83.292383, 42.1930575 ], [ -83.292568, 42.1925022 ], [ -83.2927218, 42.1920404 ], [ -83.2928485, 42.1916603 ], [ -83.2929555, 42.1913389 ], [ -83.2930805, 42.1910771 ], [ -83.2932543, 42.1908777 ], [ -83.2933916, 42.1907202 ], [ -83.2935116, 42.1905826 ], [ -83.2936379, 42.1904376 ], [ -83.2937835, 42.1902706 ], [ -83.2939589, 42.1900694 ], [ -83.2941656, 42.1898323 ], [ -83.2944053, 42.1895573 ], [ -83.294691, 42.1892295 ], [ -83.2950366, 42.188833 ], [ -83.2954542, 42.1883538 ], [ -83.2959528, 42.1877818 ], [ -83.2964242, 42.187241 ], [ -83.2968232, 42.1867833 ], [ -83.2971635, 42.1863928 ], [ -83.2972947, 42.186012 ], [ -83.2973914, 42.1856828 ], [ -83.2974743, 42.1854005 ], [ -83.2975512, 42.1851389 ], [ -83.2976228, 42.1848953 ], [ -83.2976865, 42.1846785 ], [ -83.2977481, 42.1844686 ], [ -83.2977994, 42.184294 ], [ -83.2978406, 42.1841537 ], [ -83.2978858, 42.1839999 ], [ -83.2979287, 42.1838538 ], [ -83.2979772, 42.1836885 ], [ -83.2980345, 42.1834938 ], [ -83.2981036, 42.1832583 ], [ -83.2981823, 42.1829905 ], [ -83.2982707, 42.1826896 ], [ -83.2983715, 42.1823464 ], [ -83.2984894, 42.1819453 ], [ -83.2986236, 42.1814882 ], [ -83.2987732, 42.1809789 ], [ -83.2989414, 42.1804065 ], [ -83.2991331, 42.1797538 ], [ -83.2993243, 42.1791027 ], [ -83.2994815, 42.1785678 ], [ -83.2996107, 42.1781277 ], [ -83.2997216, 42.1777686 ], [ -83.2998722, 42.1774915 ], [ -83.2999981, 42.1772598 ], [ -83.300102, 42.1770685 ], [ -83.3001914, 42.1769042 ], [ -83.3002766, 42.1767474 ], [ -83.3003576, 42.1765983 ], [ -83.3004428, 42.1764414 ], [ -83.3005168, 42.1763055 ], [ -83.3005938, 42.1761638 ], [ -83.300681, 42.1760032 ], [ -83.30078, 42.1758212 ], [ -83.3008868, 42.1756246 ], [ -83.3010026, 42.1754116 ], [ -83.3011366, 42.1751649 ], [ -83.3012975, 42.1748689 ], [ -83.3014898, 42.1745149 ], [ -83.3017253, 42.1740816 ], [ -83.3020109, 42.1735561 ], [ -83.3023576, 42.1729181 ], [ -83.3027759, 42.1721485 ], [ -83.3028932, 42.1711855 ], [ -83.3029416, 42.1702887 ], [ -83.3029823, 42.1695351 ], [ -83.3030162, 42.1689074 ], [ -83.3030439, 42.1683926 ], [ -83.303067, 42.167966 ], [ -83.3030862, 42.16761 ], [ -83.3031021, 42.1673148 ], [ -83.3031153, 42.1670699 ], [ -83.3031265, 42.1668644 ], [ -83.3031354, 42.1666983 ], [ -83.3031439, 42.1665405 ], [ -83.3031539, 42.1663557 ], [ -83.3031657, 42.1661372 ], [ -83.3031796, 42.1658789 ], [ -83.3031963, 42.1655708 ], [ -83.303216, 42.1652053 ], [ -83.3032394, 42.1647716 ], [ -83.3032673, 42.164254 ], [ -83.3032962, 42.1637211 ], [ -83.3033207, 42.1632667 ], [ -83.3033571, 42.1628897 ], [ -83.3034094, 42.1625759 ], [ -83.303456, 42.1622968 ], [ -83.3035009, 42.1620279 ], [ -83.3035434, 42.1617732 ], [ -83.3035826, 42.1615377 ], [ -83.3036187, 42.1613217 ], [ -83.303654, 42.1611095 ], [ -83.3036894, 42.1608973 ], [ -83.3037203, 42.1607125 ], [ -83.303748, 42.1605466 ], [ -83.3037746, 42.1603871 ], [ -83.3038011, 42.160228 ], [ -83.3038272, 42.1600714 ], [ -83.3038537, 42.1599128 ], [ -83.3038804, 42.1597524 ], [ -83.303907, 42.1595932 ], [ -83.3039336, 42.1594341 ], [ -83.3039609, 42.1592703 ], [ -83.3039916, 42.1590861 ], [ -83.3040264, 42.1588777 ], [ -83.3040622, 42.1586627 ], [ -83.3040977, 42.1584499 ], [ -83.304135, 42.1582264 ], [ -83.3041766, 42.1579772 ], [ -83.304221, 42.1577112 ], [ -83.3042653, 42.1574459 ], [ -83.3043096, 42.1571798 ], [ -83.3043541, 42.1569132 ], [ -83.3043936, 42.1566763 ], [ -83.3044286, 42.1564784 ], [ -83.3044899, 42.1563219 ], [ -83.3045843, 42.1561861 ], [ -83.3046892, 42.1560351 ], [ -83.3048187, 42.1558486 ], [ -83.3049712, 42.1556291 ], [ -83.3051531, 42.1553672 ], [ -83.305368, 42.1550578 ], [ -83.3056262, 42.1546861 ], [ -83.3059234, 42.1542583 ], [ -83.306274, 42.1537535 ], [ -83.3066912, 42.153153 ], [ -83.3071899, 42.1524349 ], [ -83.3077814, 42.1515832 ], [ -83.3084641, 42.1508758 ], [ -83.3094213, 42.1506324 ], [ -83.3102071, 42.1504327 ], [ -83.3108495, 42.1502694 ], [ -83.311371, 42.1501368 ], [ -83.3117987, 42.150028 ], [ -83.3121516, 42.1499383 ], [ -83.3124459, 42.1498635 ], [ -83.312691, 42.1498011 ], [ -83.3129137, 42.1497445 ], [ -83.3131087, 42.149695 ], [ -83.3133327, 42.149638 ], [ -83.3135765, 42.1495761 ], [ -83.313864, 42.1495029 ], [ -83.3141969, 42.1494183 ], [ -83.314584, 42.1493198 ], [ -83.3150273, 42.1492072 ], [ -83.315538, 42.1490773 ], [ -83.3160829, 42.1488841 ], [ -83.3163266, 42.1483634 ], [ -83.3165985, 42.1477824 ], [ -83.3168522, 42.1472404 ], [ -83.3170936, 42.1467247 ], [ -83.3173362, 42.1462061 ], [ -83.3175915, 42.1456608 ], [ -83.3178649, 42.1450766 ], [ -83.3181681, 42.1444285 ], [ -83.3184498, 42.1438267 ], [ -83.3186797, 42.1433353 ], [ -83.3188708, 42.1429269 ], [ -83.3190278, 42.1425915 ], [ -83.319159, 42.1423112 ], [ -83.3192682, 42.1420777 ], [ -83.3193604, 42.1418809 ], [ -83.3194369, 42.1417173 ], [ -83.3195081, 42.1415652 ], [ -83.3195791, 42.1414133 ], [ -83.3196602, 42.14124 ], [ -83.3197566, 42.1410342 ], [ -83.3198716, 42.1407884 ], [ -83.3200012, 42.1405115 ], [ -83.3201529, 42.1401874 ], [ -83.3203257, 42.139818 ], [ -83.3205249, 42.1393922 ], [ -83.3207579, 42.1388945 ], [ -83.3210248, 42.1383241 ], [ -83.3213414, 42.1376627 ], [ -83.3217249, 42.1368942 ], [ -83.3221787, 42.1359848 ], [ -83.3226397, 42.1350613 ], [ -83.3230189, 42.1343012 ], [ -83.3233304, 42.1336771 ], [ -83.3235848, 42.1331673 ], [ -83.3237942, 42.1327477 ], [ -83.3239661, 42.132403 ], [ -83.3241083, 42.1321182 ], [ -83.3242297, 42.1318749 ], [ -83.3243343, 42.1316652 ], [ -83.3244269, 42.1314797 ], [ -83.3245162, 42.1313008 ], [ -83.3245971, 42.1311385 ], [ -83.3246722, 42.1309881 ], [ -83.3247417, 42.1308488 ], [ -83.3248065, 42.1307189 ], [ -83.3248815, 42.1305687 ], [ -83.3249565, 42.1304182 ], [ -83.3250384, 42.1302542 ], [ -83.3251272, 42.1300763 ], [ -83.3252202, 42.1298898 ], [ -83.3253222, 42.1296853 ], [ -83.3254306, 42.1294684 ], [ -83.3255527, 42.1292234 ], [ -83.3256969, 42.1289346 ], [ -83.3259555, 42.128668 ], [ -83.3265339, 42.1287006 ], [ -83.3272009, 42.1287383 ], [ -83.3279589, 42.1287811 ], [ -83.3286328, 42.1288191 ], [ -83.3291992, 42.1288511 ], [ -83.3296871, 42.1288786 ], [ -83.3301081, 42.1289024 ], [ -83.3304801, 42.1289234 ], [ -83.330793, 42.1289411 ], [ -83.3310523, 42.1289557 ], [ -83.331274, 42.1289682 ], [ -83.3314658, 42.1289791 ], [ -83.3316728, 42.1289907 ], [ -83.3319062, 42.1290039 ], [ -83.332177, 42.1290192 ], [ -83.3324686, 42.1291017 ], [ -83.332726, 42.1292773 ], [ -83.3329998, 42.1294641 ], [ -83.3332844, 42.1296583 ], [ -83.3335936, 42.1298693 ], [ -83.3339347, 42.1301021 ], [ -83.3343217, 42.1303662 ], [ -83.3347684, 42.130671 ], [ -83.3352948, 42.1310301 ], [ -83.3359202, 42.1314568 ], [ -83.3366559, 42.1319588 ], [ -83.3375256, 42.1325522 ], [ -83.3384459, 42.1331801 ], [ -83.3392389, 42.1337212 ], [ -83.339926, 42.13419 ], [ -83.3405255, 42.134599 ], [ -83.3410627, 42.1349655 ], [ -83.3415631, 42.1353069 ], [ -83.3420484, 42.135638 ], [ -83.3425078, 42.1358846 ], [ -83.3429548, 42.136017 ], [ -83.3433215, 42.1361257 ], [ -83.3436296, 42.1362169 ], [ -83.3438917, 42.1362946 ], [ -83.3440967, 42.1363553 ], [ -83.3442887, 42.1364122 ], [ -83.3445048, 42.1364762 ], [ -83.344773, 42.1365556 ], [ -83.3450841, 42.1366478 ], [ -83.3454668, 42.1367611 ], [ -83.3459273, 42.1368976 ], [ -83.3464365, 42.1370484 ], [ -83.346867, 42.1371759 ], [ -83.3472205, 42.1372806 ], [ -83.347514, 42.1373676 ], [ -83.347747, 42.1374366 ], [ -83.3479526, 42.1374975 ], [ -83.3481414, 42.1375534 ], [ -83.3483762, 42.137623 ], [ -83.3486507, 42.1377043 ], [ -83.3489797, 42.1378017 ], [ -83.3493546, 42.1379128 ], [ -83.3498033, 42.1379687 ], [ -83.3502911, 42.1378222 ], [ -83.3508286, 42.1376607 ], [ -83.3514492, 42.1374744 ], [ -83.3520468, 42.1372949 ], [ -83.3525392, 42.137147 ], [ -83.3529505, 42.1370235 ], [ -83.353293, 42.1369207 ], [ -83.3535728, 42.1368366 ], [ -83.3538156, 42.1367637 ], [ -83.35401, 42.1367054 ], [ -83.3542189, 42.1366426 ], [ -83.3544507, 42.136573 ], [ -83.354736, 42.1364873 ], [ -83.3550881, 42.1363816 ], [ -83.3555121, 42.1362542 ], [ -83.3560354, 42.1360971 ], [ -83.356657, 42.1359966 ], [ -83.3572788, 42.1363667 ], [ -83.3579268, 42.1367524 ], [ -83.3585899, 42.137147 ], [ -83.3592422, 42.1375351 ], [ -83.3598927, 42.1379223 ], [ -83.3605778, 42.1383299 ], [ -83.361318, 42.1387705 ], [ -83.3620518, 42.1392071 ], [ -83.362657, 42.1395673 ], [ -83.3631545, 42.1398633 ], [ -83.3635613, 42.1401053 ], [ -83.3638943, 42.1403035 ], [ -83.3641649, 42.1404646 ], [ -83.3643892, 42.1405981 ], [ -83.3645726, 42.1407072 ], [ -83.3647222, 42.1407962 ], [ -83.3648847, 42.1408962 ], [ -83.365063, 42.1410252 ], [ -83.365271, 42.141187 ], [ -83.3655093, 42.1413723 ], [ -83.3657998, 42.1415983 ], [ -83.3661293, 42.1418546 ], [ -83.3664543, 42.1421074 ], [ -83.3667339, 42.1423249 ], [ -83.3669817, 42.1425176 ], [ -83.3672128, 42.1426974 ], [ -83.3674307, 42.1428669 ], [ -83.3676469, 42.143035 ], [ -83.3678583, 42.1431994 ], [ -83.3680806, 42.1433724 ], [ -83.3682988, 42.1435421 ], [ -83.3685081, 42.1437049 ], [ -83.3687243, 42.1438731 ], [ -83.3689527, 42.1440507 ], [ -83.3691964, 42.1442403 ], [ -83.3694872, 42.1444664 ], [ -83.3698169, 42.1447229 ], [ -83.3702136, 42.1450315 ], [ -83.3706958, 42.1454065 ], [ -83.3712677, 42.1458514 ], [ -83.3718879, 42.1463337 ], [ -83.3725767, 42.1468694 ], [ -83.3733171, 42.1474453 ], [ -83.3739693, 42.1479526 ], [ -83.3745529, 42.1480089 ], [ -83.3752068, 42.1475114 ], [ -83.3759676, 42.1469327 ], [ -83.3768686, 42.1462473 ], [ -83.3777677, 42.1455634 ], [ -83.3785072, 42.1450008 ], [ -83.3791113, 42.1445412 ], [ -83.3796096, 42.1441621 ], [ -83.3800193, 42.1438504 ], [ -83.3803588, 42.1435921 ], [ -83.3806426, 42.1433762 ], [ -83.3808784, 42.1431969 ], [ -83.3810705, 42.1430507 ], [ -83.381222, 42.1429355 ], [ -83.3813641, 42.1428273 ], [ -83.3815215, 42.1427076 ], [ -83.3816666, 42.1425972 ], [ -83.3817717, 42.1424462 ], [ -83.381693, 42.1422594 ], [ -83.3816061, 42.1420529 ], [ -83.3815122, 42.1418301 ], [ -83.3814163, 42.1416025 ], [ -83.3813199, 42.1413736 ], [ -83.3812162, 42.1411277 ], [ -83.381113, 42.1408826 ], [ -83.3810067, 42.1406303 ], [ -83.3808934, 42.1403615 ], [ -83.3807692, 42.1400666 ], [ -83.3806292, 42.139734 ], [ -83.3804702, 42.1393567 ], [ -83.3802846, 42.1389161 ], [ -83.3800679, 42.1384017 ], [ -83.379825, 42.1378252 ], [ -83.3795638, 42.1372051 ], [ -83.3792768, 42.1365238 ], [ -83.3789534, 42.1357558 ], [ -83.378524, 42.1349081 ], [ -83.3777443, 42.1342623 ], [ -83.377028, 42.133669 ], [ -83.3763652, 42.1331201 ], [ -83.3757336, 42.1325969 ], [ -83.375136, 42.1321019 ], [ -83.3746098, 42.131666 ], [ -83.3741695, 42.1313013 ], [ -83.3738062, 42.1310004 ], [ -83.3735028, 42.1307491 ], [ -83.3732569, 42.1305454 ], [ -83.3730466, 42.1303712 ], [ -83.3728634, 42.1302194 ], [ -83.3727086, 42.1300912 ], [ -83.3725645, 42.1299719 ], [ -83.3724035, 42.1298385 ], [ -83.3722258, 42.1296912 ], [ -83.3720166, 42.129518 ], [ -83.371771, 42.1293146 ], [ -83.3714903, 42.1290821 ], [ -83.3711712, 42.1288177 ], [ -83.3708057, 42.128515 ], [ -83.3703913, 42.1281717 ], [ -83.3699209, 42.127782 ], [ -83.3693925, 42.1273279 ], [ -83.3693448, 42.1266888 ], [ -83.3693346, 42.1260056 ], [ -83.3693234, 42.1252593 ], [ -83.3693108, 42.1244227 ], [ -83.3692968, 42.1234853 ], [ -83.3692809, 42.1224263 ], [ -83.3692633, 42.1212519 ], [ -83.3692478, 42.1202134 ], [ -83.369235, 42.1193619 ], [ -83.3692246, 42.1186638 ], [ -83.369216, 42.1180915 ], [ -83.369209, 42.1176216 ], [ -83.3692031, 42.1172339 ], [ -83.3691984, 42.1169114 ], [ -83.3691942, 42.1166387 ], [ -83.3691906, 42.1163987 ], [ -83.3691872, 42.1161722 ], [ -83.3691837, 42.1159365 ], [ -83.3691798, 42.1156715 ], [ -83.3691751, 42.1153607 ], [ -83.3691695, 42.1149895 ], [ -83.3694247, 42.1146041 ], [ -83.3699371, 42.1142197 ], [ -83.3705665, 42.1137474 ], [ -83.3713258, 42.1131777 ], [ -83.3722309, 42.1124987 ], [ -83.3730681, 42.1118705 ], [ -83.37376, 42.1113513 ], [ -83.3743341, 42.1109206 ], [ -83.3748194, 42.1105565 ], [ -83.3752317, 42.1102471 ], [ -83.3755734, 42.1099907 ], [ -83.3758637, 42.1097729 ], [ -83.3761131, 42.1095859 ], [ -83.3763258, 42.1094262 ], [ -83.3765034, 42.1092929 ], [ -83.3766472, 42.1091851 ], [ -83.3767973, 42.1090724 ], [ -83.3769701, 42.1089428 ], [ -83.3771704, 42.1087925 ], [ -83.377406, 42.1086157 ], [ -83.3776923, 42.1084005 ], [ -83.3780366, 42.1081406 ], [ -83.3784526, 42.1078265 ], [ -83.3789555, 42.1074468 ], [ -83.3795669, 42.1069852 ], [ -83.3803106, 42.1064237 ], [ -83.3812182, 42.1057384 ], [ -83.3823245, 42.1049032 ], [ -83.3834763, 42.1039413 ], [ -83.3838247, 42.102874 ], [ -83.3841151, 42.1019846 ], [ -83.384357, 42.1012433 ], [ -83.3845564, 42.1006323 ], [ -83.3847221, 42.1001248 ], [ -83.38486, 42.0997021 ], [ -83.3849788, 42.0993382 ], [ -83.3850832, 42.0990185 ], [ -83.3851694, 42.0987543 ], [ -83.3852452, 42.0985219 ], [ -83.3853099, 42.0983239 ], [ -83.3853658, 42.0981526 ], [ -83.3854189, 42.0979899 ], [ -83.385467, 42.0978424 ], [ -83.3855195, 42.0976817 ], [ -83.3855808, 42.0974939 ], [ -83.3856501, 42.0972815 ], [ -83.3857291, 42.0970397 ], [ -83.385824, 42.0967486 ], [ -83.3859362, 42.0964048 ], [ -83.3860689, 42.0959984 ], [ -83.3862126, 42.095558 ], [ -83.3863623, 42.0950995 ], [ -83.386525, 42.0946011 ], [ -83.3866977, 42.0940717 ], [ -83.3868789, 42.0935166 ], [ -83.3870698, 42.0929316 ], [ -83.387269, 42.0923213 ], [ -83.3874777, 42.0916818 ], [ -83.3880368, 42.0911045 ], [ -83.388727, 42.0904502 ], [ -83.3895448, 42.0896749 ], [ -83.3905138, 42.0887564 ], [ -83.391473, 42.087847 ], [ -83.3923117, 42.0870519 ], [ -83.3930641, 42.0863386 ], [ -83.3938647, 42.0858568 ], [ -83.3949147, 42.0859487 ], [ -83.3959233, 42.0860371 ], [ -83.3967884, 42.0861128 ], [ -83.3975065, 42.0861757 ], [ -83.3981116, 42.0862287 ], [ -83.3986304, 42.0862741 ], [ -83.3990598, 42.0863117 ], [ -83.3994381, 42.0863449 ], [ -83.3997765, 42.0863937 ], [ -83.4000789, 42.0864853 ], [ -83.4003872, 42.0865811 ], [ -83.4007075, 42.0866806 ], [ -83.4010563, 42.086789 ], [ -83.4014288, 42.0869047 ], [ -83.4018345, 42.0870308 ], [ -83.4022992, 42.0871752 ], [ -83.4028083, 42.0873335 ], [ -83.4033175, 42.0874917 ], [ -83.4038452, 42.0876556 ], [ -83.4044063, 42.08783 ], [ -83.404935, 42.0879943 ], [ -83.4053844, 42.088134 ], [ -83.4057691, 42.0882535 ], [ -83.4060838, 42.0883513 ], [ -83.406347, 42.0884331 ], [ -83.4065646, 42.0885008 ], [ -83.4067583, 42.0885609 ], [ -83.4069543, 42.0886218 ], [ -83.4071963, 42.088697 ], [ -83.4074717, 42.0887826 ], [ -83.4077844, 42.0888798 ], [ -83.4081637, 42.0889976 ], [ -83.4085545, 42.0891191 ], [ -83.4089245, 42.089234 ], [ -83.4092678, 42.0893408 ], [ -83.4095797, 42.0894377 ], [ -83.4098539, 42.0893602 ], [ -83.4100516, 42.0892209 ], [ -83.4102156, 42.0891054 ], [ -83.4103727, 42.0889948 ], [ -83.4105596, 42.0888631 ], [ -83.4107891, 42.0887015 ], [ -83.4110618, 42.0885093 ], [ -83.4113926, 42.0882764 ], [ -83.4117932, 42.0879943 ], [ -83.4122845, 42.0876482 ], [ -83.4128851, 42.0872252 ], [ -83.4135489, 42.0867577 ], [ -83.4140998, 42.0863696 ], [ -83.4145492, 42.0860531 ], [ -83.4149217, 42.0857907 ], [ -83.4152157, 42.0855836 ], [ -83.4154559, 42.0854144 ], [ -83.4156543, 42.0852746 ], [ -83.4158187, 42.0851589 ], [ -83.4159658, 42.0850552 ], [ -83.4161326, 42.0849378 ], [ -83.416297, 42.0848219 ], [ -83.4164553, 42.0847104 ], [ -83.4166408, 42.0845798 ], [ -83.4168567, 42.0844277 ], [ -83.417119, 42.084243 ], [ -83.4174336, 42.0840214 ], [ -83.4178127, 42.0837544 ], [ -83.418271, 42.0834315 ], [ -83.4188267, 42.0830401 ], [ -83.4195081, 42.0825601 ], [ -83.4203414, 42.0819731 ], [ -83.4214332, 42.0813403 ], [ -83.4226788, 42.0807349 ], [ -83.4237418, 42.0802184 ], [ -83.4246595, 42.0797724 ], [ -83.4254743, 42.0793765 ], [ -83.4260209, 42.0789053 ], [ -83.4263837, 42.0784379 ], [ -83.4266869, 42.0780474 ], [ -83.426946, 42.0777136 ], [ -83.4271638, 42.0774331 ], [ -83.4273428, 42.0772025 ], [ -83.4274955, 42.0770057 ], [ -83.4276267, 42.0768368 ], [ -83.4277342, 42.0766983 ], [ -83.427831, 42.0765736 ], [ -83.4279423, 42.0764302 ], [ -83.4280511, 42.0762901 ], [ -83.4281509, 42.0761615 ], [ -83.4282701, 42.076008 ], [ -83.4284163, 42.0758197 ], [ -83.4285796, 42.0756092 ], [ -83.4287352, 42.0754089 ], [ -83.4288655, 42.075241 ], [ -83.4289747, 42.0751003 ], [ -83.4290705, 42.074977 ], [ -83.4291843, 42.0748304 ], [ -83.4293187, 42.0746572 ], [ -83.4294378, 42.0745038 ], [ -83.4295374, 42.0743755 ], [ -83.4296499, 42.0742306 ], [ -83.4297767, 42.0740672 ], [ -83.4299296, 42.0738702 ], [ -83.4301127, 42.0736344 ], [ -83.430333, 42.0733506 ], [ -83.430591, 42.0730181 ], [ -83.4308999, 42.0726204 ], [ -83.4312421, 42.0721795 ], [ -83.4315825, 42.0717409 ], [ -83.4319225, 42.071303 ], [ -83.4322818, 42.0708401 ], [ -83.43244, 42.070277 ], [ -83.4325351, 42.0695843 ], [ -83.4326454, 42.0687801 ], [ -83.4327462, 42.068046 ], [ -83.4328284, 42.0674472 ], [ -83.4328964, 42.0669512 ], [ -83.4329511, 42.0665529 ], [ -83.4329964, 42.0662228 ], [ -83.4330346, 42.0659441 ], [ -83.4330652, 42.0657211 ], [ -83.4330898, 42.065542 ], [ -83.4331096, 42.0653971 ], [ -83.4331309, 42.0652426 ], [ -83.4331572, 42.0650501 ], [ -83.4331901, 42.0648106 ], [ -83.4332312, 42.0645119 ], [ -83.4332798, 42.0641574 ], [ -83.4333387, 42.0637282 ], [ -83.4334119, 42.0631942 ], [ -83.4335001, 42.0625516 ], [ -83.4336034, 42.0617986 ], [ -83.4336935, 42.0611423 ], [ -83.43377, 42.0605849 ], [ -83.4339626, 42.0601472 ], [ -83.4342129, 42.0598095 ], [ -83.4344209, 42.0595286 ], [ -83.4345963, 42.059292 ], [ -83.4347492, 42.0590857 ], [ -83.4348848, 42.0589027 ], [ -83.4350108, 42.0587325 ], [ -83.4351203, 42.0585848 ], [ -83.4352264, 42.0584416 ], [ -83.4353177, 42.0583183 ], [ -83.4354246, 42.0581741 ], [ -83.4355414, 42.0580165 ], [ -83.4356837, 42.0578245 ], [ -83.4358589, 42.0575879 ], [ -83.4360717, 42.0573009 ], [ -83.4363296, 42.0569527 ], [ -83.4366444, 42.0565279 ], [ -83.4370302, 42.0560071 ], [ -83.4374993, 42.0553741 ], [ -83.438246, 42.0547041 ], [ -83.4390029, 42.054118 ], [ -83.4396302, 42.0536323 ], [ -83.4401586, 42.0532231 ], [ -83.4406053, 42.0528773 ], [ -83.4409783, 42.0525884 ], [ -83.4412954, 42.0523429 ], [ -83.4415678, 42.0521319 ], [ -83.4418036, 42.0519494 ], [ -83.4420082, 42.051791 ], [ -83.4421859, 42.0516533 ], [ -83.4423388, 42.0515349 ], [ -83.4424959, 42.0514133 ], [ -83.4426815, 42.0512695 ], [ -83.4428966, 42.051103 ], [ -83.4431536, 42.0509039 ], [ -83.4434324, 42.0506662 ], [ -83.4437524, 42.0503808 ], [ -83.444134, 42.0500407 ], [ -83.4445902, 42.049634 ], [ -83.4451253, 42.0491569 ], [ -83.4456625, 42.0486781 ], [ -83.4461096, 42.0482796 ], [ -83.4464856, 42.0479442 ], [ -83.4467994, 42.0476645 ], [ -83.4470621, 42.0474304 ], [ -83.4472813, 42.0472349 ], [ -83.4474655, 42.0470707 ], [ -83.4476248, 42.0469287 ], [ -83.4477547, 42.046813 ], [ -83.4478894, 42.0466928 ], [ -83.4480495, 42.0465501 ], [ -83.4482255, 42.0463932 ], [ -83.4484412, 42.0462008 ], [ -83.4486941, 42.0459755 ], [ -83.4489776, 42.0457227 ], [ -83.4492371, 42.0454914 ], [ -83.4494629, 42.04529 ], [ -83.4496544, 42.0451193 ], [ -83.4498139, 42.0449771 ], [ -83.4499536, 42.0448525 ], [ -83.4501035, 42.0447189 ], [ -83.4502852, 42.0445569 ], [ -83.4505058, 42.0443602 ], [ -83.4507715, 42.0441233 ], [ -83.4510996, 42.0438309 ], [ -83.4514988, 42.0434749 ], [ -83.45188, 42.0429933 ], [ -83.4522118, 42.0423593 ], [ -83.4526152, 42.0415881 ], [ -83.4531047, 42.0406527 ], [ -83.4535951, 42.0397155 ], [ -83.454004, 42.0389339 ], [ -83.4543427, 42.0382866 ], [ -83.4546242, 42.0377487 ], [ -83.4548577, 42.0373023 ], [ -83.4550516, 42.0369317 ], [ -83.4552136, 42.036622 ], [ -83.4553499, 42.0363615 ], [ -83.4554631, 42.0361451 ], [ -83.4555602, 42.0359597 ], [ -83.4556415, 42.0358041 ], [ -83.4557186, 42.0356568 ], [ -83.4557956, 42.0355097 ], [ -83.4558856, 42.0353376 ], [ -83.4559688, 42.0351786 ], [ -83.4560491, 42.0350251 ], [ -83.4561233, 42.0348833 ], [ -83.4562144, 42.0347092 ], [ -83.4563216, 42.0345043 ], [ -83.4564546, 42.0342501 ], [ -83.4565884, 42.0339943 ], [ -83.456705, 42.0337715 ], [ -83.4568048, 42.0335807 ], [ -83.4568875, 42.0334226 ], [ -83.4569658, 42.0332727 ], [ -83.4570503, 42.0331114 ], [ -83.4571565, 42.0329083 ], [ -83.4572816, 42.0326693 ], [ -83.4574337, 42.0323786 ], [ -83.4576204, 42.0320215 ], [ -83.4577751, 42.0315812 ], [ -83.4575826, 42.0310494 ], [ -83.457358, 42.030429 ], [ -83.45709, 42.0296892 ], [ -83.4567679, 42.0287997 ], [ -83.4563783, 42.027724 ], [ -83.4559943, 42.0266634 ], [ -83.4556754, 42.0257829 ], [ -83.4554084, 42.0250456 ], [ -83.4551874, 42.0244349 ], [ -83.4554172, 42.0239567 ], [ -83.4557282, 42.0235603 ], [ -83.455987, 42.0232304 ], [ -83.4562092, 42.0229474 ], [ -83.4563991, 42.0227054 ], [ -83.4565516, 42.022511 ], [ -83.4566793, 42.0223484 ], [ -83.4567947, 42.0222013 ], [ -83.4568989, 42.0220684 ], [ -83.4570191, 42.0219154 ], [ -83.457164, 42.0217306 ], [ -83.4573254, 42.021525 ], [ -83.4575086, 42.0212916 ], [ -83.4577216, 42.0210202 ], [ -83.4579729, 42.0206998 ], [ -83.4582785, 42.0203104 ], [ -83.4586378, 42.0198526 ], [ -83.4590056, 42.019384 ], [ -83.4593148, 42.01899 ], [ -83.4595748, 42.0186586 ], [ -83.4597947, 42.0183783 ], [ -83.4599828, 42.0181386 ], [ -83.460137, 42.0179422 ], [ -83.4602662, 42.0177774 ], [ -83.4603722, 42.0176423 ], [ -83.4604703, 42.0175175 ], [ -83.4605944, 42.0173592 ], [ -83.4607348, 42.0171802 ], [ -83.460905, 42.0169633 ], [ -83.4611072, 42.0167056 ], [ -83.4613449, 42.0164026 ], [ -83.4616282, 42.0160418 ], [ -83.4619679, 42.0156087 ], [ -83.4623271, 42.0150822 ], [ -83.4625715, 42.0145598 ], [ -83.4627801, 42.0141141 ], [ -83.4629587, 42.0137323 ], [ -83.4631115, 42.0134057 ], [ -83.4632413, 42.0131281 ], [ -83.4633501, 42.0128957 ], [ -83.4634469, 42.0126886 ], [ -83.4635281, 42.0125151 ], [ -83.4635976, 42.0123664 ], [ -83.4636651, 42.0122223 ], [ -83.4637475, 42.0120462 ], [ -83.463845, 42.0118378 ], [ -83.4639598, 42.0115921 ], [ -83.4640979, 42.0112971 ], [ -83.4642594, 42.0109518 ], [ -83.4644102, 42.0106295 ], [ -83.4645426, 42.0103467 ], [ -83.4646593, 42.0100971 ], [ -83.4647568, 42.0098886 ], [ -83.4648395, 42.009712 ], [ -83.464913, 42.0095547 ], [ -83.4649789, 42.009414 ], [ -83.4650543, 42.0092528 ], [ -83.4651392, 42.0090713 ], [ -83.4652466, 42.0088416 ], [ -83.4653722, 42.0085732 ], [ -83.4655236, 42.0082494 ], [ -83.4653988, 42.0078683 ], [ -83.4650393, 42.0074532 ], [ -83.4646111, 42.0069588 ], [ -83.4641016, 42.0063704 ], [ -83.463504, 42.0056804 ], [ -83.4629353, 42.0050236 ], [ -83.4624293, 42.0044393 ], [ -83.4620119, 42.0039573 ], [ -83.4616652, 42.0035569 ], [ -83.4613754, 42.0032222 ], [ -83.4611357, 42.0029455 ], [ -83.4609347, 42.0027133 ], [ -83.4607644, 42.0025166 ], [ -83.4606097, 42.002338 ], [ -83.4604778, 42.0021857 ], [ -83.4603678, 42.0020587 ], [ -83.4602579, 42.0019299 ], [ -83.4601416, 42.0017736 ], [ -83.4600161, 42.0015857 ], [ -83.4598624, 42.0013558 ], [ -83.4596739, 42.0010739 ], [ -83.459449, 42.0007375 ], [ -83.4591751, 42.0003279 ], [ -83.4588459, 41.9998356 ], [ -83.4585268, 41.9993583 ], [ -83.4582608, 41.9989604 ], [ -83.4580426, 41.9986339 ], [ -83.4578598, 41.9983606 ], [ -83.4577042, 41.9981277 ], [ -83.457571, 41.9979285 ], [ -83.4574601, 41.9977626 ], [ -83.4573701, 41.997628 ], [ -83.4572731, 41.997483 ], [ -83.4571625, 41.9973174 ], [ -83.4570341, 41.9971254 ], [ -83.4569009, 41.9969262 ], [ -83.4567867, 41.9967554 ], [ -83.4566875, 41.996607 ], [ -83.4566038, 41.9964819 ], [ -83.4565099, 41.9963412 ], [ -83.4563997, 41.9961765 ], [ -83.4562657, 41.995976 ], [ -83.456104, 41.9957341 ], [ -83.4559086, 41.9954419 ], [ -83.4556723, 41.9950883 ], [ -83.4553873, 41.9946621 ], [ -83.4550471, 41.9941532 ], [ -83.4547214, 41.9935706 ], [ -83.4548998, 41.9928571 ], [ -83.4551179, 41.9920107 ], [ -83.4553676, 41.9910415 ], [ -83.4556466, 41.9899585 ], [ -83.4559212, 41.9888928 ], [ -83.4561669, 41.9879391 ], [ -83.4563835, 41.9870984 ], [ -83.4565635, 41.9863996 ], [ -83.4567057, 41.9858163 ], [ -83.4567251, 41.9853177 ], [ -83.4567378, 41.9849014 ], [ -83.4567483, 41.9845548 ], [ -83.456757, 41.9842707 ], [ -83.4567641, 41.9840382 ], [ -83.4567698, 41.9838486 ], [ -83.4567745, 41.9836937 ], [ -83.4567794, 41.9835337 ], [ -83.4567854, 41.983339 ], [ -83.4567926, 41.9831024 ], [ -83.4568014, 41.9828148 ], [ -83.4568119, 41.9824681 ], [ -83.4568235, 41.9820868 ], [ -83.4568358, 41.9816806 ], [ -83.4568497, 41.9812264 ], [ -83.4568657, 41.9807023 ], [ -83.4568836, 41.9801112 ], [ -83.456903, 41.9794751 ], [ -83.4569208, 41.9788916 ], [ -83.4569366, 41.9783754 ], [ -83.4569501, 41.9779304 ], [ -83.4569618, 41.9775472 ], [ -83.4569718, 41.9772189 ], [ -83.4569801, 41.9769446 ], [ -83.4569871, 41.9767144 ], [ -83.4569931, 41.9765158 ], [ -83.4569984, 41.976344 ], [ -83.4570029, 41.9761952 ], [ -83.4570075, 41.9760456 ], [ -83.4570127, 41.9758746 ], [ -83.4570187, 41.9756769 ], [ -83.4570257, 41.9754484 ], [ -83.4570337, 41.9751836 ], [ -83.4570431, 41.9748763 ], [ -83.457059, 41.9745254 ], [ -83.4571467, 41.9741259 ], [ -83.457247, 41.9736681 ], [ -83.4573667, 41.9731227 ], [ -83.457507, 41.9724826 ], [ -83.4576718, 41.9717312 ], [ -83.4578647, 41.9708515 ], [ -83.4580429, 41.9700385 ], [ -83.4581889, 41.9693731 ], [ -83.4583077, 41.9688312 ], [ -83.4584064, 41.9683811 ], [ -83.4584855, 41.9680202 ], [ -83.4585525, 41.9677146 ], [ -83.4586062, 41.9674701 ], [ -83.4586493, 41.9672736 ], [ -83.4586868, 41.9671023 ], [ -83.458721, 41.9669465 ], [ -83.4587556, 41.9667884 ], [ -83.4587965, 41.9666021 ], [ -83.4588458, 41.9663772 ], [ -83.4589082, 41.9660926 ], [ -83.459005, 41.9657897 ], [ -83.4592099, 41.9655664 ], [ -83.4593776, 41.9653837 ], [ -83.4595201, 41.9652282 ], [ -83.4596423, 41.9650951 ], [ -83.4597694, 41.9649565 ], [ -83.4599273, 41.9647844 ], [ -83.4601177, 41.9645768 ], [ -83.4603427, 41.9643315 ], [ -83.4606143, 41.9640354 ], [ -83.4609447, 41.9636753 ], [ -83.4613054, 41.963282 ], [ -83.4616073, 41.9629529 ], [ -83.4618538, 41.9626842 ], [ -83.4620561, 41.9624636 ], [ -83.4622266, 41.9622777 ], [ -83.4623702, 41.9621213 ], [ -83.4624928, 41.9619876 ], [ -83.4626079, 41.9618621 ], [ -83.4627504, 41.9617068 ], [ -83.4629196, 41.9615223 ], [ -83.4631206, 41.9613031 ], [ -83.4633652, 41.9610365 ], [ -83.4636598, 41.9607153 ], [ -83.4639459, 41.9604033 ], [ -83.464179, 41.9601493 ], [ -83.4643749, 41.9599357 ], [ -83.4645383, 41.9597576 ], [ -83.4646747, 41.9596088 ], [ -83.464792, 41.959481 ], [ -83.4649246, 41.9593363 ], [ -83.4650837, 41.9591629 ], [ -83.4652686, 41.9589613 ], [ -83.4654878, 41.9587224 ], [ -83.4657469, 41.9584399 ], [ -83.4659812, 41.9581844 ], [ -83.466171, 41.9579776 ], [ -83.466337, 41.9578032 ], [ -83.4664768, 41.9576599 ], [ -83.4665975, 41.9575364 ], [ -83.4667188, 41.9574121 ], [ -83.4668666, 41.9572607 ], [ -83.4670501, 41.9570729 ], [ -83.4672666, 41.956851 ], [ -83.4675351, 41.9565761 ], [ -83.467858, 41.9562455 ], [ -83.4682441, 41.95585 ], [ -83.4686207, 41.9554645 ], [ -83.4689333, 41.9551442 ], [ -83.4691975, 41.9548737 ], [ -83.4694115, 41.9546545 ], [ -83.4695905, 41.9544711 ], [ -83.4697326, 41.9543256 ], [ -83.4698514, 41.954204 ], [ -83.4699749, 41.9540775 ], [ -83.4701176, 41.9539313 ], [ -83.4703, 41.9537445 ], [ -83.4705158, 41.9535236 ], [ -83.4707816, 41.9532513 ], [ -83.4711022, 41.952923 ], [ -83.4714971, 41.9525185 ], [ -83.4719754, 41.9520286 ], [ -83.4726621, 41.9515451 ], [ -83.4737553, 41.9513912 ], [ -83.4749656, 41.9512209 ], [ -83.4763345, 41.9510282 ], [ -83.4776868, 41.9509199 ], [ -83.4788927, 41.9511935 ], [ -83.4799871, 41.9514418 ], [ -83.4809797, 41.951667 ], [ -83.4818844, 41.9518722 ], [ -83.4826898, 41.952055 ], [ -83.483416, 41.9522198 ], [ -83.4840907, 41.9523729 ], [ -83.4847025, 41.9525117 ], [ -83.4852095, 41.9526267 ], [ -83.4856409, 41.9527246 ], [ -83.4860082, 41.9528079 ], [ -83.4863123, 41.9528026 ], [ -83.4865532, 41.9527241 ], [ -83.486765, 41.9526543 ], [ -83.4869461, 41.9525946 ], [ -83.4871537, 41.9525261 ], [ -83.4874046, 41.9524434 ], [ -83.4877111, 41.9523424 ], [ -83.4880844, 41.9522193 ], [ -83.4884418, 41.9521016 ], [ -83.488736, 41.9520045 ], [ -83.4889797, 41.9519243 ], [ -83.4891815, 41.9518578 ], [ -83.4893799, 41.9517924 ], [ -83.4896041, 41.9517185 ], [ -83.4898621, 41.9516334 ], [ -83.490173, 41.9515309 ], [ -83.4905299, 41.9514134 ], [ -83.4909598, 41.9512716 ], [ -83.4914549, 41.9511084 ], [ -83.4919338, 41.9509505 ], [ -83.4923729, 41.9508058 ], [ -83.4926686, 41.9505938 ], [ -83.4927938, 41.9503321 ], [ -83.4928965, 41.9501175 ], [ -83.4929801, 41.9499426 ], [ -83.4930548, 41.9497864 ], [ -83.4931237, 41.9496425 ], [ -83.4932069, 41.9494685 ], [ -83.4933065, 41.9492603 ], [ -83.4934305, 41.9490011 ], [ -83.4935778, 41.9486932 ], [ -83.4937571, 41.9483182 ], [ -83.4939742, 41.9478646 ], [ -83.4942395, 41.94731 ], [ -83.4945578, 41.9466444 ], [ -83.4948471, 41.9460397 ], [ -83.4950831, 41.9455463 ], [ -83.4952781, 41.9451387 ], [ -83.4954389, 41.9448025 ], [ -83.4955682, 41.944532 ], [ -83.4956746, 41.9443097 ], [ -83.495763, 41.944125 ], [ -83.4958377, 41.9439687 ], [ -83.4959074, 41.9438229 ], [ -83.4959855, 41.9436597 ], [ -83.4960813, 41.9434595 ], [ -83.496199, 41.9432133 ], [ -83.4963124, 41.9429764 ], [ -83.4964042, 41.9427844 ], [ -83.496482, 41.9426218 ], [ -83.4965469, 41.9424861 ], [ -83.4966183, 41.9423368 ], [ -83.4966848, 41.9421977 ], [ -83.496757, 41.9420469 ], [ -83.4968364, 41.9418808 ], [ -83.4969291, 41.9416871 ], [ -83.4970363, 41.9414629 ], [ -83.4971518, 41.9412214 ], [ -83.4972873, 41.9409381 ], [ -83.4974402, 41.9406183 ], [ -83.4976155, 41.9402497 ], [ -83.4976776, 41.9398114 ], [ -83.4977049, 41.9392786 ], [ -83.4977374, 41.9386465 ], [ -83.4977758, 41.9378991 ], [ -83.4978214, 41.9370107 ], [ -83.4978697, 41.9360697 ], [ -83.4979103, 41.9352789 ], [ -83.497944, 41.9346237 ], [ -83.4979719, 41.9340816 ], [ -83.497995, 41.9336294 ], [ -83.4980145, 41.93325 ], [ -83.4979759, 41.932937 ], [ -83.4978311, 41.9326737 ], [ -83.4977021, 41.9324405 ], [ -83.4975877, 41.9322336 ], [ -83.4974871, 41.9320519 ], [ -83.497396, 41.9318871 ], [ -83.497311, 41.9317335 ], [ -83.4972379, 41.9316015 ], [ -83.4971519, 41.9314459 ], [ -83.4970633, 41.9312858 ], [ -83.4969642, 41.9311067 ], [ -83.4968625, 41.9309229 ], [ -83.4967477, 41.9307154 ], [ -83.496623, 41.9304899 ], [ -83.4964844, 41.9302395 ], [ -83.4963357, 41.9299705 ], [ -83.4961717, 41.9296742 ], [ -83.495988, 41.9293422 ], [ -83.4957875, 41.9289798 ], [ -83.4955633, 41.9285744 ], [ -83.495319, 41.928133 ], [ -83.4950555, 41.9276566 ], [ -83.4948816, 41.9271201 ], [ -83.4947828, 41.9264926 ], [ -83.4946747, 41.9258048 ], [ -83.4945746, 41.9251688 ], [ -83.4944889, 41.9246236 ], [ -83.4944142, 41.9241485 ], [ -83.4943502, 41.9237421 ], [ -83.4942929, 41.9233777 ], [ -83.4942423, 41.9230564 ], [ -83.4941984, 41.9227768 ], [ -83.4941594, 41.9225292 ], [ -83.4941226, 41.9222951 ], [ -83.494089, 41.9220816 ], [ -83.494059, 41.9218908 ], [ -83.4940327, 41.9217239 ], [ -83.4940077, 41.9215648 ], [ -83.493985, 41.9214207 ], [ -83.4939599, 41.9212609 ], [ -83.4939319, 41.9210827 ], [ -83.4939027, 41.9208972 ], [ -83.4938704, 41.9206917 ], [ -83.4938348, 41.9204651 ], [ -83.4937942, 41.9202077 ], [ -83.4937477, 41.9199116 ], [ -83.4936948, 41.9195757 ], [ -83.4936361, 41.9192025 ], [ -83.4935687, 41.9187738 ], [ -83.4934928, 41.9182907 ], [ -83.493407, 41.9177458 ], [ -83.4933091, 41.917123 ], [ -83.4932014, 41.9164856 ], [ -83.4930611, 41.9159616 ], [ -83.4929452, 41.9155287 ], [ -83.4928503, 41.9151744 ], [ -83.4927718, 41.914881 ], [ -83.492708, 41.9146429 ], [ -83.4926546, 41.9144434 ], [ -83.4926108, 41.9142798 ], [ -83.4925731, 41.9141389 ], [ -83.49253, 41.9139782 ], [ -83.492485, 41.9138096 ], [ -83.4924448, 41.9136598 ], [ -83.4924028, 41.9135026 ], [ -83.4923516, 41.9133119 ], [ -83.4922911, 41.9130855 ], [ -83.4922256, 41.9128409 ], [ -83.4921525, 41.9125678 ], [ -83.4920655, 41.912243 ], [ -83.491963, 41.9118604 ], [ -83.4918385, 41.9113953 ], [ -83.4916874, 41.910831 ], [ -83.4915041, 41.9101459 ], [ -83.491281, 41.9093127 ], [ -83.4910093, 41.9082979 ], [ -83.4907117, 41.907186 ], [ -83.4904542, 41.9062244 ], [ -83.4902731, 41.9054069 ], [ -83.4902611, 41.9047164 ], [ -83.4902511, 41.9041419 ], [ -83.4902429, 41.9036682 ], [ -83.490236, 41.9032739 ], [ -83.4902303, 41.9029422 ], [ -83.4902254, 41.9026642 ], [ -83.4902214, 41.9024301 ], [ -83.490218, 41.902231 ], [ -83.490215, 41.9020643 ], [ -83.4902125, 41.9019182 ], [ -83.4902096, 41.9017511 ], [ -83.4902063, 41.9015595 ], [ -83.4902022, 41.901328 ], [ -83.4901973, 41.9010462 ], [ -83.4901914, 41.900705 ], [ -83.4901843, 41.9002945 ], [ -83.4901757, 41.899803 ], [ -83.4901654, 41.8992109 ], [ -83.490153, 41.898496 ], [ -83.4901381, 41.8976395 ], [ -83.4901724, 41.8966213 ], [ -83.4911964, 41.8957135 ], [ -83.4921272, 41.8948884 ], [ -83.4929152, 41.8941899 ], [ -83.493566, 41.893613 ], [ -83.4941114, 41.8931295 ], [ -83.4945752, 41.8927182 ], [ -83.4949745, 41.8923644 ], [ -83.4953219, 41.8920563 ], [ -83.4956279, 41.891785 ], [ -83.4958978, 41.8915457 ], [ -83.4961356, 41.8913349 ], [ -83.4963501, 41.8911526 ], [ -83.4965915, 41.8910501 ], [ -83.4968001, 41.8909921 ], [ -83.4969847, 41.8909408 ], [ -83.497194, 41.8908826 ], [ -83.4974498, 41.8908115 ], [ -83.4977644, 41.8907241 ], [ -83.4981453, 41.8906182 ], [ -83.4985947, 41.8904933 ], [ -83.4991383, 41.8903422 ], [ -83.4997774, 41.8901645 ], [ -83.5005398, 41.8899526 ], [ -83.5014533, 41.8896987 ], [ -83.5025654, 41.8894325 ], [ -83.5038447, 41.8891809 ], [ -83.5049364, 41.8889662 ], [ -83.505837, 41.888789 ], [ -83.5065697, 41.8886449 ], [ -83.5071711, 41.8885266 ], [ -83.5076648, 41.8884295 ], [ -83.5080754, 41.8883487 ], [ -83.5084031, 41.8882842 ], [ -83.5086768, 41.8882304 ], [ -83.5089029, 41.8881859 ], [ -83.5090996, 41.8881472 ], [ -83.5093273, 41.8881025 ], [ -83.5095794, 41.8880529 ], [ -83.5098896, 41.8879918 ], [ -83.5102645, 41.8879181 ], [ -83.510725, 41.8878253 ], [ -83.5111086, 41.8875261 ], [ -83.511506, 41.8871219 ], [ -83.5119572, 41.8866628 ], [ -83.5124848, 41.8861259 ], [ -83.5129969, 41.8856049 ], [ -83.5134532, 41.8851406 ], [ -83.5138685, 41.8847179 ], [ -83.5142446, 41.8843354 ], [ -83.5145619, 41.8840125 ], [ -83.5148252, 41.8837446 ], [ -83.5150467, 41.8835193 ], [ -83.5152273, 41.8833354 ], [ -83.5153809, 41.8831793 ], [ -83.5155112, 41.8830466 ], [ -83.5156425, 41.882913 ], [ -83.5157944, 41.8827584 ], [ -83.5159509, 41.8825991 ], [ -83.5161075, 41.8824398 ], [ -83.5162535, 41.8822913 ], [ -83.5163787, 41.8821639 ], [ -83.5164979, 41.8820425 ], [ -83.5166443, 41.8818937 ], [ -83.5168148, 41.8817202 ], [ -83.5170107, 41.8815209 ], [ -83.5172421, 41.8812854 ], [ -83.5174975, 41.8810255 ], [ -83.5177931, 41.8807247 ], [ -83.5181361, 41.8803757 ], [ -83.5185426, 41.8799621 ], [ -83.5190158, 41.8794805 ], [ -83.5195577, 41.8789291 ], [ -83.5191065, 41.8785103 ], [ -83.5185425, 41.8781883 ], [ -83.5180695, 41.8779182 ], [ -83.517662, 41.8776856 ], [ -83.5173073, 41.877483 ], [ -83.5169932, 41.8773037 ], [ -83.5167129, 41.8771437 ], [ -83.5164709, 41.8770055 ], [ -83.5162594, 41.8768848 ], [ -83.5160644, 41.8767734 ], [ -83.5158964, 41.8766775 ], [ -83.5157457, 41.8765915 ], [ -83.515572, 41.8764923 ], [ -83.5153897, 41.8763882 ], [ -83.5152092, 41.8762851 ], [ -83.5150259, 41.8761805 ], [ -83.5148395, 41.876074 ], [ -83.5146681, 41.8759762 ], [ -83.5144752, 41.875866 ], [ -83.5142526, 41.8757389 ], [ -83.5140437, 41.8756197 ], [ -83.5138678, 41.8755193 ], [ -83.5137092, 41.8754287 ], [ -83.5135344, 41.8753289 ], [ -83.5133797, 41.8752406 ], [ -83.5131983, 41.875137 ], [ -83.5129927, 41.8750196 ], [ -83.5127627, 41.8748882 ], [ -83.5125032, 41.8747401 ], [ -83.5122063, 41.8745706 ], [ -83.5118763, 41.8743821 ], [ -83.5115046, 41.87417 ], [ -83.5110882, 41.8739321 ], [ -83.5106151, 41.873662 ], [ -83.5100815, 41.8733574 ], [ -83.5095704, 41.8729296 ], [ -83.5089919, 41.8724165 ], [ -83.5083373, 41.8718357 ], [ -83.5077477, 41.8713126 ], [ -83.5072393, 41.8708615 ], [ -83.5068054, 41.8704765 ], [ -83.5064332, 41.8701464 ], [ -83.5061121, 41.8698615 ], [ -83.5058414, 41.8696212 ], [ -83.505599, 41.8694062 ], [ -83.5053934, 41.8692239 ], [ -83.5052041, 41.8690559 ], [ -83.5050417, 41.8689117 ], [ -83.5049034, 41.8687891 ], [ -83.5047784, 41.8686782 ], [ -83.5046309, 41.8685473 ], [ -83.5044706, 41.8684051 ], [ -83.5042934, 41.8682478 ], [ -83.5040874, 41.868089 ], [ -83.5038744, 41.8679277 ], [ -83.5036489, 41.8677569 ], [ -83.5034058, 41.8675727 ], [ -83.503134, 41.8673668 ], [ -83.502823, 41.8671312 ], [ -83.5024634, 41.8668588 ], [ -83.5020361, 41.8665351 ], [ -83.5016125, 41.8662142 ], [ -83.5012655, 41.8659514 ], [ -83.5009771, 41.8657328 ], [ -83.5007387, 41.8655523 ], [ -83.5005464, 41.8654066 ], [ -83.5003881, 41.8652866 ], [ -83.5002504, 41.8651824 ], [ -83.500091, 41.8650616 ], [ -83.4999354, 41.8649077 ], [ -83.499804, 41.8646975 ], [ -83.4996549, 41.8644527 ], [ -83.4994711, 41.8641509 ], [ -83.4992502, 41.8637884 ], [ -83.4989826, 41.863349 ], [ -83.4986618, 41.8628224 ], [ -83.4982745, 41.8621866 ], [ -83.4978077, 41.8614201 ], [ -83.4972446, 41.8604956 ], [ -83.496564, 41.8593783 ], [ -83.495898, 41.8582848 ], [ -83.495349, 41.8573832 ], [ -83.4949484, 41.8566267 ], [ -83.4949693, 41.8559174 ], [ -83.4949885, 41.8552682 ], [ -83.4950068, 41.8546457 ], [ -83.4950252, 41.8540229 ], [ -83.4950444, 41.8533691 ], [ -83.4950655, 41.8526538 ], [ -83.4950855, 41.8519793 ], [ -83.4951023, 41.8514089 ], [ -83.4951164, 41.8509294 ], [ -83.4951283, 41.8505259 ], [ -83.4951384, 41.8501856 ], [ -83.4951468, 41.8498995 ], [ -83.4951539, 41.849659 ], [ -83.4951599, 41.8494556 ], [ -83.4951649, 41.8492876 ], [ -83.4951694, 41.8491332 ], [ -83.495175, 41.848946 ], [ -83.4951817, 41.8487165 ], [ -83.49519, 41.848432 ], [ -83.4951972, 41.8480887 ], [ -83.4951866, 41.8476729 ], [ -83.4951732, 41.8471674 ], [ -83.495157, 41.846557 ], [ -83.4951373, 41.8458181 ], [ -83.4951135, 41.8449218 ], [ -83.4950857, 41.843873 ], [ -83.4950604, 41.8429234 ], [ -83.4950385, 41.8420975 ], [ -83.4950194, 41.8413751 ], [ -83.4950028, 41.8407497 ], [ -83.494989, 41.8402338 ], [ -83.4949779, 41.839813 ], [ -83.4949687, 41.8394693 ], [ -83.4949612, 41.8391883 ], [ -83.4949551, 41.8389579 ], [ -83.49495, 41.8387668 ], [ -83.4949456, 41.838599 ], [ -83.4949416, 41.8384487 ], [ -83.4949372, 41.8382816 ], [ -83.4949322, 41.8380972 ], [ -83.4949277, 41.8379279 ], [ -83.4949235, 41.837767 ], [ -83.4949197, 41.8376244 ], [ -83.4949154, 41.8374629 ], [ -83.4949106, 41.8372805 ], [ -83.4949047, 41.837062 ], [ -83.4948977, 41.836796 ], [ -83.4948964, 41.8364711 ], [ -83.4949189, 41.8360776 ], [ -83.4949465, 41.8355971 ], [ -83.4949805, 41.8350056 ], [ -83.4950222, 41.8342789 ], [ -83.4950724, 41.8334033 ], [ -83.4951331, 41.8323464 ], [ -83.4952064, 41.8310684 ], [ -83.4952935, 41.8295495 ], [ -83.4953816, 41.8280154 ], [ -83.4960014, 41.8267901 ], [ -83.4974343, 41.8260055 ], [ -83.4986997, 41.8253127 ], [ -83.4998279, 41.824695 ], [ -83.5008626, 41.8241284 ], [ -83.5018397, 41.8235934 ], [ -83.5027675, 41.8230854 ], [ -83.5036266, 41.8226149 ], [ -83.5044087, 41.8221867 ], [ -83.5051306, 41.8217914 ], [ -83.5058091, 41.8214199 ], [ -83.5064697, 41.8210384 ], [ -83.5070199, 41.8205605 ], [ -83.5075241, 41.8201224 ], [ -83.5079362, 41.8197644 ], [ -83.5082785, 41.819467 ], [ -83.5085575, 41.8192246 ], [ -83.5087877, 41.8190247 ], [ -83.5089778, 41.8188596 ], [ -83.5091358, 41.8187223 ], [ -83.5092766, 41.8185999 ], [ -83.5094418, 41.8184564 ], [ -83.509641, 41.8182834 ], [ -83.5098811, 41.8180748 ], [ -83.5101739, 41.8178204 ], [ -83.5105247, 41.8175156 ], [ -83.510944, 41.8171514 ], [ -83.5114277, 41.8167312 ], [ -83.5118602, 41.8163554 ], [ -83.5122163, 41.8160461 ], [ -83.5125024, 41.8157975 ], [ -83.5127414, 41.8155899 ], [ -83.5129356, 41.8154211 ], [ -83.5131004, 41.815278 ], [ -83.5132416, 41.8151554 ], [ -83.5133975, 41.8150199 ], [ -83.5135809, 41.8148605 ], [ -83.5138008, 41.8146695 ], [ -83.5140717, 41.8144341 ], [ -83.5143948, 41.8141534 ], [ -83.51479, 41.8138101 ], [ -83.5152296, 41.813368 ], [ -83.5155911, 41.8127519 ], [ -83.5160306, 41.8120032 ], [ -83.5165558, 41.8111083 ], [ -83.5171727, 41.8100573 ], [ -83.5177262, 41.8091143 ], [ -83.5181811, 41.8083393 ], [ -83.5185534, 41.8077049 ], [ -83.5188586, 41.807185 ], [ -83.5191101, 41.8067564 ], [ -83.5195454, 41.8066691 ], [ -83.5200312, 41.8066809 ], [ -83.5205207, 41.8066926 ], [ -83.5210453, 41.8067053 ], [ -83.5215954, 41.8067186 ], [ -83.5221335, 41.8067316 ], [ -83.5226645, 41.8067444 ], [ -83.5231717, 41.8067566 ], [ -83.5236745, 41.8067688 ], [ -83.5241772, 41.8067809 ], [ -83.5246808, 41.8067931 ], [ -83.5251901, 41.8068054 ], [ -83.525706, 41.8068178 ], [ -83.5262285, 41.8068304 ], [ -83.5267574, 41.8068375 ], [ -83.5271768, 41.8066527 ], [ -83.5275117, 41.8064582 ], [ -83.5278037, 41.8062886 ], [ -83.5280555, 41.8061424 ], [ -83.5282705, 41.8060175 ], [ -83.5284514, 41.8059124 ], [ -83.5286125, 41.8058188 ], [ -83.5287969, 41.8057117 ], [ -83.5290188, 41.8055828 ], [ -83.5292743, 41.8054344 ], [ -83.529574, 41.8052603 ], [ -83.5299334, 41.8050515 ], [ -83.5303629, 41.8048021 ], [ -83.5308769, 41.8045035 ], [ -83.5314872, 41.8041491 ], [ -83.5321143, 41.8037848 ], [ -83.5326335, 41.8034832 ], [ -83.5330546, 41.8032386 ], [ -83.5334034, 41.803036 ], [ -83.5336867, 41.8028714 ], [ -83.5339206, 41.8027355 ], [ -83.5341072, 41.8026271 ], [ -83.5342777, 41.8025281 ], [ -83.5344617, 41.8024212 ], [ -83.5346844, 41.8022919 ], [ -83.5349612, 41.8021311 ], [ -83.5352904, 41.8019377 ], [ -83.5356778, 41.8016878 ], [ -83.5361258, 41.8013972 ], [ -83.5366291, 41.8010707 ], [ -83.5371625, 41.8007247 ], [ -83.537684, 41.8003864 ], [ -83.5382104, 41.8000449 ], [ -83.5387619, 41.7996871 ], [ -83.5393192, 41.7993256 ], [ -83.5398474, 41.7989829 ], [ -83.5403683, 41.798645 ], [ -83.5409052, 41.7982966 ], [ -83.5414633, 41.7979346 ], [ -83.5420641, 41.7975449 ], [ -83.542722, 41.7971181 ], [ -83.5432147, 41.7965144 ], [ -83.5436389, 41.7958985 ], [ -83.5440388, 41.7953177 ], [ -83.5443723, 41.7948336 ], [ -83.5446448, 41.7944378 ], [ -83.5448685, 41.7941131 ], [ -83.5450524, 41.793846 ], [ -83.5452047, 41.7936249 ], [ -83.5453279, 41.7934461 ], [ -83.5454341, 41.7932918 ], [ -83.5455371, 41.7931423 ], [ -83.545649, 41.7929799 ], [ -83.5457493, 41.7928341 ], [ -83.5458385, 41.7927045 ], [ -83.5459467, 41.7925473 ], [ -83.5460803, 41.7923534 ], [ -83.5462334, 41.7921311 ], [ -83.5464204, 41.7918596 ], [ -83.5466433, 41.7915359 ], [ -83.5469088, 41.7911504 ], [ -83.5472223, 41.7906952 ], [ -83.5475885, 41.7901634 ], [ -83.5478729, 41.7895038 ], [ -83.5481474, 41.7887108 ], [ -83.5484671, 41.7877878 ], [ -83.5488415, 41.7867067 ], [ -83.5492713, 41.7854651 ], [ -83.5496858, 41.7842682 ], [ -83.5500292, 41.7832763 ], [ -83.5503125, 41.7824582 ], [ -83.55055, 41.7817722 ], [ -83.5507488, 41.7811981 ], [ -83.5509116, 41.780724 ], [ -83.5510341, 41.7803357 ], [ -83.5511366, 41.7800106 ], [ -83.5512193, 41.7797484 ], [ -83.5512899, 41.7795247 ], [ -83.5513449, 41.7793505 ], [ -83.5513913, 41.7792033 ], [ -83.5514442, 41.7790356 ], [ -83.5515045, 41.7788443 ], [ -83.5515774, 41.7786135 ], [ -83.5516687, 41.7783237 ], [ -83.5517773, 41.7779799 ], [ -83.55191, 41.777559 ], [ -83.5520716, 41.7770468 ], [ -83.5522677, 41.7764253 ], [ -83.5525052, 41.7756724 ], [ -83.5527931, 41.7747597 ], [ -83.5531439, 41.7736478 ], [ -83.5535628, 41.7723195 ], [ -83.5539632, 41.7710504 ], [ -83.5542405, 41.7699721 ], [ -83.5543933, 41.7690764 ], [ -83.5545185, 41.7683429 ], [ -83.5546204, 41.767745 ], [ -83.5547053, 41.7672475 ], [ -83.5547735, 41.7668476 ], [ -83.5548304, 41.7665142 ], [ -83.5548776, 41.7662371 ], [ -83.5549162, 41.7660109 ], [ -83.5549482, 41.7658234 ], [ -83.5549753, 41.7656647 ], [ -83.5550015, 41.765511 ], [ -83.5550346, 41.7653163 ], [ -83.5550735, 41.7650891 ], [ -83.5551196, 41.7648182 ], [ -83.5551768, 41.7644826 ], [ -83.5552479, 41.7640663 ], [ -83.5553328, 41.7635684 ], [ -83.555438, 41.7629518 ], [ -83.5555656, 41.7622036 ], [ -83.5557192, 41.7613031 ], [ -83.5558607, 41.7604729 ], [ -83.5559783, 41.7597833 ], [ -83.5560753, 41.7592154 ], [ -83.5561563, 41.7587403 ], [ -83.5562215, 41.7583577 ], [ -83.5562758, 41.7580388 ], [ -83.5565096, 41.757845 ], [ -83.556776, 41.7577098 ], [ -83.5570098, 41.7575913 ], [ -83.5572211, 41.757484 ], [ -83.5573996, 41.7573934 ], [ -83.5575786, 41.7573026 ], [ -83.557783, 41.7571988 ], [ -83.558003, 41.7570872 ], [ -83.5582555, 41.7569591 ], [ -83.5585439, 41.7568127 ], [ -83.5588771, 41.7566436 ], [ -83.5592773, 41.7564405 ], [ -83.5597511, 41.7562 ], [ -83.5603205, 41.7559111 ], [ -83.561002, 41.7555653 ], [ -83.5618227, 41.7551488 ], [ -83.5628011, 41.7546522 ], [ -83.5639208, 41.7540839 ], [ -83.5652223, 41.7534235 ], [ -83.5665263, 41.7526767 ], [ -83.5674286, 41.7519077 ], [ -83.5681686, 41.7512771 ], [ -83.5687728, 41.7507621 ], [ -83.5692735, 41.7503353 ], [ -83.5696864, 41.7499833 ], [ -83.5700276, 41.7496925 ], [ -83.5703071, 41.7494544 ], [ -83.5705409, 41.749255 ], [ -83.5707338, 41.7490906 ], [ -83.5708984, 41.7489502 ], [ -83.5710416, 41.7488282 ], [ -83.5711786, 41.7487114 ], [ -83.5713428, 41.7485715 ], [ -83.5715511, 41.748394 ], [ -83.5718057, 41.748177 ], [ -83.5720348, 41.7478821 ], [ -83.5722545, 41.7474993 ], [ -83.5725231, 41.7470312 ], [ -83.5728513, 41.7464592 ], [ -83.5732492, 41.7457656 ], [ -83.5737273, 41.7449323 ], [ -83.5742751, 41.7439776 ], [ -83.5748076, 41.7430495 ], [ -83.5753033, 41.7421855 ], [ -83.5757436, 41.7414181 ], [ -83.5761171, 41.7407669 ], [ -83.5764366, 41.7402102 ], [ -83.5767093, 41.7397348 ], [ -83.5769463, 41.7393218 ], [ -83.5771496, 41.7389675 ], [ -83.5772833, 41.7386678 ], [ -83.5773807, 41.7384158 ], [ -83.5774614, 41.7382071 ], [ -83.5775308, 41.7380274 ], [ -83.5775846, 41.7378883 ], [ -83.5776469, 41.7377271 ], [ -83.5777188, 41.7375408 ], [ -83.5777979, 41.7373363 ], [ -83.5778964, 41.7370814 ], [ -83.5780113, 41.7367841 ], [ -83.5781505, 41.7364237 ], [ -83.5783198, 41.7359856 ], [ -83.5785246, 41.7354557 ], [ -83.5787706, 41.7348192 ], [ -83.5790628, 41.7340629 ], [ -83.5794147, 41.7331522 ], [ -83.5799659, 41.7321281 ], [ -83.5806462, 41.7312821 ], [ -83.581211, 41.7305797 ], [ -83.5816831, 41.7299926 ], [ -83.5820809, 41.729498 ], [ -83.5824146, 41.7290831 ], [ -83.5826949, 41.7287343 ], [ -83.5829369, 41.7284335 ], [ -83.5831438, 41.7281761 ], [ -83.5833258, 41.7279498 ], [ -83.5834722, 41.7277678 ], [ -83.5835899, 41.7276214 ], [ -83.58369, 41.7274969 ], [ -83.5838092, 41.7273487 ], [ -83.5839228, 41.7272073 ], [ -83.5840359, 41.7270668 ], [ -83.5841658, 41.7269051 ], [ -83.5843273, 41.7267045 ], [ -83.5845226, 41.7264616 ], [ -83.5847496, 41.7261793 ], [ -83.5850166, 41.7258331 ], [ -83.5852738, 41.7253937 ], [ -83.5855805, 41.7248627 ], [ -83.5859485, 41.7242255 ], [ -83.5863867, 41.7234667 ], [ -83.5869102, 41.7225604 ], [ -83.5875102, 41.7215214 ], [ -83.5880672, 41.7206324 ], [ -83.5886255, 41.7199297 ], [ -83.5890912, 41.7193437 ], [ -83.5894864, 41.7188464 ], [ -83.5898144, 41.7184336 ], [ -83.5900938, 41.7180819 ], [ -83.5903233, 41.7177931 ], [ -83.5905115, 41.7175564 ], [ -83.5906687, 41.7173584 ], [ -83.5907957, 41.7171986 ], [ -83.5909011, 41.7170659 ], [ -83.5910097, 41.7169292 ], [ -83.5911138, 41.7167983 ], [ -83.5912383, 41.7166416 ], [ -83.5913855, 41.7164564 ], [ -83.5915584, 41.7162387 ], [ -83.5917688, 41.7159738 ], [ -83.5920201, 41.7156576 ], [ -83.5923155, 41.7152858 ], [ -83.5926674, 41.7148429 ], [ -83.5928473, 41.7142345 ], [ -83.5930232, 41.7135322 ], [ -83.5931737, 41.7129317 ], [ -83.593297, 41.7124393 ], [ -83.5933982, 41.7120356 ], [ -83.5934832, 41.7116965 ], [ -83.5935513, 41.7114248 ], [ -83.593607, 41.7112021 ], [ -83.5936556, 41.7110084 ], [ -83.5936937, 41.7108561 ], [ -83.5937321, 41.710703 ], [ -83.5937789, 41.7105163 ], [ -83.5938389, 41.7102768 ], [ -83.5939095, 41.7099948 ], [ -83.5939955, 41.7096518 ], [ -83.5940998, 41.7092353 ], [ -83.5942281, 41.708723 ], [ -83.5943834, 41.7081017 ], [ -83.5945627, 41.7073463 ], [ -83.5947812, 41.7064241 ], [ -83.5950468, 41.7053042 ], [ -83.5953297, 41.7041103 ], [ -83.5955638, 41.7031232 ], [ -83.5957561, 41.7023117 ], [ -83.5959142, 41.7016449 ], [ -83.5960444, 41.7010952 ], [ -83.5961505, 41.7006477 ], [ -83.5962385, 41.7002768 ], [ -83.5962905, 41.6999777 ], [ -83.5961513, 41.6997492 ], [ -83.5960351, 41.6995583 ], [ -83.5959324, 41.6993897 ], [ -83.5958512, 41.6992564 ], [ -83.595755, 41.6990983 ], [ -83.5956469, 41.6989209 ], [ -83.5955166, 41.6987068 ], [ -83.595357, 41.6984446 ], [ -83.5951698, 41.6981374 ], [ -83.5949425, 41.6977641 ], [ -83.5946708, 41.6973178 ], [ -83.5943467, 41.6967856 ], [ -83.5939576, 41.6961466 ], [ -83.5934892, 41.6953773 ], [ -83.5929266, 41.6944533 ], [ -83.5922492, 41.6933408 ], [ -83.5914286, 41.6919931 ], [ -83.5909462, 41.6902923 ], [ -83.5912778, 41.6881677 ], [ -83.5915795, 41.6862347 ], [ -83.5918267, 41.6846516 ], [ -83.5920296, 41.6833516 ], [ -83.5921957, 41.6822869 ], [ -83.592332, 41.6814142 ], [ -83.5924444, 41.6806939 ], [ -83.592536, 41.6801072 ], [ -83.5926122, 41.6796188 ], [ -83.5926745, 41.6792193 ], [ -83.5927308, 41.6788799 ], [ -83.592791, 41.6785833 ], [ -83.5928422, 41.6783306 ], [ -83.5928883, 41.6781038 ], [ -83.5929298, 41.6778992 ], [ -83.5929683, 41.6777095 ], [ -83.5930036, 41.6775353 ], [ -83.5930368, 41.6773721 ], [ -83.593069, 41.6772137 ], [ -83.5931017, 41.6770519 ], [ -83.5931373, 41.6768767 ], [ -83.5931747, 41.6766924 ], [ -83.5932171, 41.6764837 ], [ -83.5932691, 41.6762272 ], [ -83.5933325, 41.6759149 ], [ -83.5934084, 41.6755408 ], [ -83.593502, 41.6750794 ], [ -83.5936153, 41.6745213 ], [ -83.5937539, 41.6738382 ], [ -83.5939203, 41.6730183 ], [ -83.5940887, 41.6721885 ], [ -83.5942283, 41.6715003 ], [ -83.5943444, 41.6709286 ], [ -83.5943989, 41.6704403 ], [ -83.594357, 41.6700285 ], [ -83.5943215, 41.6696805 ], [ -83.5942907, 41.6693791 ], [ -83.5942627, 41.6691051 ], [ -83.5942358, 41.6688407 ], [ -83.5942106, 41.6685942 ], [ -83.5941861, 41.6683538 ], [ -83.5941628, 41.6681256 ], [ -83.5941424, 41.6679245 ], [ -83.5941243, 41.6677476 ], [ -83.5941091, 41.6675986 ], [ -83.5940951, 41.6674613 ], [ -83.5940814, 41.6673265 ], [ -83.5940672, 41.6671871 ], [ -83.5940503, 41.6670223 ], [ -83.5940324, 41.6668463 ], [ -83.5940132, 41.6666587 ], [ -83.5939922, 41.6664527 ], [ -83.5939703, 41.666238 ], [ -83.5939482, 41.6660213 ], [ -83.5939246, 41.6657899 ], [ -83.5938977, 41.6655265 ], [ -83.5938661, 41.6652165 ], [ -83.5938288, 41.6648504 ], [ -83.5937854, 41.6644246 ], [ -83.5937349, 41.6639295 ], [ -83.5936747, 41.6633399 ], [ -83.5936021, 41.6626275 ], [ -83.5935168, 41.6617913 ], [ -83.5934144, 41.6607872 ], [ -83.5927826, 41.6599111 ], [ -83.5909673, 41.6596428 ], [ -83.5888742, 41.6593334 ], [ -83.5864493, 41.658975 ], [ -83.5835924, 41.6585527 ], [ -83.5804813, 41.6588222 ], [ -83.5776593, 41.6601416 ], [ -83.5748266, 41.6614661 ], [ -83.5718781, 41.6628445 ], [ -83.5690175, 41.6614003 ], [ -83.5657305, 41.6591009 ], [ -83.5626304, 41.6569322 ], [ -83.5617747, 41.6543348 ], [ -83.5611468, 41.652165 ], [ -83.5606278, 41.6503716 ], [ -83.5601961, 41.6488798 ], [ -83.5608387, 41.6479184 ], [ -83.5620546, 41.6472884 ], [ -83.5631251, 41.6467337 ], [ -83.5640865, 41.6462356 ], [ -83.5649721, 41.6457767 ], [ -83.5658319, 41.6453312 ], [ -83.5666885, 41.6448873 ], [ -83.567572, 41.6444295 ], [ -83.5685244, 41.643936 ], [ -83.5684717, 41.643159 ], [ -83.56808, 41.6423892 ], [ -83.567716, 41.6416736 ], [ -83.5673675, 41.6409887 ], [ -83.5670209, 41.6403072 ], [ -83.5666685, 41.6396148 ], [ -83.5663521, 41.6389927 ], [ -83.5660882, 41.6384741 ], [ -83.5658682, 41.6380415 ], [ -83.5656872, 41.6376858 ], [ -83.5655345, 41.6373855 ], [ -83.5654092, 41.6371392 ], [ -83.5653073, 41.6369389 ], [ -83.5652173, 41.6367621 ], [ -83.5651473, 41.6366244 ], [ -83.5650713, 41.6364751 ], [ -83.5650033, 41.6363412 ], [ -83.5649286, 41.6361945 ], [ -83.5648386, 41.6360175 ], [ -83.5647283, 41.6358006 ], [ -83.5645942, 41.6355372 ], [ -83.5644275, 41.6352094 ], [ -83.5642274, 41.6348159 ], [ -83.5639808, 41.6343311 ], [ -83.5636821, 41.6337441 ], [ -83.5637656, 41.632995 ], [ -83.5639785, 41.6320955 ], [ -83.5642338, 41.631018 ], [ -83.5645422, 41.6297153 ], [ -83.5649021, 41.628196 ], [ -83.5652292, 41.626815 ], [ -83.5655186, 41.6255926 ], [ -83.56649, 41.6248237 ], [ -83.5677041, 41.6242684 ], [ -83.5688082, 41.6237633 ], [ -83.5698498, 41.623287 ], [ -83.5708781, 41.6228167 ], [ -83.571917, 41.6223414 ], [ -83.5729651, 41.621862 ], [ -83.574003, 41.6213873 ], [ -83.5750516, 41.6209077 ], [ -83.5759535, 41.6203072 ], [ -83.5766431, 41.6195799 ], [ -83.5773205, 41.6188652 ], [ -83.5779941, 41.6181546 ], [ -83.5786679, 41.6174439 ], [ -83.5793343, 41.616741 ], [ -83.5800573, 41.6161649 ], [ -83.58081, 41.6157582 ], [ -83.5814781, 41.6153972 ], [ -83.5820776, 41.6150733 ], [ -83.5826394, 41.6147696 ], [ -83.5831971, 41.6144683 ], [ -83.5837548, 41.6141669 ], [ -83.5843086, 41.6138676 ], [ -83.5848442, 41.6135782 ], [ -83.5853533, 41.613303 ], [ -83.5858314, 41.6130447 ], [ -83.5862948, 41.6127943 ], [ -83.5867348, 41.6125565 ], [ -83.5871463, 41.6123341 ], [ -83.5874143, 41.6120493 ], [ -83.5876007, 41.61177 ], [ -83.5877696, 41.6115169 ], [ -83.5879181, 41.6112944 ], [ -83.5880525, 41.6110931 ], [ -83.5881769, 41.6109067 ], [ -83.5882918, 41.6107345 ], [ -83.5883921, 41.6105841 ], [ -83.5884883, 41.6104401 ], [ -83.5885757, 41.6103091 ], [ -83.5886679, 41.6101708 ], [ -83.5887614, 41.6100308 ], [ -83.5888619, 41.6098801 ], [ -83.5889765, 41.6097084 ], [ -83.5891021, 41.6095203 ], [ -83.5892419, 41.6093109 ], [ -83.5894031, 41.6090692 ], [ -83.58959, 41.6087892 ], [ -83.5898137, 41.6084539 ], [ -83.5900875, 41.6080435 ], [ -83.5904124, 41.6075568 ], [ -83.5907835, 41.6070008 ], [ -83.5912095, 41.6063622 ], [ -83.591704, 41.6056213 ], [ -83.5922791, 41.6047594 ], [ -83.5928112, 41.6038549 ], [ -83.5932019, 41.6029634 ], [ -83.5935774, 41.6021067 ], [ -83.5939513, 41.6012538 ], [ -83.5943337, 41.6003812 ], [ -83.5947248, 41.5994889 ], [ -83.5951159, 41.5985964 ], [ -83.5955003, 41.5977192 ], [ -83.5959332, 41.5968639 ], [ -83.5966742, 41.5961566 ], [ -83.5974059, 41.595458 ], [ -83.5981143, 41.5947816 ], [ -83.5988268, 41.5941014 ], [ -83.5995771, 41.593385 ], [ -83.6004024, 41.5925971 ], [ -83.6012832, 41.5917561 ], [ -83.6020794, 41.5909958 ], [ -83.6028044, 41.5903036 ], [ -83.6034905, 41.5896485 ], [ -83.6041666, 41.5890029 ], [ -83.6048379, 41.5883579 ], [ -83.6053713, 41.5876522 ], [ -83.605878, 41.5869665 ], [ -83.6063715, 41.586299 ], [ -83.6068514, 41.5856496 ], [ -83.6073195, 41.5850163 ], [ -83.607772, 41.584404 ], [ -83.6082167, 41.5838023 ], [ -83.608654, 41.5832106 ], [ -83.6090951, 41.5826138 ], [ -83.6095276, 41.5820285 ], [ -83.609951, 41.5814556 ], [ -83.6103632, 41.5808979 ], [ -83.6108759, 41.5804282 ], [ -83.611566, 41.5800361 ], [ -83.6123094, 41.5796138 ], [ -83.6131333, 41.5791457 ], [ -83.6140703, 41.5786133 ], [ -83.6151471, 41.5780014 ], [ -83.6163881, 41.5772976 ], [ -83.6179484, 41.5766395 ], [ -83.6195288, 41.5759817 ], [ -83.620974, 41.5753801 ], [ -83.6222576, 41.5748457 ], [ -83.6233986, 41.5743707 ], [ -83.6244268, 41.5739426 ], [ -83.6253666, 41.5735514 ], [ -83.6262436, 41.5731863 ], [ -83.6270709, 41.5728419 ], [ -83.627931, 41.5726059 ], [ -83.6289417, 41.5725758 ], [ -83.6300818, 41.5725419 ], [ -83.6313748, 41.5725034 ], [ -83.6328578, 41.5724593 ], [ -83.6346028, 41.5724074 ], [ -83.6366869, 41.5723454 ], [ -83.6384709, 41.5712928 ], [ -83.6400732, 41.5698459 ], [ -83.6414761, 41.5685791 ], [ -83.6426813, 41.5674908 ], [ -83.6437113, 41.5665605 ], [ -83.6445993, 41.5657587 ], [ -83.6453674, 41.5650664 ], [ -83.6462114, 41.5645489 ], [ -83.6470371, 41.5640665 ], [ -83.647858, 41.5635869 ], [ -83.64866, 41.5631183 ], [ -83.6494777, 41.5626406 ], [ -83.6503102, 41.5621541 ], [ -83.6511563, 41.5616598 ], [ -83.6520146, 41.5611583 ], [ -83.652898, 41.5606421 ], [ -83.6537757, 41.5601294 ], [ -83.6546547, 41.5596158 ], [ -83.6555191, 41.5591107 ], [ -83.6563448, 41.5586813 ], [ -83.6573129, 41.5584918 ], [ -83.6583341, 41.558292 ], [ -83.6593297, 41.5580971 ], [ -83.6603187, 41.5579035 ], [ -83.6613494, 41.5577018 ], [ -83.6624729, 41.5574819 ], [ -83.6636438, 41.5572527 ], [ -83.6648132, 41.5570239 ], [ -83.6659764, 41.5568816 ], [ -83.6669456, 41.5567766 ], [ -83.6677503, 41.5566895 ], [ -83.6684134, 41.5566177 ], [ -83.6689649, 41.556558 ], [ -83.669422, 41.5565085 ], [ -83.6698182, 41.5564656 ], [ -83.670154, 41.5564292 ], [ -83.6704467, 41.5563975 ], [ -83.6707112, 41.5563689 ], [ -83.670961, 41.5563418 ], [ -83.6712113, 41.5563147 ], [ -83.671441, 41.5562898 ], [ -83.6716582, 41.5562663 ], [ -83.6718673, 41.5562437 ], [ -83.6720705, 41.5562217 ], [ -83.6722749, 41.5561995 ], [ -83.6724801, 41.5561773 ], [ -83.672674, 41.5561563 ], [ -83.67286, 41.5561362 ], [ -83.6730673, 41.5561138 ], [ -83.6732772, 41.556091 ], [ -83.6735057, 41.5560663 ], [ -83.6737537, 41.5560394 ], [ -83.6740137, 41.5560113 ], [ -83.6742844, 41.5559819 ], [ -83.6745796, 41.55595 ], [ -83.6749048, 41.5559147 ], [ -83.6752546, 41.5558769 ], [ -83.6756218, 41.5558364 ], [ -83.6759637, 41.5556923 ], [ -83.6762935, 41.5555408 ], [ -83.6766248, 41.5553886 ], [ -83.6769632, 41.5552331 ], [ -83.6773151, 41.5550714 ], [ -83.6776694, 41.5549086 ], [ -83.6780308, 41.5547426 ], [ -83.6783992, 41.5545734 ], [ -83.6787849, 41.5543962 ], [ -83.6792011, 41.5542049 ], [ -83.6796414, 41.5540026 ], [ -83.6801111, 41.5537868 ], [ -83.6806147, 41.5535555 ], [ -83.6811438, 41.5533123 ], [ -83.6816812, 41.5530553 ], [ -83.6822179, 41.5527805 ], [ -83.6827731, 41.5524963 ], [ -83.6833337, 41.5522093 ], [ -83.6839032, 41.5519177 ], [ -83.6844522, 41.5516366 ], [ -83.6849671, 41.5513731 ], [ -83.6854654, 41.5511178 ], [ -83.6859638, 41.5508626 ], [ -83.6864646, 41.5506063 ], [ -83.6869572, 41.5503541 ], [ -83.6874471, 41.5501033 ], [ -83.6879319, 41.5498551 ], [ -83.6884196, 41.5496054 ], [ -83.6889018, 41.5493585 ], [ -83.6893839, 41.5491116 ], [ -83.6898486, 41.5488509 ], [ -83.6902331, 41.5485606 ], [ -83.6905518, 41.5483198 ], [ -83.6908184, 41.5481185 ], [ -83.6910534, 41.5479409 ], [ -83.6912512, 41.5477916 ], [ -83.6914217, 41.5476628 ], [ -83.6915697, 41.5475511 ], [ -83.6917057, 41.5474484 ], [ -83.6918656, 41.5473276 ], [ -83.6920487, 41.5471894 ], [ -83.6922448, 41.5470412 ], [ -83.6924544, 41.5468828 ], [ -83.6926778, 41.5467141 ], [ -83.6929139, 41.5465358 ], [ -83.6931642, 41.5463467 ], [ -83.6934234, 41.546151 ], [ -83.6936991, 41.5459428 ], [ -83.6939907, 41.5457226 ], [ -83.69429, 41.5454965 ], [ -83.6945981, 41.5452638 ], [ -83.69492, 41.5450206 ], [ -83.6952674, 41.5447582 ], [ -83.6956541, 41.5444662 ], [ -83.6960832, 41.5441411 ], [ -83.6965617, 41.5437677 ], [ -83.6970894, 41.5433557 ], [ -83.6976841, 41.5428913 ], [ -83.6983638, 41.5423608 ], [ -83.6991274, 41.5417646 ], [ -83.6998363, 41.5412111 ], [ -83.7004758, 41.5407117 ], [ -83.7010772, 41.5402422 ], [ -83.7016558, 41.5397963 ], [ -83.7023249, 41.5394225 ], [ -83.7029902, 41.5390591 ], [ -83.7036181, 41.5387161 ], [ -83.7042035, 41.5383964 ], [ -83.7047534, 41.538096 ], [ -83.705281, 41.5378078 ], [ -83.7057957, 41.5375267 ], [ -83.7062976, 41.5372526 ], [ -83.7067877, 41.5369849 ], [ -83.7072801, 41.5367158 ], [ -83.7077747, 41.5364457 ], [ -83.7082831, 41.536168 ], [ -83.7087894, 41.5358915 ], [ -83.7093028, 41.5356111 ], [ -83.709818, 41.5353296 ], [ -83.7103294, 41.5350492 ], [ -83.7106341, 41.5346602 ], [ -83.7108661, 41.5342895 ], [ -83.7110715, 41.5339613 ], [ -83.7112563, 41.5336661 ], [ -83.7114247, 41.5333969 ], [ -83.7115719, 41.5331618 ], [ -83.7117077, 41.5329449 ], [ -83.7118358, 41.5327402 ], [ -83.7119584, 41.5325441 ], [ -83.7120747, 41.5323583 ], [ -83.7121775, 41.5321942 ], [ -83.7122817, 41.5320276 ], [ -83.7123827, 41.5318661 ], [ -83.7124906, 41.5316938 ], [ -83.7125929, 41.5315302 ], [ -83.7126996, 41.5313599 ], [ -83.7128173, 41.5311719 ], [ -83.712949, 41.5309614 ], [ -83.7131007, 41.530719 ], [ -83.7132784, 41.530435 ], [ -83.7134662, 41.5301349 ], [ -83.7136211, 41.5298874 ], [ -83.7137483, 41.5296842 ], [ -83.7138537, 41.5295157 ], [ -83.7139381, 41.5293808 ], [ -83.7140302, 41.5292337 ], [ -83.7141372, 41.5290627 ], [ -83.7142662, 41.5288567 ], [ -83.7144176, 41.5286146 ], [ -83.7145925, 41.5283351 ], [ -83.7147959, 41.5280102 ], [ -83.7150252, 41.5276436 ], [ -83.7152741, 41.5272177 ], [ -83.7148071, 41.5269198 ], [ -83.7143259, 41.5266579 ], [ -83.713878, 41.5264141 ], [ -83.7134534, 41.526183 ], [ -83.7130729, 41.5259758 ], [ -83.7127295, 41.5257889 ], [ -83.7124296, 41.5256257 ], [ -83.7121385, 41.5254672 ], [ -83.7118532, 41.5253119 ], [ -83.711581, 41.5251637 ], [ -83.7113005, 41.5250111 ], [ -83.7109945, 41.5248445 ], [ -83.7106495, 41.5246567 ], [ -83.7102573, 41.5244432 ], [ -83.7099036, 41.5242506 ], [ -83.7096144, 41.5240932 ], [ -83.7093648, 41.5239574 ], [ -83.7091607, 41.5238462 ], [ -83.7089927, 41.5237548 ], [ -83.7088217, 41.5236617 ], [ -83.7086442, 41.5235651 ], [ -83.7084361, 41.5234518 ], [ -83.7081751, 41.5233097 ], [ -83.7078671, 41.5231421 ], [ -83.7074853, 41.5229343 ], [ -83.7070281, 41.5226853 ], [ -83.7065014, 41.5223986 ], [ -83.7058773, 41.522059 ], [ -83.7051262, 41.5216501 ], [ -83.7042207, 41.5211646 ], [ -83.7034486, 41.5219042 ], [ -83.7026996, 41.522714 ], [ -83.7019549, 41.5235192 ], [ -83.7012121, 41.5243224 ], [ -83.7004785, 41.5251155 ], [ -83.6997487, 41.5259047 ], [ -83.6990164, 41.5266965 ], [ -83.6982552, 41.5275194 ], [ -83.6974849, 41.5283522 ], [ -83.6967099, 41.5292023 ], [ -83.6961412, 41.5301329 ], [ -83.6955645, 41.5310766 ], [ -83.6950038, 41.5319941 ], [ -83.6944863, 41.5328406 ], [ -83.6940101, 41.5336199 ], [ -83.6935633, 41.5343509 ], [ -83.6931366, 41.5350491 ], [ -83.6927297, 41.5357149 ], [ -83.6923622, 41.5363163 ], [ -83.6918489, 41.5366852 ], [ -83.6909758, 41.5367393 ], [ -83.6899561, 41.5368024 ], [ -83.6888837, 41.5368688 ], [ -83.6879616, 41.5369258 ], [ -83.6871929, 41.5369734 ], [ -83.6865353, 41.5370142 ], [ -83.6859645, 41.5370495 ], [ -83.6854901, 41.5370788 ], [ -83.6850962, 41.5371033 ], [ -83.6847661, 41.5371236 ], [ -83.6844803, 41.5371414 ], [ -83.6842342, 41.5371566 ], [ -83.684023, 41.5371697 ], [ -83.683815, 41.5371826 ], [ -83.6836066, 41.5371955 ], [ -83.6833955, 41.5372085 ], [ -83.6831626, 41.5372229 ], [ -83.6829295, 41.5372374 ], [ -83.682713, 41.5372507 ], [ -83.6824981, 41.5372641 ], [ -83.6822981, 41.5372764 ], [ -83.6820966, 41.5372889 ], [ -83.68189, 41.5373017 ], [ -83.6816785, 41.5373148 ], [ -83.681437, 41.5373298 ], [ -83.6811643, 41.5373466 ], [ -83.6808705, 41.5373699 ], [ -83.6806, 41.537534 ], [ -83.6802823, 41.5377613 ], [ -83.6798976, 41.5380366 ], [ -83.6794313, 41.5383702 ], [ -83.6788635, 41.5387764 ], [ -83.6781842, 41.5392623 ], [ -83.6774401, 41.5397948 ], [ -83.6766253, 41.5403776 ], [ -83.6756999, 41.5410397 ], [ -83.6747962, 41.5416862 ], [ -83.6740111, 41.5422478 ], [ -83.6731685, 41.5426227 ], [ -83.6723847, 41.5429563 ], [ -83.6716615, 41.5432641 ], [ -83.6709854, 41.5435518 ], [ -83.6703443, 41.5438247 ], [ -83.6697346, 41.5440842 ], [ -83.6691256, 41.5443433 ], [ -83.6684974, 41.5446107 ], [ -83.6678466, 41.5448877 ], [ -83.6671374, 41.5451965 ], [ -83.6663559, 41.5455472 ], [ -83.6654925, 41.5459348 ], [ -83.6647404, 41.5462724 ], [ -83.6641268, 41.5465478 ], [ -83.6636166, 41.5467767 ], [ -83.6632047, 41.5469617 ], [ -83.6628627, 41.5471151 ], [ -83.662579, 41.5472425 ], [ -83.6623398, 41.5473498 ], [ -83.6621238, 41.5474467 ], [ -83.66193, 41.5475337 ], [ -83.6617515, 41.5476138 ], [ -83.6615662, 41.547697 ], [ -83.6613483, 41.5477952 ], [ -83.6611063, 41.5479061 ], [ -83.6608543, 41.5480215 ], [ -83.660587, 41.548144 ], [ -83.6602881, 41.5482809 ], [ -83.6599698, 41.5484267 ], [ -83.6596109, 41.5485912 ], [ -83.6592124, 41.5487737 ], [ -83.6587608, 41.5489806 ], [ -83.658246, 41.5492164 ], [ -83.6576592, 41.5494853 ], [ -83.6569767, 41.5497979 ], [ -83.656181, 41.5501625 ], [ -83.6552602, 41.5505843 ], [ -83.6541995, 41.5510702 ], [ -83.6530202, 41.551453 ], [ -83.6518329, 41.5518337 ], [ -83.6506882, 41.5522008 ], [ -83.6495574, 41.5525634 ], [ -83.6483893, 41.552938 ], [ -83.6471748, 41.5533275 ], [ -83.6458896, 41.5537396 ], [ -83.6445091, 41.5541823 ], [ -83.6430848, 41.5547476 ], [ -83.6417225, 41.5554553 ], [ -83.6404643, 41.5561089 ], [ -83.6393725, 41.556676 ], [ -83.638412, 41.557175 ], [ -83.6375578, 41.5576187 ], [ -83.6367675, 41.5579919 ], [ -83.6360278, 41.5583108 ], [ -83.6353325, 41.5586106 ], [ -83.6346707, 41.5588958 ], [ -83.6340307, 41.5591718 ], [ -83.6333899, 41.559448 ], [ -83.6327516, 41.5597233 ], [ -83.632118, 41.5599964 ], [ -83.6314557, 41.5602819 ], [ -83.6308127, 41.5606114 ], [ -83.6301705, 41.560971 ], [ -83.6295344, 41.5613273 ], [ -83.6289107, 41.5616766 ], [ -83.6282803, 41.5620297 ], [ -83.6276221, 41.5623983 ], [ -83.6269331, 41.5627842 ], [ -83.6262072, 41.5631907 ], [ -83.625425, 41.5636288 ], [ -83.6245701, 41.5641075 ], [ -83.6236145, 41.5646427 ], [ -83.6225749, 41.5652249 ], [ -83.62139, 41.5657263 ], [ -83.6202233, 41.5661262 ], [ -83.6191522, 41.5664934 ], [ -83.6181672, 41.566831 ], [ -83.6172607, 41.5671418 ], [ -83.6164196, 41.5674302 ], [ -83.6156535, 41.5676945 ], [ -83.6149623, 41.5679689 ], [ -83.6142962, 41.5682362 ], [ -83.6136355, 41.5685014 ], [ -83.6129894, 41.5687607 ], [ -83.6123527, 41.5690161 ], [ -83.6117298, 41.569266 ], [ -83.611089, 41.5695232 ], [ -83.6104243, 41.5697899 ], [ -83.6097648, 41.5700545 ], [ -83.6090814, 41.5703287 ], [ -83.6084399, 41.5705877 ], [ -83.6081132, 41.5710443 ], [ -83.6078253, 41.5715875 ], [ -83.6075359, 41.5721338 ], [ -83.6072608, 41.5726528 ], [ -83.6070006, 41.5731439 ], [ -83.6067453, 41.5736256 ], [ -83.6064833, 41.57412 ], [ -83.6062143, 41.5746277 ], [ -83.6059564, 41.5751143 ], [ -83.6056991, 41.5755998 ], [ -83.6054289, 41.5761098 ], [ -83.6051367, 41.5766611 ], [ -83.6048241, 41.5772508 ], [ -83.6044981, 41.5778658 ], [ -83.6041853, 41.5784562 ], [ -83.6038886, 41.579016 ], [ -83.6035688, 41.5795293 ], [ -83.6030282, 41.5799266 ], [ -83.6024651, 41.5803374 ], [ -83.6018694, 41.5807719 ], [ -83.601222, 41.5812441 ], [ -83.6005413, 41.5817407 ], [ -83.5998303, 41.5822592 ], [ -83.5990888, 41.5828001 ], [ -83.5983308, 41.5833529 ], [ -83.597559, 41.5838636 ], [ -83.5967425, 41.5843181 ], [ -83.5959504, 41.5847589 ], [ -83.595181, 41.5851872 ], [ -83.5944135, 41.5856144 ], [ -83.5936162, 41.5860581 ], [ -83.5928061, 41.586509 ], [ -83.5919895, 41.5869634 ], [ -83.5911468, 41.5874324 ], [ -83.590258, 41.5879271 ], [ -83.5893208, 41.5884488 ], [ -83.5883149, 41.5890086 ], [ -83.5872423, 41.5896056 ], [ -83.5861266, 41.5901383 ], [ -83.5849314, 41.5906544 ], [ -83.5836324, 41.5912153 ], [ -83.5822339, 41.5918192 ], [ -83.5809635, 41.5923678 ], [ -83.579847, 41.5928499 ], [ -83.5788637, 41.5932745 ], [ -83.577984, 41.5936544 ], [ -83.5771964, 41.5939945 ], [ -83.5765626, 41.5943812 ], [ -83.5760339, 41.5948637 ], [ -83.5754934, 41.5953569 ], [ -83.5749539, 41.5958494 ], [ -83.5744067, 41.5963488 ], [ -83.5738301, 41.5968751 ], [ -83.5731859, 41.5974629 ], [ -83.5724729, 41.5981136 ], [ -83.5717167, 41.5988038 ], [ -83.5708363, 41.5991875 ], [ -83.5697535, 41.5992341 ], [ -83.5686379, 41.5992822 ], [ -83.5675131, 41.5993307 ], [ -83.5663737, 41.5993798 ], [ -83.5652923, 41.5994264 ], [ -83.5643511, 41.5994669 ], [ -83.5635361, 41.599502 ], [ -83.5628239, 41.5995327 ], [ -83.5621997, 41.5995596 ], [ -83.5616526, 41.5995832 ], [ -83.5611859, 41.5995888 ], [ -83.5608008, 41.5995425 ], [ -83.5604708, 41.5995019 ], [ -83.560207, 41.5994694 ], [ -83.5599973, 41.5994436 ], [ -83.5598056, 41.59942 ], [ -83.5595843, 41.5993927 ], [ -83.5593697, 41.5993664 ], [ -83.5591497, 41.5993393 ], [ -83.5588903, 41.5993073 ], [ -83.5585747, 41.5992685 ], [ -83.5581752, 41.5992193 ], [ -83.5577028, 41.5991612 ], [ -83.5571375, 41.5990916 ], [ -83.5565048, 41.5990136 ], [ -83.5557678, 41.5989229 ], [ -83.5551375, 41.5992567 ], [ -83.5545918, 41.5997152 ], [ -83.5540339, 41.6001838 ], [ -83.5534434, 41.6006799 ], [ -83.552837, 41.6011894 ], [ -83.552243, 41.6016883 ], [ -83.5516492, 41.6021872 ], [ -83.5510417, 41.6026975 ], [ -83.5504238, 41.6032166 ], [ -83.5497943, 41.6037454 ], [ -83.5491675, 41.604272 ], [ -83.5484755, 41.6047523 ], [ -83.5476562, 41.6051609 ], [ -83.5467972, 41.6055893 ], [ -83.5458718, 41.6060509 ], [ -83.5448659, 41.6065525 ], [ -83.5437364, 41.607116 ], [ -83.5423884, 41.6076661 ], [ -83.5405182, 41.6077425 ], [ -83.5382379, 41.6078357 ], [ -83.5354507, 41.6079497 ], [ -83.5325159, 41.607399 ], [ -83.5305324, 41.6049789 ], [ -83.5287137, 41.6027601 ], [ -83.5270599, 41.6007423 ], [ -83.5254919, 41.5988483 ], [ -83.5228889, 41.5991384 ], [ -83.5207118, 41.599417 ], [ -83.5188946, 41.5996487 ], [ -83.5174074, 41.5991589 ], [ -83.5159897, 41.5986593 ], [ -83.5145666, 41.5981577 ], [ -83.5130736, 41.5976316 ], [ -83.5114407, 41.5970562 ], [ -83.5103379, 41.5961133 ], [ -83.5103435, 41.5948573 ], [ -83.5103481, 41.5937999 ], [ -83.5103521, 41.5929016 ], [ -83.5103556, 41.5921256 ], [ -83.5103586, 41.5914521 ], [ -83.5103612, 41.590867 ], [ -83.5103634, 41.5903497 ], [ -83.5103655, 41.5898928 ], [ -83.5103672, 41.5895 ], [ -83.5103687, 41.5891731 ], [ -83.5103699, 41.5889043 ], [ -83.5103709, 41.5886825 ], [ -83.5103717, 41.5884967 ], [ -83.5103724, 41.5883324 ], [ -83.510373, 41.5881894 ], [ -83.5103737, 41.5880264 ], [ -83.5103746, 41.5878272 ], [ -83.5103757, 41.5875962 ], [ -83.5103768, 41.5873422 ], [ -83.510378, 41.5870586 ], [ -83.5103795, 41.5867321 ], [ -83.5103812, 41.5863561 ], [ -83.5103831, 41.585921 ], [ -83.5103724, 41.5854081 ], [ -83.5101791, 41.5848035 ], [ -83.5099427, 41.5840641 ], [ -83.5096548, 41.5831636 ], [ -83.5093037, 41.5820653 ], [ -83.5088748, 41.5807239 ], [ -83.5083845, 41.57919 ], [ -83.5077874, 41.5779052 ], [ -83.5061642, 41.5782256 ], [ -83.504804, 41.5784941 ], [ -83.5036583, 41.5787202 ], [ -83.5026846, 41.5789123 ], [ -83.5018459, 41.5790779 ], [ -83.5011175, 41.5792216 ], [ -83.5004557, 41.5793523 ], [ -83.4998368, 41.5794744 ], [ -83.4992448, 41.5795912 ], [ -83.4987014, 41.5796985 ], [ -83.4982096, 41.5797955 ], [ -83.4977644, 41.5798834 ], [ -83.4973594, 41.5799634 ], [ -83.4970061, 41.5799218 ], [ -83.4967353, 41.5797954 ], [ -83.4965216, 41.5796956 ], [ -83.4963474, 41.5796143 ], [ -83.4961539, 41.5795239 ], [ -83.4959335, 41.5794211 ], [ -83.4956611, 41.5792939 ], [ -83.4953245, 41.5791367 ], [ -83.4949222, 41.5789489 ], [ -83.4944358, 41.5787218 ], [ -83.4938423, 41.5784447 ], [ -83.493124, 41.5781093 ], [ -83.4922473, 41.5777 ], [ -83.4911837, 41.5772034 ], [ -83.4898937, 41.5766011 ], [ -83.488564, 41.5759802 ], [ -83.4874733, 41.575471 ], [ -83.4865765, 41.5750523 ], [ -83.485844, 41.5747087 ], [ -83.4854618, 41.5742425 ], [ -83.4851295, 41.5738284 ], [ -83.4848274, 41.5734521 ], [ -83.4845358, 41.5730888 ], [ -83.484238, 41.5727177 ], [ -83.4839158, 41.5723164 ], [ -83.4835508, 41.5718615 ], [ -83.4831279, 41.5713348 ], [ -83.4826282, 41.5707121 ], [ -83.4820265, 41.5699624 ], [ -83.4813021, 41.5690599 ], [ -83.4804273, 41.5679699 ], [ -83.4788457, 41.5683212 ], [ -83.4772087, 41.5689802 ], [ -83.4756423, 41.5696109 ], [ -83.4741427, 41.5702146 ], [ -83.4728194, 41.5698746 ], [ -83.4717697, 41.5692784 ], [ -83.4708958, 41.5687821 ], [ -83.4701595, 41.5683639 ], [ -83.4695484, 41.5680168 ], [ -83.4690346, 41.5677249 ], [ -83.4686019, 41.5674792 ], [ -83.4682358, 41.5672713 ], [ -83.4679309, 41.5670981 ], [ -83.46768, 41.5669556 ], [ -83.4674656, 41.5668339 ], [ -83.4672946, 41.5667367 ], [ -83.4671381, 41.5666478 ], [ -83.4669477, 41.5665397 ], [ -83.4667232, 41.5664122 ], [ -83.4664551, 41.5662599 ], [ -83.4661349, 41.5660779 ], [ -83.4657434, 41.5658532 ], [ -83.4653793, 41.5654998 ], [ -83.4649512, 41.5650604 ], [ -83.4644342, 41.5645295 ], [ -83.4638016, 41.5638801 ], [ -83.4630315, 41.5630895 ], [ -83.462094, 41.5621269 ], [ -83.4609506, 41.5609529 ], [ -83.459212, 41.5599779 ], [ -83.4574031, 41.559331 ], [ -83.4558208, 41.5587652 ], [ -83.4543966, 41.5582559 ], [ -83.4531458, 41.5577344 ], [ -83.4522811, 41.5570834 ], [ -83.4515689, 41.5565472 ], [ -83.4509805, 41.5561041 ], [ -83.4504894, 41.5557344 ], [ -83.4500719, 41.5554201 ], [ -83.4497163, 41.5551522 ], [ -83.449407, 41.5549194 ], [ -83.4491331, 41.5547132 ], [ -83.4489022, 41.5545394 ], [ -83.448703, 41.5543894 ], [ -83.4485245, 41.5542549 ], [ -83.4483745, 41.5541421 ], [ -83.4482283, 41.554032 ], [ -83.4480649, 41.5539089 ], [ -83.4478694, 41.5537617 ], [ -83.4476273, 41.5535794 ], [ -83.4473175, 41.5533731 ], [ -83.4469384, 41.5531436 ], [ -83.4464785, 41.5528654 ], [ -83.4459151, 41.5525243 ], [ -83.4452353, 41.5521128 ], [ -83.4445532, 41.5517 ], [ -83.4439869, 41.5513573 ], [ -83.4435242, 41.5510772 ], [ -83.4431426, 41.5508462 ], [ -83.4428275, 41.5506555 ], [ -83.4425746, 41.5505025 ], [ -83.4423664, 41.5503764 ], [ -83.4421938, 41.5502719 ], [ -83.4420216, 41.5501677 ], [ -83.4418167, 41.5500437 ], [ -83.4415743, 41.549897 ], [ -83.4412779, 41.5497175 ], [ -83.4409261, 41.5495046 ], [ -83.4405225, 41.5492604 ], [ -83.4400608, 41.5489808 ], [ -83.4395245, 41.5486562 ], [ -83.4388923, 41.5482735 ], [ -83.4380196, 41.5480067 ], [ -83.4369326, 41.5478547 ], [ -83.4356714, 41.5476783 ], [ -83.4342352, 41.5474774 ], [ -83.4325884, 41.547247 ], [ -83.4307141, 41.5469849 ], [ -83.4285878, 41.5466875 ], [ -83.4261488, 41.5462753 ], [ -83.4235636, 41.5451136 ], [ -83.4205955, 41.5437799 ], [ -83.4179132, 41.5419432 ], [ -83.4149976, 41.5398699 ], [ -83.4117902, 41.53926 ], [ -83.4087253, 41.5398885 ], [ -83.406209, 41.5403735 ], [ -83.4041457, 41.5398351 ], [ -83.4023526, 41.5393673 ], [ -83.400833, 41.5389708 ], [ -83.3995761, 41.5386429 ], [ -83.3985364, 41.5383716 ], [ -83.397676, 41.5381472 ], [ -83.3969596, 41.5379602 ], [ -83.3963758, 41.537808 ], [ -83.3958702, 41.5377823 ], [ -83.3954554, 41.5377636 ], [ -83.3951113, 41.5377481 ], [ -83.394826, 41.5377353 ], [ -83.3945894, 41.5377247 ], [ -83.3943787, 41.5377152 ], [ -83.3941349, 41.5377042 ], [ -83.3938434, 41.5376911 ], [ -83.3934918, 41.5376753 ], [ -83.3930676, 41.5376562 ], [ -83.3925541, 41.5376331 ], [ -83.3919213, 41.5376047 ], [ -83.391138, 41.5375694 ], [ -83.3901884, 41.5375267 ], [ -83.3891464, 41.5377554 ], [ -83.3880589, 41.5383746 ], [ -83.3867891, 41.5390976 ], [ -83.3854756, 41.5398455 ], [ -83.3842006, 41.5405715 ], [ -83.3829074, 41.5413078 ], [ -83.381395, 41.5419201 ], [ -83.3797404, 41.5425681 ], [ -83.3779351, 41.5432751 ], [ -83.3761461, 41.5439757 ], [ -83.3744051, 41.5446575 ], [ -83.3727782, 41.5452679 ], [ -83.3715963, 41.5444845 ], [ -83.3706286, 41.5438314 ], [ -83.369828, 41.5432911 ], [ -83.3691592, 41.5428398 ], [ -83.3686009, 41.542463 ], [ -83.3681377, 41.5421505 ], [ -83.3677556, 41.5418925 ], [ -83.3674413, 41.5416804 ], [ -83.3671811, 41.5415049 ], [ -83.3669625, 41.5413573 ], [ -83.3667797, 41.541234 ], [ -83.366623, 41.5411282 ], [ -83.3664487, 41.5410106 ], [ -83.3662406, 41.5408701 ], [ -83.3659846, 41.5406974 ], [ -83.3656733, 41.5404873 ], [ -83.3652974, 41.5402336 ], [ -83.3648372, 41.539923 ], [ -83.3642482, 41.5395747 ], [ -83.3634721, 41.539214 ], [ -83.3625226, 41.5387726 ], [ -83.3613692, 41.5382364 ], [ -83.3599737, 41.5375877 ], [ -83.3582802, 41.5368004 ], [ -83.3562247, 41.5358449 ], [ -83.3539427, 41.5347246 ], [ -83.3533647, 41.5330014 ], [ -83.3528929, 41.5315774 ], [ -83.3525005, 41.5303929 ], [ -83.3521728, 41.5294038 ], [ -83.3518965, 41.52857 ], [ -83.3516604, 41.5278572 ], [ -83.3514581, 41.5272464 ], [ -83.3512843, 41.5267219 ], [ -83.3511363, 41.5262751 ], [ -83.3510091, 41.5258913 ], [ -83.3508988, 41.5255582 ], [ -83.3508068, 41.5252806 ], [ -83.3507256, 41.5250353 ], [ -83.3506545, 41.5248211 ], [ -83.3505957, 41.5246432 ], [ -83.3505431, 41.5244845 ], [ -83.350496, 41.5243422 ], [ -83.3504431, 41.5241826 ], [ -83.3503801, 41.5239926 ], [ -83.3503061, 41.5237696 ], [ -83.3502184, 41.5235065 ], [ -83.3501122, 41.5231882 ], [ -83.3499836, 41.5228026 ], [ -83.3498266, 41.5223322 ], [ -83.3496345, 41.5217562 ], [ -83.3494007, 41.5210549 ], [ -83.3491161, 41.5202018 ], [ -83.3487688, 41.5191607 ], [ -83.3483442, 41.5178876 ], [ -83.3480442, 41.5163312 ], [ -83.3486434, 41.5144568 ], [ -83.3493579, 41.5122216 ], [ -83.3500418, 41.510082 ], [ -83.3516483, 41.5085738 ], [ -83.3532586, 41.5071944 ], [ -83.354651, 41.5060018 ], [ -83.3558047, 41.5049943 ], [ -83.3561414, 41.503928 ], [ -83.3563999, 41.5030501 ], [ -83.356611, 41.5023334 ], [ -83.3567847, 41.5017435 ], [ -83.3569276, 41.5012583 ], [ -83.3570439, 41.5008636 ], [ -83.3571389, 41.5005408 ], [ -83.3572198, 41.5002663 ], [ -83.357285, 41.5000449 ], [ -83.3573384, 41.4998635 ], [ -83.3573865, 41.4997002 ], [ -83.3574327, 41.4995434 ], [ -83.3574866, 41.4993604 ], [ -83.3575537, 41.4991325 ], [ -83.3576371, 41.4988491 ], [ -83.3577366, 41.4985113 ], [ -83.3578595, 41.4980941 ], [ -83.3580097, 41.4975842 ], [ -83.3580085, 41.4969585 ], [ -83.357972, 41.4961965 ], [ -83.3579275, 41.4952676 ], [ -83.3578736, 41.4941414 ], [ -83.3578178, 41.4929766 ], [ -83.3577703, 41.4919858 ], [ -83.357513, 41.4911937 ], [ -83.3569551, 41.4906378 ], [ -83.3564946, 41.4901788 ], [ -83.3561134, 41.4897989 ], [ -83.3557951, 41.4894816 ], [ -83.3555235, 41.4892109 ], [ -83.3552992, 41.4889874 ], [ -83.355115, 41.4888038 ], [ -83.3549646, 41.4886539 ], [ -83.3548305, 41.4885203 ], [ -83.3547039, 41.488394 ], [ -83.3545736, 41.4882642 ], [ -83.3544537, 41.4881447 ], [ -83.3543187, 41.4880101 ], [ -83.3541562, 41.4878482 ], [ -83.3539549, 41.4876475 ], [ -83.3537033, 41.4873968 ], [ -83.3534036, 41.4870981 ], [ -83.353037, 41.4867326 ], [ -83.352593, 41.4862901 ], [ -83.3520511, 41.4857501 ], [ -83.3513907, 41.4850918 ], [ -83.3503235, 41.4845967 ], [ -83.3491578, 41.4843282 ], [ -83.3481949, 41.4841063 ], [ -83.3473866, 41.4839199 ], [ -83.346711, 41.4837642 ], [ -83.3461723, 41.4835906 ], [ -83.3457808, 41.4833733 ], [ -83.3454535, 41.4831915 ], [ -83.3451901, 41.4830454 ], [ -83.3449703, 41.4829233 ], [ -83.3447866, 41.4828214 ], [ -83.3446144, 41.4827258 ], [ -83.3444174, 41.4826164 ], [ -83.3441788, 41.4824839 ], [ -83.3438816, 41.482319 ], [ -83.3435277, 41.4821225 ], [ -83.3430955, 41.4818825 ], [ -83.3425648, 41.4815879 ], [ -83.34192, 41.4812299 ], [ -83.3411367, 41.480795 ], [ -83.340182, 41.480265 ], [ -83.3390184, 41.479619 ], [ -83.337851, 41.4786427 ], [ -83.336645, 41.4773585 ], [ -83.3353169, 41.4759443 ], [ -83.3341301, 41.4746805 ], [ -83.3331539, 41.473641 ], [ -83.3323503, 41.4727853 ], [ -83.3317058, 41.4720673 ], [ -83.3312088, 41.4714484 ], [ -83.3307945, 41.4709324 ], [ -83.3304453, 41.4704975 ], [ -83.3301446, 41.470123 ], [ -83.3298785, 41.4697915 ], [ -83.3296312, 41.4694835 ], [ -83.3294028, 41.4691992 ], [ -83.3292083, 41.468957 ], [ -83.3290439, 41.4687521 ], [ -83.3289071, 41.4685818 ], [ -83.3287935, 41.4684403 ], [ -83.328696, 41.4683189 ], [ -83.3285891, 41.4681858 ], [ -83.3284679, 41.4680347 ], [ -83.3283218, 41.4678528 ], [ -83.3281419, 41.4676289 ], [ -83.3279247, 41.4673583 ], [ -83.3276609, 41.4670297 ], [ -83.3273384, 41.4666281 ], [ -83.3269459, 41.4661393 ], [ -83.3264688, 41.4655451 ], [ -83.3258928, 41.4648275 ], [ -83.3252234, 41.4639938 ], [ -83.3244984, 41.4630907 ], [ -83.3235295, 41.4622055 ], [ -83.3222841, 41.4613719 ], [ -83.3209455, 41.4604759 ], [ -83.3194971, 41.4595063 ], [ -83.3179996, 41.458504 ], [ -83.3167284, 41.457653 ], [ -83.3156611, 41.4569385 ], [ -83.3147593, 41.4563348 ], [ -83.3139354, 41.4559174 ], [ -83.3131928, 41.455602 ], [ -83.3125759, 41.45534 ], [ -83.312067, 41.4551238 ], [ -83.3116516, 41.4549474 ], [ -83.3113029, 41.4547993 ], [ -83.3110212, 41.4546796 ], [ -83.3107845, 41.4545791 ], [ -83.3105921, 41.4544974 ], [ -83.3104241, 41.454426 ], [ -83.3102535, 41.4543535 ], [ -83.3100637, 41.4542729 ], [ -83.3098509, 41.4541825 ], [ -83.3095969, 41.4540746 ], [ -83.3092979, 41.4539476 ], [ -83.3089477, 41.4537989 ], [ -83.3085296, 41.4536213 ], [ -83.3080208, 41.4534052 ], [ -83.3074046, 41.4531434 ], [ -83.3066501, 41.452823 ], [ -83.3057353, 41.4524343 ], [ -83.3046156, 41.4519587 ], [ -83.3034775, 41.4511572 ], [ -83.3021668, 41.4501185 ], [ -83.300577, 41.4488587 ], [ -83.2990355, 41.4476372 ], [ -83.2973231, 41.4470201 ], [ -83.295725, 41.4467043 ], [ -83.2943675, 41.446436 ], [ -83.2932005, 41.4462054 ], [ -83.2921803, 41.4460037 ], [ -83.2912485, 41.4458561 ], [ -83.2904408, 41.4460446 ], [ -83.2897569, 41.4462093 ], [ -83.2891603, 41.446353 ], [ -83.2886452, 41.446477 ], [ -83.2882156, 41.4465805 ], [ -83.2878681, 41.4466641 ], [ -83.2875814, 41.4467332 ], [ -83.2873499, 41.446789 ], [ -83.2871515, 41.4468367 ], [ -83.2869432, 41.4468868 ], [ -83.2867036, 41.4469446 ], [ -83.2864155, 41.447014 ], [ -83.2860717, 41.4470968 ], [ -83.2856573, 41.4471965 ], [ -83.2851743, 41.4473129 ], [ -83.2846131, 41.447448 ], [ -83.2839597, 41.4476053 ], [ -83.2832096, 41.447786 ], [ -83.2823348, 41.4479966 ], [ -83.2813005, 41.4482457 ], [ -83.2800541, 41.4481986 ], [ -83.2786085, 41.4479779 ], [ -83.2769606, 41.4477264 ], [ -83.2751659, 41.4474524 ], [ -83.2731594, 41.4471461 ], [ -83.2713551, 41.4465447 ], [ -83.2701382, 41.4450855 ], [ -83.2688405, 41.4435292 ], [ -83.2675132, 41.4419376 ], [ -83.2667692, 41.4402463 ], [ -83.2661932, 41.4388065 ], [ -83.2657022, 41.4375792 ], [ -83.2652752, 41.4365119 ], [ -83.2648946, 41.4355605 ], [ -83.2645432, 41.4346823 ], [ -83.264227, 41.4338918 ], [ -83.2639614, 41.4332278 ], [ -83.2636986, 41.4326894 ], [ -83.2634066, 41.4322638 ], [ -83.2631623, 41.431908 ], [ -83.2629586, 41.4316111 ], [ -83.2627879, 41.4313625 ], [ -83.2626451, 41.4311544 ], [ -83.2625262, 41.4309812 ], [ -83.2624261, 41.4308355 ], [ -83.262338, 41.4307072 ], [ -83.2622497, 41.4305784 ], [ -83.2621479, 41.4304301 ], [ -83.2620269, 41.4302539 ], [ -83.2618821, 41.430043 ], [ -83.2617088, 41.4297904 ], [ -83.2615016, 41.4294886 ], [ -83.2612529, 41.4291263 ], [ -83.2609562, 41.4286939 ], [ -83.2605987, 41.4281731 ], [ -83.2600426, 41.4276133 ], [ -83.2593164, 41.4270174 ], [ -83.2586862, 41.4265002 ], [ -83.2581741, 41.4260801 ], [ -83.2577492, 41.4257314 ], [ -83.2573994, 41.4254444 ], [ -83.2571112, 41.4252079 ], [ -83.2568741, 41.4250134 ], [ -83.2566724, 41.4248479 ], [ -83.2565081, 41.424713 ], [ -83.2563679, 41.424598 ], [ -83.2562411, 41.424494 ], [ -83.2560956, 41.4243746 ], [ -83.2559206, 41.424231 ], [ -83.2557065, 41.4240552 ], [ -83.2554454, 41.423841 ], [ -83.2551383, 41.423589 ], [ -83.2547863, 41.4233003 ], [ -83.2544549, 41.4230283 ], [ -83.254184, 41.4228061 ], [ -83.2539513, 41.4226151 ], [ -83.2537464, 41.4224469 ], [ -83.2535652, 41.4222982 ], [ -83.2534055, 41.4221672 ], [ -83.2532679, 41.4220542 ], [ -83.2531297, 41.4219408 ], [ -83.2529696, 41.4218095 ], [ -83.2527786, 41.4216758 ], [ -83.2524715, 41.4216197 ], [ -83.2520987, 41.4215656 ], [ -83.2516397, 41.421499 ], [ -83.2510845, 41.4214186 ], [ -83.2504051, 41.42132 ], [ -83.249578, 41.4212001 ], [ -83.2485694, 41.4210539 ], [ -83.2473388, 41.4208754 ], [ -83.2458327, 41.420657 ], [ -83.2440492, 41.4203629 ], [ -83.2425888, 41.4197193 ], [ -83.2413455, 41.4191707 ], [ -83.2402595, 41.4186915 ], [ -83.2392904, 41.4182639 ], [ -83.2384145, 41.4178775 ], [ -83.2376219, 41.4175278 ], [ -83.236876, 41.4171986 ], [ -83.23614, 41.416874 ], [ -83.2353742, 41.416536 ], [ -83.2345457, 41.4161705 ], [ -83.233612, 41.4157583 ], [ -83.2326135, 41.4153176 ], [ -83.2315793, 41.4148612 ], [ -83.2305359, 41.4144006 ], [ -83.2296593, 41.4140136 ], [ -83.2289251, 41.4136896 ], [ -83.2282924, 41.4134395 ], [ -83.2277026, 41.4132609 ], [ -83.2271695, 41.4130994 ], [ -83.2266682, 41.4129475 ], [ -83.2262033, 41.4128066 ], [ -83.2257774, 41.4126776 ], [ -83.225416, 41.412568 ], [ -83.2251221, 41.412479 ], [ -83.224876, 41.4124044 ], [ -83.2246699, 41.412342 ], [ -83.2244725, 41.4122822 ], [ -83.2243037, 41.412231 ], [ -83.2241145, 41.4121737 ], [ -83.2239406, 41.412121 ], [ -83.2237454, 41.4120618 ], [ -83.2235571, 41.4120048 ], [ -83.2233593, 41.4119449 ], [ -83.223139, 41.4118782 ], [ -83.222939, 41.4118175 ], [ -83.2227534, 41.4117613 ], [ -83.2225839, 41.4117099 ], [ -83.2224095, 41.4116571 ], [ -83.2222177, 41.411599 ], [ -83.2219847, 41.4115284 ], [ -83.2216892, 41.4114389 ], [ -83.2213297, 41.41133 ], [ -83.2209043, 41.4112011 ], [ -83.2203991, 41.411048 ], [ -83.2198021, 41.4108671 ], [ -83.2190931, 41.4106523 ], [ -83.2182711, 41.4104032 ], [ -83.2175029, 41.4102634 ], [ -83.2168426, 41.4101844 ], [ -83.2162746, 41.4101166 ], [ -83.2158143, 41.4100616 ], [ -83.2154236, 41.4100149 ], [ -83.2150919, 41.4099752 ], [ -83.2148163, 41.4099423 ], [ -83.2145768, 41.4099137 ], [ -83.214359, 41.4098876 ], [ -83.2141386, 41.4098613 ], [ -83.2138917, 41.4098318 ], [ -83.2136002, 41.4097969 ], [ -83.2132326, 41.409753 ], [ -83.2128102, 41.4097025 ], [ -83.2123775, 41.4096508 ], [ -83.2119044, 41.4095942 ], [ -83.2113807, 41.4095317 ], [ -83.2107822, 41.4094601 ], [ -83.2100886, 41.4093772 ], [ -83.2092572, 41.4092779 ], [ -83.2082656, 41.4091593 ], [ -83.2071137, 41.4090216 ], [ -83.2061725, 41.4086152 ], [ -83.2054605, 41.4081065 ], [ -83.2048465, 41.4076679 ], [ -83.2043165, 41.4072893 ], [ -83.2038624, 41.4069648 ], [ -83.2034688, 41.4066836 ], [ -83.2031321, 41.4064431 ], [ -83.2028379, 41.4062329 ], [ -83.2025943, 41.406059 ], [ -83.2023915, 41.4059141 ], [ -83.2022129, 41.4057865 ], [ -83.2020624, 41.4056789 ], [ -83.2019093, 41.4055696 ], [ -83.2017378, 41.405447 ], [ -83.2015301, 41.4052986 ], [ -83.2012896, 41.4051268 ], [ -83.2010169, 41.4049319 ], [ -83.2006996, 41.4047053 ], [ -83.2003289, 41.4044405 ], [ -83.1998813, 41.4041207 ], [ -83.1992909, 41.4038032 ], [ -83.1984143, 41.4036335 ], [ -83.1973457, 41.4034265 ], [ -83.1960508, 41.4031757 ], [ -83.1947971, 41.402933 ], [ -83.1937565, 41.4027314 ], [ -83.1928878, 41.4025632 ], [ -83.1921596, 41.4024222 ], [ -83.1915386, 41.402327 ], [ -83.191003, 41.4023253 ], [ -83.1905556, 41.4023244 ], [ -83.190175, 41.4023236 ], [ -83.1898449, 41.4023229 ], [ -83.1895583, 41.4023223 ], [ -83.189313, 41.4023218 ], [ -83.1891024, 41.4023213 ], [ -83.1888815, 41.4023209 ], [ -83.1886218, 41.4023203 ], [ -83.1883181, 41.4023197 ], [ -83.1879683, 41.402319 ], [ -83.1875655, 41.4023182 ], [ -83.1870985, 41.4023171 ], [ -83.1865454, 41.402316 ], [ -83.1858814, 41.4023146 ], [ -83.1850817, 41.4023356 ], [ -83.1841443, 41.4025231 ], [ -83.1829965, 41.4027541 ], [ -83.1816561, 41.403024 ], [ -83.1801692, 41.4033234 ], [ -83.1786263, 41.403634 ], [ -83.17704, 41.4039534 ], [ -83.1757799, 41.4038614 ], [ -83.1754444, 41.4024448 ], [ -83.1750358, 41.4007193 ], [ -83.1745838, 41.3988107 ], [ -83.1742064, 41.3972171 ], [ -83.1738969, 41.3959101 ], [ -83.1736429, 41.3948375 ], [ -83.1734711, 41.3939565 ], [ -83.1735952, 41.3932135 ], [ -83.1737019, 41.3925799 ], [ -83.1737964, 41.3920186 ], [ -83.1738807, 41.391518 ], [ -83.1739535, 41.3910856 ], [ -83.1740134, 41.3907303 ], [ -83.1740619, 41.3904422 ], [ -83.1741026, 41.3902006 ], [ -83.1741376, 41.3899928 ], [ -83.1741658, 41.3898253 ], [ -83.1741911, 41.3896749 ], [ -83.1742208, 41.3894986 ], [ -83.1742524, 41.3893109 ], [ -83.1742802, 41.3891456 ], [ -83.1743063, 41.3889909 ], [ -83.174332, 41.3888384 ], [ -83.1743576, 41.3886868 ], [ -83.1743846, 41.3885257 ], [ -83.1744119, 41.3883639 ], [ -83.1744389, 41.3882039 ], [ -83.1744655, 41.3880454 ], [ -83.1744952, 41.3878694 ], [ -83.1745272, 41.3876788 ], [ -83.1745625, 41.3874698 ], [ -83.1745997, 41.387249 ], [ -83.174641, 41.3870037 ], [ -83.1746892, 41.3867172 ], [ -83.1747421, 41.3864027 ], [ -83.1747785, 41.3860489 ], [ -83.1743507, 41.3857933 ], [ -83.1738189, 41.3855185 ], [ -83.173259, 41.3852291 ], [ -83.1726825, 41.3849312 ], [ -83.1720873, 41.3846237 ], [ -83.1714659, 41.3843026 ], [ -83.1708244, 41.3839711 ], [ -83.1701595, 41.3836274 ], [ -83.1694851, 41.383279 ], [ -83.1687913, 41.3829205 ], [ -83.168069, 41.3825478 ], [ -83.1672601, 41.3822225 ], [ -83.1663974, 41.3818888 ], [ -83.1654865, 41.3815365 ], [ -83.164535, 41.3811685 ], [ -83.1635199, 41.3807759 ], [ -83.1624271, 41.3803533 ], [ -83.1612899, 41.3799334 ], [ -83.1602583, 41.3795565 ], [ -83.1592931, 41.3792038 ], [ -83.1583495, 41.378859 ], [ -83.1573819, 41.3785055 ], [ -83.1563459, 41.3781269 ], [ -83.1552097, 41.3777117 ], [ -83.1539309, 41.3772444 ], [ -83.1524715, 41.3767112 ], [ -83.1511454, 41.3762266 ], [ -83.1502067, 41.3756629 ], [ -83.1494836, 41.3751439 ], [ -83.1488866, 41.3747155 ], [ -83.1483925, 41.3743609 ], [ -83.1479873, 41.3740701 ], [ -83.1476497, 41.3738279 ], [ -83.1473767, 41.3736319 ], [ -83.1471453, 41.3734659 ], [ -83.1469607, 41.3733334 ], [ -83.1468076, 41.3732235 ], [ -83.1466726, 41.3731266 ], [ -83.1465242, 41.3730201 ], [ -83.1463823, 41.3729183 ], [ -83.1462393, 41.3728156 ], [ -83.1460674, 41.3726922 ], [ -83.1458693, 41.3725501 ], [ -83.1456411, 41.3723863 ], [ -83.1453746, 41.372195 ], [ -83.1450607, 41.3719697 ], [ -83.1446818, 41.3716978 ], [ -83.144223, 41.3713764 ], [ -83.1434775, 41.371349 ], [ -83.1425883, 41.371376 ], [ -83.1416472, 41.3714045 ], [ -83.1406299, 41.3714354 ], [ -83.139496, 41.3714697 ], [ -83.1382128, 41.3715086 ], [ -83.1367708, 41.3715523 ], [ -83.1351448, 41.3716016 ], [ -83.1335286, 41.3716506 ], [ -83.1322327, 41.3715017 ], [ -83.1311765, 41.3712741 ], [ -83.1303062, 41.3710865 ], [ -83.1295872, 41.3709316 ], [ -83.128997, 41.3708043 ], [ -83.128511, 41.3706996 ], [ -83.1281078, 41.3706126 ], [ -83.1277781, 41.3705416 ], [ -83.1274928, 41.3704801 ], [ -83.127272, 41.3704325 ], [ -83.1270781, 41.3703907 ], [ -83.1268521, 41.370342 ], [ -83.1265952, 41.3702866 ], [ -83.1262777, 41.3702182 ], [ -83.1258975, 41.3701362 ], [ -83.1254348, 41.3700365 ], [ -83.1250123, 41.3697649 ], [ -83.1245985, 41.3693806 ], [ -83.1241371, 41.368952 ], [ -83.1237007, 41.3685467 ], [ -83.1233159, 41.3681892 ], [ -83.1229641, 41.3678625 ], [ -83.1226653, 41.3675849 ], [ -83.1224037, 41.3673419 ], [ -83.1221717, 41.3671265 ], [ -83.1219647, 41.3669342 ], [ -83.1217863, 41.3667685 ], [ -83.1216251, 41.3666188 ], [ -83.1214867, 41.3664902 ], [ -83.1213582, 41.3663709 ], [ -83.1212313, 41.366253 ], [ -83.1210847, 41.3661168 ], [ -83.1209136, 41.365958 ], [ -83.1207227, 41.3657807 ], [ -83.120508, 41.3655812 ], [ -83.1202644, 41.3653549 ], [ -83.119985, 41.3650953 ], [ -83.1196713, 41.3648039 ], [ -83.119341, 41.3644971 ], [ -83.1190366, 41.3642144 ], [ -83.1187548, 41.3639527 ], [ -83.1184673, 41.3636856 ], [ -83.1181689, 41.3634084 ], [ -83.1178448, 41.3630978 ], [ -83.1178033, 41.3626491 ], [ -83.1178314, 41.3620885 ], [ -83.1178648, 41.361423 ], [ -83.1178998, 41.3607255 ], [ -83.1179371, 41.3599828 ], [ -83.1179782, 41.3591626 ], [ -83.1180254, 41.3582236 ], [ -83.118081, 41.357115 ], [ -83.1181457, 41.3558264 ], [ -83.1182065, 41.3546129 ], [ -83.1182614, 41.3535189 ], [ -83.1183118, 41.3525151 ], [ -83.1183614, 41.3515737 ], [ -83.1184116, 41.3506611 ], [ -83.118462, 41.3497417 ], [ -83.1185128, 41.3488174 ], [ -83.1185654, 41.3478603 ], [ -83.1186209, 41.3468511 ], [ -83.1186783, 41.3458055 ], [ -83.1187387, 41.3447059 ], [ -83.1188009, 41.3435736 ], [ -83.1188551, 41.3425852 ], [ -83.1189025, 41.3417246 ], [ -83.1189436, 41.3409751 ], [ -83.1194706, 41.3405183 ], [ -83.1200158, 41.3401873 ], [ -83.1204648, 41.3399148 ], [ -83.1208274, 41.3396948 ], [ -83.1211298, 41.3395113 ], [ -83.1213787, 41.3393602 ], [ -83.1215835, 41.3392359 ], [ -83.1217446, 41.3391382 ], [ -83.1219259, 41.3390281 ], [ -83.1221415, 41.3388972 ], [ -83.1224044, 41.3387377 ], [ -83.1227201, 41.3385461 ], [ -83.1231098, 41.3383095 ], [ -83.1235836, 41.338022 ], [ -83.1241593, 41.3376726 ], [ -83.1248584, 41.3372483 ], [ -83.1256729, 41.336754 ], [ -83.1265154, 41.3362426 ], [ -83.1273542, 41.3357335 ], [ -83.1278541, 41.335172 ], [ -83.127358, 41.3344495 ], [ -83.1269347, 41.3338329 ], [ -83.1265715, 41.333304 ], [ -83.1262511, 41.3328374 ], [ -83.1259625, 41.3324171 ], [ -83.1256866, 41.3320151 ], [ -83.1254077, 41.331609 ], [ -83.1251097, 41.331175 ], [ -83.1247978, 41.3307207 ], [ -83.1245368, 41.3303406 ], [ -83.124322, 41.3300278 ], [ -83.1241442, 41.3297689 ], [ -83.1239965, 41.3295537 ], [ -83.1238737, 41.3293748 ], [ -83.1237686, 41.3292217 ], [ -83.1236779, 41.3290897 ], [ -83.1235699, 41.3289323 ], [ -83.1234597, 41.3287718 ], [ -83.1233662, 41.3286357 ], [ -83.1232772, 41.328506 ], [ -83.1231692, 41.3283487 ], [ -83.1230475, 41.3281714 ], [ -83.1229118, 41.3279737 ], [ -83.1227512, 41.3277398 ], [ -83.1225601, 41.3274615 ], [ -83.1223319, 41.3271291 ], [ -83.1220591, 41.3267317 ], [ -83.1217354, 41.3262619 ], [ -83.1210749, 41.3262999 ], [ -83.1203971, 41.32646 ], [ -83.1197654, 41.3266092 ], [ -83.1191914, 41.3267448 ], [ -83.1186477, 41.3268731 ], [ -83.1181125, 41.3269995 ], [ -83.1176042, 41.3271196 ], [ -83.1171247, 41.3272328 ], [ -83.1166737, 41.3273394 ], [ -83.1162479, 41.3274399 ], [ -83.1158092, 41.3275435 ], [ -83.1153358, 41.3276553 ], [ -83.1149889, 41.3279323 ], [ -83.114718, 41.3282595 ], [ -83.1144477, 41.3285859 ], [ -83.1141891, 41.328898 ], [ -83.1139459, 41.3291916 ], [ -83.113699, 41.3294898 ], [ -83.1134463, 41.329795 ], [ -83.1131693, 41.3301293 ], [ -83.1128637, 41.3304983 ], [ -83.1125262, 41.330906 ], [ -83.1121741, 41.331331 ], [ -83.1118467, 41.3317263 ], [ -83.1115233, 41.3321168 ], [ -83.1111875, 41.3325223 ], [ -83.1108212, 41.3329646 ], [ -83.1104475, 41.3334157 ], [ -83.1100877, 41.3338501 ], [ -83.1097238, 41.3342895 ], [ -83.1093467, 41.3347447 ], [ -83.1089537, 41.3352221 ], [ -83.1085629, 41.3357316 ], [ -83.108148, 41.3362725 ], [ -83.1077041, 41.3368512 ], [ -83.1072185, 41.3374843 ], [ -83.1067104, 41.3381466 ], [ -83.1062136, 41.3387942 ], [ -83.105802, 41.3394471 ], [ -83.1055165, 41.3400829 ], [ -83.105241, 41.3406963 ], [ -83.1049694, 41.3413009 ], [ -83.1046905, 41.341922 ], [ -83.1044014, 41.3425658 ], [ -83.1040923, 41.3432539 ], [ -83.1037525, 41.3440107 ], [ -83.1033718, 41.3448583 ], [ -83.1029404, 41.3458186 ], [ -83.1024639, 41.3469103 ], [ -83.1020452, 41.3479773 ], [ -83.1016531, 41.3489766 ], [ -83.1012697, 41.3499536 ], [ -83.1008771, 41.3509544 ], [ -83.1004572, 41.3520243 ], [ -83.1000509, 41.3530596 ], [ -83.0996931, 41.3539715 ], [ -83.099368, 41.3547999 ], [ -83.098634, 41.354769 ], [ -83.097547, 41.3542101 ], [ -83.0962218, 41.3535288 ], [ -83.0946943, 41.3527434 ], [ -83.0933657, 41.3520603 ], [ -83.092266, 41.3514949 ], [ -83.0913536, 41.3510258 ], [ -83.0905993, 41.3506379 ], [ -83.0899691, 41.3503139 ], [ -83.0894417, 41.3500427 ], [ -83.0889876, 41.3498216 ], [ -83.0885445, 41.3497614 ], [ -83.0881812, 41.3497306 ], [ -83.0878811, 41.3497053 ], [ -83.0876297, 41.3496841 ], [ -83.0874252, 41.3496667 ], [ -83.0872073, 41.3496483 ], [ -83.0869475, 41.3496263 ], [ -83.0866375, 41.3496001 ], [ -83.0862586, 41.3495681 ], [ -83.0857898, 41.3495284 ], [ -83.0853215, 41.3494888 ], [ -83.0849433, 41.3494569 ], [ -83.0846265, 41.3494301 ], [ -83.0843545, 41.3494071 ], [ -83.0841168, 41.349387 ], [ -83.0839154, 41.34937 ], [ -83.083697, 41.3493515 ], [ -83.0834515, 41.3493307 ], [ -83.0831662, 41.3493066 ], [ -83.0828206, 41.3492774 ], [ -83.0823941, 41.3492413 ], [ -83.0818994, 41.3491995 ], [ -83.0813215, 41.3491506 ], [ -83.0806269, 41.3490919 ], [ -83.079809, 41.3490227 ], [ -83.0788398, 41.3489408 ], [ -83.0776898, 41.3489088 ], [ -83.0763189, 41.3489319 ], [ -83.074682, 41.3489594 ], [ -83.0731282, 41.3489856 ], [ -83.0718035, 41.3490079 ], [ -83.0706774, 41.3490268 ], [ -83.0697096, 41.3490431 ], [ -83.068862, 41.3490574 ], [ -83.0680943, 41.3490704 ], [ -83.0673856, 41.3490823 ], [ -83.0667187, 41.3490914 ], [ -83.0660895, 41.3490756 ], [ -83.0655113, 41.3490601 ], [ -83.0649954, 41.3490463 ], [ -83.0645633, 41.3490347 ], [ -83.0642063, 41.3490251 ], [ -83.0639102, 41.3490172 ], [ -83.0636633, 41.3490105 ], [ -83.0634413, 41.3490046 ], [ -83.0632197, 41.3489986 ], [ -83.0629634, 41.3489918 ], [ -83.0626594, 41.3489836 ], [ -83.0622857, 41.3489736 ], [ -83.0618331, 41.3489614 ], [ -83.0613348, 41.348948 ], [ -83.0609172, 41.3489368 ], [ -83.0605777, 41.3489277 ], [ -83.0603012, 41.3489203 ], [ -83.0600736, 41.3489142 ], [ -83.0598849, 41.3489091 ], [ -83.0597012, 41.3489042 ], [ -83.0594798, 41.3488982 ], [ -83.0592076, 41.3488909 ], [ -83.0588728, 41.348882 ], [ -83.0584611, 41.3488709 ], [ -83.0579548, 41.3488573 ], [ -83.0573391, 41.3488407 ], [ -83.0565892, 41.3488206 ], [ -83.05568, 41.3487962 ], [ -83.0545732, 41.3487674 ], [ -83.053213, 41.3487324 ], [ -83.0515454, 41.3486895 ], [ -83.0497868, 41.3486443 ], [ -83.0483158, 41.3486065 ], [ -83.0470807, 41.3485746 ], [ -83.0460691, 41.3484627 ], [ -83.0452136, 41.3483526 ], [ -83.0444794, 41.3482581 ], [ -83.043857, 41.348178 ], [ -83.0433237, 41.3481094 ], [ -83.0428608, 41.3480498 ], [ -83.0424618, 41.3479984 ], [ -83.0421164, 41.347954 ], [ -83.0418148, 41.3479152 ], [ -83.0415461, 41.3478806 ], [ -83.0413295, 41.3478527 ], [ -83.0411414, 41.3478285 ], [ -83.040925, 41.3478006 ], [ -83.0406695, 41.3477677 ], [ -83.0403684, 41.347729 ], [ -83.0400316, 41.3476856 ], [ -83.0396252, 41.3476333 ], [ -83.0391318, 41.347601 ], [ -83.0385282, 41.3476798 ], [ -83.0378001, 41.3477749 ], [ -83.0369082, 41.3478913 ], [ -83.0358204, 41.3480334 ], [ -83.0347197, 41.3481772 ], [ -83.0338175, 41.3482949 ], [ -83.0330769, 41.3483917 ], [ -83.0324586, 41.3484724 ], [ -83.0319567, 41.3485379 ], [ -83.0315316, 41.3485935 ], [ -83.0311873, 41.3486384 ], [ -83.030905, 41.3486752 ], [ -83.0306553, 41.3487079 ], [ -83.0304449, 41.3487354 ], [ -83.0302276, 41.3487637 ], [ -83.0299959, 41.348794 ], [ -83.0297195, 41.3488301 ], [ -83.0293805, 41.3488743 ], [ -83.0289947, 41.3489247 ], [ -83.0285334, 41.3489849 ], [ -83.027977, 41.3490576 ], [ -83.0273017, 41.3491458 ], [ -83.0265307, 41.3489625 ], [ -83.0256543, 41.3486696 ], [ -83.0248474, 41.3483999 ], [ -83.0241857, 41.3481787 ], [ -83.0236351, 41.3479947 ], [ -83.0231785, 41.3478421 ], [ -83.0227975, 41.3477147 ], [ -83.0224823, 41.3476094 ], [ -83.0222142, 41.3475198 ], [ -83.021984, 41.3474429 ], [ -83.0217862, 41.3473767 ], [ -83.0216043, 41.347316 ], [ -83.0214329, 41.3472587 ], [ -83.0212217, 41.3471881 ], [ -83.0209815, 41.3471078 ], [ -83.0206957, 41.3470123 ], [ -83.02039, 41.3469101 ], [ -83.0201139, 41.3468178 ], [ -83.0198666, 41.3467352 ], [ -83.0196467, 41.3466617 ], [ -83.0194487, 41.3465955 ], [ -83.0192586, 41.3465319 ], [ -83.0190515, 41.3464627 ], [ -83.0188049, 41.3463803 ], [ -83.0185411, 41.3462921 ], [ -83.0182274, 41.3461873 ], [ -83.0178438, 41.3460591 ], [ -83.0173907, 41.3459076 ], [ -83.0168107, 41.3458334 ], [ -83.0160828, 41.3458334 ], [ -83.0151937, 41.3458334 ], [ -83.0141077, 41.3458334 ], [ -83.0128518, 41.3458334 ], [ -83.0117436, 41.3458334 ], [ -83.0107917, 41.3458334 ], [ -83.0099756, 41.3458334 ], [ -83.0092933, 41.3458493 ], [ -83.008729, 41.3459467 ], [ -83.0082512, 41.3460292 ], [ -83.0078552, 41.3460976 ], [ -83.0075212, 41.3461553 ], [ -83.0072332, 41.346205 ], [ -83.0069899, 41.346247 ], [ -83.0067724, 41.3462846 ], [ -83.0065648, 41.3463204 ], [ -83.0063235, 41.3463621 ], [ -83.0060374, 41.3464115 ], [ -83.0057062, 41.3464687 ], [ -83.0053132, 41.3465366 ], [ -83.0048278, 41.3466204 ], [ -83.0042411, 41.3467217 ], [ -83.0035347, 41.3468437 ], [ -83.0026714, 41.3469928 ], [ -83.0016241, 41.3471737 ], [ -83.0004167, 41.3473822 ], [ -82.999369, 41.3479314 ], [ -82.9986261, 41.3488084 ], [ -82.9978592, 41.3497136 ], [ -82.9970582, 41.3506592 ], [ -82.9962822, 41.3515753 ], [ -82.9955268, 41.352467 ], [ -82.9946216, 41.3530891 ], [ -82.9931287, 41.3530902 ], [ -82.9916285, 41.3530914 ], [ -82.9903944, 41.3530923 ], [ -82.9893833, 41.3530931 ], [ -82.9885556, 41.3530937 ], [ -82.987878, 41.3530942 ], [ -82.9873235, 41.3530947 ], [ -82.9868695, 41.353095 ], [ -82.9864978, 41.3530953 ], [ -82.9861936, 41.3530955 ], [ -82.9859445, 41.3530957 ], [ -82.9857405, 41.3530958 ], [ -82.9855318, 41.353096 ], [ -82.9852769, 41.3530962 ], [ -82.9849674, 41.3531083 ], [ -82.9845999, 41.3531776 ], [ -82.9841501, 41.3532688 ], [ -82.9836092, 41.3533785 ], [ -82.9829496, 41.3535123 ], [ -82.9821547, 41.3536734 ], [ -82.9811892, 41.3538692 ], [ -82.980019, 41.3541066 ], [ -82.9787083, 41.3543724 ], [ -82.9775931, 41.3545985 ], [ -82.9766616, 41.3547874 ], [ -82.9758804, 41.3549459 ], [ -82.9752373, 41.3550762 ], [ -82.9746982, 41.3551856 ], [ -82.9742399, 41.3552786 ], [ -82.9738554, 41.3553565 ], [ -82.9735247, 41.3553898 ], [ -82.9732621, 41.3554106 ], [ -82.9730508, 41.3554274 ], [ -82.9728543, 41.355443 ], [ -82.9726294, 41.3554608 ], [ -82.9723683, 41.3554815 ], [ -82.9720563, 41.3555063 ], [ -82.9716795, 41.3555362 ], [ -82.9712287, 41.355572 ], [ -82.9706715, 41.3556162 ], [ -82.9699955, 41.3556699 ], [ -82.9693475, 41.3557213 ], [ -82.9687845, 41.355766 ], [ -82.9683102, 41.3558065 ], [ -82.9679298, 41.3558859 ], [ -82.9676093, 41.3559559 ], [ -82.9673541, 41.3560117 ], [ -82.9671365, 41.3560593 ], [ -82.9669496, 41.3561001 ], [ -82.9667276, 41.3561486 ], [ -82.9664736, 41.3562042 ], [ -82.9662619, 41.3562504 ], [ -82.9660681, 41.3562928 ], [ -82.965837, 41.3563432 ], [ -82.9655644, 41.3564028 ], [ -82.9652261, 41.3564767 ], [ -82.9648205, 41.3565654 ], [ -82.9643313, 41.3566723 ], [ -82.9637358, 41.3568024 ], [ -82.9630147, 41.35696 ], [ -82.962154, 41.3571481 ], [ -82.9611734, 41.3573624 ], [ -82.960014, 41.3574429 ], [ -82.9586403, 41.3574795 ], [ -82.9573717, 41.3575132 ], [ -82.9563251, 41.3575411 ], [ -82.9554709, 41.3575638 ], [ -82.9547707, 41.3575824 ], [ -82.9541915, 41.3575978 ], [ -82.9537022, 41.3576108 ], [ -82.9532799, 41.3576221 ], [ -82.9529014, 41.3576322 ], [ -82.9525402, 41.3576418 ], [ -82.9521663, 41.3576517 ], [ -82.9517463, 41.3576629 ], [ -82.9512731, 41.3576755 ], [ -82.9507284, 41.3576933 ], [ -82.9502123, 41.3579464 ], [ -82.9496575, 41.3582752 ], [ -82.9490502, 41.3586351 ], [ -82.9483759, 41.3590348 ], [ -82.9476196, 41.359483 ], [ -82.9467665, 41.3599886 ], [ -82.9457998, 41.3605615 ], [ -82.9447061, 41.3612097 ], [ -82.9431343, 41.3614845 ], [ -82.9415225, 41.3617192 ], [ -82.9401846, 41.3619141 ], [ -82.9390757, 41.3620757 ], [ -82.9381553, 41.3622098 ], [ -82.9373838, 41.3623222 ], [ -82.9367327, 41.362417 ], [ -82.936183, 41.3625041 ], [ -82.9357101, 41.3626638 ], [ -82.9352571, 41.3628276 ], [ -82.9347803, 41.3630001 ], [ -82.9342727, 41.3631837 ], [ -82.9338243, 41.3633459 ], [ -82.9334592, 41.3634779 ], [ -82.9331596, 41.3635863 ], [ -82.9329095, 41.3636768 ], [ -82.9326977, 41.3637533 ], [ -82.9325132, 41.3638201 ], [ -82.9323108, 41.3638933 ], [ -82.9320715, 41.3639798 ], [ -82.9317665, 41.3640901 ], [ -82.9313969, 41.3642239 ], [ -82.930947, 41.3643866 ], [ -82.9303987, 41.3645846 ], [ -82.9297248, 41.3648207 ], [ -82.9289602, 41.3650886 ], [ -82.9283031, 41.3653189 ], [ -82.9277591, 41.3655095 ], [ -82.9273158, 41.3656648 ], [ -82.9269475, 41.3657939 ], [ -82.9266445, 41.3659001 ], [ -82.9263854, 41.3659908 ], [ -82.9261773, 41.3660638 ], [ -82.9259997, 41.366126 ], [ -82.925791, 41.366199 ], [ -82.9255446, 41.3662854 ], [ -82.925249, 41.366389 ], [ -82.9248906, 41.3665145 ], [ -82.9244522, 41.3666682 ], [ -82.9239256, 41.3668527 ], [ -82.9232837, 41.3670776 ], [ -82.9225058, 41.3673502 ], [ -82.9216973, 41.3676334 ], [ -82.9210117, 41.3678227 ], [ -82.9203942, 41.3678219 ], [ -82.9198659, 41.367821 ], [ -82.9194075, 41.3678204 ], [ -82.9190111, 41.3678198 ], [ -82.9186775, 41.3678193 ], [ -82.9183975, 41.3678189 ], [ -82.9181513, 41.3678185 ], [ -82.9179404, 41.3678182 ], [ -82.9177275, 41.3678179 ], [ -82.9174807, 41.3678175 ], [ -82.9171986, 41.3678171 ], [ -82.9168746, 41.3678166 ], [ -82.9164953, 41.367816 ], [ -82.9160413, 41.3678154 ], [ -82.9154922, 41.3678145 ], [ -82.9148272, 41.3678135 ], [ -82.9140246, 41.3678124 ], [ -82.9130536, 41.367811 ], [ -82.9120548, 41.3682189 ], [ -82.9109046, 41.3688402 ], [ -82.9095084, 41.3695945 ], [ -82.907819, 41.3705071 ], [ -82.9058861, 41.3713908 ], [ -82.9041328, 41.3719772 ], [ -82.9026784, 41.3724638 ], [ -82.9014824, 41.3728638 ], [ -82.9004969, 41.3731935 ], [ -82.8996774, 41.3734676 ], [ -82.8989955, 41.3736957 ], [ -82.8984352, 41.3738832 ], [ -82.8979832, 41.3740554 ], [ -82.8976291, 41.3742195 ], [ -82.8973397, 41.3743537 ], [ -82.8971064, 41.3744618 ], [ -82.8969121, 41.374552 ], [ -82.8967373, 41.374633 ], [ -82.896548, 41.3747207 ], [ -82.8963178, 41.3748274 ], [ -82.8960326, 41.3749596 ], [ -82.895682, 41.3751221 ], [ -82.8952558, 41.3753197 ], [ -82.8947319, 41.3755626 ], [ -82.8941237, 41.3758445 ], [ -82.8935783, 41.3760973 ], [ -82.8931248, 41.3763075 ], [ -82.8927391, 41.3764863 ], [ -82.8923973, 41.3766448 ], [ -82.8920984, 41.3767834 ], [ -82.8918322, 41.3769068 ], [ -82.8915857, 41.377021 ], [ -82.89133, 41.3771395 ], [ -82.8910632, 41.3772632 ], [ -82.8907942, 41.3773879 ], [ -82.8905167, 41.3775166 ], [ -82.8902449, 41.3776425 ], [ -82.8899925, 41.3777595 ], [ -82.8897635, 41.3778656 ], [ -82.8895667, 41.3779568 ], [ -82.8893815, 41.3780427 ], [ -82.8892024, 41.3781258 ], [ -82.8890224, 41.3782092 ], [ -82.8888297, 41.3782985 ], [ -82.8886073, 41.3784016 ], [ -82.8883367, 41.3785271 ], [ -82.8880226, 41.3786674 ], [ -82.8876003, 41.3787513 ], [ -82.8870651, 41.3788295 ], [ -82.8864224, 41.3789233 ], [ -82.8856404, 41.3790376 ], [ -82.8846891, 41.3791766 ], [ -82.8836041, 41.3793351 ], [ -82.8826553, 41.3794737 ], [ -82.8818768, 41.3795874 ], [ -82.8812322, 41.3796816 ], [ -82.8806862, 41.3797628 ], [ -82.8802803, 41.3799168 ], [ -82.879949, 41.3800629 ], [ -82.8796829, 41.3801802 ], [ -82.8794606, 41.3802783 ], [ -82.8792702, 41.3803622 ], [ -82.8790842, 41.3804443 ], [ -82.8788815, 41.3805337 ], [ -82.8786615, 41.3806307 ], [ -82.8784049, 41.3807438 ], [ -82.8781123, 41.3808729 ], [ -82.877772, 41.381023 ], [ -82.8774036, 41.3811855 ], [ -82.8769864, 41.3813695 ], [ -82.8765211, 41.3815747 ], [ -82.8759678, 41.3818187 ], [ -82.8753151, 41.3821065 ], [ -82.8745323, 41.3824518 ], [ -82.8735963, 41.3828645 ], [ -82.8724693, 41.3833615 ], [ -82.8711016, 41.3839647 ], [ -82.8694436, 41.3845959 ], [ -82.8677154, 41.3843706 ], [ -82.8662508, 41.3841796 ], [ -82.8649977, 41.3840162 ], [ -82.8639053, 41.3838738 ], [ -82.8629323, 41.383747 ], [ -82.8620561, 41.3836328 ], [ -82.8612643, 41.3836681 ], [ -82.8606182, 41.3840748 ], [ -82.8600615, 41.3844252 ], [ -82.8595829, 41.3847264 ], [ -82.8591776, 41.3849814 ], [ -82.8588274, 41.3852018 ], [ -82.8585233, 41.3853933 ], [ -82.8582608, 41.3855584 ], [ -82.8580332, 41.3857017 ], [ -82.8578447, 41.3858203 ], [ -82.857675, 41.3859271 ], [ -82.8575209, 41.3860242 ], [ -82.8573422, 41.3861366 ], [ -82.8571378, 41.3862652 ], [ -82.8569013, 41.3864141 ], [ -82.8566172, 41.3865929 ], [ -82.8562747, 41.3868084 ], [ -82.855892, 41.3870867 ], [ -82.8555169, 41.3873935 ], [ -82.8551933, 41.3876581 ], [ -82.8549168, 41.3878842 ], [ -82.8546753, 41.3880818 ], [ -82.8544713, 41.3882485 ], [ -82.8543003, 41.3883884 ], [ -82.8541543, 41.3885078 ], [ -82.8540266, 41.3886123 ], [ -82.8538866, 41.3887267 ], [ -82.8537349, 41.3888508 ], [ -82.8535708, 41.388985 ], [ -82.8533788, 41.3891419 ], [ -82.853156, 41.3893241 ], [ -82.852897, 41.3895359 ], [ -82.8525982, 41.3897803 ], [ -82.8522669, 41.3900512 ], [ -82.8518996, 41.3903516 ], [ -82.8514728, 41.3907006 ], [ -82.8509745, 41.3911081 ], [ -82.850397, 41.3915803 ], [ -82.849733, 41.3921232 ], [ -82.8489451, 41.3927676 ], [ -82.8480091, 41.3935329 ], [ -82.8464993, 41.3936991 ], [ -82.8447931, 41.3937334 ], [ -82.8430783, 41.3937679 ], [ -82.8414923, 41.3937998 ], [ -82.8399943, 41.3938299 ], [ -82.838576, 41.3938584 ], [ -82.8372055, 41.3938859 ], [ -82.8358696, 41.3939376 ], [ -82.8345711, 41.3941088 ], [ -82.833225, 41.3942862 ], [ -82.8317663, 41.3944785 ], [ -82.8301329, 41.3946937 ], [ -82.8286563, 41.3954878 ], [ -82.8272173, 41.3968813 ], [ -82.8254596, 41.3985834 ], [ -82.8234001, 41.400705 ], [ -82.8214446, 41.4035583 ], [ -82.8191469, 41.4069107 ], [ -82.8159959, 41.4093086 ], [ -82.8131246, 41.4111989 ], [ -82.8103985, 41.4118757 ], [ -82.8078152, 41.4112993 ], [ -82.8056685, 41.4108203 ], [ -82.80387, 41.410419 ], [ -82.802349, 41.4100795 ], [ -82.801071, 41.409695 ], [ -82.7999323, 41.4093182 ], [ -82.7988648, 41.4089649 ], [ -82.7978155, 41.4086176 ], [ -82.7967342, 41.4082598 ], [ -82.7955702, 41.4078745 ], [ -82.794252, 41.4075343 ], [ -82.7927763, 41.4078056 ], [ -82.7911977, 41.4080958 ], [ -82.7894747, 41.4084125 ], [ -82.7876021, 41.4087567 ], [ -82.7855638, 41.4091315 ], [ -82.7833425, 41.4095397 ], [ -82.7809671, 41.4100733 ], [ -82.7784193, 41.4106712 ], [ -82.775662, 41.4112249 ], [ -82.7728252, 41.4113927 ], [ -82.7704562, 41.4115329 ], [ -82.7684736, 41.4116503 ], [ -82.7667999, 41.4117493 ], [ -82.7653639, 41.4118343 ], [ -82.7641651, 41.4118012 ], [ -82.7632658, 41.4114418 ], [ -82.7625288, 41.4111472 ], [ -82.7619145, 41.4109016 ], [ -82.7614159, 41.4107024 ], [ -82.7609998, 41.410536 ], [ -82.7606577, 41.4103993 ], [ -82.7603793, 41.410288 ], [ -82.760149, 41.4101961 ], [ -82.7599485, 41.4101159 ], [ -82.7597747, 41.4100464 ], [ -82.759555, 41.4099586 ], [ -82.759297, 41.4098555 ], [ -82.7589821, 41.4097296 ], [ -82.7586788, 41.4096084 ], [ -82.7584334, 41.4095102 ], [ -82.75822, 41.409425 ], [ -82.7580407, 41.4093533 ], [ -82.7578265, 41.4092677 ], [ -82.7575747, 41.4091671 ], [ -82.7572847, 41.4090512 ], [ -82.7569721, 41.4089262 ], [ -82.7566354, 41.4087916 ], [ -82.7562504, 41.4086378 ], [ -82.7557862, 41.4086171 ], [ -82.7551937, 41.4087338 ], [ -82.7544775, 41.4088747 ], [ -82.7536181, 41.4090438 ], [ -82.7526287, 41.4092385 ], [ -82.7514843, 41.4094637 ], [ -82.7501639, 41.4097235 ], [ -82.7488693, 41.4099783 ], [ -82.7478041, 41.409692 ], [ -82.7470286, 41.4091178 ], [ -82.7463709, 41.4086307 ], [ -82.7458029, 41.4082102 ], [ -82.7453204, 41.407853 ], [ -82.7449201, 41.4075566 ], [ -82.7445972, 41.4073175 ], [ -82.744326, 41.4071167 ], [ -82.7441001, 41.4069494 ], [ -82.7439114, 41.4068097 ], [ -82.743752, 41.4066917 ], [ -82.7435958, 41.406576 ], [ -82.7434153, 41.4064424 ], [ -82.7432007, 41.4062835 ], [ -82.7429471, 41.4060958 ], [ -82.7426309, 41.4058616 ], [ -82.7422556, 41.4055837 ], [ -82.7418927, 41.4053149 ], [ -82.7415792, 41.4050827 ], [ -82.7413196, 41.4048907 ], [ -82.7411103, 41.4047357 ], [ -82.740925, 41.4045985 ], [ -82.7407633, 41.4044787 ], [ -82.7406199, 41.4043725 ], [ -82.7404572, 41.4042521 ], [ -82.7402692, 41.4041129 ], [ -82.7400476, 41.4039487 ], [ -82.7397827, 41.4037526 ], [ -82.739398, 41.4036017 ], [ -82.7388893, 41.4034786 ], [ -82.7382736, 41.4033297 ], [ -82.7375288, 41.4031495 ], [ -82.7367011, 41.4029493 ], [ -82.7360108, 41.4027822 ], [ -82.7354408, 41.4026444 ], [ -82.7349668, 41.4025297 ], [ -82.7345727, 41.4024343 ], [ -82.7342534, 41.402357 ], [ -82.733979, 41.4022907 ], [ -82.7337653, 41.402239 ], [ -82.7335719, 41.4021922 ], [ -82.7333616, 41.4021414 ], [ -82.7331748, 41.4020961 ], [ -82.7329616, 41.4020446 ], [ -82.7327116, 41.4019841 ], [ -82.7324256, 41.4019148 ], [ -82.7320707, 41.401829 ], [ -82.7316491, 41.401727 ], [ -82.731136, 41.4016005 ], [ -82.7305223, 41.4014464 ], [ -82.7297763, 41.401259 ], [ -82.7288706, 41.4010316 ], [ -82.7277816, 41.4007582 ], [ -82.7264847, 41.4004326 ], [ -82.7249294, 41.400042 ], [ -82.7231137, 41.3996085 ], [ -82.7210064, 41.3991729 ], [ -82.7189041, 41.3987383 ], [ -82.7171686, 41.3983796 ], [ -82.7157397, 41.3980842 ], [ -82.7145604, 41.3978405 ], [ -82.7135877, 41.3976394 ], [ -82.7127899, 41.3974744 ], [ -82.7121169, 41.3974111 ], [ -82.7115554, 41.3974496 ], [ -82.7110957, 41.3974812 ], [ -82.7107263, 41.3975065 ], [ -82.7104251, 41.3975272 ], [ -82.7101739, 41.3975445 ], [ -82.7099642, 41.3975589 ], [ -82.7097492, 41.3975736 ], [ -82.7094982, 41.3975908 ], [ -82.7092015, 41.3976111 ], [ -82.7088879, 41.3976327 ], [ -82.7086277, 41.3976505 ], [ -82.7084122, 41.3976653 ], [ -82.7082149, 41.3976789 ], [ -82.7079743, 41.3976954 ], [ -82.7076801, 41.3977156 ], [ -82.7073195, 41.3977403 ], [ -82.7068865, 41.39777 ], [ -82.7063625, 41.397806 ], [ -82.7057145, 41.3978505 ], [ -82.7049265, 41.3979045 ], [ -82.7039713, 41.3979701 ], [ -82.7028047, 41.3980535 ], [ -82.701453, 41.3982867 ], [ -82.7002326, 41.3985025 ], [ -82.6991927, 41.3986865 ], [ -82.6982923, 41.3988457 ], [ -82.6975019, 41.3989855 ], [ -82.6968017, 41.3991094 ], [ -82.6961715, 41.3992209 ], [ -82.6955976, 41.3993223 ], [ -82.6950578, 41.3994178 ], [ -82.694546, 41.3995083 ], [ -82.6940455, 41.3995969 ], [ -82.6935285, 41.3996841 ], [ -82.6930208, 41.3997585 ], [ -82.6925802, 41.3998232 ], [ -82.6922146, 41.3998768 ], [ -82.6919105, 41.3999214 ], [ -82.6916686, 41.3999569 ], [ -82.691465, 41.3999867 ], [ -82.6912617, 41.4000166 ], [ -82.6910099, 41.4000535 ], [ -82.6907132, 41.4000971 ], [ -82.6903427, 41.4001514 ], [ -82.6898913, 41.4002177 ], [ -82.6893467, 41.4002975 ], [ -82.6886858, 41.4003945 ], [ -82.687992, 41.4004963 ], [ -82.6874126, 41.4005813 ], [ -82.6869457, 41.4006497 ], [ -82.68655, 41.4007078 ], [ -82.6862353, 41.400754 ], [ -82.6859779, 41.4007917 ], [ -82.6857642, 41.4008231 ], [ -82.6855631, 41.4008526 ], [ -82.6853289, 41.4008869 ], [ -82.6850458, 41.4009285 ], [ -82.684685, 41.4009814 ], [ -82.6842613, 41.4010436 ], [ -82.6837501, 41.4011185 ], [ -82.6831461, 41.4012071 ], [ -82.6824177, 41.401314 ], [ -82.6815292, 41.4014042 ], [ -82.6804883, 41.4014577 ], [ -82.6792806, 41.4015199 ], [ -82.6778818, 41.4015919 ], [ -82.6762663, 41.401675 ], [ -82.6748029, 41.4017503 ], [ -82.6735366, 41.4018154 ], [ -82.6724371, 41.401872 ], [ -82.6720709, 41.4012845 ], [ -82.6718602, 41.4007036 ], [ -82.6716817, 41.4002118 ], [ -82.6715302, 41.3997943 ], [ -82.6713994, 41.3994337 ], [ -82.6712895, 41.3991309 ], [ -82.6711942, 41.3988681 ], [ -82.6711151, 41.3986502 ], [ -82.6710414, 41.3984469 ], [ -82.6709804, 41.3982788 ], [ -82.6709229, 41.3981203 ], [ -82.6708641, 41.3979581 ], [ -82.6708068, 41.3978004 ], [ -82.6707457, 41.397632 ], [ -82.6706711, 41.3974265 ], [ -82.6705914, 41.3972067 ], [ -82.6705004, 41.3969559 ], [ -82.6704003, 41.3966803 ], [ -82.6702865, 41.3963665 ], [ -82.6701673, 41.3960379 ], [ -82.6700372, 41.3956793 ], [ -82.6698883, 41.3952689 ], [ -82.6697284, 41.394828 ], [ -82.6692831, 41.3945019 ], [ -82.6686138, 41.3942095 ], [ -82.6678119, 41.3938592 ], [ -82.6668646, 41.3934454 ], [ -82.6657675, 41.3929662 ], [ -82.6648081, 41.392547 ], [ -82.6640184, 41.3922021 ], [ -82.6633596, 41.3919143 ], [ -82.6628147, 41.3916763 ], [ -82.6623551, 41.3914755 ], [ -82.6619748, 41.3913093 ], [ -82.6616603, 41.3911719 ], [ -82.6614025, 41.3910593 ], [ -82.6611849, 41.3909643 ], [ -82.6609989, 41.390883 ], [ -82.6607948, 41.3907939 ], [ -82.6605569, 41.39069 ], [ -82.6602717, 41.3905653 ], [ -82.6599241, 41.3904135 ], [ -82.6595047, 41.3902303 ], [ -82.6589909, 41.3900058 ], [ -82.6584013, 41.389795 ], [ -82.6578389, 41.3897504 ], [ -82.6573585, 41.389713 ], [ -82.6569613, 41.389682 ], [ -82.6566325, 41.3896565 ], [ -82.656359, 41.3896352 ], [ -82.6561258, 41.389617 ], [ -82.6559195, 41.3896009 ], [ -82.6556857, 41.3895827 ], [ -82.6554229, 41.3895622 ], [ -82.6551117, 41.389538 ], [ -82.6547423, 41.3895093 ], [ -82.6542908, 41.3894741 ], [ -82.6537416, 41.3894313 ], [ -82.6531033, 41.3893816 ], [ -82.6523291, 41.3893213 ], [ -82.6514077, 41.3892496 ], [ -82.6503389, 41.3891796 ], [ -82.6496358, 41.3898308 ], [ -82.6489559, 41.3904696 ], [ -82.6482906, 41.3910947 ], [ -82.6476324, 41.3917131 ], [ -82.6469531, 41.3923513 ], [ -82.6462504, 41.3930116 ], [ -82.6455064, 41.3937106 ], [ -82.6447017, 41.394463 ], [ -82.6434393, 41.3949939 ], [ -82.64193, 41.3956069 ], [ -82.6401367, 41.3963353 ], [ -82.6380796, 41.3971708 ], [ -82.6362296, 41.3979222 ], [ -82.6347157, 41.3985629 ], [ -82.6335154, 41.399159 ], [ -82.632518, 41.3996546 ], [ -82.6316787, 41.4000715 ], [ -82.6309693, 41.4004239 ], [ -82.630348, 41.4007325 ], [ -82.629791, 41.4010092 ], [ -82.6292671, 41.4012695 ], [ -82.6287512, 41.4015258 ], [ -82.6282062, 41.4017965 ], [ -82.6276084, 41.4020935 ], [ -82.6269998, 41.4020457 ], [ -82.6263584, 41.4015157 ], [ -82.625582, 41.400874 ], [ -82.6246446, 41.4000994 ], [ -82.6235479, 41.3991931 ], [ -82.6225725, 41.398387 ], [ -82.6217603, 41.3977157 ], [ -82.6210789, 41.3971526 ], [ -82.6205027, 41.3966764 ], [ -82.6200007, 41.3962615 ], [ -82.6195696, 41.3959052 ], [ -82.6191957, 41.3955962 ], [ -82.6188765, 41.3953324 ], [ -82.6185888, 41.3950947 ], [ -82.6183331, 41.3948833 ], [ -82.6181063, 41.3946959 ], [ -82.6178973, 41.3945232 ], [ -82.6177132, 41.3943628 ], [ -82.6177089, 41.3941852 ], [ -82.6177599, 41.3940296 ], [ -82.6178131, 41.3938671 ], [ -82.6178755, 41.3936768 ], [ -82.6179514, 41.3934451 ], [ -82.6180426, 41.3931669 ], [ -82.6181545, 41.3928253 ], [ -82.618291, 41.392409 ], [ -82.6184585, 41.391898 ], [ -82.618663, 41.3912739 ], [ -82.6188944, 41.3905675 ], [ -82.6190972, 41.3899489 ], [ -82.6192662, 41.3894334 ], [ -82.6194082, 41.389 ], [ -82.6195285, 41.3886331 ], [ -82.6196288, 41.3883268 ], [ -82.6197174, 41.3880565 ], [ -82.6197898, 41.3878358 ], [ -82.6198503, 41.3876508 ], [ -82.6199, 41.3874992 ], [ -82.6199493, 41.3873491 ], [ -82.6200039, 41.3871823 ], [ -82.6200679, 41.3869871 ], [ -82.6201436, 41.3867558 ], [ -82.6202365, 41.3864724 ], [ -82.6203459, 41.3861386 ], [ -82.6204755, 41.3857434 ], [ -82.6206263, 41.3852831 ], [ -82.6207995, 41.3847546 ], [ -82.6206057, 41.3841369 ], [ -82.6202769, 41.3833937 ], [ -82.6199105, 41.3825658 ], [ -82.6196003, 41.3818645 ], [ -82.6193441, 41.3812857 ], [ -82.6191284, 41.3807981 ], [ -82.6189492, 41.380393 ], [ -82.6187977, 41.3800508 ], [ -82.6186669, 41.3797551 ], [ -82.6185522, 41.3794958 ], [ -82.6184532, 41.3792721 ], [ -82.6183631, 41.3790684 ], [ -82.618289, 41.3789009 ], [ -82.6182225, 41.3787508 ], [ -82.6181601, 41.3786096 ], [ -82.6180876, 41.3784456 ], [ -82.6180022, 41.3782527 ], [ -82.6179004, 41.3780226 ], [ -82.6177794, 41.377749 ], [ -82.6176336, 41.3774195 ], [ -82.6174676, 41.3770443 ], [ -82.6172963, 41.3766571 ], [ -82.6171161, 41.37625 ], [ -82.6169444, 41.3758619 ], [ -82.6167996, 41.3755345 ], [ -82.6166766, 41.3752566 ], [ -82.6165633, 41.3750005 ], [ -82.6164183, 41.374795 ], [ -82.6161608, 41.3747157 ], [ -82.6159483, 41.3746502 ], [ -82.6157656, 41.374594 ], [ -82.6155508, 41.3745278 ], [ -82.6153065, 41.3744526 ], [ -82.6150022, 41.3743589 ], [ -82.6146458, 41.3742492 ], [ -82.6142102, 41.374115 ], [ -82.6136881, 41.3739542 ], [ -82.6130584, 41.3737603 ], [ -82.6123076, 41.3735291 ], [ -82.6114033, 41.3732507 ], [ -82.6104347, 41.3728834 ], [ -82.6096348, 41.3724986 ], [ -82.6089425, 41.3721656 ], [ -82.6083175, 41.3718649 ], [ -82.607727, 41.3715809 ], [ -82.6071404, 41.3712987 ], [ -82.6065228, 41.3710015 ], [ -82.6058471, 41.3706766 ], [ -82.6050758, 41.3703055 ], [ -82.6041797, 41.3698744 ], [ -82.6031119, 41.3693607 ], [ -82.6018278, 41.368743 ], [ -82.600635, 41.3680043 ], [ -82.6003097, 41.3670325 ], [ -82.6000398, 41.3662264 ], [ -82.5998153, 41.3655558 ], [ -82.5996285, 41.3649977 ], [ -82.5994724, 41.3645315 ], [ -82.599343, 41.3641446 ], [ -82.5992344, 41.3638203 ], [ -82.5991422, 41.363545 ], [ -82.5990653, 41.3633153 ], [ -82.599, 41.3631203 ], [ -82.5989443, 41.3629537 ], [ -82.5988966, 41.3628114 ], [ -82.5988401, 41.3626425 ], [ -82.5987718, 41.3624387 ], [ -82.5986897, 41.3621935 ], [ -82.5985902, 41.3618959 ], [ -82.5984716, 41.3615417 ], [ -82.5983286, 41.3611146 ], [ -82.5981556, 41.3605976 ], [ -82.5979467, 41.3599738 ], [ -82.5976949, 41.3592215 ], [ -82.5975454, 41.3583435 ], [ -82.5976946, 41.3573709 ], [ -82.5978537, 41.3563334 ], [ -82.5980101, 41.355314 ], [ -82.5981645, 41.3543079 ], [ -82.598323, 41.3532744 ], [ -82.5984782, 41.352263 ], [ -82.5986117, 41.3513924 ], [ -82.5987275, 41.3506376 ], [ -82.5988286, 41.3499782 ], [ -82.5989209, 41.3493761 ], [ -82.5990064, 41.3488197 ], [ -82.5990899, 41.348275 ], [ -82.5991733, 41.3477313 ], [ -82.5992551, 41.3471976 ], [ -82.5993229, 41.3467564 ], [ -82.5992744, 41.3464122 ], [ -82.5989404, 41.3462188 ], [ -82.5986608, 41.3460569 ], [ -82.5984158, 41.3459151 ], [ -82.5982115, 41.3457968 ], [ -82.5980458, 41.3457009 ], [ -82.5978907, 41.345611 ], [ -82.5977186, 41.3455115 ], [ -82.5975119, 41.3453917 ], [ -82.5972814, 41.3452583 ], [ -82.5970026, 41.345097 ], [ -82.5966755, 41.3449076 ], [ -82.5962915, 41.3446852 ], [ -82.5958303, 41.3444182 ], [ -82.5952754, 41.344097 ], [ -82.5946109, 41.3437123 ], [ -82.5938037, 41.343245 ], [ -82.5929091, 41.3427271 ], [ -82.5921595, 41.342293 ], [ -82.5915411, 41.341935 ], [ -82.5910326, 41.3416406 ], [ -82.5906154, 41.3413991 ], [ -82.590302, 41.3411786 ], [ -82.5900549, 41.3409863 ], [ -82.5898473, 41.3408247 ], [ -82.5896687, 41.3406856 ], [ -82.5895127, 41.3405642 ], [ -82.5893747, 41.3404567 ], [ -82.5892258, 41.3403408 ], [ -82.5890539, 41.340207 ], [ -82.588856, 41.3400529 ], [ -82.58864, 41.3398846 ], [ -82.5884223, 41.3397152 ], [ -82.5882034, 41.3395448 ], [ -82.5879531, 41.3393499 ], [ -82.5876653, 41.3391258 ], [ -82.5873228, 41.3388592 ], [ -82.5869153, 41.3385419 ], [ -82.5864285, 41.3381629 ], [ -82.5858456, 41.3377091 ], [ -82.5851447, 41.3371633 ], [ -82.5843262, 41.3365261 ], [ -82.583527, 41.3359038 ], [ -82.5827462, 41.3352963 ], [ -82.5820244, 41.3347347 ], [ -82.5814118, 41.3342581 ], [ -82.5809007, 41.3338604 ], [ -82.5804789, 41.3335322 ], [ -82.5801306, 41.3332612 ], [ -82.5798423, 41.333037 ], [ -82.579603, 41.3328508 ], [ -82.5794019, 41.3326943 ], [ -82.5792206, 41.3325532 ], [ -82.5790702, 41.3324362 ], [ -82.5789324, 41.3323289 ], [ -82.57878, 41.3322104 ], [ -82.5786398, 41.3321013 ], [ -82.5784871, 41.3319824 ], [ -82.5783009, 41.3318377 ], [ -82.5780729, 41.3316603 ], [ -82.5777936, 41.3314429 ], [ -82.5774491, 41.3311749 ], [ -82.577031, 41.3308496 ], [ -82.5765127, 41.3311776 ], [ -82.5759899, 41.3315393 ], [ -82.5754368, 41.3319221 ], [ -82.5749333, 41.3322705 ], [ -82.5745196, 41.3325568 ], [ -82.5741852, 41.3327882 ], [ -82.5739079, 41.3329801 ], [ -82.5736743, 41.3331417 ], [ -82.5734785, 41.3332773 ], [ -82.5733145, 41.3333908 ], [ -82.573169, 41.3334914 ], [ -82.5729993, 41.3336088 ], [ -82.5728066, 41.3337422 ], [ -82.5725792, 41.3338996 ], [ -82.5723154, 41.3340821 ], [ -82.5719981, 41.3343017 ], [ -82.5716189, 41.3345641 ], [ -82.5711702, 41.3348746 ], [ -82.5706364, 41.335244 ], [ -82.5700087, 41.3356783 ], [ -82.5693591, 41.3361277 ], [ -82.5687559, 41.3366311 ], [ -82.5682316, 41.3371034 ], [ -82.5677566, 41.3375314 ], [ -82.5673113, 41.3379326 ], [ -82.5668747, 41.3383259 ], [ -82.5664347, 41.3387223 ], [ -82.5659872, 41.3391256 ], [ -82.5655356, 41.3395323 ], [ -82.5650775, 41.3399451 ], [ -82.5645928, 41.3403818 ], [ -82.564062, 41.34086 ], [ -82.5634735, 41.3413456 ], [ -82.5627843, 41.3418265 ], [ -82.5620381, 41.3423471 ], [ -82.5612549, 41.3428937 ], [ -82.5605743, 41.3433686 ], [ -82.5599921, 41.3437748 ], [ -82.5594877, 41.3441267 ], [ -82.5590324, 41.3444444 ], [ -82.5585972, 41.344748 ], [ -82.558194, 41.3450293 ], [ -82.5578226, 41.3452801 ], [ -82.5574033, 41.3454547 ], [ -82.556975, 41.345618 ], [ -82.556551, 41.3457797 ], [ -82.5561188, 41.3459444 ], [ -82.5556442, 41.3461254 ], [ -82.5551678, 41.3463071 ], [ -82.5547605, 41.3464624 ], [ -82.5544064, 41.3465974 ], [ -82.5540975, 41.3467152 ], [ -82.5538431, 41.3468122 ], [ -82.5536236, 41.3468958 ], [ -82.5534431, 41.3469647 ], [ -82.5532439, 41.3470406 ], [ -82.5530054, 41.3471316 ], [ -82.5527394, 41.347233 ], [ -82.5524334, 41.3473497 ], [ -82.5520801, 41.3474843 ], [ -82.5516635, 41.3476432 ], [ -82.5511947, 41.3478219 ], [ -82.550666, 41.3480236 ], [ -82.5500743, 41.3482491 ], [ -82.5493978, 41.348507 ], [ -82.5486323, 41.3488194 ], [ -82.5478092, 41.3492824 ], [ -82.5468441, 41.3498256 ], [ -82.545711, 41.3504634 ], [ -82.5442115, 41.3508974 ], [ -82.5421572, 41.3508827 ], [ -82.5397699, 41.3508655 ], [ -82.537583, 41.3508498 ], [ -82.5355987, 41.3508355 ], [ -82.5341191, 41.3515379 ], [ -82.532896, 41.3522695 ], [ -82.5318114, 41.3529183 ], [ -82.5308205, 41.353511 ], [ -82.5298758, 41.3540762 ], [ -82.5286493, 41.3540855 ], [ -82.5271749, 41.3539742 ], [ -82.5254221, 41.3538418 ], [ -82.5233168, 41.3536828 ], [ -82.5211337, 41.3534214 ], [ -82.5193944, 41.3529744 ], [ -82.5179536, 41.3526043 ], [ -82.5167743, 41.3523012 ], [ -82.5158066, 41.3520526 ], [ -82.5150163, 41.3518496 ], [ -82.5143632, 41.3516818 ], [ -82.5138288, 41.3515444 ], [ -82.5133868, 41.3514309 ], [ -82.5130213, 41.3513369 ], [ -82.5127059, 41.3512559 ], [ -82.512455, 41.3511915 ], [ -82.5122312, 41.3511339 ], [ -82.5120442, 41.3510859 ], [ -82.5118215, 41.3510287 ], [ -82.5115706, 41.3509642 ], [ -82.5113496, 41.3509074 ], [ -82.5111536, 41.3508571 ], [ -82.5109474, 41.3508041 ], [ -82.5107043, 41.3507417 ], [ -82.5104106, 41.3506662 ], [ -82.5100521, 41.3505741 ], [ -82.5096056, 41.3504794 ], [ -82.5090603, 41.3505511 ], [ -82.5084025, 41.3506484 ], [ -82.5076117, 41.3507653 ], [ -82.5066551, 41.3509068 ], [ -82.5056222, 41.3510595 ], [ -82.5047441, 41.3511893 ], [ -82.5039942, 41.3513003 ], [ -82.503341, 41.3513968 ], [ -82.5027599, 41.3514827 ], [ -82.5022617, 41.3515564 ], [ -82.5018271, 41.3516207 ], [ -82.501474, 41.3516802 ], [ -82.5011918, 41.3517632 ], [ -82.5009655, 41.3518307 ], [ -82.5007777, 41.3518866 ], [ -82.5005744, 41.3519472 ], [ -82.5003281, 41.3520205 ], [ -82.5000384, 41.3521068 ], [ -82.4996858, 41.3522119 ], [ -82.4992574, 41.3523396 ], [ -82.4987303, 41.3524965 ], [ -82.4980841, 41.352689 ], [ -82.497299, 41.3529229 ], [ -82.4963399, 41.3532087 ], [ -82.4952122, 41.3533681 ], [ -82.4942147, 41.3533636 ], [ -82.4933899, 41.35336 ], [ -82.4927045, 41.3533569 ], [ -82.4921309, 41.3533543 ], [ -82.4916511, 41.3533522 ], [ -82.4912449, 41.3533504 ], [ -82.4908937, 41.3533488 ], [ -82.4905874, 41.3533474 ], [ -82.4903206, 41.3533462 ], [ -82.4900714, 41.3533451 ], [ -82.4898444, 41.3533441 ], [ -82.4896263, 41.3533431 ], [ -82.4894158, 41.3533422 ], [ -82.4892047, 41.3533412 ], [ -82.4889692, 41.3533402 ], [ -82.4887163, 41.353339 ], [ -82.4884256, 41.3533378 ], [ -82.4880768, 41.3533362 ], [ -82.4876642, 41.3533344 ], [ -82.4871865, 41.3533603 ], [ -82.4866383, 41.3534191 ], [ -82.4859798, 41.3534899 ], [ -82.4852143, 41.353572 ], [ -82.4842962, 41.3536706 ], [ -82.4831967, 41.3537887 ], [ -82.481869, 41.3539312 ], [ -82.480358, 41.3542861 ], [ -82.4790534, 41.3551179 ], [ -82.4779556, 41.3558179 ], [ -82.4770287, 41.3564088 ], [ -82.4762506, 41.356905 ], [ -82.4755945, 41.3573234 ], [ -82.4750396, 41.3576772 ], [ -82.4745699, 41.3579766 ], [ -82.4741686, 41.3582325 ], [ -82.4738288, 41.3584491 ], [ -82.473538, 41.3586346 ], [ -82.4732968, 41.3587883 ], [ -82.473092, 41.3589189 ], [ -82.4729183, 41.3590296 ], [ -82.4727651, 41.3591274 ], [ -82.4725927, 41.3592373 ], [ -82.4723896, 41.3593667 ], [ -82.4721519, 41.3595131 ], [ -82.4718403, 41.3596534 ], [ -82.4714625, 41.3598146 ], [ -82.4710059, 41.3600095 ], [ -82.470458, 41.3602433 ], [ -82.4697959, 41.360526 ], [ -82.4689893, 41.3608703 ], [ -82.4680126, 41.3612871 ], [ -82.4668288, 41.3617923 ], [ -82.4653934, 41.362405 ], [ -82.4636489, 41.3631496 ], [ -82.4615305, 41.3640537 ], [ -82.4593812, 41.3652174 ], [ -82.4576929, 41.366306 ], [ -82.4563007, 41.3672037 ], [ -82.455151, 41.367945 ], [ -82.4541934, 41.3685625 ], [ -82.4533929, 41.3690783 ], [ -82.4526029, 41.3694163 ], [ -82.4518737, 41.3697078 ], [ -82.451186, 41.3699826 ], [ -82.4504958, 41.3702584 ], [ -82.4497768, 41.3705458 ], [ -82.4489899, 41.3708603 ], [ -82.4480946, 41.3712181 ], [ -82.44705, 41.3716356 ], [ -82.4458134, 41.3721297 ], [ -82.4445574, 41.3726209 ], [ -82.4434918, 41.3730119 ], [ -82.4425874, 41.3733437 ], [ -82.4418023, 41.3736318 ], [ -82.4411092, 41.373886 ], [ -82.440488, 41.374114 ], [ -82.4399255, 41.3743204 ], [ -82.4394227, 41.3745048 ], [ -82.4389947, 41.3746619 ], [ -82.43864, 41.374792 ], [ -82.4383422, 41.3749013 ], [ -82.4380944, 41.3749922 ], [ -82.4378912, 41.3750667 ], [ -82.4377111, 41.3751328 ], [ -82.4375174, 41.3752039 ], [ -82.4372801, 41.375291 ], [ -82.4369989, 41.3753941 ], [ -82.4366632, 41.3755173 ], [ -82.4362613, 41.3756647 ], [ -82.4357811, 41.3758409 ], [ -82.435206, 41.3760519 ], [ -82.4345134, 41.3763061 ], [ -82.433698, 41.3766092 ], [ -82.4328099, 41.376947 ], [ -82.4320521, 41.3772353 ], [ -82.4314265, 41.3774732 ], [ -82.4309034, 41.3776722 ], [ -82.4304593, 41.3778411 ], [ -82.4300662, 41.3779906 ], [ -82.4297374, 41.3781156 ], [ -82.4294607, 41.3782209 ], [ -82.4292256, 41.3783103 ], [ -82.4290143, 41.3783907 ], [ -82.4288289, 41.3784613 ], [ -82.4286526, 41.3785283 ], [ -82.4284568, 41.3786027 ], [ -82.4282731, 41.3786726 ], [ -82.4280961, 41.37874 ], [ -82.4278826, 41.3788199 ], [ -82.4276116, 41.378887 ], [ -82.4272731, 41.3789561 ], [ -82.4268675, 41.3790387 ], [ -82.4263724, 41.3791398 ], [ -82.4257725, 41.3792622 ], [ -82.4250554, 41.3794084 ], [ -82.4242323, 41.3795762 ], [ -82.423274, 41.3797717 ], [ -82.422136, 41.3800039 ], [ -82.4207748, 41.3802815 ], [ -82.4191696, 41.3806089 ], [ -82.4177532, 41.3809567 ], [ -82.4166463, 41.3813891 ], [ -82.4157227, 41.3817499 ], [ -82.4149657, 41.3820456 ], [ -82.4143353, 41.3822918 ], [ -82.4138119, 41.3824963 ], [ -82.4133809, 41.3826646 ], [ -82.4130135, 41.3828081 ], [ -82.4127054, 41.3829285 ], [ -82.4124468, 41.383019 ], [ -82.4122245, 41.3830695 ], [ -82.412031, 41.3831123 ], [ -82.4118197, 41.383159 ], [ -82.4115675, 41.3832147 ], [ -82.4112594, 41.3832828 ], [ -82.4108899, 41.3833644 ], [ -82.4104383, 41.3834642 ], [ -82.4098917, 41.3835849 ], [ -82.4092302, 41.383731 ], [ -82.4084273, 41.3839084 ], [ -82.4074515, 41.384124 ], [ -82.4062646, 41.3843862 ], [ -82.4050525, 41.3846539 ], [ -82.4040391, 41.3848778 ], [ -82.4032406, 41.3851407 ], [ -82.4026581, 41.3854746 ], [ -82.4021845, 41.3857461 ], [ -82.401795, 41.3859694 ], [ -82.4014758, 41.3861524 ], [ -82.401214, 41.3863025 ], [ -82.4009966, 41.3864271 ], [ -82.40082, 41.3865283 ], [ -82.4006521, 41.3866246 ], [ -82.4004488, 41.3867412 ], [ -82.4002091, 41.3868786 ], [ -82.399914, 41.3870477 ], [ -82.399559, 41.3872513 ], [ -82.3991245, 41.3875004 ], [ -82.3985967, 41.3878029 ], [ -82.3979518, 41.3881726 ], [ -82.3971684, 41.3886217 ], [ -82.3962122, 41.3891698 ], [ -82.3950751, 41.3898608 ], [ -82.3937908, 41.3908046 ], [ -82.3922378, 41.391946 ], [ -82.3903771, 41.3933134 ], [ -82.3881833, 41.3949256 ], [ -82.3858323, 41.3960262 ], [ -82.3838241, 41.3968442 ], [ -82.3821823, 41.3975129 ], [ -82.3808327, 41.3980516 ], [ -82.3797163, 41.3984794 ], [ -82.3788008, 41.3988302 ], [ -82.3780507, 41.3991176 ], [ -82.3774392, 41.3993519 ], [ -82.3769419, 41.3995425 ], [ -82.3765285, 41.3997009 ], [ -82.3761949, 41.3998287 ], [ -82.3759186, 41.3999347 ], [ -82.3756896, 41.4000224 ], [ -82.3754988, 41.4000955 ], [ -82.3753132, 41.4001666 ], [ -82.3751061, 41.400246 ], [ -82.3748575, 41.4003412 ], [ -82.3745562, 41.4004567 ], [ -82.3741888, 41.4005975 ], [ -82.3737347, 41.4007715 ], [ -82.3731815, 41.4009835 ], [ -82.3725075, 41.4012417 ], [ -82.3716801, 41.4015587 ], [ -82.3706603, 41.4019224 ], [ -82.3693429, 41.4022208 ], [ -82.3677635, 41.4025784 ], [ -82.3662789, 41.4029145 ], [ -82.3649865, 41.4032072 ], [ -82.3638362, 41.4034676 ], [ -82.362824, 41.4037179 ], [ -82.3622371, 41.4042368 ], [ -82.3617481, 41.4046692 ], [ -82.3613405, 41.4050297 ], [ -82.3610041, 41.4053271 ], [ -82.3607295, 41.4055698 ], [ -82.3605061, 41.4057674 ], [ -82.3603245, 41.405928 ], [ -82.3601638, 41.4060701 ], [ -82.3600268, 41.4061913 ], [ -82.3598881, 41.4063138 ], [ -82.359713, 41.4064687 ], [ -82.3595093, 41.4066487 ], [ -82.3592567, 41.4068721 ], [ -82.3589497, 41.4071436 ], [ -82.3585728, 41.4074768 ], [ -82.3581189, 41.4078781 ], [ -82.3575602, 41.4083721 ], [ -82.3568815, 41.4089721 ], [ -82.3560505, 41.4097068 ], [ -82.3550348, 41.4106006 ], [ -82.3535502, 41.4109021 ], [ -82.3522873, 41.4111342 ], [ -82.3512078, 41.4113327 ], [ -82.3502611, 41.4115067 ], [ -82.3494067, 41.4116637 ], [ -82.3486005, 41.4118119 ], [ -82.3478263, 41.4119588 ], [ -82.3471556, 41.4121874 ], [ -82.3465452, 41.4124047 ], [ -82.345984, 41.4126045 ], [ -82.3455039, 41.4127755 ], [ -82.3451068, 41.4129168 ], [ -82.3447775, 41.4130341 ], [ -82.3445105, 41.4131292 ], [ -82.3442905, 41.4132075 ], [ -82.3440931, 41.4132778 ], [ -82.3439165, 41.4133407 ], [ -82.3437193, 41.4134109 ], [ -82.3434761, 41.4134975 ], [ -82.3431781, 41.4136036 ], [ -82.3428179, 41.4137318 ], [ -82.342368, 41.413892 ], [ -82.3418226, 41.4140862 ], [ -82.3411569, 41.4143232 ], [ -82.340381, 41.4146414 ], [ -82.3398746, 41.4153578 ], [ -82.3392785, 41.4162119 ], [ -82.3385637, 41.4172363 ], [ -82.3377001, 41.4184739 ], [ -82.3366663, 41.4199551 ], [ -82.335425, 41.4217339 ], [ -82.3332514, 41.4233574 ], [ -82.3297283, 41.4246145 ], [ -82.3257682, 41.4250734 ], [ -82.3222585, 41.425299 ], [ -82.3191566, 41.4255335 ], [ -82.3163854, 41.4257504 ], [ -82.3138825, 41.4259464 ], [ -82.3117377, 41.425597 ], [ -82.3100338, 41.4248195 ], [ -82.3085929, 41.4241619 ], [ -82.3074095, 41.4236218 ], [ -82.306438, 41.4231785 ], [ -82.3056433, 41.4228159 ], [ -82.3049944, 41.4225198 ], [ -82.304464, 41.4222776 ], [ -82.304028, 41.4220787 ], [ -82.3036716, 41.421916 ], [ -82.3033828, 41.4217842 ], [ -82.3031488, 41.4216774 ], [ -82.3029511, 41.4215873 ], [ -82.3027886, 41.4215131 ], [ -82.3026088, 41.421431 ], [ -82.3023915, 41.4213318 ], [ -82.3021195, 41.4212077 ], [ -82.3017954, 41.4210682 ], [ -82.301457, 41.4209296 ], [ -82.3011173, 41.4207903 ], [ -82.300789, 41.4206558 ], [ -82.3004579, 41.4205201 ], [ -82.3000808, 41.4203656 ], [ -82.2996559, 41.4201915 ], [ -82.2991445, 41.419982 ], [ -82.2985288, 41.4197297 ], [ -82.2977819, 41.4194236 ], [ -82.2968744, 41.4190517 ], [ -82.2957774, 41.4186023 ], [ -82.294484, 41.4180723 ], [ -82.2933187, 41.4175947 ], [ -82.2923422, 41.4171946 ], [ -82.2915131, 41.4168548 ], [ -82.2908379, 41.4165167 ], [ -82.2903182, 41.416156 ], [ -82.2898698, 41.4158447 ], [ -82.2894777, 41.4155726 ], [ -82.289127, 41.4153291 ], [ -82.2888016, 41.4151033 ], [ -82.288494, 41.4148897 ], [ -82.2882145, 41.4146957 ], [ -82.287952, 41.4145134 ], [ -82.2877007, 41.4143391 ], [ -82.287462, 41.4141733 ], [ -82.287239, 41.4140185 ], [ -82.2870276, 41.4138718 ], [ -82.2868262, 41.4137319 ], [ -82.2866423, 41.4136043 ], [ -82.2864689, 41.4134839 ], [ -82.2863041, 41.4133695 ], [ -82.286151, 41.4132633 ], [ -82.2859885, 41.4131504 ], [ -82.2857924, 41.4130144 ], [ -82.2855685, 41.4128588 ], [ -82.2853101, 41.4126795 ], [ -82.2850135, 41.4124736 ], [ -82.284658, 41.4122268 ], [ -82.2842379, 41.4119352 ], [ -82.2837226, 41.4115774 ], [ -82.2830235, 41.4113981 ], [ -82.2821832, 41.4116445 ], [ -82.2812665, 41.4119133 ], [ -82.2802414, 41.4122139 ], [ -82.2790815, 41.412554 ], [ -82.2778985, 41.4129009 ], [ -82.276851, 41.413208 ], [ -82.2759744, 41.4134651 ], [ -82.2752261, 41.413668 ], [ -82.2745584, 41.413754 ], [ -82.2739884, 41.413827 ], [ -82.273504, 41.413889 ], [ -82.273075, 41.4139439 ], [ -82.2726898, 41.4139932 ], [ -82.2723541, 41.4140362 ], [ -82.2720527, 41.4140749 ], [ -82.271794, 41.4141079 ], [ -82.2715707, 41.4141365 ], [ -82.2713789, 41.4141611 ], [ -82.271176, 41.414187 ], [ -82.2709457, 41.4142165 ], [ -82.2706889, 41.4142495 ], [ -82.2703997, 41.4142864 ], [ -82.2700515, 41.414331 ], [ -82.2696441, 41.4143832 ], [ -82.2692789, 41.4144299 ], [ -82.2689681, 41.4144697 ], [ -82.2687018, 41.4145039 ], [ -82.2684747, 41.4145329 ], [ -82.2682856, 41.4145571 ], [ -82.2680707, 41.4145847 ], [ -82.267809, 41.4146181 ], [ -82.2675087, 41.4146566 ], [ -82.2671579, 41.4147015 ], [ -82.26673, 41.4147563 ], [ -82.2662514, 41.4148766 ], [ -82.2657319, 41.4150916 ], [ -82.2651331, 41.4153395 ], [ -82.2644317, 41.4156298 ], [ -82.2636056, 41.4159718 ], [ -82.2626187, 41.4163803 ], [ -82.2614428, 41.4168671 ], [ -82.2600346, 41.41745 ], [ -82.2583342, 41.4181538 ], [ -82.2563066, 41.4190469 ], [ -82.2540355, 41.4203264 ], [ -82.2512134, 41.4211246 ], [ -82.2481683, 41.4203867 ], [ -82.2453505, 41.419704 ], [ -82.2426782, 41.4190565 ], [ -82.2403107, 41.4186119 ], [ -82.2382623, 41.4184136 ], [ -82.2365266, 41.4182457 ], [ -82.2350484, 41.4181026 ], [ -82.233808, 41.4178749 ], [ -82.2327143, 41.4175871 ], [ -82.2317095, 41.4173226 ], [ -82.2307866, 41.4170797 ], [ -82.2299757, 41.4168663 ], [ -82.2292613, 41.4166783 ], [ -82.2286309, 41.4165123 ], [ -82.2280774, 41.4163666 ], [ -82.2275727, 41.4162337 ], [ -82.2271111, 41.4161123 ], [ -82.226689, 41.4160012 ], [ -82.2262997, 41.4158987 ], [ -82.225963, 41.4158101 ], [ -82.2256856, 41.415737 ], [ -82.2254481, 41.4156746 ], [ -82.2252522, 41.415623 ], [ -82.2250579, 41.4155718 ], [ -82.2248339, 41.4155129 ], [ -82.2246521, 41.415465 ], [ -82.2244474, 41.4154112 ], [ -82.2242148, 41.4153499 ], [ -82.223932, 41.4152755 ], [ -82.2236095, 41.4151906 ], [ -82.2232112, 41.4150858 ], [ -82.2227393, 41.4149615 ], [ -82.2223332, 41.4150423 ], [ -82.2220139, 41.4152007 ], [ -82.2217544, 41.4153295 ], [ -82.2215409, 41.4154353 ], [ -82.2213597, 41.4155253 ], [ -82.2211788, 41.415615 ], [ -82.220964, 41.4157216 ], [ -82.2207083, 41.4158484 ], [ -82.220388, 41.4160073 ], [ -82.2200057, 41.416197 ], [ -82.2195419, 41.4164271 ], [ -82.2189771, 41.4167073 ], [ -82.2182823, 41.417052 ], [ -82.2174443, 41.4174677 ], [ -82.2164403, 41.4179658 ], [ -82.2152575, 41.4185526 ], [ -82.2139789, 41.4191869 ], [ -82.2129066, 41.4197189 ], [ -82.2120808, 41.420219 ], [ -82.2114212, 41.4206496 ], [ -82.2108771, 41.4210049 ], [ -82.210423, 41.4213014 ], [ -82.2100452, 41.4215481 ], [ -82.2097329, 41.421752 ], [ -82.2094709, 41.421923 ], [ -82.2092418, 41.4220726 ], [ -82.2090477, 41.4221993 ], [ -82.2088712, 41.4223146 ], [ -82.2087075, 41.4224215 ], [ -82.2085184, 41.4225449 ], [ -82.2082957, 41.4226902 ], [ -82.2080299, 41.4228638 ], [ -82.2077091, 41.4230733 ], [ -82.2073194, 41.4233278 ], [ -82.2068439, 41.4236381 ], [ -82.2062645, 41.4240164 ], [ -82.205601, 41.4244496 ], [ -82.2049603, 41.4248679 ], [ -82.2043551, 41.4252629 ], [ -82.2038538, 41.4256091 ], [ -82.2034488, 41.4258979 ], [ -82.2031152, 41.4261356 ], [ -82.2028438, 41.4263293 ], [ -82.2026128, 41.4264939 ], [ -82.2024204, 41.4266311 ], [ -82.2022644, 41.4267422 ], [ -82.2021135, 41.4268499 ], [ -82.201941, 41.4269729 ], [ -82.2017366, 41.4271185 ], [ -82.201482, 41.4273001 ], [ -82.2011829, 41.4275134 ], [ -82.2008075, 41.427781 ], [ -82.2003615, 41.428099 ], [ -82.199833, 41.4284757 ], [ -82.1992103, 41.4289197 ], [ -82.1984799, 41.4294404 ], [ -82.1976322, 41.4300447 ], [ -82.1967818, 41.4308361 ], [ -82.1958966, 41.4316956 ], [ -82.1951369, 41.432433 ], [ -82.1944823, 41.4330684 ], [ -82.193916, 41.433618 ], [ -82.1934273, 41.4340925 ], [ -82.1930088, 41.4344987 ], [ -82.192589, 41.434821 ], [ -82.1921501, 41.4350182 ], [ -82.1917739, 41.4351872 ], [ -82.1914643, 41.4353263 ], [ -82.1912042, 41.4354431 ], [ -82.1909872, 41.4355406 ], [ -82.1907902, 41.4356291 ], [ -82.1906233, 41.4357041 ], [ -82.1904252, 41.435793 ], [ -82.1901908, 41.4358983 ], [ -82.1899043, 41.436027 ], [ -82.1895568, 41.4361832 ], [ -82.1891355, 41.4363724 ], [ -82.1886259, 41.4366013 ], [ -82.1880175, 41.4368746 ], [ -82.1872823, 41.4372049 ], [ -82.1863913, 41.4376051 ], [ -82.1853108, 41.4380904 ], [ -82.1841055, 41.4387828 ], [ -82.1827469, 41.4397016 ], [ -82.1811124, 41.440807 ], [ -82.1791432, 41.4421388 ], [ -82.1767562, 41.443749 ], [ -82.1738872, 41.4456775 ], [ -82.1711611, 41.4473574 ], [ -82.1682001, 41.4478823 ], [ -82.1655536, 41.4483514 ], [ -82.1631184, 41.4487831 ], [ -82.1610011, 41.4490958 ], [ -82.1591962, 41.4492776 ], [ -82.1576523, 41.4494332 ], [ -82.1563006, 41.4495694 ], [ -82.1551144, 41.4496889 ], [ -82.1540781, 41.4497933 ], [ -82.153145, 41.4498873 ], [ -82.1522663, 41.4499758 ], [ -82.1514311, 41.4501071 ], [ -82.1506377, 41.4502498 ], [ -82.1498729, 41.4503874 ], [ -82.1491151, 41.4505238 ], [ -82.1483278, 41.4506654 ], [ -82.1475042, 41.4508136 ], [ -82.1466784, 41.4509622 ], [ -82.1458522, 41.4511108 ], [ -82.1449844, 41.4512669 ], [ -82.1440206, 41.4513999 ], [ -82.1429088, 41.4515012 ], [ -82.141722, 41.4516092 ], [ -82.1406267, 41.4517089 ], [ -82.1395903, 41.4518031 ], [ -82.1385832, 41.4518949 ], [ -82.137649, 41.4518309 ], [ -82.1367481, 41.4515842 ], [ -82.1358179, 41.4513294 ], [ -82.134817, 41.4510553 ], [ -82.1337092, 41.4507519 ], [ -82.1324854, 41.4504168 ], [ -82.1311347, 41.4500469 ], [ -82.1301073, 41.45073 ], [ -82.1292411, 41.4514682 ], [ -82.1284362, 41.4521544 ], [ -82.1276751, 41.4528032 ], [ -82.126959, 41.4534136 ], [ -82.1262545, 41.4540141 ], [ -82.1255459, 41.4546181 ], [ -82.1248217, 41.4552355 ], [ -82.1238689, 41.4553539 ], [ -82.1226586, 41.4549017 ], [ -82.1214734, 41.4544588 ], [ -82.120274, 41.4540108 ], [ -82.1190399, 41.4535497 ], [ -82.1179048, 41.4531256 ], [ -82.1168772, 41.4527416 ], [ -82.1159916, 41.4524107 ], [ -82.1152189, 41.4521219 ], [ -82.1145251, 41.4518627 ], [ -82.1139372, 41.4515828 ], [ -82.1135789, 41.451127 ], [ -82.1132217, 41.4506697 ], [ -82.1128665, 41.4502149 ], [ -82.1125037, 41.4497504 ], [ -82.112127, 41.4492681 ], [ -82.1117482, 41.4487831 ], [ -82.111394, 41.4483295 ], [ -82.1110468, 41.4478849 ], [ -82.110696, 41.4474358 ], [ -82.1103712, 41.4470199 ], [ -82.1100747, 41.4466403 ], [ -82.109809, 41.4463 ], [ -82.1095659, 41.4459887 ], [ -82.1093492, 41.4457112 ], [ -82.1091485, 41.4454543 ], [ -82.1089511, 41.4452015 ], [ -82.1087557, 41.4449512 ], [ -82.1085567, 41.4446964 ], [ -82.1083675, 41.4444542 ], [ -82.1081998, 41.4442394 ], [ -82.1080475, 41.4440445 ], [ -82.1079048, 41.4438617 ], [ -82.1077679, 41.4436864 ], [ -82.1076438, 41.4435275 ], [ -82.1075285, 41.4433798 ], [ -82.1074015, 41.4432172 ], [ -82.107279, 41.4430603 ], [ -82.1071484, 41.4428931 ], [ -82.1069995, 41.4427023 ], [ -82.1068025, 41.4425013 ], [ -82.1064646, 41.4425124 ], [ -82.1061562, 41.4425226 ], [ -82.1058614, 41.4425323 ], [ -82.105584, 41.4425415 ], [ -82.1053431, 41.4425494 ], [ -82.1051267, 41.4425566 ], [ -82.1049346, 41.4425629 ], [ -82.1047426, 41.4425693 ], [ -82.1045473, 41.4425757 ], [ -82.1043485, 41.4425822 ], [ -82.1041462, 41.4425889 ], [ -82.1039406, 41.4425958 ], [ -82.103745, 41.4426022 ], [ -82.1035422, 41.4426089 ], [ -82.1033367, 41.4426156 ], [ -82.1031427, 41.442622 ], [ -82.102907, 41.4426298 ], [ -82.1026407, 41.4426386 ], [ -82.1023188, 41.4426492 ], [ -82.1019354, 41.4426619 ], [ -82.1014813, 41.4426769 ], [ -82.1009674, 41.4426938 ], [ -82.1004843, 41.4427098 ], [ -82.1000755, 41.4427232 ], [ -82.0997305, 41.4427347 ], [ -82.0994397, 41.4427443 ], [ -82.0992004, 41.4427521 ], [ -82.0989921, 41.442759 ], [ -82.098769, 41.4427664 ], [ -82.0985132, 41.4427748 ], [ -82.0982067, 41.4427849 ], [ -82.0979912, 41.4429511 ], [ -82.0978926, 41.4432574 ], [ -82.0977817, 41.4436022 ], [ -82.0976537, 41.4439996 ], [ -82.0975071, 41.4444547 ], [ -82.0973347, 41.4449904 ], [ -82.0971333, 41.4456158 ], [ -82.0968975, 41.4463484 ], [ -82.0966178, 41.4472171 ], [ -82.0962862, 41.4482469 ], [ -82.0959084, 41.4494204 ], [ -82.0952784, 41.4501424 ], [ -82.0939848, 41.450069 ], [ -82.0927278, 41.4499978 ], [ -82.0914976, 41.449928 ], [ -82.0902358, 41.4498565 ], [ -82.0889359, 41.4497828 ], [ -82.0877329, 41.4497145 ], [ -82.086733, 41.4496578 ], [ -82.0858861, 41.4496098 ], [ -82.0851806, 41.4495698 ], [ -82.084594, 41.4495366 ], [ -82.0841032, 41.4495308 ], [ -82.0837143, 41.4496175 ], [ -82.0833937, 41.449692 ], [ -82.0831297, 41.4497533 ], [ -82.0829049, 41.4498056 ], [ -82.0827185, 41.4498489 ], [ -82.0825089, 41.4498976 ], [ -82.0822474, 41.4499584 ], [ -82.0819453, 41.4500285 ], [ -82.0815716, 41.4501154 ], [ -82.0811208, 41.4502202 ], [ -82.0805778, 41.4503463 ], [ -82.0799196, 41.4504993 ], [ -82.0791198, 41.4506852 ], [ -82.0781445, 41.4509118 ], [ -82.0770081, 41.4511758 ], [ -82.0760037, 41.4514093 ], [ -82.0751711, 41.4516027 ], [ -82.0746779, 41.4519588 ], [ -82.0743606, 41.4523842 ], [ -82.0740816, 41.4527582 ], [ -82.0738284, 41.4530977 ], [ -82.0736043, 41.453398 ], [ -82.0734005, 41.4536711 ], [ -82.0732219, 41.4539105 ], [ -82.073074, 41.4541089 ], [ -82.0729526, 41.4542716 ], [ -82.0728499, 41.4544092 ], [ -82.072746, 41.4545485 ], [ -82.0726301, 41.4547039 ], [ -82.0724897, 41.454892 ], [ -82.0723182, 41.4551219 ], [ -82.072111, 41.4553996 ], [ -82.071856, 41.4557414 ], [ -82.0715452, 41.4561581 ], [ -82.0710228, 41.4565727 ], [ -82.0702647, 41.4569825 ], [ -82.0693667, 41.4574679 ], [ -82.068539, 41.4579152 ], [ -82.0678391, 41.4582935 ], [ -82.067243, 41.4586157 ], [ -82.0667349, 41.4588903 ], [ -82.0663032, 41.4591237 ], [ -82.0659388, 41.4593206 ], [ -82.0656283, 41.4594884 ], [ -82.0653625, 41.4596321 ], [ -82.0651315, 41.4597569 ], [ -82.0649228, 41.4598696 ], [ -82.0647369, 41.4599702 ], [ -82.0645764, 41.4600569 ], [ -82.064404, 41.4601501 ], [ -82.0642043, 41.460258 ], [ -82.0639636, 41.4603881 ], [ -82.0636855, 41.4605384 ], [ -82.0633565, 41.4607162 ], [ -82.0629695, 41.4609254 ], [ -82.0625426, 41.4612003 ], [ -82.06212, 41.4615314 ], [ -82.0617651, 41.4618094 ], [ -82.0614764, 41.4620357 ], [ -82.0612413, 41.46222 ], [ -82.0610496, 41.4623701 ], [ -82.0608932, 41.4624926 ], [ -82.0607603, 41.4625968 ], [ -82.0606146, 41.4627109 ], [ -82.0604638, 41.462829 ], [ -82.060326, 41.4629371 ], [ -82.0601945, 41.46304 ], [ -82.0600424, 41.4631592 ], [ -82.0598658, 41.4632976 ], [ -82.0596605, 41.4634584 ], [ -82.0594213, 41.4636459 ], [ -82.0591338, 41.4638711 ], [ -82.0587895, 41.4641409 ], [ -82.058371, 41.4644687 ], [ -82.0578611, 41.4648683 ], [ -82.0572404, 41.4653545 ], [ -82.0564133, 41.4658731 ], [ -82.0552881, 41.4663799 ], [ -82.0539236, 41.4669946 ], [ -82.0522645, 41.4677418 ], [ -82.0502559, 41.4686465 ], [ -82.0479146, 41.469701 ], [ -82.0451613, 41.47089 ], [ -82.0418637, 41.4720615 ], [ -82.0382268, 41.4736287 ], [ -82.0346293, 41.4756008 ], [ -82.0323483, 41.4776737 ], [ -82.0315895, 41.4799455 ], [ -82.0309662, 41.4818114 ], [ -82.0301048, 41.4832475 ], [ -82.0293012, 41.4843928 ], [ -82.0286431, 41.4853306 ], [ -82.0281035, 41.4860996 ], [ -82.0276615, 41.4867295 ], [ -82.0273017, 41.4872422 ], [ -82.0270068, 41.4876624 ], [ -82.0267625, 41.4880106 ], [ -82.0265625, 41.4882956 ], [ -82.0264002, 41.4885268 ], [ -82.0262653, 41.4887133 ], [ -82.0260646, 41.4888021 ], [ -82.0258522, 41.4888418 ], [ -82.0256169, 41.4888858 ], [ -82.0253393, 41.4889376 ], [ -82.0249974, 41.4890015 ], [ -82.0245864, 41.4890783 ], [ -82.0240855, 41.4891718 ], [ -82.0234765, 41.4892856 ], [ -82.0227384, 41.4894235 ], [ -82.0218428, 41.4895908 ], [ -82.0207537, 41.4897943 ], [ -82.0194323, 41.4900411 ], [ -82.018052, 41.490299 ], [ -82.0168999, 41.4904745 ], [ -82.0159476, 41.4905894 ], [ -82.0151659, 41.4906837 ], [ -82.0145167, 41.490762 ], [ -82.0139933, 41.4908251 ], [ -82.013558, 41.4908777 ], [ -82.0132052, 41.4909202 ], [ -82.0129169, 41.490955 ], [ -82.0126728, 41.4909845 ], [ -82.0124747, 41.4910084 ], [ -82.0122587, 41.4910344 ], [ -82.0120032, 41.4910652 ], [ -82.0116874, 41.4911033 ], [ -82.0112985, 41.4911502 ], [ -82.0108309, 41.4912067 ], [ -82.0102566, 41.4912759 ], [ -82.0097139, 41.491492 ], [ -82.0093064, 41.4917556 ], [ -82.0089682, 41.4919744 ], [ -82.0086817, 41.4921598 ], [ -82.0084306, 41.4923223 ], [ -82.0082159, 41.4924612 ], [ -82.0080278, 41.4925829 ], [ -82.0078696, 41.4926852 ], [ -82.007722, 41.4927808 ], [ -82.0075432, 41.4928965 ], [ -82.0073395, 41.4930282 ], [ -82.0070997, 41.4931834 ], [ -82.0068159, 41.493367 ], [ -82.0064754, 41.4935873 ], [ -82.0060671, 41.4938514 ], [ -82.0055646, 41.4941766 ], [ -82.0049584, 41.4945688 ], [ -82.0042184, 41.4950475 ], [ -82.0033031, 41.4956096 ], [ -82.0020433, 41.4951731 ], [ -82.0007494, 41.4947248 ], [ -81.9994876, 41.4942877 ], [ -81.9983586, 41.4938965 ], [ -81.9973362, 41.4935422 ], [ -81.9963828, 41.4932119 ], [ -81.9954857, 41.492901 ], [ -81.9947123, 41.4926331 ], [ -81.994048, 41.4924029 ], [ -81.9934529, 41.4922884 ], [ -81.992959, 41.4924492 ], [ -81.9925519, 41.4925817 ], [ -81.992211, 41.4926927 ], [ -81.9919142, 41.4927893 ], [ -81.991646, 41.4928767 ], [ -81.991379, 41.4929636 ], [ -81.9910818, 41.4930603 ], [ -81.9907362, 41.4931728 ], [ -81.9903219, 41.4933077 ], [ -81.9898273, 41.4934687 ], [ -81.9892323, 41.4936624 ], [ -81.9885163, 41.4938955 ], [ -81.9876561, 41.4941756 ], [ -81.9866231, 41.4945119 ], [ -81.9858109, 41.4952503 ], [ -81.9850778, 41.4962179 ], [ -81.9842415, 41.4973215 ], [ -81.9832654, 41.4986097 ], [ -81.9821077, 41.5001375 ], [ -81.9807229, 41.5019649 ], [ -81.9790412, 41.5041573 ], [ -81.9751597, 41.5050536 ], [ -81.9707557, 41.5051782 ], [ -81.9667402, 41.502493 ], [ -81.9627181, 41.4998358 ], [ -81.9593143, 41.4976475 ], [ -81.9565094, 41.495786 ], [ -81.9546463, 41.4938992 ], [ -81.9530929, 41.4923261 ], [ -81.9517881, 41.4910046 ], [ -81.9506778, 41.4898801 ], [ -81.9497392, 41.4889295 ], [ -81.9489644, 41.4881448 ], [ -81.9483215, 41.4874936 ], [ -81.9477081, 41.4870307 ], [ -81.946902, 41.4868996 ], [ -81.946176, 41.4867817 ], [ -81.9455397, 41.4866783 ], [ -81.9449706, 41.4865858 ], [ -81.9444416, 41.4864998 ], [ -81.9439339, 41.4864173 ], [ -81.9434153, 41.486333 ], [ -81.9429609, 41.4862592 ], [ -81.9425738, 41.4861962 ], [ -81.9422513, 41.4861438 ], [ -81.9419597, 41.4860965 ], [ -81.9417049, 41.4860551 ], [ -81.941459, 41.4860151 ], [ -81.9412087, 41.4859744 ], [ -81.9409812, 41.4859375 ], [ -81.9407691, 41.4859029 ], [ -81.9405541, 41.485868 ], [ -81.9403435, 41.4858338 ], [ -81.9401525, 41.4858028 ], [ -81.9399731, 41.4857736 ], [ -81.9397695, 41.4857405 ], [ -81.9395255, 41.4857008 ], [ -81.9392782, 41.4856606 ], [ -81.9390296, 41.4856203 ], [ -81.9387916, 41.4855815 ], [ -81.9385714, 41.4855458 ], [ -81.9383802, 41.4855147 ], [ -81.938166, 41.4854799 ], [ -81.9379099, 41.485453 ], [ -81.9376295, 41.4854781 ], [ -81.9372973, 41.4855142 ], [ -81.9368967, 41.4855578 ], [ -81.9364016, 41.4856118 ], [ -81.9358134, 41.4856758 ], [ -81.9351579, 41.4857473 ], [ -81.9344358, 41.4858259 ], [ -81.9336893, 41.4859073 ], [ -81.9329264, 41.4859904 ], [ -81.9321271, 41.4860775 ], [ -81.9312633, 41.4861716 ], [ -81.930357, 41.4862703 ], [ -81.9293799, 41.4863767 ], [ -81.9284341, 41.4864956 ], [ -81.9276896, 41.4866987 ], [ -81.9270732, 41.4868669 ], [ -81.9265627, 41.4870061 ], [ -81.9261422, 41.4871208 ], [ -81.9257971, 41.487215 ], [ -81.9255124, 41.4872927 ], [ -81.925272, 41.4873583 ], [ -81.9250715, 41.487413 ], [ -81.9248814, 41.4874648 ], [ -81.9246502, 41.4875279 ], [ -81.9243754, 41.4876029 ], [ -81.9240353, 41.4876956 ], [ -81.9236212, 41.4878086 ], [ -81.9231163, 41.4879463 ], [ -81.9224992, 41.4881147 ], [ -81.921749, 41.4883193 ], [ -81.9208423, 41.4885667 ], [ -81.9197523, 41.488864 ], [ -81.9185123, 41.4892023 ], [ -81.9173848, 41.4890781 ], [ -81.9164607, 41.4889371 ], [ -81.9157032, 41.4888215 ], [ -81.9150852, 41.4887271 ], [ -81.9145695, 41.4886484 ], [ -81.9141547, 41.4885851 ], [ -81.9137999, 41.488531 ], [ -81.9135172, 41.4884878 ], [ -81.9132734, 41.4884506 ], [ -81.9130438, 41.4884156 ], [ -81.9128487, 41.4883858 ], [ -81.912632, 41.4883527 ], [ -81.9123841, 41.4883149 ], [ -81.9120812, 41.4882686 ], [ -81.9117308, 41.4882152 ], [ -81.9113078, 41.4881506 ], [ -81.9108084, 41.4880743 ], [ -81.9102073, 41.4879826 ], [ -81.9094988, 41.4878745 ], [ -81.9086457, 41.4877442 ], [ -81.9076462, 41.4875066 ], [ -81.9065251, 41.4871508 ], [ -81.9055456, 41.4868399 ], [ -81.9047304, 41.4865812 ], [ -81.9040505, 41.4863655 ], [ -81.9034886, 41.4861871 ], [ -81.9030205, 41.4860385 ], [ -81.9026301, 41.4859146 ], [ -81.902303, 41.4858108 ], [ -81.9020384, 41.4857268 ], [ -81.901806, 41.4856618 ], [ -81.9016136, 41.485655 ], [ -81.9014029, 41.4856476 ], [ -81.9011431, 41.4856385 ], [ -81.9008231, 41.4856272 ], [ -81.9004286, 41.4856133 ], [ -81.8999424, 41.4855962 ], [ -81.8993501, 41.4855753 ], [ -81.898696, 41.4855523 ], [ -81.8980109, 41.4855282 ], [ -81.8972744, 41.4855022 ], [ -81.8964389, 41.4854728 ], [ -81.8954621, 41.4854384 ], [ -81.8943172, 41.4853981 ], [ -81.8929603, 41.4853503 ], [ -81.8913564, 41.4851973 ], [ -81.8894861, 41.4848431 ], [ -81.8872532, 41.4844202 ], [ -81.8845662, 41.4839113 ], [ -81.8813586, 41.483197 ], [ -81.8776431, 41.4820902 ], [ -81.8732309, 41.4807971 ], [ -81.8675185, 41.4805855 ], [ -81.8616599, 41.4812934 ], [ -81.857169, 41.4830764 ], [ -81.8534743, 41.4845076 ], [ -81.850354, 41.4855335 ], [ -81.8477984, 41.4863737 ], [ -81.8457036, 41.4870624 ], [ -81.8439596, 41.4875383 ], [ -81.8423729, 41.4874605 ], [ -81.8409982, 41.4873932 ], [ -81.839802, 41.4873346 ], [ -81.8387791, 41.4872844 ], [ -81.8378958, 41.4872411 ], [ -81.8370939, 41.487203 ], [ -81.836461, 41.4874222 ], [ -81.8359598, 41.4876449 ], [ -81.835543, 41.48783 ], [ -81.8352028, 41.4879811 ], [ -81.8349232, 41.4881052 ], [ -81.8346785, 41.4882138 ], [ -81.8344689, 41.4883069 ], [ -81.8342932, 41.488385 ], [ -81.8341223, 41.4884609 ], [ -81.8339272, 41.4885475 ], [ -81.8336966, 41.4886499 ], [ -81.8334165, 41.4887743 ], [ -81.8330742, 41.4889263 ], [ -81.8326539, 41.4891129 ], [ -81.83214, 41.4893412 ], [ -81.8315109, 41.4896206 ], [ -81.8307408, 41.4899625 ], [ -81.8298035, 41.4903787 ], [ -81.8286606, 41.4908863 ], [ -81.8272755, 41.4915014 ], [ -81.8255325, 41.4921423 ], [ -81.8232929, 41.4926634 ], [ -81.8205983, 41.4932904 ], [ -81.8172811, 41.4938479 ], [ -81.8132459, 41.494328 ], [ -81.8086024, 41.4948804 ], [ -81.8032594, 41.4951726 ], [ -81.7970924, 41.4952608 ], [ -81.7899036, 41.4952928 ], [ -81.7815464, 41.4948098 ], [ -81.7724093, 41.4921238 ], [ -81.7625107, 41.4904617 ], [ -81.7538441, 41.4885826 ], [ -81.7460355, 41.4875493 ], [ -81.7393019, 41.4876093 ], [ -81.7337376, 41.4888088 ], [ -81.7291624, 41.4899872 ], [ -81.7249428, 41.4897364 ], [ -81.7211307, 41.4895129 ], [ -81.7179155, 41.4894853 ], [ -81.7152875, 41.4894632 ], [ -81.7131546, 41.4896428 ], [ -81.7114144, 41.4898493 ], [ -81.7099876, 41.4900186 ], [ -81.708817, 41.4901576 ], [ -81.707857, 41.4902715 ], [ -81.7070666, 41.4903653 ], [ -81.7064201, 41.4904421 ], [ -81.7058884, 41.4905052 ], [ -81.7054711, 41.4903886 ], [ -81.7051332, 41.4902738 ], [ -81.7048569, 41.4901799 ], [ -81.7046243, 41.4901008 ], [ -81.7044151, 41.4900297 ], [ -81.7042292, 41.4899666 ], [ -81.7040351, 41.4899006 ], [ -81.7038408, 41.4898346 ], [ -81.7036289, 41.4897626 ], [ -81.703408, 41.4896875 ], [ -81.7031583, 41.4896026 ], [ -81.7028992, 41.4895146 ], [ -81.7026531, 41.489431 ], [ -81.7024256, 41.4893537 ], [ -81.7022123, 41.4892812 ], [ -81.7019658, 41.4891974 ], [ -81.7016999, 41.4891071 ], [ -81.7014068, 41.4890074 ], [ -81.7011149, 41.4889083 ], [ -81.7008471, 41.4888173 ], [ -81.7005933, 41.488731 ], [ -81.7003531, 41.4886494 ], [ -81.7001341, 41.4885749 ], [ -81.6999434, 41.4885101 ], [ -81.6997657, 41.4884498 ], [ -81.6995422, 41.4883738 ], [ -81.6992905, 41.4882883 ], [ -81.6989845, 41.4881895 ], [ -81.6985951, 41.4880938 ], [ -81.6981457, 41.4879838 ], [ -81.6976146, 41.4878539 ], [ -81.6969801, 41.4876986 ], [ -81.6962451, 41.4875188 ], [ -81.695592, 41.4873589 ], [ -81.6950473, 41.4872257 ], [ -81.6945865, 41.4871129 ], [ -81.6941832, 41.4870143 ], [ -81.69382, 41.4869254 ], [ -81.6934987, 41.4868468 ], [ -81.6932093, 41.486776 ], [ -81.6929606, 41.4867151 ], [ -81.6927297, 41.4866586 ], [ -81.6925405, 41.4866123 ], [ -81.6923642, 41.4865692 ], [ -81.6921674, 41.486521 ], [ -81.6919623, 41.4864709 ], [ -81.6917505, 41.4864191 ], [ -81.6915135, 41.4863611 ], [ -81.6912965, 41.486308 ], [ -81.6910664, 41.4862516 ], [ -81.6908272, 41.4861931 ], [ -81.6905814, 41.4861329 ], [ -81.6903329, 41.4860722 ], [ -81.6900875, 41.4860121 ], [ -81.6898275, 41.4859485 ], [ -81.6895472, 41.4858799 ], [ -81.6892478, 41.4858067 ], [ -81.6889295, 41.4857288 ], [ -81.6885867, 41.4856449 ], [ -81.6881957, 41.4855493 ], [ -81.6877467, 41.4854394 ], [ -81.687261, 41.4853205 ], [ -81.6868463, 41.4850883 ], [ -81.686668, 41.4845988 ], [ -81.6864504, 41.4840011 ], [ -81.6861847, 41.4832718 ], [ -81.6858603, 41.4823804 ], [ -81.6854638, 41.4812917 ], [ -81.6849798, 41.4799627 ], [ -81.6844542, 41.4785189 ], [ -81.6839263, 41.477069 ], [ -81.6838471, 41.4755665 ], [ -81.6848374, 41.4738802 ], [ -81.6859313, 41.4720172 ], [ -81.6869412, 41.4702975 ], [ -81.6878905, 41.4686808 ], [ -81.688786, 41.4671558 ], [ -81.6895924, 41.4657324 ], [ -81.6900091, 41.4643253 ], [ -81.6904076, 41.46298 ], [ -81.6907917, 41.4616832 ], [ -81.6911701, 41.4604058 ], [ -81.6915574, 41.459098 ], [ -81.6919411, 41.4578026 ], [ -81.6920409, 41.4564982 ], [ -81.6918439, 41.4551984 ], [ -81.6916489, 41.4539128 ], [ -81.6914593, 41.4526616 ], [ -81.6912968, 41.4515899 ], [ -81.6911635, 41.4507108 ], [ -81.6910548, 41.4499935 ], [ -81.6909643, 41.4493969 ], [ -81.6907918, 41.4489368 ], [ -81.6905012, 41.4485962 ], [ -81.6902598, 41.4483131 ], [ -81.6900633, 41.4480828 ], [ -81.6898988, 41.4478899 ], [ -81.6897619, 41.4477294 ], [ -81.6896452, 41.4475925 ], [ -81.6895392, 41.4474683 ], [ -81.6894242, 41.4473335 ], [ -81.6893108, 41.4472005 ], [ -81.6892022, 41.4470731 ], [ -81.6890781, 41.4469277 ], [ -81.6889316, 41.4467559 ], [ -81.6887818, 41.4465803 ], [ -81.6886306, 41.446403 ], [ -81.688467, 41.4462112 ], [ -81.6882751, 41.4459863 ], [ -81.68805, 41.4457223 ], [ -81.6878085, 41.4454392 ], [ -81.6875615, 41.4451496 ], [ -81.6873024, 41.4448458 ], [ -81.6869873, 41.4445521 ], [ -81.6865033, 41.4443558 ], [ -81.6859783, 41.4441465 ], [ -81.6854542, 41.4439376 ], [ -81.6849559, 41.443739 ], [ -81.6844577, 41.4435404 ], [ -81.6839589, 41.4433416 ], [ -81.6834998, 41.4431586 ], [ -81.6830763, 41.4429898 ], [ -81.6826875, 41.4428348 ], [ -81.6823283, 41.4426917 ], [ -81.6819749, 41.4425508 ], [ -81.6815976, 41.4424004 ], [ -81.681188, 41.4422371 ], [ -81.6807142, 41.4420482 ], [ -81.6801969, 41.4418421 ], [ -81.6797519, 41.4416543 ], [ -81.6794212, 41.4414391 ], [ -81.6791367, 41.4412461 ], [ -81.6788688, 41.4410644 ], [ -81.6786012, 41.4408828 ], [ -81.6783454, 41.4407094 ], [ -81.6781092, 41.4405492 ], [ -81.677881, 41.4403944 ], [ -81.6776443, 41.4402338 ], [ -81.6773815, 41.4400556 ], [ -81.6770786, 41.4398501 ], [ -81.6767729, 41.4396428 ], [ -81.6764676, 41.4394356 ], [ -81.6761599, 41.439227 ], [ -81.6758462, 41.4390142 ], [ -81.6755367, 41.4388043 ], [ -81.6752318, 41.4385974 ], [ -81.674916, 41.4383833 ], [ -81.6745872, 41.4381603 ], [ -81.6742393, 41.4379243 ], [ -81.6738677, 41.4376722 ], [ -81.673471, 41.4374031 ], [ -81.6730439, 41.4371135 ], [ -81.6726646, 41.4367411 ], [ -81.6724165, 41.4362044 ], [ -81.6721169, 41.4355561 ], [ -81.6717552, 41.4347732 ], [ -81.6713855, 41.4339732 ], [ -81.6710659, 41.4332816 ], [ -81.6707809, 41.4326647 ], [ -81.6705215, 41.4321035 ], [ -81.6703017, 41.4316278 ], [ -81.6701169, 41.4312279 ], [ -81.6699575, 41.4308828 ], [ -81.669816, 41.4305766 ], [ -81.6696919, 41.4303082 ], [ -81.6695842, 41.430075 ], [ -81.6694882, 41.4298671 ], [ -81.669399, 41.4296742 ], [ -81.6693153, 41.4294929 ], [ -81.6692356, 41.4293206 ], [ -81.6691684, 41.4291752 ], [ -81.6691076, 41.4290435 ], [ -81.6690438, 41.4289055 ], [ -81.6689797, 41.4287666 ], [ -81.6689106, 41.4286171 ], [ -81.6688468, 41.4284792 ], [ -81.668782, 41.428339 ], [ -81.6687136, 41.4281908 ], [ -81.6686422, 41.4280362 ], [ -81.6685714, 41.4278829 ], [ -81.6684962, 41.4277203 ], [ -81.6684247, 41.4275655 ], [ -81.6683527, 41.4274099 ], [ -81.6682724, 41.427236 ], [ -81.6681776, 41.4270306 ], [ -81.6680675, 41.4267925 ], [ -81.6678892, 41.4265344 ], [ -81.6676335, 41.4262529 ], [ -81.6673426, 41.4259326 ], [ -81.6670169, 41.4255741 ], [ -81.6666969, 41.4252217 ], [ -81.6663878, 41.4248815 ], [ -81.6660738, 41.4245358 ], [ -81.6657676, 41.4241987 ], [ -81.6654961, 41.4238998 ], [ -81.665249, 41.4236278 ], [ -81.6650324, 41.4233893 ], [ -81.6648336, 41.4231704 ], [ -81.6646498, 41.4229681 ], [ -81.6644701, 41.4227703 ], [ -81.6642898, 41.4225718 ], [ -81.6640997, 41.4223625 ], [ -81.6639266, 41.422172 ], [ -81.663748, 41.4219753 ], [ -81.663563, 41.4217717 ], [ -81.6633732, 41.4215626 ], [ -81.6631578, 41.4213255 ], [ -81.6628878, 41.4210979 ], [ -81.6625189, 41.4209071 ], [ -81.6620995, 41.4206902 ], [ -81.661646, 41.4204556 ], [ -81.6611778, 41.4202134 ], [ -81.6606771, 41.4199545 ], [ -81.6601764, 41.4196955 ], [ -81.659678, 41.4194378 ], [ -81.6591867, 41.4191836 ], [ -81.6587245, 41.4189446 ], [ -81.6582929, 41.4187214 ], [ -81.6578732, 41.4185043 ], [ -81.6574762, 41.418299 ], [ -81.6570842, 41.4180962 ], [ -81.6566733, 41.4178837 ], [ -81.6562124, 41.4176453 ], [ -81.6557006, 41.4173806 ], [ -81.6551252, 41.417083 ], [ -81.6544813, 41.4167499 ], [ -81.6537541, 41.4163703 ], [ -81.6529464, 41.4159463 ], [ -81.6520571, 41.4154796 ], [ -81.6512656, 41.4150642 ], [ -81.6505962, 41.4147128 ], [ -81.6500286, 41.4144149 ], [ -81.6495393, 41.4141582 ], [ -81.6491053, 41.4139304 ], [ -81.6487168, 41.4137264 ], [ -81.6483755, 41.4135472 ], [ -81.6480636, 41.4133836 ], [ -81.6477928, 41.4132414 ], [ -81.6475504, 41.4131143 ], [ -81.6473419, 41.4130048 ], [ -81.6471626, 41.4129107 ], [ -81.6469882, 41.4128192 ], [ -81.6468039, 41.4127224 ], [ -81.6466389, 41.4126359 ], [ -81.646453, 41.4125383 ], [ -81.6462408, 41.4124269 ], [ -81.6459822, 41.4122912 ], [ -81.6456842, 41.4121347 ], [ -81.6453343, 41.4119524 ], [ -81.6448489, 41.411855 ], [ -81.6442348, 41.411789 ], [ -81.6434849, 41.4117084 ], [ -81.6425768, 41.4116106 ], [ -81.6415153, 41.4114965 ], [ -81.6404868, 41.4113858 ], [ -81.639581, 41.4112884 ], [ -81.6387964, 41.411204 ], [ -81.6381306, 41.4111324 ], [ -81.6376301, 41.4113342 ], [ -81.6372371, 41.411535 ], [ -81.6369087, 41.4117027 ], [ -81.6366482, 41.4118357 ], [ -81.6364226, 41.4119509 ], [ -81.6362413, 41.4120435 ], [ -81.6360781, 41.4121269 ], [ -81.6359024, 41.4122166 ], [ -81.6356795, 41.4123305 ], [ -81.6354001, 41.4124731 ], [ -81.6350649, 41.4126444 ], [ -81.6346558, 41.4128533 ], [ -81.6341662, 41.4131034 ], [ -81.6337167, 41.4133329 ], [ -81.6333507, 41.4135199 ], [ -81.6330484, 41.4136742 ], [ -81.6328011, 41.4138006 ], [ -81.6326029, 41.4139017 ], [ -81.6324234, 41.4139934 ], [ -81.6322388, 41.4140877 ], [ -81.6320187, 41.4142002 ], [ -81.6317548, 41.4143349 ], [ -81.6314356, 41.414498 ], [ -81.6310489, 41.4146954 ], [ -81.6305717, 41.4149392 ], [ -81.6299904, 41.415236 ], [ -81.6292845, 41.4155965 ], [ -81.629501, 41.4161677 ], [ -81.6300988, 41.4167656 ], [ -81.630696, 41.4173627 ], [ -81.6312906, 41.4179574 ], [ -81.6318878, 41.4185545 ], [ -81.6323978, 41.4190646 ], [ -81.632827, 41.4194938 ], [ -81.6331917, 41.4198585 ], [ -81.6335122, 41.4201789 ], [ -81.6337915, 41.4204583 ], [ -81.6340218, 41.4206886 ], [ -81.6342255, 41.4208922 ], [ -81.6344135, 41.4210803 ], [ -81.6346056, 41.4212725 ], [ -81.6348013, 41.4214681 ], [ -81.6349914, 41.4216581 ], [ -81.6351782, 41.421845 ], [ -81.6353664, 41.4220332 ], [ -81.6355586, 41.4222254 ], [ -81.6357678, 41.4224346 ], [ -81.6360141, 41.4226809 ], [ -81.6362665, 41.4229332 ], [ -81.6364996, 41.4231663 ], [ -81.6367049, 41.4233717 ], [ -81.6368875, 41.4235543 ], [ -81.6370524, 41.4237191 ], [ -81.6371963, 41.4238629 ], [ -81.63733, 41.4239966 ], [ -81.6374448, 41.4241114 ], [ -81.6375585, 41.4242251 ], [ -81.6376782, 41.4243449 ], [ -81.6378746, 41.4243726 ], [ -81.6381603, 41.424331 ], [ -81.6384909, 41.4242823 ], [ -81.6388993, 41.4242222 ], [ -81.6393967, 41.4241491 ], [ -81.6399987, 41.4240605 ], [ -81.6407318, 41.4239527 ], [ -81.6416258, 41.4238211 ], [ -81.6427126, 41.4236612 ], [ -81.6437741, 41.4235051 ], [ -81.6446743, 41.4233726 ], [ -81.6454433, 41.4232595 ], [ -81.6460827, 41.4233924 ], [ -81.6466733, 41.4236742 ], [ -81.6472874, 41.4239671 ], [ -81.6479394, 41.4242781 ], [ -81.6486483, 41.4246162 ], [ -81.6494305, 41.4249893 ], [ -81.6503067, 41.4254072 ], [ -81.6513, 41.425881 ], [ -81.6524386, 41.426424 ], [ -81.6537388, 41.4270442 ], [ -81.6550969, 41.4278696 ], [ -81.6562539, 41.4289322 ], [ -81.6573722, 41.4299593 ], [ -81.6583435, 41.4308515 ], [ -81.6591583, 41.4315998 ], [ -81.6598474, 41.4322327 ], [ -81.6604312, 41.4327689 ], [ -81.6609208, 41.4332186 ], [ -81.6613345, 41.4335985 ], [ -81.6616871, 41.4339208 ], [ -81.6619917, 41.4341839 ], [ -81.6622504, 41.4344071 ], [ -81.6624697, 41.4345963 ], [ -81.6626591, 41.4347597 ], [ -81.6628143, 41.4348935 ], [ -81.6629418, 41.4350035 ], [ -81.6630753, 41.4351186 ], [ -81.6632319, 41.4352537 ], [ -81.6633894, 41.4353896 ], [ -81.6635352, 41.4355154 ], [ -81.6636619, 41.4356246 ], [ -81.6638048, 41.4357479 ], [ -81.663961, 41.4358827 ], [ -81.6641119, 41.4360127 ], [ -81.6642544, 41.4361358 ], [ -81.6643992, 41.4362606 ], [ -81.6645487, 41.4363895 ], [ -81.664704, 41.4365234 ], [ -81.6648451, 41.4366451 ], [ -81.664982, 41.4367632 ], [ -81.6651246, 41.4368863 ], [ -81.6652663, 41.4370085 ], [ -81.6653966, 41.4371208 ], [ -81.6655386, 41.4372433 ], [ -81.6656649, 41.4373522 ], [ -81.6657915, 41.4374615 ], [ -81.6659182, 41.4375708 ], [ -81.6660619, 41.4376948 ], [ -81.6661923, 41.4378071 ], [ -81.6663193, 41.4379167 ], [ -81.666472, 41.4380484 ], [ -81.6666436, 41.4381964 ], [ -81.6668305, 41.4383576 ], [ -81.6670238, 41.4385243 ], [ -81.6672111, 41.4386859 ], [ -81.6673979, 41.438847 ], [ -81.667586, 41.4390093 ], [ -81.6677727, 41.4391702 ], [ -81.6679493, 41.4393226 ], [ -81.6681196, 41.4394695 ], [ -81.6682736, 41.4396023 ], [ -81.6684268, 41.4397344 ], [ -81.6685792, 41.4398659 ], [ -81.6687368, 41.4400018 ], [ -81.6688947, 41.440138 ], [ -81.6690586, 41.4402794 ], [ -81.6692446, 41.4404398 ], [ -81.6694644, 41.4406294 ], [ -81.6697232, 41.4408526 ], [ -81.6700248, 41.4411127 ], [ -81.6703754, 41.4414151 ], [ -81.6707886, 41.4417715 ], [ -81.6712591, 41.4422192 ], [ -81.6718245, 41.4427622 ], [ -81.6724951, 41.4434065 ], [ -81.6731548, 41.4440402 ], [ -81.6737465, 41.4446087 ], [ -81.674294, 41.4451347 ], [ -81.6748198, 41.4456398 ], [ -81.6753427, 41.4461421 ], [ -81.6758894, 41.4466674 ], [ -81.676489, 41.4472434 ], [ -81.6771544, 41.4478826 ], [ -81.6777821, 41.4484855 ], [ -81.6783166, 41.4489989 ], [ -81.6781322, 41.4495556 ], [ -81.6777698, 41.4501625 ], [ -81.6773661, 41.4508386 ], [ -81.6769004, 41.4516184 ], [ -81.676358, 41.4525268 ], [ -81.6757494, 41.4535459 ], [ -81.6750663, 41.4546896 ], [ -81.6742816, 41.4560035 ], [ -81.6734585, 41.4574237 ], [ -81.672689, 41.4587872 ], [ -81.6720276, 41.459959 ], [ -81.6714681, 41.4609506 ], [ -81.6709845, 41.4618074 ], [ -81.6705576, 41.4625639 ], [ -81.670167, 41.4632561 ], [ -81.6698026, 41.4639017 ], [ -81.6694551, 41.4645174 ], [ -81.6691215, 41.4651084 ], [ -81.6688018, 41.4656749 ], [ -81.6684978, 41.4662135 ], [ -81.6682083, 41.4667264 ], [ -81.6680296, 41.4672343 ], [ -81.6679047, 41.4677098 ], [ -81.6677897, 41.4681474 ], [ -81.6676847, 41.4685471 ], [ -81.6675826, 41.4689353 ], [ -81.6674823, 41.4693173 ], [ -81.6673781, 41.4697135 ], [ -81.6672745, 41.4701078 ], [ -81.6671696, 41.4705072 ], [ -81.6670597, 41.4709251 ], [ -81.6669461, 41.4713574 ], [ -81.6668266, 41.4718122 ], [ -81.6666974, 41.472304 ], [ -81.6665616, 41.4728207 ], [ -81.6664211, 41.4733553 ], [ -81.666273, 41.4739189 ], [ -81.6661114, 41.4745334 ], [ -81.6659296, 41.4752254 ], [ -81.6657314, 41.4759794 ], [ -81.665513, 41.4768107 ], [ -81.6652659, 41.4777504 ], [ -81.6650174, 41.4787847 ], [ -81.6657323, 41.4797045 ], [ -81.6663684, 41.480523 ], [ -81.6669055, 41.4812139 ], [ -81.6673594, 41.4817979 ], [ -81.6677504, 41.482301 ], [ -81.6680997, 41.4827502 ], [ -81.6684226, 41.4831658 ], [ -81.6687272, 41.4835577 ], [ -81.668998, 41.483906 ], [ -81.6692421, 41.48422 ], [ -81.66956, 41.4844685 ], [ -81.6699259, 41.4846955 ], [ -81.6702781, 41.484914 ], [ -81.6705726, 41.4850967 ], [ -81.6708113, 41.4852448 ], [ -81.6710115, 41.485369 ], [ -81.6711837, 41.4854758 ], [ -81.6713471, 41.4855772 ], [ -81.6715453, 41.4857001 ], [ -81.6717795, 41.4858455 ], [ -81.6720724, 41.4860271 ], [ -81.6724278, 41.4862476 ], [ -81.6728542, 41.4865121 ], [ -81.6733495, 41.4868194 ], [ -81.6739361, 41.4871833 ], [ -81.6746412, 41.4876206 ], [ -81.6754281, 41.4881087 ], [ -81.676185, 41.4885782 ], [ -81.6768673, 41.4890015 ], [ -81.6774757, 41.4893789 ], [ -81.6780424, 41.4897304 ], [ -81.6786002, 41.4900465 ], [ -81.679152, 41.4903108 ], [ -81.6796645, 41.4905562 ], [ -81.6801431, 41.4907855 ], [ -81.6805913, 41.4910002 ], [ -81.6810349, 41.4912127 ], [ -81.6815023, 41.4914366 ], [ -81.6820144, 41.4916818 ], [ -81.6826016, 41.4919632 ], [ -81.68328, 41.4922881 ], [ -81.6840847, 41.4926736 ], [ -81.6850494, 41.4931355 ], [ -81.6861639, 41.4936694 ], [ -81.68716, 41.4941465 ], [ -81.688002, 41.4945498 ], [ -81.6887247, 41.4948959 ], [ -81.6893365, 41.4952186 ], [ -81.6894378, 41.4957796 ], [ -81.6895081, 41.4964024 ], [ -81.689588, 41.4971119 ], [ -81.689679, 41.4979187 ], [ -81.689785, 41.4988596 ], [ -81.6899101, 41.4999688 ], [ -81.6900598, 41.5012969 ], [ -81.6902403, 41.5028972 ], [ -81.6904587, 41.5048347 ], [ -81.6907239, 41.507187 ], [ -81.6878707, 41.5086415 ], [ -81.68408, 41.5100554 ], [ -81.6798126, 41.5119308 ], [ -81.6748598, 41.514302 ], [ -81.6691223, 41.5174292 ], [ -81.6624397, 41.5211462 ], [ -81.6559266, 41.5241643 ], [ -81.6496045, 41.5264916 ], [ -81.6445855, 41.529604 ], [ -81.6404758, 41.5330112 ], [ -81.6354915, 41.5354491 ], [ -81.6298152, 41.5375393 ], [ -81.6239354, 41.5401125 ], [ -81.6199325, 41.5435622 ], [ -81.6157333, 41.5434317 ], [ -81.6112939, 41.542225 ], [ -81.6069664, 41.5430661 ], [ -81.6030723, 41.5438229 ], [ -81.5999409, 41.5452111 ], [ -81.5972064, 41.5465754 ], [ -81.5947003, 41.5478259 ], [ -81.5923182, 41.5490144 ], [ -81.5898317, 41.5500456 ], [ -81.5871111, 41.5510206 ], [ -81.5841166, 41.5520938 ], [ -81.5813992, 41.5539048 ], [ -81.5787794, 41.5562281 ], [ -81.5753007, 41.558472 ], [ -81.5710929, 41.5610177 ], [ -81.5669383, 41.5637571 ], [ -81.5636022, 41.5660711 ], [ -81.5608591, 41.5679562 ], [ -81.5585958, 41.5694895 ], [ -81.556734, 41.5707371 ], [ -81.5549758, 41.5715381 ], [ -81.5535232, 41.5721974 ], [ -81.5523338, 41.5727374 ], [ -81.5513599, 41.5731795 ], [ -81.5505552, 41.5735448 ], [ -81.5498993, 41.5738425 ], [ -81.5493542, 41.5740899 ], [ -81.548909, 41.574292 ], [ -81.5485406, 41.5744593 ], [ -81.5482358, 41.5745976 ], [ -81.5480002, 41.5747251 ], [ -81.5478524, 41.5748651 ], [ -81.5477217, 41.5749946 ], [ -81.547591, 41.5751242 ], [ -81.5474503, 41.5752636 ], [ -81.5472923, 41.5754202 ], [ -81.547098, 41.5756128 ], [ -81.5468699, 41.5758391 ], [ -81.546593, 41.5761135 ], [ -81.5462594, 41.5764442 ], [ -81.5458505, 41.5768497 ], [ -81.5453532, 41.5773426 ], [ -81.5447508, 41.5779398 ], [ -81.5440236, 41.5786606 ], [ -81.543143, 41.5795336 ], [ -81.5420739, 41.5805933 ], [ -81.5407774, 41.5818786 ], [ -81.5391433, 41.5833089 ], [ -81.5368239, 41.5847517 ], [ -81.5340208, 41.5864954 ], [ -81.5305429, 41.5885385 ], [ -81.526696, 41.5912885 ], [ -81.5230637, 41.5952697 ], [ -81.5182531, 41.5997352 ], [ -81.5134321, 41.6037556 ], [ -81.5094646, 41.6070842 ], [ -81.5062041, 41.6098328 ], [ -81.5034497, 41.6120541 ], [ -81.5010872, 41.6138307 ], [ -81.4991228, 41.6152947 ], [ -81.4971748, 41.6161773 ], [ -81.4955727, 41.6169032 ], [ -81.4942513, 41.6175018 ], [ -81.4931536, 41.6179991 ], [ -81.492244, 41.6184113 ], [ -81.4916357, 41.6188773 ], [ -81.49124, 41.6193413 ], [ -81.4909157, 41.6197216 ], [ -81.4906465, 41.6200373 ], [ -81.4904235, 41.6202988 ], [ -81.4902368, 41.6205178 ], [ -81.4900811, 41.6207003 ], [ -81.48996, 41.6208423 ], [ -81.489852, 41.6209689 ], [ -81.4897276, 41.6211148 ], [ -81.4895773, 41.621291 ], [ -81.4894041, 41.6214942 ], [ -81.489195, 41.6217393 ], [ -81.4889398, 41.6220387 ], [ -81.4886291, 41.6224029 ], [ -81.488254, 41.6228428 ], [ -81.4877927, 41.6233836 ], [ -81.4872372, 41.624035 ], [ -81.4863684, 41.6246488 ], [ -81.4850803, 41.6252031 ], [ -81.483532, 41.6258693 ], [ -81.4816629, 41.6266736 ], [ -81.4794019, 41.6276465 ], [ -81.476442, 41.6284134 ], [ -81.4728203, 41.6291802 ], [ -81.4694957, 41.6315293 ], [ -81.4657245, 41.6345411 ], [ -81.4633634, 41.6391963 ], [ -81.4593553, 41.6433439 ], [ -81.4544196, 41.6459632 ], [ -81.451757, 41.6490506 ], [ -81.450262, 41.6524823 ], [ -81.446717, 41.6541131 ], [ -81.443207, 41.6550494 ], [ -81.440261, 41.6556842 ], [ -81.4376278, 41.6555089 ], [ -81.4354525, 41.6553641 ], [ -81.4336681, 41.6552454 ], [ -81.4324145, 41.6547522 ], [ -81.431462, 41.6541387 ], [ -81.4306476, 41.6536143 ], [ -81.4299468, 41.653163 ], [ -81.4293417, 41.6527733 ], [ -81.4288098, 41.6524307 ], [ -81.4283239, 41.6521178 ], [ -81.4278754, 41.651829 ], [ -81.4274687, 41.6515671 ], [ -81.4270894, 41.6513228 ], [ -81.4267175, 41.6510832 ], [ -81.4263519, 41.6508478 ], [ -81.4260213, 41.6506349 ], [ -81.4257289, 41.6504465 ], [ -81.4254795, 41.6502859 ], [ -81.4252564, 41.6501422 ], [ -81.425071, 41.6500228 ], [ -81.424901, 41.6499133 ], [ -81.4247501, 41.6498162 ], [ -81.4245727, 41.6497019 ], [ -81.4243555, 41.649562 ], [ -81.4240989, 41.6493968 ], [ -81.4237944, 41.6492006 ], [ -81.4234662, 41.6489893 ], [ -81.4231226, 41.648768 ], [ -81.4227535, 41.6485303 ], [ -81.4222737, 41.6483907 ], [ -81.421731, 41.6483278 ], [ -81.421146, 41.6482601 ], [ -81.4205075, 41.6481861 ], [ -81.419772, 41.6481009 ], [ -81.4189023, 41.6480002 ], [ -81.4178712, 41.6478808 ], [ -81.4166297, 41.647737 ], [ -81.4151287, 41.6475632 ], [ -81.4133821, 41.6473438 ], [ -81.4119507, 41.6468751 ], [ -81.4107623, 41.6464858 ], [ -81.4097748, 41.6461624 ], [ -81.4089477, 41.6458915 ], [ -81.408264, 41.6456675 ], [ -81.4076907, 41.6454798 ], [ -81.4072126, 41.6453232 ], [ -81.4068173, 41.6451938 ], [ -81.4064908, 41.6450868 ], [ -81.4062213, 41.6449986 ], [ -81.4059865, 41.6449418 ], [ -81.4059096, 41.6450571 ], [ -81.4058885, 41.6452147 ], [ -81.405869, 41.6453613 ], [ -81.4058487, 41.6455129 ], [ -81.4058291, 41.6456601 ], [ -81.4058107, 41.6457983 ], [ -81.4057926, 41.6459334 ], [ -81.4057742, 41.6460709 ], [ -81.4057558, 41.6462093 ], [ -81.4057377, 41.6463442 ], [ -81.4057182, 41.6464902 ], [ -81.4056983, 41.6466395 ], [ -81.4056782, 41.6467895 ], [ -81.4056594, 41.6469308 ], [ -81.4056395, 41.64708 ], [ -81.4056186, 41.6472363 ], [ -81.4056002, 41.6473741 ], [ -81.4055819, 41.6475117 ], [ -81.4055631, 41.6476522 ], [ -81.4055433, 41.6478004 ], [ -81.4055231, 41.6479516 ], [ -81.4055032, 41.6481009 ], [ -81.4054829, 41.6482533 ], [ -81.4054621, 41.6484087 ], [ -81.4054408, 41.6485677 ], [ -81.4054193, 41.6487295 ], [ -81.4053973, 41.6488944 ], [ -81.4053748, 41.6490626 ], [ -81.4053521, 41.6492329 ], [ -81.4053317, 41.6493856 ], [ -81.4053128, 41.6495267 ], [ -81.4052923, 41.6496803 ], [ -81.4052713, 41.6498373 ], [ -81.4052499, 41.6499976 ], [ -81.4052278, 41.650163 ], [ -81.4052057, 41.6503284 ], [ -81.4051842, 41.6504902 ], [ -81.4051645, 41.6506376 ], [ -81.405144, 41.6507905 ], [ -81.405125, 41.6509334 ], [ -81.4051063, 41.6510733 ], [ -81.405088, 41.6512106 ], [ -81.4050699, 41.6513455 ], [ -81.4050514, 41.6514842 ], [ -81.4050324, 41.6516271 ], [ -81.4050134, 41.6517691 ], [ -81.404994, 41.651914 ], [ -81.4049736, 41.6520671 ], [ -81.4049535, 41.6522179 ], [ -81.4049329, 41.6523719 ], [ -81.4049119, 41.6525288 ], [ -81.4048905, 41.6526896 ], [ -81.4048687, 41.6528525 ], [ -81.4048489, 41.6530008 ], [ -81.4048266, 41.6531681 ], [ -81.4048025, 41.6533484 ], [ -81.4047774, 41.6535362 ], [ -81.4047511, 41.6537334 ], [ -81.4047214, 41.6539559 ], [ -81.4046869, 41.654214 ], [ -81.4046472, 41.6545113 ], [ -81.4046052, 41.654826 ], [ -81.4045666, 41.6551151 ], [ -81.4045328, 41.655368 ], [ -81.4045033, 41.6555891 ], [ -81.4044757, 41.6557958 ], [ -81.4044473, 41.6560086 ], [ -81.4044149, 41.6562509 ], [ -81.4043779, 41.6565279 ], [ -81.4043384, 41.6568239 ], [ -81.4042974, 41.6571306 ], [ -81.4042551, 41.6574472 ], [ -81.4042104, 41.6577826 ], [ -81.4041651, 41.6581515 ], [ -81.4041384, 41.6585806 ], [ -81.4041081, 41.6590823 ], [ -81.4040726, 41.6596723 ], [ -81.4040309, 41.6603638 ], [ -81.4039815, 41.6611846 ], [ -81.4039219, 41.6621753 ], [ -81.4038496, 41.6633735 ], [ -81.4037642, 41.6647925 ], [ -81.4036843, 41.666118 ], [ -81.4031678, 41.6671371 ], [ -81.4023708, 41.6679124 ], [ -81.4016763, 41.6685881 ], [ -81.4010501, 41.6691973 ], [ -81.4004706, 41.6697612 ], [ -81.3999138, 41.6703029 ], [ -81.3993878, 41.6708146 ], [ -81.3989246, 41.6712651 ], [ -81.3985224, 41.6716577 ], [ -81.3981693, 41.6720211 ], [ -81.3978389, 41.6723629 ], [ -81.3975167, 41.6726963 ], [ -81.3972264, 41.6729966 ], [ -81.3969647, 41.6732674 ], [ -81.3967291, 41.673511 ], [ -81.3965165, 41.673731 ], [ -81.3963377, 41.673916 ], [ -81.3961829, 41.6740762 ], [ -81.396057, 41.6742063 ], [ -81.3959397, 41.6743278 ], [ -81.3958009, 41.6744713 ], [ -81.3956363, 41.6746416 ], [ -81.3954486, 41.6748357 ], [ -81.3952349, 41.6750568 ], [ -81.3950085, 41.6752911 ], [ -81.3947628, 41.6755452 ], [ -81.3945054, 41.6758115 ], [ -81.3942408, 41.6760852 ], [ -81.3939672, 41.6763683 ], [ -81.393679, 41.6766664 ], [ -81.3933676, 41.6769885 ], [ -81.3930336, 41.677334 ], [ -81.3926687, 41.6777115 ], [ -81.3922678, 41.6781262 ], [ -81.391793, 41.6785621 ], [ -81.391239, 41.6790236 ], [ -81.3906263, 41.679534 ], [ -81.3899385, 41.680107 ], [ -81.3892266, 41.6807002 ], [ -81.3885224, 41.6812868 ], [ -81.3877859, 41.6818859 ], [ -81.3867441, 41.6820945 ], [ -81.3857558, 41.6822607 ], [ -81.3848111, 41.6824196 ], [ -81.3838906, 41.6825745 ], [ -81.3830083, 41.6827228 ], [ -81.3821671, 41.6828643 ], [ -81.3813535, 41.6830012 ], [ -81.3805781, 41.6831316 ], [ -81.3798332, 41.6832569 ], [ -81.3791105, 41.6833784 ], [ -81.37841, 41.6834962 ], [ -81.3779727, 41.6839425 ], [ -81.37752, 41.6844865 ], [ -81.3769908, 41.6851225 ], [ -81.3763654, 41.6858741 ], [ -81.3756363, 41.6867502 ], [ -81.3748547, 41.6876894 ], [ -81.3741989, 41.6884775 ], [ -81.3736609, 41.6891241 ], [ -81.3732188, 41.6896553 ], [ -81.3728512, 41.6900969 ], [ -81.3725478, 41.6904616 ], [ -81.3722942, 41.6907664 ], [ -81.3720804, 41.6910231 ], [ -81.3719053, 41.6912336 ], [ -81.3717601, 41.6914081 ], [ -81.3716349, 41.6915586 ], [ -81.3715208, 41.6916956 ], [ -81.3713995, 41.6918414 ], [ -81.3712651, 41.6920028 ], [ -81.3711094, 41.69219 ], [ -81.3709311, 41.6924041 ], [ -81.3707064, 41.692651 ], [ -81.370443, 41.6929193 ], [ -81.3701411, 41.6932268 ], [ -81.36978, 41.6935947 ], [ -81.3693652, 41.6940172 ], [ -81.3688753, 41.6945162 ], [ -81.3682903, 41.6951121 ], [ -81.3675882, 41.6958273 ], [ -81.3667676, 41.696663 ], [ -81.3660436, 41.6974005 ], [ -81.3654436, 41.6980116 ], [ -81.3649463, 41.6985182 ], [ -81.364529, 41.6989433 ], [ -81.3641728, 41.6993061 ], [ -81.363861, 41.6996237 ], [ -81.3635737, 41.6999163 ], [ -81.36329, 41.7002053 ], [ -81.3630036, 41.7004969 ], [ -81.3627017, 41.7008044 ], [ -81.3623674, 41.7011449 ], [ -81.361881, 41.7012534 ], [ -81.3613645, 41.7010987 ], [ -81.360897, 41.7009588 ], [ -81.3604906, 41.7008371 ], [ -81.360133, 41.7007301 ], [ -81.3598234, 41.7006374 ], [ -81.3595554, 41.7005572 ], [ -81.3593277, 41.700489 ], [ -81.3591334, 41.7004308 ], [ -81.3589491, 41.7003757 ], [ -81.3587402, 41.7003131 ], [ -81.3584938, 41.7002393 ], [ -81.358214, 41.7001556 ], [ -81.3579096, 41.7000644 ], [ -81.3575722, 41.6999635 ], [ -81.3571819, 41.6998466 ], [ -81.3567492, 41.6997171 ], [ -81.3562624, 41.6995713 ], [ -81.3557254, 41.6994106 ], [ -81.3551222, 41.69923 ], [ -81.3544586, 41.6990314 ], [ -81.3537202, 41.6988103 ], [ -81.3529268, 41.6985727 ], [ -81.3520568, 41.6983498 ], [ -81.3511456, 41.698562 ], [ -81.3502416, 41.6987726 ], [ -81.349302, 41.6989915 ], [ -81.3482813, 41.6992293 ], [ -81.3471331, 41.6994968 ], [ -81.3458052, 41.6998061 ], [ -81.3443304, 41.7001497 ], [ -81.3428103, 41.7005039 ], [ -81.3412007, 41.7008788 ], [ -81.3395271, 41.7012092 ], [ -81.337815, 41.7014699 ], [ -81.336388, 41.7016872 ], [ -81.3352173, 41.7018654 ], [ -81.3342579, 41.7020115 ], [ -81.3334652, 41.7021322 ], [ -81.332817, 41.7022398 ], [ -81.3323968, 41.7025018 ], [ -81.3320679, 41.7027393 ], [ -81.3317994, 41.7029328 ], [ -81.3315745, 41.7030952 ], [ -81.3313816, 41.7032343 ], [ -81.3312098, 41.7033584 ], [ -81.3310545, 41.7034704 ], [ -81.3308772, 41.7035982 ], [ -81.3306818, 41.7037393 ], [ -81.3304545, 41.7039033 ], [ -81.3301877, 41.7040958 ], [ -81.3298681, 41.7043264 ], [ -81.3294784, 41.7046075 ], [ -81.3290142, 41.7049424 ], [ -81.3285037, 41.7053107 ], [ -81.32806, 41.7056308 ], [ -81.3276878, 41.7058994 ], [ -81.3273682, 41.7061299 ], [ -81.3270914, 41.7063297 ], [ -81.3268462, 41.7065066 ], [ -81.3266267, 41.7066649 ], [ -81.3264179, 41.7068156 ], [ -81.3262441, 41.706941 ], [ -81.326094, 41.7070493 ], [ -81.3259592, 41.7071464 ], [ -81.32581, 41.7072541 ], [ -81.3256463, 41.7073722 ], [ -81.3254654, 41.7075027 ], [ -81.3252699, 41.7076438 ], [ -81.3250591, 41.7077958 ], [ -81.3248159, 41.7079713 ], [ -81.3245438, 41.7081676 ], [ -81.3242308, 41.7083934 ], [ -81.3238659, 41.7086567 ], [ -81.3234598, 41.7089497 ], [ -81.3232477, 41.70936 ], [ -81.3232206, 41.7099299 ], [ -81.323188, 41.710616 ], [ -81.3231506, 41.7114062 ], [ -81.323118, 41.7120922 ], [ -81.3230912, 41.7126581 ], [ -81.323069, 41.713125 ], [ -81.3230507, 41.7135118 ], [ -81.3230358, 41.713825 ], [ -81.3230236, 41.7140805 ], [ -81.3230137, 41.7142899 ], [ -81.3230054, 41.7144653 ], [ -81.3229978, 41.7146245 ], [ -81.3229907, 41.7147764 ], [ -81.322982, 41.7149586 ], [ -81.3229715, 41.7151791 ], [ -81.3229589, 41.7154464 ], [ -81.3229437, 41.7157667 ], [ -81.3229253, 41.7161542 ], [ -81.3225151, 41.716463 ], [ -81.3219574, 41.7167615 ], [ -81.3213479, 41.7170878 ], [ -81.3206801, 41.7174452 ], [ -81.3199307, 41.7178463 ], [ -81.3190869, 41.718298 ], [ -81.3181385, 41.7188056 ], [ -81.3170737, 41.7193755 ], [ -81.3158598, 41.7200252 ], [ -81.3144479, 41.720781 ], [ -81.312596, 41.7213711 ], [ -81.310397, 41.7218993 ], [ -81.3079763, 41.7224809 ], [ -81.3053669, 41.7231077 ], [ -81.3025093, 41.723598 ], [ -81.2994491, 41.723952 ], [ -81.2962835, 41.7243181 ], [ -81.2929131, 41.7247088 ], [ -81.2899405, 41.7264345 ], [ -81.2873567, 41.727993 ], [ -81.2848021, 41.7279575 ], [ -81.2824625, 41.7275157 ], [ -81.2804171, 41.7271295 ], [ -81.2786337, 41.7267928 ], [ -81.2771339, 41.7265096 ], [ -81.2758666, 41.7262703 ], [ -81.2747779, 41.726089 ], [ -81.2739871, 41.7264697 ], [ -81.2733497, 41.7268006 ], [ -81.2728302, 41.7270704 ], [ -81.2724003, 41.7272935 ], [ -81.2720522, 41.7274742 ], [ -81.271771, 41.7276203 ], [ -81.2715311, 41.7277447 ], [ -81.2713335, 41.7278473 ], [ -81.2711672, 41.7279337 ], [ -81.270989, 41.7280262 ], [ -81.2707689, 41.7281405 ], [ -81.2705105, 41.7282746 ], [ -81.2701975, 41.7284371 ], [ -81.2698188, 41.7286337 ], [ -81.2693673, 41.7288681 ], [ -81.2688167, 41.7291539 ], [ -81.2681566, 41.7294966 ], [ -81.2674247, 41.72997 ], [ -81.2666066, 41.7305799 ], [ -81.2657068, 41.7312507 ], [ -81.264891, 41.7318588 ], [ -81.2641294, 41.7324265 ], [ -81.2633869, 41.7329799 ], [ -81.2626381, 41.7335382 ], [ -81.2618683, 41.734112 ], [ -81.2610552, 41.7347181 ], [ -81.2601602, 41.7353851 ], [ -81.2591942, 41.7361007 ], [ -81.258079, 41.7367035 ], [ -81.2568899, 41.7373351 ], [ -81.2556084, 41.7380157 ], [ -81.2541785, 41.7387752 ], [ -81.2525335, 41.7396489 ], [ -81.2506234, 41.740646 ], [ -81.2479817, 41.7408207 ], [ -81.2452498, 41.7409959 ], [ -81.2433025, 41.7402606 ], [ -81.2417644, 41.7391368 ], [ -81.2404725, 41.7381929 ], [ -81.2394115, 41.7374177 ], [ -81.2385411, 41.7367817 ], [ -81.2378279, 41.7362607 ], [ -81.2372431, 41.7358332 ], [ -81.2367648, 41.7354838 ], [ -81.2363766, 41.7352001 ], [ -81.2360599, 41.7349686 ], [ -81.2357858, 41.734873 ], [ -81.235586, 41.73509 ], [ -81.2353865, 41.7353216 ], [ -81.2351769, 41.7355647 ], [ -81.2349454, 41.7358333 ], [ -81.2347083, 41.7361084 ], [ -81.2344547, 41.7364027 ], [ -81.2341835, 41.7367173 ], [ -81.2338732, 41.7370774 ], [ -81.2335097, 41.7374991 ], [ -81.2330965, 41.7379784 ], [ -81.2327253, 41.738409 ], [ -81.2324128, 41.7387716 ], [ -81.2321433, 41.7390843 ], [ -81.2319057, 41.7393599 ], [ -81.2317045, 41.7395933 ], [ -81.2315271, 41.7397992 ], [ -81.2313794, 41.7399705 ], [ -81.2312481, 41.7401229 ], [ -81.231135, 41.7402539 ], [ -81.2310232, 41.7403837 ], [ -81.2308934, 41.7405343 ], [ -81.2307341, 41.7407191 ], [ -81.2305491, 41.7409337 ], [ -81.2303261, 41.7411924 ], [ -81.2300614, 41.7414996 ], [ -81.2297411, 41.7418711 ], [ -81.2293611, 41.7423119 ], [ -81.2288981, 41.742849 ], [ -81.2283442, 41.7434917 ], [ -81.227765, 41.7441635 ], [ -81.2278027, 41.744793 ], [ -81.22799, 41.7453544 ], [ -81.2281545, 41.7458478 ], [ -81.2282989, 41.7462805 ], [ -81.2284252, 41.7466593 ], [ -81.2285372, 41.7469952 ], [ -81.2286393, 41.7473011 ], [ -81.2287303, 41.7475743 ], [ -81.2288136, 41.7478241 ], [ -81.2288879, 41.7480469 ], [ -81.2289582, 41.7482574 ], [ -81.2290239, 41.7484544 ], [ -81.2290862, 41.7486412 ], [ -81.2291435, 41.7488131 ], [ -81.2291918, 41.7489579 ], [ -81.2292381, 41.7490967 ], [ -81.2292853, 41.7492383 ], [ -81.2293386, 41.7493979 ], [ -81.2293992, 41.7495798 ], [ -81.2294696, 41.7497906 ], [ -81.2295475, 41.7500246 ], [ -81.2296341, 41.7502841 ], [ -81.229735, 41.7505867 ], [ -81.2298523, 41.7509384 ], [ -81.2299908, 41.7513534 ], [ -81.230156, 41.7518486 ], [ -81.230355, 41.7524457 ], [ -81.2305946, 41.7531639 ], [ -81.2308815, 41.7540208 ], [ -81.2311699, 41.7548654 ], [ -81.2314178, 41.7555916 ], [ -81.2316365, 41.7562319 ], [ -81.2318334, 41.7568087 ], [ -81.2320042, 41.7573088 ], [ -81.2321494, 41.757734 ], [ -81.2322711, 41.7580904 ], [ -81.2323713, 41.7583839 ], [ -81.2324527, 41.7586224 ], [ -81.2325223, 41.7588263 ], [ -81.2325794, 41.7589936 ], [ -81.232627, 41.7591326 ], [ -81.2326872, 41.759309 ], [ -81.2327585, 41.7595178 ], [ -81.2328429, 41.759765 ], [ -81.2329468, 41.7600692 ], [ -81.2330736, 41.7604407 ], [ -81.2332259, 41.7608867 ], [ -81.2334112, 41.7614292 ], [ -81.2333935, 41.7620509 ], [ -81.2326578, 41.7626315 ], [ -81.2318108, 41.7632998 ], [ -81.2308247, 41.764078 ], [ -81.2296702, 41.764989 ], [ -81.2282998, 41.7660704 ], [ -81.226663, 41.7669164 ], [ -81.2249995, 41.7673636 ], [ -81.223604, 41.7677388 ], [ -81.2224324, 41.7680538 ], [ -81.221404, 41.7682151 ], [ -81.2205199, 41.7683347 ], [ -81.2197515, 41.7684386 ], [ -81.2190862, 41.7685286 ], [ -81.2185392, 41.7686025 ], [ -81.218091, 41.7686632 ], [ -81.2177188, 41.7687135 ], [ -81.2174217, 41.7687536 ], [ -81.2171714, 41.7687875 ], [ -81.2169537, 41.7688169 ], [ -81.2167442, 41.7688452 ], [ -81.2164992, 41.7688784 ], [ -81.2162012, 41.7689187 ], [ -81.2158375, 41.7689679 ], [ -81.215405, 41.7690263 ], [ -81.2148782, 41.7690976 ], [ -81.2143725, 41.7691659 ], [ -81.214011, 41.7693208 ], [ -81.2137486, 41.7695109 ], [ -81.2135381, 41.7696636 ], [ -81.2133571, 41.7697948 ], [ -81.2132019, 41.7699073 ], [ -81.2130287, 41.7700329 ], [ -81.2128291, 41.7701776 ], [ -81.2125896, 41.7703513 ], [ -81.2122991, 41.7705619 ], [ -81.211943, 41.77082 ], [ -81.2115369, 41.7711144 ], [ -81.2111416, 41.771401 ], [ -81.2107516, 41.7716837 ], [ -81.2103442, 41.7719791 ], [ -81.2099115, 41.7722928 ], [ -81.2094663, 41.7726155 ], [ -81.2090117, 41.7729451 ], [ -81.2085278, 41.7732959 ], [ -81.2080055, 41.7736745 ], [ -81.2074452, 41.7740807 ], [ -81.2068464, 41.7745148 ], [ -81.2061931, 41.7749884 ], [ -81.205459, 41.7755206 ], [ -81.2044863, 41.7759763 ], [ -81.2033407, 41.776159 ], [ -81.2023553, 41.7763162 ], [ -81.2015003, 41.7764526 ], [ -81.200747, 41.7765727 ], [ -81.2000802, 41.7766791 ], [ -81.1994796, 41.7767748 ], [ -81.198933, 41.776862 ], [ -81.1984232, 41.7769433 ], [ -81.1979198, 41.7770236 ], [ -81.1974206, 41.7771032 ], [ -81.1969295, 41.7771318 ], [ -81.19641, 41.7770954 ], [ -81.1958713, 41.7770578 ], [ -81.1952995, 41.7770179 ], [ -81.194691, 41.7769754 ], [ -81.1940533, 41.7769308 ], [ -81.1933836, 41.7768841 ], [ -81.1927013, 41.7768364 ], [ -81.1921248, 41.7767962 ], [ -81.191641, 41.7767638 ], [ -81.1912379, 41.7767467 ], [ -81.1908998, 41.776733 ], [ -81.1906288, 41.776722 ], [ -81.1904093, 41.7767131 ], [ -81.1902045, 41.7767048 ], [ -81.1899583, 41.7766947 ], [ -81.1896679, 41.776683 ], [ -81.1893291, 41.7766692 ], [ -81.188923, 41.7766527 ], [ -81.1884302, 41.7766327 ], [ -81.1878427, 41.7766088 ], [ -81.1871383, 41.7765802 ], [ -81.1863029, 41.7765462 ], [ -81.1852974, 41.7765054 ], [ -81.1842588, 41.7764632 ], [ -81.1833847, 41.7764277 ], [ -81.1826579, 41.7763981 ], [ -81.1820447, 41.7763732 ], [ -81.1815153, 41.7763517 ], [ -81.18117, 41.7765164 ], [ -81.1809439, 41.7767385 ], [ -81.1807529, 41.7769261 ], [ -81.1805993, 41.7770769 ], [ -81.1804657, 41.7772081 ], [ -81.1803325, 41.7773389 ], [ -81.1801799, 41.7774888 ], [ -81.1800017, 41.7776638 ], [ -81.1797907, 41.7778711 ], [ -81.1795329, 41.7781243 ], [ -81.1792307, 41.778421 ], [ -81.1788666, 41.7787787 ], [ -81.1784466, 41.7791912 ], [ -81.1780089, 41.779621 ], [ -81.1775342, 41.7800872 ], [ -81.1770049, 41.7806071 ], [ -81.1765163, 41.7810869 ], [ -81.1761169, 41.7814791 ], [ -81.175788, 41.7818022 ], [ -81.1755142, 41.782071 ], [ -81.1752919, 41.7822893 ], [ -81.1751087, 41.7824692 ], [ -81.1749614, 41.7826139 ], [ -81.1748397, 41.7827335 ], [ -81.1747063, 41.7828644 ], [ -81.1745575, 41.7830105 ], [ -81.1743676, 41.783197 ], [ -81.1741369, 41.7834236 ], [ -81.1738589, 41.7836966 ], [ -81.1735191, 41.7840303 ], [ -81.1731091, 41.784433 ], [ -81.172511, 41.784827 ], [ -81.1719213, 41.7851379 ], [ -81.1714375, 41.7853929 ], [ -81.1710382, 41.7856034 ], [ -81.1707107, 41.7857761 ], [ -81.1704386, 41.7859195 ], [ -81.1702132, 41.7860384 ], [ -81.1700314, 41.7861342 ], [ -81.1698538, 41.7862278 ], [ -81.1696452, 41.7863378 ], [ -81.1693982, 41.7864681 ], [ -81.169107, 41.7866216 ], [ -81.1687438, 41.786813 ], [ -81.1683009, 41.7870465 ], [ -81.167767, 41.787328 ], [ -81.1671241, 41.7876669 ], [ -81.1665344, 41.7879778 ], [ -81.1659975, 41.7881529 ], [ -81.1655241, 41.7882716 ], [ -81.1651258, 41.7883715 ], [ -81.1647875, 41.7884563 ], [ -81.1645044, 41.7885273 ], [ -81.1642543, 41.78859 ], [ -81.1640383, 41.7886442 ], [ -81.1638339, 41.7886954 ], [ -81.1636243, 41.788748 ], [ -81.1633864, 41.7888076 ], [ -81.163097, 41.7888802 ], [ -81.1627636, 41.7889638 ], [ -81.1623757, 41.7890611 ], [ -81.1619163, 41.7891763 ], [ -81.1613575, 41.7893164 ], [ -81.1606811, 41.789486 ], [ -81.1599445, 41.7896707 ], [ -81.1593284, 41.7898253 ], [ -81.1588282, 41.7899507 ], [ -81.1584201, 41.7900531 ], [ -81.1580836, 41.7901374 ], [ -81.1577957, 41.7902096 ], [ -81.157569, 41.7902665 ], [ -81.1573629, 41.7903181 ], [ -81.1571501, 41.7903715 ], [ -81.1569064, 41.7904326 ], [ -81.1565981, 41.7905099 ], [ -81.1562276, 41.7906028 ], [ -81.1557727, 41.7906735 ], [ -81.1552058, 41.7907116 ], [ -81.154521, 41.7907577 ], [ -81.1537001, 41.7908129 ], [ -81.1526948, 41.7908804 ], [ -81.1514853, 41.7909617 ], [ -81.150054, 41.7910579 ], [ -81.1487374, 41.7911464 ], [ -81.1476157, 41.7912217 ], [ -81.1469669, 41.7915731 ], [ -81.1467642, 41.7921629 ], [ -81.1465932, 41.7926602 ], [ -81.1464483, 41.7930818 ], [ -81.1463275, 41.7934335 ], [ -81.1462232, 41.7937369 ], [ -81.1461365, 41.7939889 ], [ -81.1460591, 41.7942144 ], [ -81.145994, 41.7944038 ], [ -81.1459377, 41.7945676 ], [ -81.1458837, 41.7947247 ], [ -81.1458257, 41.7948933 ], [ -81.1457601, 41.7950842 ], [ -81.1456854, 41.7953014 ], [ -81.1455984, 41.7955547 ], [ -81.1454916, 41.795865 ], [ -81.1453678, 41.7962256 ], [ -81.1452207, 41.7966534 ], [ -81.1450445, 41.7971662 ], [ -81.1448352, 41.7977747 ], [ -81.1445867, 41.7984977 ], [ -81.144294, 41.7993492 ], [ -81.1439728, 41.8002838 ], [ -81.1436656, 41.8011771 ], [ -81.1433916, 41.8019743 ], [ -81.1431208, 41.8026696 ], [ -81.1424162, 41.8029811 ], [ -81.1418221, 41.8032206 ], [ -81.1413316, 41.8034182 ], [ -81.1409318, 41.8035794 ], [ -81.1406038, 41.8037116 ], [ -81.1403321, 41.8038212 ], [ -81.1401071, 41.8039119 ], [ -81.1399237, 41.8039858 ], [ -81.1397247, 41.804066 ], [ -81.1394997, 41.8041567 ], [ -81.1392178, 41.8042703 ], [ -81.1388741, 41.8044088 ], [ -81.1384518, 41.8045791 ], [ -81.1379471, 41.8047825 ], [ -81.1373362, 41.8050287 ], [ -81.1367133, 41.8052799 ], [ -81.1361795, 41.805495 ], [ -81.1357261, 41.8056777 ], [ -81.1353428, 41.8058323 ], [ -81.1350159, 41.805964 ], [ -81.134734, 41.806072 ], [ -81.1344903, 41.8061478 ], [ -81.1342557, 41.8062187 ], [ -81.1340521, 41.8062803 ], [ -81.1338486, 41.8063419 ], [ -81.1336715, 41.8063955 ], [ -81.1334791, 41.8064537 ], [ -81.133278, 41.8065146 ], [ -81.1330642, 41.8065793 ], [ -81.132824, 41.806652 ], [ -81.1325679, 41.8067295 ], [ -81.1322957, 41.8068118 ], [ -81.1319747, 41.806909 ], [ -81.1316193, 41.8070165 ], [ -81.1312409, 41.807131 ], [ -81.1308337, 41.8072543 ], [ -81.1304267, 41.8073774 ], [ -81.1300115, 41.807503 ], [ -81.1295805, 41.8076335 ], [ -81.1291615, 41.8078384 ], [ -81.12874, 41.8081277 ], [ -81.128248, 41.8084652 ], [ -81.1276651, 41.8088652 ], [ -81.1269757, 41.8093382 ], [ -81.126159, 41.8098987 ], [ -81.1251806, 41.8105701 ], [ -81.1240191, 41.811367 ], [ -81.1226178, 41.8123286 ], [ -81.1205584, 41.8125698 ], [ -81.1187011, 41.8126414 ], [ -81.1171654, 41.8127007 ], [ -81.1159071, 41.8127492 ], [ -81.1148674, 41.8127893 ], [ -81.1140242, 41.8128219 ], [ -81.1133391, 41.8128483 ], [ -81.1127737, 41.81287 ], [ -81.112306, 41.8128881 ], [ -81.1119202, 41.8128867 ], [ -81.1116092, 41.8128635 ], [ -81.1113593, 41.8128449 ], [ -81.111158, 41.8128299 ], [ -81.1109585, 41.812815 ], [ -81.1107103, 41.8127965 ], [ -81.1104017, 41.8127735 ], [ -81.1100295, 41.8127457 ], [ -81.1095871, 41.8127127 ], [ -81.1090742, 41.8126745 ], [ -81.1084682, 41.8126293 ], [ -81.107749, 41.8125757 ], [ -81.1068902, 41.8125116 ], [ -81.1058844, 41.8124367 ], [ -81.1049713, 41.8123686 ], [ -81.1042077, 41.8123116 ], [ -81.1035774, 41.8122647 ], [ -81.1030464, 41.8122403 ], [ -81.1026409, 41.8123447 ], [ -81.102303, 41.8124405 ], [ -81.1020287, 41.8125183 ], [ -81.1018028, 41.8125824 ], [ -81.1016088, 41.8126374 ], [ -81.1014008, 41.8126964 ], [ -81.1011661, 41.812763 ], [ -81.1008798, 41.8128442 ], [ -81.1005332, 41.8129424 ], [ -81.1001131, 41.8130616 ], [ -81.099602, 41.8132065 ], [ -81.0989791, 41.8133831 ], [ -81.0982183, 41.8135989 ], [ -81.0972895, 41.8138622 ], [ -81.096242, 41.8141593 ], [ -81.0954355, 41.8146032 ], [ -81.0949501, 41.8151644 ], [ -81.0945366, 41.8156426 ], [ -81.0941887, 41.816045 ], [ -81.0938952, 41.8163843 ], [ -81.093641, 41.8166784 ], [ -81.0934143, 41.8169405 ], [ -81.0932078, 41.8171794 ], [ -81.0930309, 41.8173839 ], [ -81.0928834, 41.8175544 ], [ -81.0927607, 41.8176964 ], [ -81.0926436, 41.8178318 ], [ -81.0925262, 41.8179676 ], [ -81.0923991, 41.8181146 ], [ -81.0922419, 41.8182963 ], [ -81.0920535, 41.8185142 ], [ -81.0918222, 41.8187817 ], [ -81.0915457, 41.8191015 ], [ -81.0912023, 41.8194985 ], [ -81.0907879, 41.8199777 ], [ -81.0902963, 41.8205463 ], [ -81.0897284, 41.8212029 ], [ -81.0890585, 41.8219776 ], [ -81.0881895, 41.8228235 ], [ -81.0865799, 41.8229065 ], [ -81.0849482, 41.8229906 ], [ -81.0832854, 41.8230764 ], [ -81.0815738, 41.8231646 ], [ -81.0798747, 41.8232522 ], [ -81.0781658, 41.8234944 ], [ -81.0763557, 41.8238541 ], [ -81.0744669, 41.8242293 ], [ -81.0725345, 41.824183 ], [ -81.0706407, 41.8240086 ], [ -81.0687979, 41.8238389 ], [ -81.067061, 41.8236791 ], [ -81.0653845, 41.8236995 ], [ -81.0636947, 41.8238393 ], [ -81.0619933, 41.8239803 ], [ -81.060248, 41.8241249 ], [ -81.0584077, 41.8242773 ], [ -81.0564767, 41.8244372 ], [ -81.0545079, 41.8246003 ], [ -81.0525337, 41.8245677 ], [ -81.0505642, 41.8244943 ], [ -81.0487845, 41.824428 ], [ -81.0473055, 41.8243729 ], [ -81.0460483, 41.824326 ], [ -81.0449708, 41.8242859 ], [ -81.0440517, 41.8242516 ], [ -81.0432882, 41.8242232 ], [ -81.0426513, 41.8241984 ], [ -81.0421665, 41.8240602 ], [ -81.0417779, 41.8239154 ], [ -81.0414599, 41.823797 ], [ -81.041205, 41.8237021 ], [ -81.0409917, 41.8236226 ], [ -81.0408184, 41.8235581 ], [ -81.0406092, 41.8234801 ], [ -81.0403699, 41.823391 ], [ -81.0400762, 41.8232816 ], [ -81.0397219, 41.8231497 ], [ -81.0392981, 41.8229918 ], [ -81.0387743, 41.8227968 ], [ -81.0381847, 41.8225772 ], [ -81.0376709, 41.8223858 ], [ -81.0372526, 41.82223 ], [ -81.0369078, 41.8221016 ], [ -81.0366222, 41.8219953 ], [ -81.0363964, 41.8219111 ], [ -81.0362, 41.821838 ], [ -81.0360017, 41.8217641 ], [ -81.0357629, 41.8216752 ], [ -81.0354816, 41.8215705 ], [ -81.0351348, 41.8214413 ], [ -81.0347151, 41.821285 ], [ -81.0342026, 41.8210941 ], [ -81.0335854, 41.8208642 ], [ -81.0327842, 41.8207934 ], [ -81.0318067, 41.8209255 ], [ -81.0307021, 41.8210746 ], [ -81.0297545, 41.8212025 ], [ -81.0289749, 41.8213078 ], [ -81.0283364, 41.821394 ], [ -81.0278161, 41.8214642 ], [ -81.0273843, 41.8215226 ], [ -81.0270326, 41.8215701 ], [ -81.026745, 41.8216089 ], [ -81.0265004, 41.8216419 ], [ -81.0263055, 41.8216724 ], [ -81.0261027, 41.8217178 ], [ -81.0258466, 41.8217788 ], [ -81.0255444, 41.8218509 ], [ -81.0251794, 41.8219379 ], [ -81.0247404, 41.8220425 ], [ -81.0242065, 41.8221699 ], [ -81.0236698, 41.8222978 ], [ -81.0232346, 41.8224015 ], [ -81.0228671, 41.8224892 ], [ -81.0225739, 41.822559 ], [ -81.0223304, 41.8226171 ], [ -81.0221221, 41.8226668 ], [ -81.0219279, 41.8227131 ], [ -81.0216982, 41.8227678 ], [ -81.0214253, 41.8228329 ], [ -81.0210878, 41.8229134 ], [ -81.0206771, 41.8230113 ], [ -81.020175, 41.8231062 ], [ -81.0195519, 41.8230205 ], [ -81.0187999, 41.8229042 ], [ -81.0179222, 41.8227684 ], [ -81.0171407, 41.8226476 ], [ -81.0164946, 41.8225476 ], [ -81.0159654, 41.8224658 ], [ -81.0155188, 41.8223968 ], [ -81.015143, 41.8223386 ], [ -81.0148242, 41.8222893 ], [ -81.0145604, 41.8222485 ], [ -81.0143319, 41.8222132 ], [ -81.0141246, 41.8221811 ], [ -81.0139145, 41.8221486 ], [ -81.0136998, 41.8221154 ], [ -81.0134474, 41.8220764 ], [ -81.0131358, 41.8220282 ], [ -81.0127767, 41.8219769 ], [ -81.0123491, 41.8219378 ], [ -81.0118304, 41.8218925 ], [ -81.0112285, 41.8218401 ], [ -81.0105165, 41.8217781 ], [ -81.0096682, 41.8217042 ], [ -81.0087534, 41.8216245 ], [ -81.0079467, 41.8215542 ], [ -81.0072159, 41.8214905 ], [ -81.0065569, 41.8214331 ], [ -81.0059452, 41.8213798 ], [ -81.0053661, 41.8213294 ], [ -81.004836, 41.8212831 ], [ -81.0043227, 41.8212385 ], [ -81.0038373, 41.8211961 ], [ -81.0033807, 41.8211563 ], [ -81.002958, 41.8211195 ], [ -81.0026179, 41.8212082 ], [ -81.0023779, 41.821374 ], [ -81.0021755, 41.8215139 ], [ -81.0020091, 41.8216289 ], [ -81.0018484, 41.8217399 ], [ -81.0016599, 41.8218703 ], [ -81.0014207, 41.8220355 ], [ -81.0011348, 41.8222332 ], [ -81.0007876, 41.8224732 ], [ -81.000362, 41.8227673 ], [ -80.9998516, 41.8231201 ], [ -80.9992388, 41.8235436 ], [ -80.998487, 41.8240631 ], [ -80.9975685, 41.824698 ], [ -80.9964535, 41.8254686 ], [ -80.9950882, 41.8264122 ], [ -80.9934392, 41.8275517 ], [ -80.9914772, 41.8280944 ], [ -80.9897067, 41.8283263 ], [ -80.9882471, 41.8285175 ], [ -80.987047, 41.8286747 ], [ -80.9860539, 41.8288048 ], [ -80.9852305, 41.8289262 ], [ -80.9845384, 41.8290472 ], [ -80.9839521, 41.8291496 ], [ -80.9834684, 41.8292342 ], [ -80.9830703, 41.8293038 ], [ -80.9827409, 41.8293614 ], [ -80.9824718, 41.8294085 ], [ -80.9822376, 41.8294494 ], [ -80.9820312, 41.8294855 ], [ -80.9818463, 41.8295178 ], [ -80.9816291, 41.8295558 ], [ -80.9813795, 41.8295995 ], [ -80.981119, 41.829645 ], [ -80.9808077, 41.8296994 ], [ -80.9804357, 41.8297645 ], [ -80.9800004, 41.8298405 ], [ -80.9794817, 41.8299312 ], [ -80.978857, 41.8300405 ], [ -80.9781775, 41.83018 ], [ -80.9776148, 41.8303219 ], [ -80.9771505, 41.8304389 ], [ -80.9767673, 41.8305355 ], [ -80.9764511, 41.8306152 ], [ -80.9761877, 41.8306816 ], [ -80.9759731, 41.8307357 ], [ -80.9757774, 41.830785 ], [ -80.9755587, 41.8308401 ], [ -80.9753005, 41.8309052 ], [ -80.9749805, 41.8309859 ], [ -80.9746013, 41.8310815 ], [ -80.9741397, 41.8311978 ], [ -80.9735816, 41.8313385 ], [ -80.9729406, 41.8315001 ], [ -80.9723846, 41.8316403 ], [ -80.9719279, 41.8317554 ], [ -80.9715528, 41.8318499 ], [ -80.9712391, 41.8319291 ], [ -80.9709825, 41.8319937 ], [ -80.9707628, 41.8320491 ], [ -80.97057, 41.8320977 ], [ -80.9703354, 41.8321568 ], [ -80.9700758, 41.8322222 ], [ -80.9697609, 41.8323017 ], [ -80.9693844, 41.8323965 ], [ -80.9689257, 41.8325127 ], [ -80.9683679, 41.8326577 ], [ -80.9676921, 41.8328336 ], [ -80.9668754, 41.8330461 ], [ -80.9658828, 41.8333043 ], [ -80.9647457, 41.8336002 ], [ -80.963774, 41.833853 ], [ -80.9629708, 41.834062 ], [ -80.9623088, 41.8342342 ], [ -80.9617543, 41.8343785 ], [ -80.9612892, 41.8344995 ], [ -80.9608904, 41.8346033 ], [ -80.9605368, 41.8346952 ], [ -80.9602235, 41.8347816 ], [ -80.9599425, 41.8348973 ], [ -80.9596645, 41.8350166 ], [ -80.9593536, 41.8351501 ], [ -80.9590121, 41.8352967 ], [ -80.9586418, 41.8354557 ], [ -80.9583071, 41.8355994 ], [ -80.9580331, 41.835717 ], [ -80.9577986, 41.8358176 ], [ -80.9575997, 41.835903 ], [ -80.9574296, 41.835976 ], [ -80.9572209, 41.8360657 ], [ -80.956975, 41.8361712 ], [ -80.9566871, 41.8362948 ], [ -80.9563548, 41.8364375 ], [ -80.9559752, 41.8366004 ], [ -80.9555323, 41.8367905 ], [ -80.9550857, 41.8369823 ], [ -80.9546891, 41.8371525 ], [ -80.9543362, 41.8372739 ], [ -80.9539998, 41.8372745 ], [ -80.953718, 41.8372675 ], [ -80.9534803, 41.8372615 ], [ -80.9532624, 41.8372561 ], [ -80.9530513, 41.8372508 ], [ -80.9528046, 41.8372447 ], [ -80.9525194, 41.8372375 ], [ -80.952175, 41.8372289 ], [ -80.9517656, 41.8372187 ], [ -80.9512992, 41.837207 ], [ -80.9508884, 41.8371968 ], [ -80.9505538, 41.8371884 ], [ -80.9502814, 41.8371816 ], [ -80.9500595, 41.837176 ], [ -80.9498704, 41.8371713 ], [ -80.9496787, 41.8371665 ], [ -80.9494493, 41.8371608 ], [ -80.9492212, 41.8371551 ], [ -80.9490292, 41.8371503 ], [ -80.9488132, 41.8371449 ], [ -80.9485477, 41.8371382 ], [ -80.9482261, 41.8371302 ], [ -80.9478725, 41.8371214 ], [ -80.9474998, 41.837112 ], [ -80.9470864, 41.8371017 ], [ -80.9466027, 41.8370896 ], [ -80.946034, 41.8370754 ], [ -80.9454307, 41.8372797 ], [ -80.9447485, 41.8376345 ], [ -80.9439154, 41.8380676 ], [ -80.9429065, 41.8385922 ], [ -80.9417969, 41.8391691 ], [ -80.940868, 41.839652 ], [ -80.9401082, 41.8400471 ], [ -80.939479, 41.8403742 ], [ -80.9389526, 41.8406186 ], [ -80.9384169, 41.8406001 ], [ -80.9379093, 41.8405653 ], [ -80.9374078, 41.840531 ], [ -80.9368899, 41.8404955 ], [ -80.9363539, 41.8404587 ], [ -80.9358853, 41.8404266 ], [ -80.935506, 41.8404006 ], [ -80.9351998, 41.8403797 ], [ -80.9349473, 41.8403624 ], [ -80.9347366, 41.840348 ], [ -80.9345298, 41.8403338 ], [ -80.9342755, 41.8403163 ], [ -80.9339955, 41.8402972 ], [ -80.9337168, 41.840278 ], [ -80.9334164, 41.8402575 ], [ -80.9330881, 41.840235 ], [ -80.9327259, 41.8402102 ], [ -80.9323061, 41.8401814 ], [ -80.9318127, 41.8401476 ], [ -80.9312362, 41.8401081 ], [ -80.9305487, 41.840061 ], [ -80.929723, 41.8400074 ], [ -80.9288105, 41.840302 ], [ -80.9277143, 41.8406925 ], [ -80.9266187, 41.8410827 ], [ -80.9256456, 41.8414294 ], [ -80.9247749, 41.8417395 ], [ -80.9240459, 41.8419992 ], [ -80.9234343, 41.842217 ], [ -80.9229303, 41.8423965 ], [ -80.9225158, 41.8425494 ], [ -80.922184, 41.8426817 ], [ -80.9219103, 41.8427908 ], [ -80.9216726, 41.8428855 ], [ -80.9214727, 41.8429651 ], [ -80.9212825, 41.843041 ], [ -80.9210853, 41.8431196 ], [ -80.9208667, 41.8432066 ], [ -80.9206266, 41.8433023 ], [ -80.9203812, 41.8434001 ], [ -80.9201275, 41.8435013 ], [ -80.9198636, 41.8436064 ], [ -80.9195835, 41.8437181 ], [ -80.9192922, 41.8438342 ], [ -80.918991, 41.8439542 ], [ -80.9186529, 41.844089 ], [ -80.9182555, 41.8442474 ], [ -80.9177879, 41.8444338 ], [ -80.9172164, 41.8446615 ], [ -80.916528, 41.8449359 ], [ -80.9156954, 41.8452676 ], [ -80.9146838, 41.8456708 ], [ -80.9134626, 41.8461575 ], [ -80.9120295, 41.8467286 ], [ -80.9106118, 41.8466177 ], [ -80.909399, 41.8463239 ], [ -80.9083827, 41.8460776 ], [ -80.9075335, 41.845872 ], [ -80.9068165, 41.8456982 ], [ -80.9062066, 41.8455505 ], [ -80.9056561, 41.8456137 ], [ -80.905152, 41.845699 ], [ -80.9046963, 41.8457761 ], [ -80.9042779, 41.8458469 ], [ -80.903903, 41.8459103 ], [ -80.9035273, 41.8459739 ], [ -80.9031395, 41.8460396 ], [ -80.9027106, 41.8461121 ], [ -80.9022539, 41.8461894 ], [ -80.9018122, 41.8462642 ], [ -80.9014497, 41.8463255 ], [ -80.9011217, 41.846381 ], [ -80.9008389, 41.8464289 ], [ -80.9005762, 41.8464733 ], [ -80.9003113, 41.8465181 ], [ -80.9000653, 41.8465598 ], [ -80.8998107, 41.8466028 ], [ -80.8995291, 41.8466505 ], [ -80.8992438, 41.8466988 ], [ -80.8989265, 41.8467525 ], [ -80.8986167, 41.8468049 ], [ -80.898355, 41.8468492 ], [ -80.8981122, 41.8468902 ], [ -80.8978818, 41.8469293 ], [ -80.8976721, 41.8469647 ], [ -80.8974776, 41.8469977 ], [ -80.8972621, 41.8470341 ], [ -80.8970537, 41.8470694 ], [ -80.8968355, 41.8471063 ], [ -80.8966153, 41.8471435 ], [ -80.8964122, 41.8471779 ], [ -80.8962143, 41.8472114 ], [ -80.8960173, 41.8472788 ], [ -80.8958155, 41.8473927 ], [ -80.8956279, 41.8474988 ], [ -80.8954466, 41.8476012 ], [ -80.8952857, 41.8476921 ], [ -80.8951011, 41.8477965 ], [ -80.8948898, 41.8479158 ], [ -80.8946376, 41.8480584 ], [ -80.8943412, 41.8482258 ], [ -80.8939957, 41.8484211 ], [ -80.8936128, 41.8486374 ], [ -80.8932855, 41.8488224 ], [ -80.8930151, 41.8489751 ], [ -80.8927907, 41.8491019 ], [ -80.8926046, 41.8492071 ], [ -80.8924402, 41.8493 ], [ -80.8922458, 41.8494098 ], [ -80.8920141, 41.8495407 ], [ -80.8917331, 41.8496995 ], [ -80.8913956, 41.8498902 ], [ -80.8909851, 41.8501222 ], [ -80.8904893, 41.8504023 ], [ -80.8899119, 41.8507286 ], [ -80.8893883, 41.8511792 ], [ -80.8888612, 41.8517184 ], [ -80.8882746, 41.8523183 ], [ -80.8875998, 41.8530085 ], [ -80.8868384, 41.8537873 ], [ -80.8861162, 41.854526 ], [ -80.8854453, 41.8552121 ], [ -80.8848461, 41.855825 ], [ -80.8843105, 41.8563727 ], [ -80.8838338, 41.8568603 ], [ -80.8834078, 41.8572959 ], [ -80.8831213, 41.8576952 ], [ -80.882955, 41.8580684 ], [ -80.8828128, 41.8583877 ], [ -80.8826951, 41.8586518 ], [ -80.8826001, 41.858865 ], [ -80.8825217, 41.8590409 ], [ -80.8824556, 41.8591892 ], [ -80.8823919, 41.8593323 ], [ -80.8823088, 41.8595188 ], [ -80.8822139, 41.8597316 ], [ -80.8820981, 41.8599915 ], [ -80.8819566, 41.860309 ], [ -80.8817899, 41.8606831 ], [ -80.8815938, 41.8611233 ], [ -80.8813587, 41.8616506 ], [ -80.8810773, 41.8622822 ], [ -80.8807378, 41.863044 ], [ -80.8803479, 41.8639192 ], [ -80.8799274, 41.8648627 ], [ -80.8795928, 41.8656642 ], [ -80.8793344, 41.8663231 ], [ -80.8791222, 41.8668642 ], [ -80.8789489, 41.8673062 ], [ -80.8788077, 41.8676662 ], [ -80.8786914, 41.8679629 ], [ -80.8785964, 41.8682048 ], [ -80.8785151, 41.8684122 ], [ -80.8784507, 41.8685765 ], [ -80.8783911, 41.8687285 ], [ -80.8783314, 41.8688806 ], [ -80.8782617, 41.8690584 ], [ -80.8781734, 41.8692837 ], [ -80.8780803, 41.8695211 ], [ -80.8779812, 41.8697737 ], [ -80.8778735, 41.8700481 ], [ -80.8777521, 41.8703579 ], [ -80.8776093, 41.8707222 ], [ -80.8774445, 41.8711422 ], [ -80.8772546, 41.8716264 ], [ -80.8770299, 41.8721993 ], [ -80.8767607, 41.8728857 ], [ -80.8764391, 41.8737058 ], [ -80.8760538, 41.874688 ], [ -80.8755898, 41.8758714 ], [ -80.8742294, 41.8767867 ], [ -80.8724041, 41.8775731 ], [ -80.8704472, 41.8784161 ], [ -80.8683077, 41.8793378 ], [ -80.8659449, 41.8801947 ], [ -80.8637363, 41.8805939 ], [ -80.8619159, 41.8809229 ], [ -80.8603896, 41.8811071 ], [ -80.8590762, 41.8811687 ], [ -80.857951, 41.8812215 ], [ -80.8569525, 41.8812684 ], [ -80.8560471, 41.8813109 ], [ -80.8552237, 41.8813495 ], [ -80.8544333, 41.8813867 ], [ -80.8536419, 41.8814238 ], [ -80.8528402, 41.8814484 ], [ -80.8520036, 41.8814728 ], [ -80.8511895, 41.8814966 ], [ -80.8504593, 41.8815178 ], [ -80.8497937, 41.8815372 ], [ -80.8491696, 41.8815554 ], [ -80.8485862, 41.8815725 ], [ -80.848078, 41.8815873 ], [ -80.847645, 41.8815999 ], [ -80.8472621, 41.8816111 ], [ -80.846916, 41.8816212 ], [ -80.8465992, 41.8816304 ], [ -80.8463068, 41.881639 ], [ -80.8460116, 41.8816475 ], [ -80.8456906, 41.8816569 ], [ -80.8453428, 41.8816871 ], [ -80.8451724, 41.8819173 ], [ -80.8450132, 41.8821345 ], [ -80.8448614, 41.8823417 ], [ -80.8447163, 41.8825397 ], [ -80.8445797, 41.882726 ], [ -80.8444501, 41.882903 ], [ -80.8443131, 41.8830899 ], [ -80.8441734, 41.8832805 ], [ -80.8440418, 41.8834602 ], [ -80.8439318, 41.8836102 ], [ -80.8438282, 41.8837517 ], [ -80.8437157, 41.8839051 ], [ -80.843577, 41.8840945 ], [ -80.8434133, 41.884318 ], [ -80.8432153, 41.884588 ], [ -80.842974, 41.8849174 ], [ -80.8426767, 41.8853231 ], [ -80.8423148, 41.885817 ], [ -80.841871, 41.8864226 ], [ -80.8413274, 41.8871644 ], [ -80.8406661, 41.8880668 ], [ -80.8398586, 41.8891689 ], [ -80.8385385, 41.8902057 ], [ -80.8362662, 41.8907362 ], [ -80.8338798, 41.8912934 ], [ -80.8313852, 41.8918759 ], [ -80.8287216, 41.8924629 ], [ -80.8258889, 41.8930663 ], [ -80.823055, 41.8939305 ], [ -80.8200653, 41.8950603 ], [ -80.8167312, 41.896309 ], [ -80.8134211, 41.8974795 ], [ -80.8107529, 41.8976203 ], [ -80.8085755, 41.8964778 ], [ -80.8067333, 41.895511 ], [ -80.8052201, 41.894717 ], [ -80.8039746, 41.8940633 ], [ -80.8029483, 41.8935247 ], [ -80.8021039, 41.8930816 ], [ -80.801338, 41.8928223 ], [ -80.8006938, 41.8926269 ], [ -80.8001678, 41.8924673 ], [ -80.7997416, 41.892338 ], [ -80.7993951, 41.8922329 ], [ -80.7991065, 41.8921453 ], [ -80.7988705, 41.8920737 ], [ -80.7986682, 41.8920123 ], [ -80.7984699, 41.8919521 ], [ -80.7982925, 41.8918983 ], [ -80.7980952, 41.8918384 ], [ -80.7978572, 41.8917662 ], [ -80.7975956, 41.8916868 ], [ -80.7973706, 41.8916186 ], [ -80.7971702, 41.8915578 ], [ -80.7969935, 41.8915041 ], [ -80.7967911, 41.8914428 ], [ -80.796565, 41.8913741 ], [ -80.7962911, 41.891291 ], [ -80.795985, 41.8911982 ], [ -80.7956173, 41.8910866 ], [ -80.795173, 41.8909518 ], [ -80.794653, 41.8907941 ], [ -80.7940419, 41.8906086 ], [ -80.7934224, 41.8904207 ], [ -80.7929098, 41.8902651 ], [ -80.7924859, 41.8901436 ], [ -80.7922672, 41.8903415 ], [ -80.7921303, 41.8905973 ], [ -80.791996, 41.8908483 ], [ -80.7918592, 41.8911042 ], [ -80.7917204, 41.8913639 ], [ -80.7916013, 41.8915864 ], [ -80.7915026, 41.8917711 ], [ -80.7914203, 41.8919248 ], [ -80.7913479, 41.8920602 ], [ -80.7912614, 41.8922221 ], [ -80.7911597, 41.8924121 ], [ -80.7910336, 41.8926479 ], [ -80.7908855, 41.8929249 ], [ -80.7907088, 41.8932552 ], [ -80.7904982, 41.893649 ], [ -80.7902501, 41.8941129 ], [ -80.7899595, 41.8946563 ], [ -80.7896137, 41.8953027 ], [ -80.7891997, 41.8960768 ], [ -80.788721, 41.8968863 ], [ -80.7882351, 41.8977015 ], [ -80.7877221, 41.8985621 ], [ -80.7871674, 41.8994928 ], [ -80.786557, 41.9005169 ], [ -80.7858668, 41.9016748 ], [ -80.7850667, 41.9030171 ], [ -80.784061, 41.9045659 ], [ -80.7815541, 41.9054891 ], [ -80.7784951, 41.9066156 ], [ -80.774634, 41.9071433 ], [ -80.7706532, 41.9076435 ], [ -80.766819, 41.9090499 ], [ -80.7629275, 41.9106029 ], [ -80.7588929, 41.9122121 ], [ -80.7546425, 41.9139045 ], [ -80.749896, 41.914763 ], [ -80.745401, 41.9140255 ], [ -80.7417177, 41.9134211 ], [ -80.7388007, 41.9133853 ], [ -80.7365473, 41.9145504 ], [ -80.7344727, 41.9156229 ], [ -80.7325845, 41.9165991 ], [ -80.7308329, 41.9174909 ], [ -80.7289628, 41.9177504 ], [ -80.7272943, 41.9179667 ], [ -80.725789, 41.9181619 ], [ -80.7243789, 41.9183446 ], [ -80.7230382, 41.918448 ], [ -80.7217534, 41.9184018 ], [ -80.7205469, 41.9183584 ], [ -80.7193937, 41.9183169 ], [ -80.718346, 41.9182793 ], [ -80.7174473, 41.9182469 ], [ -80.7166582, 41.9182185 ], [ -80.7159793, 41.9181941 ], [ -80.7153951, 41.9181731 ], [ -80.7149069, 41.9182124 ], [ -80.7145104, 41.9184259 ], [ -80.7141053, 41.9186469 ], [ -80.7136674, 41.9188857 ], [ -80.7132016, 41.9191397 ], [ -80.7128139, 41.9193512 ], [ -80.712491, 41.9195272 ], [ -80.7122288, 41.9196702 ], [ -80.7120144, 41.9197872 ], [ -80.7118289, 41.9198884 ], [ -80.7116547, 41.9199833 ], [ -80.7114668, 41.9200858 ], [ -80.7112538, 41.920202 ], [ -80.7110044, 41.920338 ], [ -80.7106939, 41.9205073 ], [ -80.710324, 41.9207091 ], [ -80.7098756, 41.9209536 ], [ -80.709304, 41.9212273 ], [ -80.708555, 41.9214863 ], [ -80.7076451, 41.9218009 ], [ -80.7065364, 41.9221844 ], [ -80.7051878, 41.9226508 ], [ -80.7038789, 41.9231035 ], [ -80.7028053, 41.9234747 ], [ -80.7019283, 41.923778 ], [ -80.7012125, 41.9240255 ], [ -80.700624, 41.9242291 ], [ -80.7001344, 41.9243983 ], [ -80.69973, 41.9245382 ], [ -80.699405, 41.9246547 ], [ -80.6991368, 41.9247535 ], [ -80.6989164, 41.9248348 ], [ -80.6987214, 41.9249066 ], [ -80.6985245, 41.9249791 ], [ -80.6983048, 41.9250601 ], [ -80.69808, 41.925143 ], [ -80.6978484, 41.9252284 ], [ -80.697622, 41.9253118 ], [ -80.6973929, 41.9253961 ], [ -80.6971369, 41.9254905 ], [ -80.6968934, 41.9255802 ], [ -80.6966467, 41.9256711 ], [ -80.6963891, 41.9257661 ], [ -80.6961444, 41.9258563 ], [ -80.695883, 41.9259526 ], [ -80.6955968, 41.926058 ], [ -80.695284, 41.9261733 ], [ -80.6949423, 41.9262992 ], [ -80.6945691, 41.9264368 ], [ -80.6941615, 41.9265869 ], [ -80.6937471, 41.9267396 ], [ -80.6933205, 41.9268968 ], [ -80.6928824, 41.9270582 ], [ -80.692417, 41.9272298 ], [ -80.6919103, 41.9274165 ], [ -80.6913315, 41.9275606 ], [ -80.6907023, 41.9276588 ], [ -80.6900456, 41.9277613 ], [ -80.6893629, 41.9278678 ], [ -80.6886532, 41.9279785 ], [ -80.687907, 41.9280949 ], [ -80.6870968, 41.9282213 ], [ -80.6862138, 41.9284583 ], [ -80.6852076, 41.9288126 ], [ -80.6840145, 41.9292328 ], [ -80.6825972, 41.9297319 ], [ -80.6809183, 41.930323 ], [ -80.6789408, 41.9310194 ], [ -80.6765908, 41.9318468 ], [ -80.6737093, 41.9327208 ], [ -80.6702433, 41.9337621 ], [ -80.6660979, 41.9350656 ], [ -80.6614357, 41.9366024 ], [ -80.6568162, 41.9384923 ], [ -80.6520498, 41.9403787 ], [ -80.6468255, 41.9416771 ], [ -80.6412589, 41.9421125 ], [ -80.6356126, 41.9428754 ], [ -80.6296203, 41.9439193 ], [ -80.6235324, 41.9453017 ], [ -80.61774, 41.946816 ], [ -80.6122411, 41.9484239 ], [ -80.6073392, 41.9501267 ], [ -80.6030501, 41.951498 ], [ -80.5992875, 41.9525119 ], [ -80.5961102, 41.953368 ], [ -80.5934285, 41.9541229 ], [ -80.5911414, 41.9548018 ], [ -80.5891509, 41.9553926 ], [ -80.5874239, 41.9558522 ], [ -80.585924, 41.9562099 ], [ -80.5846119, 41.9565228 ], [ -80.5834298, 41.9568047 ], [ -80.5823358, 41.9570656 ], [ -80.5812804, 41.9573173 ], [ -80.5802948, 41.9575234 ], [ -80.57945, 41.9576137 ], [ -80.5787401, 41.9576895 ], [ -80.5781386, 41.9577537 ], [ -80.5776123, 41.95781 ], [ -80.577152, 41.9578591 ], [ -80.5767363, 41.9579035 ], [ -80.5763689, 41.9579427 ], [ -80.576036, 41.9579782 ], [ -80.5756995, 41.9580142 ], [ -80.5753507, 41.9580515 ], [ -80.5749936, 41.9580896 ], [ -80.5746139, 41.9581301 ], [ -80.5741985, 41.9581745 ], [ -80.5737727, 41.95822 ], [ -80.5733542, 41.9582647 ], [ -80.5729466, 41.9583082 ], [ -80.5725609, 41.9583494 ], [ -80.5722217, 41.9583856 ], [ -80.5719136, 41.9584185 ], [ -80.5716303, 41.9584487 ], [ -80.5713651, 41.9584771 ], [ -80.571135, 41.9585016 ], [ -80.5709284, 41.9585237 ], [ -80.5707335, 41.9585446 ], [ -80.570533, 41.9585659 ], [ -80.5703005, 41.9585908 ], [ -80.5700553, 41.958617 ], [ -80.5697996, 41.9586443 ], [ -80.5695208, 41.958674 ], [ -80.5692058, 41.9587077 ], [ -80.5689075, 41.958803 ], [ -80.5686, 41.9589113 ], [ -80.5682823, 41.959023 ], [ -80.5679925, 41.959125 ], [ -80.567726, 41.9592188 ], [ -80.5674649, 41.9593107 ], [ -80.5671972, 41.9594049 ], [ -80.5669344, 41.9594973 ], [ -80.566665, 41.9595921 ], [ -80.5664022, 41.9596846 ], [ -80.5661396, 41.959777 ], [ -80.5658752, 41.9598701 ], [ -80.5656079, 41.9599641 ], [ -80.565319, 41.9600657 ], [ -80.5650305, 41.9601673 ], [ -80.5647258, 41.9602745 ], [ -80.5643898, 41.9603927 ], [ -80.5640169, 41.9605239 ], [ -80.5635869, 41.9606752 ], [ -80.5630959, 41.960848 ], [ -80.5625507, 41.9610398 ], [ -80.5619044, 41.9612071 ], [ -80.561097, 41.9612967 ], [ -80.5601451, 41.9614024 ], [ -80.5590167, 41.9615276 ], [ -80.557664, 41.9616778 ], [ -80.556038, 41.9618583 ], [ -80.5541461, 41.9620683 ], [ -80.5524562, 41.9622559 ], [ -80.5510204, 41.9624153 ], [ -80.5497777, 41.9625776 ], [ -80.5487325, 41.9628283 ], [ -80.5478459, 41.9630408 ], [ -80.5471027, 41.963219 ], [ -80.5464589, 41.9633733 ], [ -80.5458934, 41.9635089 ], [ -80.5454057, 41.9636258 ], [ -80.5449999, 41.963723 ], [ -80.5446542, 41.963806 ], [ -80.5443713, 41.9638738 ], [ -80.5441248, 41.9639329 ], [ -80.5438922, 41.9639886 ], [ -80.5436863, 41.964038 ], [ -80.543477, 41.9640882 ], [ -80.543294, 41.964132 ], [ -80.5431081, 41.9641766 ], [ -80.5428789, 41.9642316 ], [ -80.5426044, 41.9642973 ], [ -80.5422919, 41.9643723 ], [ -80.5420077, 41.9644404 ], [ -80.5417362, 41.9645055 ], [ -80.5415105, 41.9645596 ], [ -80.5413031, 41.9646093 ], [ -80.5410903, 41.9646603 ], [ -80.5408459, 41.9647189 ], [ -80.5405433, 41.9647915 ], [ -80.5401948, 41.9648752 ], [ -80.5397744, 41.9649898 ], [ -80.5392604, 41.9651349 ], [ -80.5386308, 41.9653127 ], [ -80.5378732, 41.9655266 ], [ -80.5369409, 41.9657898 ], [ -80.5358055, 41.9661103 ], [ -80.5346646, 41.9664324 ], [ -80.533728, 41.9666969 ], [ -80.5329509, 41.9669162 ], [ -80.5323283, 41.9671102 ], [ -80.5318295, 41.967304 ], [ -80.5314253, 41.9674609 ], [ -80.5310908, 41.9675909 ], [ -80.5308127, 41.9676988 ], [ -80.5305923, 41.9677844 ], [ -80.5303978, 41.96786 ], [ -80.5302302, 41.9679251 ], [ -80.5300239, 41.9680052 ], [ -80.5297813, 41.9680994 ], [ -80.5294961, 41.9682101 ], [ -80.5291472, 41.9683456 ], [ -80.5287194, 41.9685118 ], [ -80.528203, 41.9687123 ], [ -80.5275664, 41.9689596 ], [ -80.5267868, 41.9692623 ], [ -80.5258407, 41.9696297 ], [ -80.5246915, 41.970076 ], [ -80.5233023, 41.9706155 ], [ -80.5217101, 41.9713241 ], [ -80.5201707, 41.9724621 ], [ -80.5183945, 41.973775 ], [ -80.5162798, 41.9752185 ], [ -80.5132977, 41.9755125 ], [ -80.5104291, 41.9757953 ], [ -80.5076414, 41.9760701 ], [ -80.5051779, 41.9765572 ], [ -80.5031804, 41.9770264 ], [ -80.5015428, 41.977411 ], [ -80.5003062, 41.9779069 ], [ -80.4993298, 41.97837 ], [ -80.4985291, 41.9787497 ], [ -80.4978721, 41.9790613 ], [ -80.4973323, 41.9793173 ], [ -80.4968865, 41.9795287 ], [ -80.4965112, 41.9797067 ], [ -80.4961955, 41.9798564 ], [ -80.4959326, 41.9799811 ], [ -80.4957046, 41.9800893 ], [ -80.4955108, 41.9801812 ], [ -80.4953399, 41.9802622 ], [ -80.4951413, 41.9803565 ], [ -80.4949058, 41.9804681 ], [ -80.4946303, 41.9805988 ], [ -80.4943099, 41.9807507 ], [ -80.4939258, 41.9809329 ], [ -80.4934709, 41.9811487 ], [ -80.4929372, 41.9814018 ], [ -80.4922987, 41.9817046 ], [ -80.4915408, 41.982064 ], [ -80.4907029, 41.9825352 ], [ -80.4899878, 41.9832788 ], [ -80.4891604, 41.9841394 ], [ -80.4881942, 41.9851442 ], [ -80.4872259, 41.9861512 ], [ -80.486432, 41.9869767 ], [ -80.485784, 41.9876506 ], [ -80.485107, 41.9880645 ], [ -80.4843771, 41.9882459 ], [ -80.4837434, 41.9884033 ], [ -80.4831923, 41.9885402 ], [ -80.4827068, 41.9886608 ], [ -80.482276, 41.9887678 ], [ -80.4819122, 41.9888582 ], [ -80.4816045, 41.9889346 ], [ -80.4813529, 41.9889972 ], [ -80.4811384, 41.9890504 ], [ -80.4809534, 41.9890963 ], [ -80.4807476, 41.9891475 ], [ -80.4805351, 41.9892003 ], [ -80.4802916, 41.9892608 ], [ -80.4800156, 41.9893293 ], [ -80.4797226, 41.9894021 ], [ -80.4793874, 41.9894854 ], [ -80.4789873, 41.9895848 ], [ -80.4785127, 41.9897026 ], [ -80.4779457, 41.9898435 ], [ -80.4772716, 41.9900109 ], [ -80.4764571, 41.9902133 ], [ -80.4754653, 41.9904599 ], [ -80.4743375, 41.9908857 ], [ -80.4729649, 41.9914258 ], [ -80.4712905, 41.9920846 ], [ -80.4694477, 41.9928096 ], [ -80.467914, 41.9934131 ], [ -80.4666542, 41.9939087 ], [ -80.4656231, 41.9943144 ], [ -80.4647271, 41.9945526 ], [ -80.4639603, 41.9946962 ], [ -80.4633223, 41.9948157 ], [ -80.4627904, 41.9949154 ], [ -80.4623566, 41.9949967 ], [ -80.4619838, 41.9950665 ], [ -80.4616822, 41.995123 ], [ -80.4614237, 41.9951714 ], [ -80.4612073, 41.995212 ], [ -80.4610212, 41.9952468 ], [ -80.4607936, 41.9952894 ], [ -80.4605169, 41.9953413 ], [ -80.4601848, 41.9954035 ], [ -80.4597733, 41.9954805 ], [ -80.4592738, 41.9955742 ], [ -80.4586971, 41.9956822 ], [ -80.4581877, 41.9957776 ], [ -80.457755, 41.9958587 ], [ -80.4573865, 41.9959376 ], [ -80.4570664, 41.9960156 ], [ -80.4567868, 41.9960836 ], [ -80.4565158, 41.9961496 ], [ -80.4562742, 41.9962085 ], [ -80.4560434, 41.9962647 ], [ -80.4558206, 41.996319 ], [ -80.4556143, 41.9963692 ], [ -80.455405, 41.9964202 ], [ -80.4551677, 41.996478 ], [ -80.4548741, 41.9965495 ], [ -80.4545219, 41.9966353 ], [ -80.4541026, 41.9967375 ], [ -80.4536224, 41.9968544 ], [ -80.4530604, 41.9969913 ], [ -80.4524238, 41.997174 ], [ -80.4517773, 41.9975387 ], [ -80.4509964, 41.9979828 ], [ -80.450044, 41.9985242 ], [ -80.4488871, 41.9991819 ], [ -80.4474829, 41.9999803 ], [ -80.4457838, 42.0009463 ], [ -80.4438201, 42.0008673 ], [ -80.4421055, 42.0007139 ], [ -80.4405918, 42.0005784 ], [ -80.4392611, 42.0006987 ], [ -80.4381248, 42.000965 ], [ -80.437136, 42.0011968 ], [ -80.4362618, 42.0014017 ], [ -80.4354748, 42.0015862 ], [ -80.4347662, 42.0017523 ], [ -80.4341547, 42.0018956 ], [ -80.4336205, 42.0020208 ], [ -80.4331347, 42.0021347 ], [ -80.4327237, 42.002231 ], [ -80.4323833, 42.0023108 ], [ -80.4321059, 42.0023758 ], [ -80.4318698, 42.0024312 ], [ -80.4316738, 42.0024771 ], [ -80.4314867, 42.002521 ], [ -80.4312986, 42.0025651 ], [ -80.4311088, 42.0026096 ], [ -80.4308726, 42.0026649 ], [ -80.4305859, 42.0027321 ], [ -80.4302489, 42.0028111 ], [ -80.4298912, 42.002895 ], [ -80.4295294, 42.0029798 ], [ -80.4292864, 42.0031642 ], [ -80.4290706, 42.003334 ], [ -80.4288737, 42.0034889 ], [ -80.4287008, 42.0036249 ], [ -80.4285502, 42.0037433 ], [ -80.4284169, 42.0038481 ], [ -80.4282818, 42.0039543 ], [ -80.4281393, 42.0040665 ], [ -80.4279738, 42.0041966 ], [ -80.427781, 42.0043482 ], [ -80.4275602, 42.0045218 ], [ -80.4273219, 42.0047094 ], [ -80.4270517, 42.0049219 ], [ -80.4267413, 42.0051659 ], [ -80.4264004, 42.0054341 ], [ -80.4260245, 42.0057297 ], [ -80.4256279, 42.0060417 ], [ -80.4251924, 42.0063842 ], [ -80.4246868, 42.0067158 ], [ -80.4240588, 42.0069265 ], [ -80.4234255, 42.007139 ], [ -80.422774, 42.0073575 ], [ -80.4220682, 42.0075944 ], [ -80.4213565, 42.0078332 ], [ -80.42069, 42.0080568 ], [ -80.4200844, 42.0082599 ], [ -80.4195155, 42.0084508 ], [ -80.4189589, 42.0086376 ], [ -80.4183954, 42.0088267 ], [ -80.4178129, 42.0090221 ], [ -80.417198, 42.0092284 ], [ -80.4165283, 42.0094531 ], [ -80.4158122, 42.0096933 ], [ -80.4150682, 42.0099395 ], [ -80.4142624, 42.0101304 ], [ -80.4134373, 42.0103206 ], [ -80.4126185, 42.0105092 ], [ -80.4118252, 42.010692 ], [ -80.4110515, 42.0108703 ], [ -80.410297, 42.0110442 ], [ -80.409562, 42.0112135 ], [ -80.4088267, 42.011383 ], [ -80.4080522, 42.0115614 ], [ -80.4072355, 42.0117496 ], [ -80.4063653, 42.0119519 ], [ -80.4054273, 42.0122181 ], [ -80.4043573, 42.0125222 ], [ -80.4031988, 42.0128515 ], [ -80.40223, 42.0131269 ], [ -80.4014357, 42.0133528 ], [ -80.4007838, 42.0135381 ], [ -80.4002429, 42.0136918 ], [ -80.3997971, 42.0138186 ], [ -80.3994328, 42.0139221 ], [ -80.3991291, 42.0140084 ], [ -80.3988721, 42.0140815 ], [ -80.3986662, 42.01414 ], [ -80.3984723, 42.0141951 ], [ -80.398249, 42.0142586 ], [ -80.3979808, 42.0143349 ], [ -80.3976574, 42.0144281 ], [ -80.3972647, 42.0145464 ], [ -80.3967974, 42.0146872 ], [ -80.3962201, 42.0148611 ], [ -80.3955201, 42.015072 ], [ -80.3946626, 42.0153303 ], [ -80.3936181, 42.015645 ], [ -80.3923494, 42.0160272 ], [ -80.3908085, 42.0165118 ], [ -80.3890113, 42.017181 ], [ -80.3868719, 42.0179777 ], [ -80.3845494, 42.0188426 ], [ -80.3826164, 42.0195617 ], [ -80.3808565, 42.0196857 ], [ -80.3793818, 42.0197574 ], [ -80.3781544, 42.0198171 ], [ -80.3771215, 42.0198673 ], [ -80.3762631, 42.0199091 ], [ -80.3755313, 42.0199446 ], [ -80.3749017, 42.0199753 ], [ -80.3743818, 42.0200049 ], [ -80.3739559, 42.0200774 ], [ -80.3735894, 42.0201422 ], [ -80.3732892, 42.0201952 ], [ -80.3730332, 42.0202405 ], [ -80.3728144, 42.0202792 ], [ -80.3726276, 42.0203122 ], [ -80.3724026, 42.020352 ], [ -80.372147, 42.0203971 ], [ -80.3718436, 42.0204508 ], [ -80.3714691, 42.020517 ], [ -80.3710392, 42.0205929 ], [ -80.3705213, 42.0206845 ], [ -80.3699253, 42.0207899 ], [ -80.3692629, 42.0209069 ], [ -80.3684955, 42.0210426 ], [ -80.3676014, 42.0212006 ], [ -80.3667561, 42.02135 ], [ -80.3660014, 42.0214834 ], [ -80.3653153, 42.0216047 ], [ -80.3646673, 42.0217193 ], [ -80.3640227, 42.0218332 ], [ -80.363375, 42.02196 ], [ -80.3629232, 42.0223662 ], [ -80.362447, 42.0228436 ], [ -80.3618998, 42.0233921 ], [ -80.3612604, 42.0240332 ], [ -80.3605111, 42.0247845 ], [ -80.3596691, 42.0256285 ], [ -80.3589421, 42.0263574 ], [ -80.3583449, 42.026956 ], [ -80.3578519, 42.0274502 ], [ -80.3574527, 42.0278503 ], [ -80.3571233, 42.0281806 ], [ -80.3567697, 42.0283755 ], [ -80.3564057, 42.0284518 ], [ -80.3561028, 42.0285153 ], [ -80.3558409, 42.0285702 ], [ -80.3556245, 42.0286155 ], [ -80.3554322, 42.0286559 ], [ -80.3552135, 42.0287017 ], [ -80.3549562, 42.0287557 ], [ -80.3546453, 42.0288208 ], [ -80.3542885, 42.0288956 ], [ -80.3538845, 42.0289803 ], [ -80.3534561, 42.0290701 ], [ -80.3530064, 42.0291643 ], [ -80.3525285, 42.0292645 ], [ -80.352017, 42.0293718 ], [ -80.3514541, 42.0294898 ], [ -80.3508596, 42.0296143 ], [ -80.3502462, 42.0297429 ], [ -80.3496148, 42.0298753 ], [ -80.3489468, 42.0300153 ], [ -80.3482437, 42.0301627 ], [ -80.347476, 42.0303236 ], [ -80.3466197, 42.0305031 ], [ -80.345655, 42.0307265 ], [ -80.3445419, 42.0310205 ], [ -80.3433442, 42.0313368 ], [ -80.3423486, 42.0315998 ], [ -80.3415328, 42.0318153 ], [ -80.3408627, 42.0319923 ], [ -80.3403114, 42.032138 ], [ -80.3398564, 42.0322581 ], [ -80.3394748, 42.0323589 ], [ -80.3391544, 42.0324436 ], [ -80.3389002, 42.0325107 ], [ -80.3386839, 42.0325679 ], [ -80.338503, 42.0326156 ], [ -80.3382832, 42.0326737 ], [ -80.3380188, 42.0327435 ], [ -80.337704, 42.0328373 ], [ -80.3373493, 42.0329697 ], [ -80.3369569, 42.0331162 ], [ -80.3365481, 42.0332689 ], [ -80.3361115, 42.0334319 ], [ -80.3356304, 42.0336115 ], [ -80.3350784, 42.0338177 ], [ -80.3344703, 42.0340447 ], [ -80.3338007, 42.0342947 ], [ -80.3330685, 42.0345681 ], [ -80.3322588, 42.0348461 ], [ -80.3313565, 42.0351512 ], [ -80.3303567, 42.0354892 ], [ -80.3292751, 42.0358548 ], [ -80.3280942, 42.036254 ], [ -80.3267663, 42.0367029 ], [ -80.3252341, 42.0372208 ], [ -80.3235095, 42.0378098 ], [ -80.3220226, 42.0384065 ], [ -80.320754, 42.0389156 ], [ -80.3196507, 42.0393583 ], [ -80.3186748, 42.03975 ], [ -80.3177781, 42.0401098 ], [ -80.3169826, 42.040429 ], [ -80.316286, 42.0407085 ], [ -80.3156968, 42.040945 ], [ -80.315179, 42.0411527 ], [ -80.3147316, 42.0413357 ], [ -80.3143218, 42.0415054 ], [ -80.3139278, 42.0416685 ], [ -80.3135538, 42.0418234 ], [ -80.313236, 42.0419551 ], [ -80.3129696, 42.0420654 ], [ -80.3127425, 42.0421594 ], [ -80.3125407, 42.0422429 ], [ -80.3123631, 42.0423165 ], [ -80.3121718, 42.0423957 ], [ -80.3119635, 42.0424819 ], [ -80.3117394, 42.0425747 ], [ -80.3114656, 42.0426881 ], [ -80.3111424, 42.0428219 ], [ -80.3107389, 42.042989 ], [ -80.3102432, 42.0431942 ], [ -80.3096473, 42.0434411 ], [ -80.3089203, 42.0437421 ], [ -80.3080358, 42.0441083 ], [ -80.3069574, 42.044546 ], [ -80.3056168, 42.0450561 ], [ -80.3039837, 42.0456776 ], [ -80.3019913, 42.0464358 ], [ -80.2995587, 42.0473615 ], [ -80.2966566, 42.04859 ], [ -80.2931965, 42.0501313 ], [ -80.2899569, 42.0515861 ], [ -80.2872552, 42.0528007 ], [ -80.2849771, 42.0537787 ], [ -80.2830181, 42.0545229 ], [ -80.2813688, 42.0551494 ], [ -80.2799634, 42.0556832 ], [ -80.2787673, 42.0561376 ], [ -80.2777486, 42.0565245 ], [ -80.2768712, 42.0568578 ], [ -80.2761012, 42.0571503 ], [ -80.2754216, 42.0574084 ], [ -80.2748379, 42.0576267 ], [ -80.2743499, 42.0578071 ], [ -80.2739504, 42.0579549 ], [ -80.2736101, 42.0580807 ], [ -80.2733233, 42.0581868 ], [ -80.2730929, 42.0582719 ], [ -80.2729011, 42.0583429 ], [ -80.272727, 42.0584073 ], [ -80.2725245, 42.0584821 ], [ -80.2722782, 42.0585733 ], [ -80.271972, 42.0586865 ], [ -80.2716065, 42.0588216 ], [ -80.2711542, 42.0589888 ], [ -80.2706104, 42.0591899 ], [ -80.2699508, 42.0594338 ], [ -80.2691587, 42.0597404 ], [ -80.2681994, 42.0601247 ], [ -80.2670351, 42.0605911 ], [ -80.2656199, 42.0611579 ], [ -80.2638909, 42.0618504 ], [ -80.261778, 42.0626967 ], [ -80.2593749, 42.0639394 ], [ -80.2565051, 42.0655191 ], [ -80.2531956, 42.0672612 ], [ -80.2503555, 42.0686992 ], [ -80.2480077, 42.0698375 ], [ -80.2457237, 42.0701823 ], [ -80.2437972, 42.0704731 ], [ -80.2421572, 42.0707207 ], [ -80.2407389, 42.0709348 ], [ -80.2395201, 42.0711187 ], [ -80.2385353, 42.0713086 ], [ -80.2377722, 42.0715794 ], [ -80.2371444, 42.0718021 ], [ -80.2366214, 42.0719878 ], [ -80.2361842, 42.0721429 ], [ -80.2358165, 42.0722734 ], [ -80.2355079, 42.0723829 ], [ -80.2352493, 42.0724746 ], [ -80.235042, 42.0725482 ], [ -80.2348547, 42.0726147 ], [ -80.2346864, 42.0726744 ], [ -80.2344913, 42.0727437 ], [ -80.234262, 42.072825 ], [ -80.2339722, 42.0729279 ], [ -80.2336262, 42.0730507 ], [ -80.233221, 42.0731944 ], [ -80.2327289, 42.0733691 ], [ -80.2321859, 42.0736158 ], [ -80.2316501, 42.0740244 ], [ -80.2310105, 42.074512 ], [ -80.2302534, 42.0750893 ], [ -80.2293321, 42.0757918 ], [ -80.2282156, 42.076643 ], [ -80.226983, 42.0775828 ], [ -80.2258513, 42.0784456 ], [ -80.2247582, 42.0792137 ], [ -80.2234907, 42.0796201 ], [ -80.2224129, 42.0799654 ], [ -80.2214967, 42.080259 ], [ -80.2207088, 42.0805115 ], [ -80.2200146, 42.080734 ], [ -80.2193957, 42.0809323 ], [ -80.2188822, 42.0810969 ], [ -80.2184731, 42.08125 ], [ -80.2181389, 42.0813951 ], [ -80.2178685, 42.0815127 ], [ -80.2176371, 42.0816132 ], [ -80.2174475, 42.0816956 ], [ -80.2172579, 42.081778 ], [ -80.2170332, 42.0818756 ], [ -80.2167667, 42.0819914 ], [ -80.2164472, 42.0821302 ], [ -80.2160659, 42.0822959 ], [ -80.2156112, 42.0824935 ], [ -80.2150602, 42.0827329 ], [ -80.2143903, 42.0830239 ], [ -80.2135778, 42.083377 ], [ -80.2125866, 42.0838076 ], [ -80.2113926, 42.0843264 ], [ -80.2102929, 42.0848041 ], [ -80.2094133, 42.0852323 ], [ -80.208706, 42.0856153 ], [ -80.2081189, 42.0859333 ], [ -80.2076316, 42.0861973 ], [ -80.2072371, 42.0864109 ], [ -80.2069105, 42.0865878 ], [ -80.206645, 42.0867316 ], [ -80.2064238, 42.0868514 ], [ -80.2062313, 42.0869557 ], [ -80.2060733, 42.0870412 ], [ -80.205878, 42.087147 ], [ -80.2056389, 42.0872765 ], [ -80.2053531, 42.0874313 ], [ -80.2050033, 42.0876208 ], [ -80.2045731, 42.0878538 ], [ -80.203978, 42.0880349 ], [ -80.203262, 42.0882425 ], [ -80.2023995, 42.0884925 ], [ -80.201367, 42.0887918 ], [ -80.2001246, 42.089152 ], [ -80.1986331, 42.0895844 ], [ -80.1968292, 42.0901074 ], [ -80.1946628, 42.0907909 ], [ -80.1922102, 42.0919054 ], [ -80.1892154, 42.0932663 ], [ -80.1858442, 42.0950042 ], [ -80.1819933, 42.0970459 ], [ -80.1775482, 42.0995208 ], [ -80.1721681, 42.1023736 ], [ -80.1659746, 42.1054325 ], [ -80.1607532, 42.108313 ], [ -80.1561538, 42.1105978 ], [ -80.1519251, 42.1121597 ], [ -80.148161, 42.1132904 ], [ -80.1449255, 42.114354 ], [ -80.1420548, 42.1154026 ], [ -80.1393796, 42.1163814 ], [ -80.1368388, 42.1173144 ], [ -80.1343502, 42.118228 ], [ -80.1319089, 42.1191244 ], [ -80.1294662, 42.1200227 ], [ -80.1272003, 42.1208973 ], [ -80.1251159, 42.1217021 ], [ -80.1231678, 42.1223586 ], [ -80.1213631, 42.1229215 ], [ -80.1197105, 42.1234368 ], [ -80.118319, 42.1238709 ], [ -80.1171546, 42.124234 ], [ -80.1161667, 42.1245421 ], [ -80.1153402, 42.1247998 ], [ -80.1146487, 42.1250155 ], [ -80.1140592, 42.1251993 ], [ -80.113543, 42.1253526 ], [ -80.113085, 42.1254861 ], [ -80.1126734, 42.1256062 ], [ -80.1123053, 42.1257136 ], [ -80.1119656, 42.1258127 ], [ -80.1116597, 42.1259019 ], [ -80.1114026, 42.1259769 ], [ -80.1111938, 42.1260378 ], [ -80.1110104, 42.1260913 ], [ -80.1107816, 42.126158 ], [ -80.1105177, 42.126235 ], [ -80.1101953, 42.126329 ], [ -80.1098065, 42.1264424 ], [ -80.1093352, 42.1265799 ], [ -80.108754, 42.1267494 ], [ -80.1080418, 42.1269571 ], [ -80.1071783, 42.127209 ], [ -80.106128, 42.1275223 ], [ -80.104917, 42.1280286 ], [ -80.1034428, 42.1286453 ], [ -80.1016415, 42.1293989 ], [ -80.0994409, 42.1303195 ], [ -80.0967569, 42.1314423 ], [ -80.093779, 42.1324346 ], [ -80.0912121, 42.1332419 ], [ -80.0890255, 42.1339295 ], [ -80.0872442, 42.1345696 ], [ -80.0857685, 42.1351486 ], [ -80.0845027, 42.1356452 ], [ -80.0833642, 42.1360106 ], [ -80.0823373, 42.1362869 ], [ -80.0814773, 42.1365183 ], [ -80.0807638, 42.1367102 ], [ -80.0801717, 42.1368696 ], [ -80.0796857, 42.1370003 ], [ -80.0792784, 42.1371099 ], [ -80.0789465, 42.1371992 ], [ -80.0786677, 42.1372742 ], [ -80.0784371, 42.1373362 ], [ -80.0782355, 42.1373905 ], [ -80.0780397, 42.1374432 ], [ -80.0778202, 42.1375022 ], [ -80.0776387, 42.1375511 ], [ -80.0774188, 42.1376102 ], [ -80.0771595, 42.13768 ], [ -80.0768407, 42.1377658 ], [ -80.0764649, 42.1378669 ], [ -80.0760133, 42.1379884 ], [ -80.0754601, 42.1381372 ], [ -80.0747861, 42.1383186 ], [ -80.0739684, 42.1385385 ], [ -80.0729691, 42.1388074 ], [ -80.0719394, 42.139364 ], [ -80.0707405, 42.1400677 ], [ -80.0693087, 42.1409082 ], [ -80.0676188, 42.1419 ], [ -80.0657528, 42.1428067 ], [ -80.0638728, 42.143511 ], [ -80.0620206, 42.1442048 ], [ -80.06013, 42.144913 ], [ -80.0581719, 42.1456465 ], [ -80.0560738, 42.1464342 ], [ -80.053865, 42.1473871 ], [ -80.0515255, 42.148399 ], [ -80.049492, 42.1492785 ], [ -80.0478252, 42.1499995 ], [ -80.0464592, 42.1505903 ], [ -80.045287, 42.1509901 ], [ -80.0442583, 42.1512135 ], [ -80.043405, 42.1513988 ], [ -80.0427047, 42.1515509 ], [ -80.0421255, 42.1516766 ], [ -80.0416506, 42.1517798 ], [ -80.0412636, 42.1518639 ], [ -80.0409357, 42.1519351 ], [ -80.040674, 42.1519919 ], [ -80.0404516, 42.1520402 ], [ -80.0402521, 42.1520835 ], [ -80.0400362, 42.1521305 ], [ -80.039765, 42.1521893 ], [ -80.0394376, 42.1522613 ], [ -80.0390455, 42.1523575 ], [ -80.0385783, 42.1524749 ], [ -80.038013, 42.1526169 ], [ -80.0373319, 42.1527881 ], [ -80.0364954, 42.1529982 ], [ -80.0354769, 42.1532541 ], [ -80.0342364, 42.1535657 ], [ -80.0327211, 42.1539464 ], [ -80.0311305, 42.154346 ], [ -80.0298051, 42.1547726 ], [ -80.0287472, 42.155182 ], [ -80.0278802, 42.1555176 ], [ -80.0271691, 42.1557929 ], [ -80.0265783, 42.1560216 ], [ -80.0260891, 42.1562109 ], [ -80.0256853, 42.1563671 ], [ -80.0253421, 42.1564899 ], [ -80.0250554, 42.1565884 ], [ -80.0248186, 42.1566698 ], [ -80.0246187, 42.1567385 ], [ -80.0244441, 42.1567984 ], [ -80.0242538, 42.1568639 ], [ -80.0240765, 42.1569248 ], [ -80.0238607, 42.156999 ], [ -80.0236098, 42.1570851 ], [ -80.0233075, 42.157189 ], [ -80.0229399, 42.1573153 ], [ -80.0225012, 42.157466 ], [ -80.0219807, 42.1576449 ], [ -80.021347, 42.1578627 ], [ -80.0205801, 42.1581262 ], [ -80.0196453, 42.1584474 ], [ -80.0185065, 42.1588386 ], [ -80.0171489, 42.1593052 ], [ -80.0159191, 42.1597277 ], [ -80.0148982, 42.1600785 ], [ -80.0140486, 42.1603704 ], [ -80.0134354, 42.160704 ], [ -80.0130254, 42.1610651 ], [ -80.0126872, 42.1613629 ], [ -80.012405, 42.1616115 ], [ -80.0121709, 42.1618176 ], [ -80.0119724, 42.1619925 ], [ -80.011816, 42.1621302 ], [ -80.0116764, 42.1622531 ], [ -80.0115267, 42.1623849 ], [ -80.0113488, 42.1625417 ], [ -80.0111264, 42.1627375 ], [ -80.0108652, 42.1629675 ], [ -80.0105351, 42.1632582 ], [ -80.0101385, 42.1636074 ], [ -80.0096552, 42.1640332 ], [ -80.0090739, 42.164545 ], [ -80.0084185, 42.1651222 ], [ -80.0076769, 42.1657753 ], [ -80.0068289, 42.1665221 ], [ -80.0056247, 42.1670356 ], [ -80.0041015, 42.1675881 ], [ -80.0022575, 42.168257 ], [ -80.0, 42.1689173 ], [ -79.9979661, 42.1699713 ], [ -79.9962217, 42.1708753 ], [ -79.99469, 42.1716691 ], [ -79.9933292, 42.1723742 ], [ -79.9921729, 42.1729735 ], [ -79.99119, 42.1734828 ], [ -79.990354, 42.173916 ], [ -79.9896646, 42.1743425 ], [ -79.9890777, 42.1747321 ], [ -79.9885835, 42.1750601 ], [ -79.9881796, 42.1753284 ], [ -79.9878444, 42.1755508 ], [ -79.987566, 42.1757356 ], [ -79.9873246, 42.1758959 ], [ -79.9871093, 42.1760389 ], [ -79.9868988, 42.1761786 ], [ -79.9867006, 42.1763101 ], [ -79.9865264, 42.1764258 ], [ -79.9863556, 42.1765391 ], [ -79.9862105, 42.1766355 ], [ -79.9860548, 42.1767389 ], [ -79.9858926, 42.1768465 ], [ -79.9857242, 42.1769583 ], [ -79.9855633, 42.1770651 ], [ -79.9854025, 42.1771719 ], [ -79.985249, 42.1772738 ], [ -79.9850975, 42.1773743 ], [ -79.9849367, 42.1774811 ], [ -79.98477, 42.1775918 ], [ -79.9845805, 42.1777176 ], [ -79.9843638, 42.1778614 ], [ -79.984111, 42.1780292 ], [ -79.983805, 42.1782324 ], [ -79.9834516, 42.178467 ], [ -79.9830409, 42.1787396 ], [ -79.982586, 42.1790416 ], [ -79.9820695, 42.1793845 ], [ -79.9814601, 42.1797755 ], [ -79.9805963, 42.1800181 ], [ -79.9797818, 42.1802331 ], [ -79.979056, 42.1804247 ], [ -79.9784536, 42.1805837 ], [ -79.9779531, 42.1807159 ], [ -79.9775352, 42.1808262 ], [ -79.9771886, 42.1809177 ], [ -79.9768982, 42.1809944 ], [ -79.9766521, 42.1810593 ], [ -79.976437, 42.1811161 ], [ -79.976234, 42.1811697 ], [ -79.9760309, 42.1812233 ], [ -79.9757959, 42.1812854 ], [ -79.9755129, 42.18136 ], [ -79.9752021, 42.1814421 ], [ -79.9748413, 42.1815374 ], [ -79.9744443, 42.1816421 ], [ -79.9740106, 42.1817567 ], [ -79.9735449, 42.1818796 ], [ -79.9730564, 42.1820085 ], [ -79.9726323, 42.1822864 ], [ -79.9721951, 42.1826869 ], [ -79.9716619, 42.1831755 ], [ -79.9710123, 42.1837706 ], [ -79.9702377, 42.1844803 ], [ -79.9693113, 42.185329 ], [ -79.9682075, 42.1863402 ], [ -79.9670812, 42.1873721 ], [ -79.9661536, 42.1882218 ], [ -79.9653553, 42.1888886 ], [ -79.9645074, 42.1892683 ], [ -79.9638105, 42.1895803 ], [ -79.9632297, 42.1898405 ], [ -79.9627478, 42.1900562 ], [ -79.9623412, 42.1902383 ], [ -79.9620081, 42.1903875 ], [ -79.9617317, 42.1905113 ], [ -79.9614947, 42.1906175 ], [ -79.9612722, 42.1907171 ], [ -79.9610624, 42.190811 ], [ -79.9608703, 42.190897 ], [ -79.9606874, 42.1909789 ], [ -79.9605084, 42.1910591 ], [ -79.9603402, 42.1911344 ], [ -79.9601731, 42.1912093 ], [ -79.9599913, 42.1912906 ], [ -79.959801, 42.1913759 ], [ -79.9596125, 42.1914603 ], [ -79.9594163, 42.1915482 ], [ -79.9592199, 42.1916361 ], [ -79.9590282, 42.191722 ], [ -79.9588139, 42.1918179 ], [ -79.9585808, 42.1919223 ], [ -79.9583215, 42.1920385 ], [ -79.9580438, 42.1921628 ], [ -79.9577501, 42.1922943 ], [ -79.9574394, 42.1924588 ], [ -79.9570948, 42.192651 ], [ -79.9566825, 42.1928811 ], [ -79.9562111, 42.1931439 ], [ -79.955662, 42.1934503 ], [ -79.9550083, 42.1938149 ], [ -79.9542819, 42.1942201 ], [ -79.953515, 42.1946478 ], [ -79.9526954, 42.1951174 ], [ -79.9518277, 42.1956584 ], [ -79.9508526, 42.1962664 ], [ -79.949738, 42.1969614 ], [ -79.9485345, 42.1977117 ], [ -79.9472765, 42.198496 ], [ -79.9459444, 42.1993265 ], [ -79.9443498, 42.2000373 ], [ -79.9426713, 42.2006559 ], [ -79.9410038, 42.2012702 ], [ -79.9392987, 42.2018985 ], [ -79.9376538, 42.2027844 ], [ -79.9358776, 42.2037675 ], [ -79.9339169, 42.2048526 ], [ -79.931713, 42.2060723 ], [ -79.9290276, 42.2071077 ], [ -79.9263804, 42.2075785 ], [ -79.9242048, 42.2079655 ], [ -79.9224188, 42.2082831 ], [ -79.9209462, 42.2085413 ], [ -79.9197317, 42.2087535 ], [ -79.9187368, 42.2089274 ], [ -79.9179242, 42.2090694 ], [ -79.9172585, 42.2091857 ], [ -79.9167062, 42.2092822 ], [ -79.916261, 42.2093601 ], [ -79.9158867, 42.2094255 ], [ -79.9155896, 42.2094774 ], [ -79.915327, 42.2095233 ], [ -79.9151086, 42.2095615 ], [ -79.9149185, 42.2095947 ], [ -79.9147092, 42.2096313 ], [ -79.9144607, 42.209688 ], [ -79.9141965, 42.20982 ], [ -79.9138936, 42.2099724 ], [ -79.9135529, 42.2101438 ], [ -79.9131558, 42.2103436 ], [ -79.9126967, 42.2105745 ], [ -79.9121546, 42.2108472 ], [ -79.9115078, 42.2111725 ], [ -79.9107355, 42.211561 ], [ -79.9098079, 42.2120277 ], [ -79.9087045, 42.2125826 ], [ -79.9073913, 42.2132433 ], [ -79.905805, 42.2140412 ], [ -79.9038849, 42.215007 ], [ -79.9015861, 42.2161913 ], [ -79.8988768, 42.2175976 ], [ -79.8956827, 42.2192554 ], [ -79.8918301, 42.2211108 ], [ -79.8873967, 42.223438 ], [ -79.8824049, 42.226367 ], [ -79.8770884, 42.2289447 ], [ -79.8715942, 42.2301993 ], [ -79.8667854, 42.2313299 ], [ -79.862519, 42.2321112 ], [ -79.8586996, 42.2322923 ], [ -79.8555272, 42.232899 ], [ -79.8526947, 42.23374 ], [ -79.8501758, 42.2344878 ], [ -79.8479303, 42.2348328 ], [ -79.8460385, 42.2351004 ], [ -79.8444381, 42.2353267 ], [ -79.8430593, 42.2355218 ], [ -79.8418373, 42.2356947 ], [ -79.840751, 42.2358605 ], [ -79.8397635, 42.2361105 ], [ -79.8388003, 42.2363547 ], [ -79.8379286, 42.2365757 ], [ -79.8371601, 42.2367705 ], [ -79.8364654, 42.2369466 ], [ -79.835834, 42.2371066 ], [ -79.8352502, 42.2372546 ], [ -79.8347304, 42.2373864 ], [ -79.8342612, 42.2375054 ], [ -79.8338426, 42.2376115 ], [ -79.8334753, 42.2377046 ], [ -79.8331606, 42.2377843 ], [ -79.832876, 42.2378565 ], [ -79.8326503, 42.2379137 ], [ -79.8324467, 42.2379654 ], [ -79.8322682, 42.2380106 ], [ -79.8320705, 42.2380607 ], [ -79.8318368, 42.23812 ], [ -79.8315758, 42.2381861 ], [ -79.8312716, 42.2382632 ], [ -79.8309262, 42.2383508 ], [ -79.8305994, 42.2385354 ], [ -79.8302903, 42.2387894 ], [ -79.8299578, 42.2390626 ], [ -79.829587, 42.2393674 ], [ -79.8291684, 42.2397114 ], [ -79.8286848, 42.2401088 ], [ -79.828129, 42.2405655 ], [ -79.8274937, 42.2410876 ], [ -79.8267544, 42.2416952 ], [ -79.8257982, 42.2423221 ], [ -79.8243425, 42.2427578 ], [ -79.8225648, 42.2432899 ], [ -79.8206943, 42.2438498 ], [ -79.8191297, 42.2443332 ], [ -79.8178815, 42.2448358 ], [ -79.8168556, 42.2452489 ], [ -79.8160141, 42.2455878 ], [ -79.8153214, 42.2458668 ], [ -79.8147531, 42.2460957 ], [ -79.8142839, 42.2462846 ], [ -79.8138911, 42.2464447 ], [ -79.8135749, 42.2465881 ], [ -79.813303, 42.2467115 ], [ -79.8130798, 42.2468128 ], [ -79.8128894, 42.2468991 ], [ -79.8127044, 42.2469831 ], [ -79.8124845, 42.2470829 ], [ -79.8122254, 42.2472004 ], [ -79.8119173, 42.2473402 ], [ -79.8115638, 42.2475005 ], [ -79.8111298, 42.2476974 ], [ -79.8106056, 42.2479353 ], [ -79.8099719, 42.2482228 ], [ -79.8091983, 42.2485737 ], [ -79.8082633, 42.2489979 ], [ -79.8071551, 42.2495007 ], [ -79.8057392, 42.24994 ], [ -79.8043626, 42.2502631 ], [ -79.803233, 42.2505283 ], [ -79.8023121, 42.2507444 ], [ -79.8015486, 42.2509236 ], [ -79.8009272, 42.2510695 ], [ -79.8004089, 42.2511912 ], [ -79.7999838, 42.251291 ], [ -79.799625, 42.2513752 ], [ -79.799327, 42.2514451 ], [ -79.799086, 42.2515017 ], [ -79.7988897, 42.2515478 ], [ -79.7986782, 42.2515974 ], [ -79.7984431, 42.2516526 ], [ -79.7981459, 42.2517224 ], [ -79.7977967, 42.2518044 ], [ -79.7973631, 42.2519061 ], [ -79.7968371, 42.2520296 ], [ -79.7961987, 42.2521795 ], [ -79.7954198, 42.2523623 ], [ -79.7944826, 42.2526112 ], [ -79.7933666, 42.2529651 ], [ -79.7920255, 42.2533903 ], [ -79.7904111, 42.2539024 ], [ -79.7885376, 42.2544965 ], [ -79.7869051, 42.2550142 ], [ -79.7855067, 42.255319 ], [ -79.784349, 42.25553 ], [ -79.7833973, 42.2557035 ], [ -79.782617, 42.2558457 ], [ -79.7819816, 42.2559616 ], [ -79.7814598, 42.2560567 ], [ -79.781034, 42.2561343 ], [ -79.7806894, 42.2561972 ], [ -79.7803927, 42.2562512 ], [ -79.7801588, 42.2562939 ], [ -79.7799717, 42.256328 ], [ -79.7797618, 42.2563662 ], [ -79.7795195, 42.2564104 ], [ -79.7792891, 42.2564808 ], [ -79.7790968, 42.2565645 ], [ -79.7789142, 42.2566439 ], [ -79.7786935, 42.2567398 ], [ -79.7784372, 42.2568514 ], [ -79.7781504, 42.2569762 ], [ -79.7778521, 42.2571059 ], [ -79.7775415, 42.2572411 ], [ -79.7772166, 42.2573824 ], [ -79.7768805, 42.2575287 ], [ -79.7764995, 42.2576944 ], [ -79.7760881, 42.2578734 ], [ -79.7756282, 42.2580735 ], [ -79.7751026, 42.2583021 ], [ -79.7744942, 42.2585668 ], [ -79.7737817, 42.2588767 ], [ -79.7729239, 42.2592499 ], [ -79.7718937, 42.2596981 ], [ -79.7706592, 42.2602352 ], [ -79.7691627, 42.260853 ], [ -79.7673589, 42.2615947 ], [ -79.7653088, 42.2624376 ], [ -79.7635336, 42.2631675 ], [ -79.7620644, 42.2637715 ], [ -79.7608578, 42.2642676 ], [ -79.759866, 42.2646753 ], [ -79.7590492, 42.2650004 ], [ -79.7583786, 42.2652653 ], [ -79.7578264, 42.2654836 ], [ -79.7573753, 42.2656619 ], [ -79.7570048, 42.2658082 ], [ -79.7567003, 42.2659286 ], [ -79.7564558, 42.2660252 ], [ -79.7562532, 42.2661052 ], [ -79.7560825, 42.2661728 ], [ -79.7558884, 42.2662495 ], [ -79.7556477, 42.2663446 ], [ -79.7553617, 42.2664576 ], [ -79.7550112, 42.2665961 ], [ -79.7545799, 42.2667665 ], [ -79.7540505, 42.2669758 ], [ -79.7534086, 42.2672294 ], [ -79.7526292, 42.2675374 ], [ -79.7516686, 42.2679169 ], [ -79.7505543, 42.2684117 ], [ -79.7493248, 42.2690562 ], [ -79.7478866, 42.2698101 ], [ -79.7461835, 42.2707027 ], [ -79.7441503, 42.2717684 ], [ -79.7417484, 42.2729493 ], [ -79.7396335, 42.2739724 ], [ -79.7378801, 42.2748206 ], [ -79.7364229, 42.2755255 ], [ -79.7352111, 42.2761117 ], [ -79.7341909, 42.2766051 ], [ -79.7333497, 42.277012 ], [ -79.7326436, 42.277329 ], [ -79.7320493, 42.2775765 ], [ -79.7315502, 42.2777844 ], [ -79.7311442, 42.2779535 ], [ -79.7308053, 42.2780946 ], [ -79.7305262, 42.2782109 ], [ -79.7302997, 42.2783053 ], [ -79.7301156, 42.2783819 ], [ -79.7299404, 42.2784548 ], [ -79.7297269, 42.2785438 ], [ -79.7294834, 42.2786452 ], [ -79.7291953, 42.2787652 ], [ -79.7288418, 42.2789124 ], [ -79.7284263, 42.2790855 ], [ -79.7279324, 42.2792912 ], [ -79.727329, 42.2795425 ], [ -79.7266009, 42.2798457 ], [ -79.7257231, 42.2802114 ], [ -79.7246684, 42.2806506 ], [ -79.7233879, 42.2811839 ], [ -79.7217875, 42.2817573 ], [ -79.7197455, 42.2823069 ], [ -79.7172507, 42.2829783 ], [ -79.7142064, 42.2837978 ], [ -79.7111479, 42.2853063 ], [ -79.7086317, 42.2867115 ], [ -79.706565, 42.2878657 ], [ -79.7048639, 42.2888158 ], [ -79.7034594, 42.2896002 ], [ -79.7022637, 42.2902185 ], [ -79.7011711, 42.2906009 ], [ -79.7002672, 42.2909172 ], [ -79.6995172, 42.2911796 ], [ -79.6988898, 42.2913991 ], [ -79.698351, 42.2915876 ], [ -79.6978885, 42.2917495 ], [ -79.6975095, 42.2918821 ], [ -79.6971996, 42.2919905 ], [ -79.696948, 42.2920786 ], [ -79.6967376, 42.2921521 ], [ -79.6965626, 42.2922134 ], [ -79.6963585, 42.2922848 ], [ -79.6961195, 42.2923685 ], [ -79.6958324, 42.2924689 ], [ -79.6954856, 42.2925902 ], [ -79.6950685, 42.2927362 ], [ -79.6945634, 42.2929129 ], [ -79.693944, 42.2931296 ], [ -79.6931953, 42.2933888 ], [ -79.6922699, 42.2936913 ], [ -79.6911526, 42.2940565 ], [ -79.6899034, 42.2944648 ], [ -79.688495, 42.2949253 ], [ -79.6871669, 42.2953596 ], [ -79.6861045, 42.2957524 ], [ -79.685239, 42.2960768 ], [ -79.6845262, 42.2963439 ], [ -79.6839406, 42.2965633 ], [ -79.6834694, 42.2967399 ], [ -79.6830775, 42.2968869 ], [ -79.6827615, 42.2970052 ], [ -79.6824924, 42.2971061 ], [ -79.6822769, 42.2971868 ], [ -79.6820858, 42.2972585 ], [ -79.6818957, 42.2973298 ], [ -79.6816556, 42.2974197 ], [ -79.6813721, 42.297526 ], [ -79.6810198, 42.297658 ], [ -79.6805913, 42.2978185 ], [ -79.6800728, 42.2980145 ], [ -79.6794794, 42.2983113 ], [ -79.6787679, 42.2986819 ], [ -79.6779129, 42.2991272 ], [ -79.6768916, 42.2996591 ], [ -79.67567, 42.3002953 ], [ -79.6741989, 42.3010615 ], [ -79.6724191, 42.3019884 ], [ -79.6701432, 42.3029505 ], [ -79.6671199, 42.3037725 ], [ -79.6634289, 42.304776 ], [ -79.6591158, 42.3062947 ], [ -79.6550306, 42.3081427 ], [ -79.6520349, 42.3100642 ], [ -79.6495487, 42.3116591 ], [ -79.6475033, 42.3129711 ], [ -79.6457257, 42.3139207 ], [ -79.6439789, 42.3143089 ], [ -79.6425395, 42.3146287 ], [ -79.6413459, 42.314894 ], [ -79.6403559, 42.315114 ], [ -79.6395279, 42.315298 ], [ -79.638827, 42.3154538 ], [ -79.6382417, 42.3155838 ], [ -79.6377624, 42.3156903 ], [ -79.6373603, 42.3157797 ], [ -79.6370405, 42.3158508 ], [ -79.6367759, 42.3159096 ], [ -79.6365632, 42.3159568 ], [ -79.6363762, 42.3159984 ], [ -79.6361583, 42.3160468 ], [ -79.6359017, 42.3161038 ], [ -79.6356275, 42.3162242 ], [ -79.6353062, 42.3163885 ], [ -79.6349221, 42.3165848 ], [ -79.6344667, 42.3168177 ], [ -79.6339103, 42.317102 ], [ -79.6332364, 42.3174465 ], [ -79.6324161, 42.3178658 ], [ -79.6314153, 42.3183774 ], [ -79.6301925, 42.3190024 ], [ -79.628688, 42.319754 ], [ -79.6268536, 42.3206469 ], [ -79.6251145, 42.3214934 ], [ -79.6236891, 42.3221872 ], [ -79.6225222, 42.3227552 ], [ -79.6215609, 42.3232182 ], [ -79.6207565, 42.3235728 ], [ -79.6200947, 42.3238643 ], [ -79.6195507, 42.324104 ], [ -79.6191023, 42.3243016 ], [ -79.6187382, 42.324462 ], [ -79.6184332, 42.3245963 ], [ -79.6181763, 42.3247095 ], [ -79.6179668, 42.3248019 ], [ -79.617782, 42.3248833 ], [ -79.6175927, 42.3249666 ], [ -79.6173814, 42.3250598 ], [ -79.6171289, 42.325171 ], [ -79.6168082, 42.3253123 ], [ -79.6164193, 42.3254837 ], [ -79.6159502, 42.3256904 ], [ -79.6153827, 42.3259404 ], [ -79.6146981, 42.326242 ], [ -79.6140134, 42.3267346 ], [ -79.613256, 42.3273611 ], [ -79.6123528, 42.3281083 ], [ -79.6112779, 42.3289974 ], [ -79.6100019, 42.3300529 ], [ -79.6085705, 42.3312369 ], [ -79.6073316, 42.3322615 ], [ -79.6062821, 42.3331297 ], [ -79.6053776, 42.3338778 ], [ -79.604369, 42.3342951 ], [ -79.6033701, 42.3344896 ], [ -79.6025439, 42.3346505 ], [ -79.6018614, 42.3347834 ], [ -79.60129, 42.3348947 ], [ -79.6008013, 42.3349899 ], [ -79.6003986, 42.3350683 ], [ -79.6000493, 42.3351363 ], [ -79.5997404, 42.3351965 ], [ -79.5994777, 42.3352476 ], [ -79.5992613, 42.3352898 ], [ -79.5990528, 42.3353304 ], [ -79.5988602, 42.3353679 ], [ -79.598685, 42.335402 ], [ -79.5984745, 42.335443 ], [ -79.5982285, 42.3354909 ], [ -79.597985, 42.3355384 ], [ -79.5977272, 42.3355886 ], [ -79.5974435, 42.3356438 ], [ -79.5971531, 42.3357003 ], [ -79.5968111, 42.335767 ], [ -79.5964625, 42.3358348 ], [ -79.5961248, 42.3359006 ], [ -79.5958339, 42.3359573 ], [ -79.5955574, 42.3360111 ], [ -79.5953186, 42.3360576 ], [ -79.5951034, 42.3360995 ], [ -79.5949092, 42.3361373 ], [ -79.5947042, 42.3361813 ], [ -79.59454, 42.3362613 ], [ -79.594393, 42.3363632 ], [ -79.5942455, 42.3364655 ], [ -79.5940917, 42.3365721 ], [ -79.5939352, 42.3366806 ], [ -79.5937531, 42.3368068 ], [ -79.5935309, 42.3369609 ], [ -79.5932573, 42.3371506 ], [ -79.592921, 42.3373837 ], [ -79.5925123, 42.3376671 ], [ -79.5920173, 42.3380103 ], [ -79.5914137, 42.3384288 ], [ -79.5906761, 42.3389401 ], [ -79.5897687, 42.3395693 ], [ -79.5886384, 42.3403151 ], [ -79.5873808, 42.3411041 ], [ -79.5863336, 42.3417612 ], [ -79.5854766, 42.3422988 ], [ -79.5847709, 42.3427415 ], [ -79.5842004, 42.3430995 ], [ -79.5837265, 42.3433968 ], [ -79.5833428, 42.3436375 ], [ -79.5830248, 42.343837 ], [ -79.5827607, 42.3440027 ], [ -79.5825494, 42.3441353 ], [ -79.5823716, 42.3442468 ], [ -79.5822219, 42.3443407 ], [ -79.5820485, 42.3444495 ], [ -79.5818533, 42.3445719 ], [ -79.5816051, 42.3447276 ], [ -79.5813045, 42.3449163 ], [ -79.5809388, 42.3451457 ], [ -79.5805087, 42.3454155 ], [ -79.579961, 42.3457209 ], [ -79.5792718, 42.3460669 ], [ -79.5784374, 42.3464858 ], [ -79.5774248, 42.3469941 ], [ -79.5761935, 42.3476121 ], [ -79.5748134, 42.3483048 ], [ -79.5736531, 42.3488873 ], [ -79.5727071, 42.3493712 ], [ -79.5719314, 42.3497689 ], [ -79.571298, 42.3500935 ], [ -79.5707801, 42.3503589 ], [ -79.5703501, 42.3505793 ], [ -79.5700043, 42.3507565 ], [ -79.5697153, 42.3509047 ], [ -79.5694824, 42.3510241 ], [ -79.5692862, 42.3511246 ], [ -79.5691088, 42.3512155 ], [ -79.5689217, 42.3513114 ], [ -79.5686954, 42.3514274 ], [ -79.5684135, 42.3515719 ], [ -79.5680719, 42.351747 ], [ -79.5676559, 42.3519602 ], [ -79.5671441, 42.3522224 ], [ -79.5665292, 42.3525376 ], [ -79.5657991, 42.3529118 ], [ -79.5649261, 42.3533592 ], [ -79.5639661, 42.3539645 ], [ -79.5628843, 42.3547768 ], [ -79.5615665, 42.3557663 ], [ -79.5601688, 42.3568158 ], [ -79.5589688, 42.3577154 ], [ -79.5577566, 42.3583141 ], [ -79.5567219, 42.3588059 ], [ -79.5558576, 42.3592167 ], [ -79.5551446, 42.3595556 ], [ -79.5545535, 42.3598366 ], [ -79.55407, 42.3600664 ], [ -79.5536598, 42.3602614 ], [ -79.5533126, 42.3604264 ], [ -79.5530192, 42.3605659 ], [ -79.5527782, 42.3606804 ], [ -79.5525739, 42.3607775 ], [ -79.5523913, 42.3608643 ], [ -79.5522082, 42.3609513 ], [ -79.5520037, 42.3610486 ], [ -79.5517497, 42.3611693 ], [ -79.5514529, 42.3613103 ], [ -79.5510645, 42.3614192 ], [ -79.5505787, 42.361524 ], [ -79.5499918, 42.3616505 ], [ -79.5492828, 42.3618034 ], [ -79.5484227, 42.3619888 ], [ -79.547395, 42.3622104 ], [ -79.5461621, 42.3624762 ], [ -79.5447094, 42.3627894 ], [ -79.5434145, 42.3630686 ], [ -79.5423542, 42.3632973 ], [ -79.5415657, 42.3636266 ], [ -79.5409362, 42.3639237 ], [ -79.5404152, 42.3641696 ], [ -79.5399872, 42.3643717 ], [ -79.5396343, 42.3645382 ], [ -79.5393416, 42.3646764 ], [ -79.5390933, 42.3647937 ], [ -79.5388935, 42.3648879 ], [ -79.5387269, 42.3649665 ], [ -79.5385543, 42.3650481 ], [ -79.5383384, 42.3651499 ], [ -79.5380818, 42.3652711 ], [ -79.5377791, 42.3654139 ], [ -79.5374034, 42.3655913 ], [ -79.5369516, 42.3658046 ], [ -79.5364104, 42.3660685 ], [ -79.5358035, 42.3664328 ], [ -79.5350766, 42.3668705 ], [ -79.5341997, 42.3673986 ], [ -79.5331276, 42.3680443 ], [ -79.53183, 42.3688257 ], [ -79.5302524, 42.3697758 ], [ -79.5286882, 42.3707178 ], [ -79.5273324, 42.3714117 ], [ -79.5262042, 42.3719723 ], [ -79.5252772, 42.372433 ], [ -79.5245175, 42.3728106 ], [ -79.5238924, 42.3731212 ], [ -79.523379, 42.3733781 ], [ -79.522962, 42.3735937 ], [ -79.5226165, 42.3737723 ], [ -79.5223394, 42.3739157 ], [ -79.5221027, 42.3740381 ], [ -79.5219175, 42.3741339 ], [ -79.5217585, 42.3742161 ], [ -79.5215678, 42.3743147 ], [ -79.5213369, 42.3744341 ], [ -79.5210595, 42.3745775 ], [ -79.5207268, 42.3747497 ], [ -79.5203289, 42.3749554 ], [ -79.5198458, 42.3752052 ], [ -79.5192689, 42.3755036 ], [ -79.5185715, 42.3758643 ], [ -79.5177288, 42.3763 ], [ -79.5167072, 42.3768284 ], [ -79.5154658, 42.3774703 ], [ -79.5139518, 42.3782532 ], [ -79.5121065, 42.3792074 ], [ -79.5098588, 42.3803697 ], [ -79.5071795, 42.381755 ], [ -79.5050012, 42.3832091 ], [ -79.5034371, 42.3846338 ], [ -79.5021491, 42.3858068 ], [ -79.5010926, 42.3867691 ], [ -79.5002273, 42.3875572 ], [ -79.4995174, 42.3882037 ], [ -79.4988044, 42.3886182 ], [ -79.4981405, 42.3888849 ], [ -79.4975906, 42.3891058 ], [ -79.4971388, 42.3892874 ], [ -79.4967603, 42.3894394 ], [ -79.4964483, 42.3895648 ], [ -79.49619, 42.3896686 ], [ -79.4959769, 42.3897542 ], [ -79.4957901, 42.3898293 ], [ -79.4955928, 42.3899085 ], [ -79.4953434, 42.3900087 ], [ -79.495047, 42.3901278 ], [ -79.4946981, 42.390268 ], [ -79.4942756, 42.3904377 ], [ -79.4937664, 42.3906423 ], [ -79.4931611, 42.3908855 ], [ -79.4924349, 42.3911773 ], [ -79.4915695, 42.3915249 ], [ -79.4905312, 42.3919421 ], [ -79.4892828, 42.3924437 ], [ -79.4877917, 42.3930522 ], [ -79.48625, 42.3940808 ], [ -79.4846093, 42.3951862 ], [ -79.4832543, 42.3960991 ], [ -79.4821427, 42.3968479 ], [ -79.4812321, 42.3974613 ], [ -79.4805006, 42.3979755 ], [ -79.4799052, 42.3984036 ], [ -79.4794195, 42.3987529 ], [ -79.4790226, 42.3990382 ], [ -79.4786973, 42.3992723 ], [ -79.4784318, 42.3994631 ], [ -79.4782182, 42.3996167 ], [ -79.4780347, 42.3997487 ], [ -79.4778795, 42.3998602 ], [ -79.4777081, 42.3999835 ], [ -79.4775105, 42.4001256 ], [ -79.4772655, 42.4003019 ], [ -79.4769811, 42.4005063 ], [ -79.4766342, 42.4007557 ], [ -79.4762239, 42.4010508 ], [ -79.4757364, 42.4014013 ], [ -79.475162, 42.4018143 ], [ -79.4744943, 42.4022945 ], [ -79.4737063, 42.4028611 ], [ -79.4727666, 42.4035368 ], [ -79.4715912, 42.404298 ], [ -79.4698314, 42.4046897 ], [ -79.4681697, 42.4050596 ], [ -79.4668074, 42.4053629 ], [ -79.4656904, 42.4056115 ], [ -79.4647762, 42.405815 ], [ -79.4640241, 42.4059823 ], [ -79.4634027, 42.4061206 ], [ -79.4628975, 42.4062331 ], [ -79.462483, 42.4063254 ], [ -79.4621382, 42.4064021 ], [ -79.4618568, 42.4064647 ], [ -79.4616129, 42.4065191 ], [ -79.4614262, 42.4065606 ], [ -79.4612167, 42.4066072 ], [ -79.4609694, 42.4066623 ], [ -79.4606773, 42.4067273 ], [ -79.4603229, 42.4068062 ], [ -79.4599005, 42.4069002 ], [ -79.4594579, 42.407115 ], [ -79.4589712, 42.4074329 ], [ -79.4583855, 42.4078154 ], [ -79.4577231, 42.4082481 ], [ -79.4569707, 42.4087394 ], [ -79.4561178, 42.4092965 ], [ -79.4551789, 42.4099097 ], [ -79.4541219, 42.4106001 ], [ -79.4528768, 42.4113477 ], [ -79.4514212, 42.4121911 ], [ -79.4497081, 42.4131836 ], [ -79.4476087, 42.4142818 ], [ -79.4451192, 42.4153186 ], [ -79.4423483, 42.4164725 ], [ -79.439174, 42.4177944 ], [ -79.4355758, 42.4194585 ], [ -79.431774, 42.4214225 ], [ -79.4282265, 42.4225017 ], [ -79.4249633, 42.4230205 ], [ -79.4223066, 42.4237253 ], [ -79.4204264, 42.4247952 ], [ -79.4188869, 42.4256712 ], [ -79.4175977, 42.4263572 ], [ -79.4164557, 42.4268274 ], [ -79.4155176, 42.4272135 ], [ -79.4147395, 42.4275337 ], [ -79.414097, 42.4277982 ], [ -79.4135731, 42.4280138 ], [ -79.4131354, 42.428194 ], [ -79.4127633, 42.4283472 ], [ -79.4124419, 42.4284795 ], [ -79.4121603, 42.4285953 ], [ -79.411906, 42.4287 ], [ -79.4116721, 42.4287963 ], [ -79.4114517, 42.428887 ], [ -79.4112579, 42.4289668 ], [ -79.4110807, 42.4290397 ], [ -79.410916, 42.4291075 ], [ -79.4107307, 42.4291838 ], [ -79.4105108, 42.4292743 ], [ -79.4102501, 42.4293816 ], [ -79.4099546, 42.4295032 ], [ -79.4096367, 42.4296341 ], [ -79.4092823, 42.4297799 ], [ -79.4088926, 42.4299404 ], [ -79.4084627, 42.4301173 ], [ -79.4079727, 42.430319 ], [ -79.4074258, 42.4305834 ], [ -79.4069236, 42.4310416 ], [ -79.4063176, 42.4315969 ], [ -79.4056017, 42.4322527 ], [ -79.4049586, 42.4328419 ], [ -79.4044216, 42.433334 ], [ -79.403974, 42.4337441 ], [ -79.4035962, 42.4340902 ], [ -79.403278, 42.4343818 ], [ -79.402996, 42.4346401 ], [ -79.4027463, 42.4348687 ], [ -79.402524, 42.4350725 ], [ -79.4023286, 42.4352515 ], [ -79.4021567, 42.435409 ], [ -79.4020012, 42.4355515 ], [ -79.4018632, 42.4356779 ], [ -79.4017402, 42.435787 ], [ -79.4015783, 42.4358998 ], [ -79.4013754, 42.4360169 ], [ -79.4011355, 42.4361555 ], [ -79.4008564, 42.4363166 ], [ -79.4005203, 42.4365105 ], [ -79.4001203, 42.4367415 ], [ -79.3996394, 42.437019 ], [ -79.3990656, 42.4373504 ], [ -79.3983888, 42.4377411 ], [ -79.3977517, 42.4381088 ], [ -79.3972059, 42.4384239 ], [ -79.3967507, 42.4386866 ], [ -79.3963705, 42.4389061 ], [ -79.3960558, 42.4390878 ], [ -79.3957937, 42.439239 ], [ -79.3955677, 42.4393695 ], [ -79.3953856, 42.4394746 ], [ -79.395215, 42.4395731 ], [ -79.3950168, 42.4396875 ], [ -79.3947798, 42.4398243 ], [ -79.3945065, 42.4399821 ], [ -79.3941694, 42.4401767 ], [ -79.3937732, 42.4404053 ], [ -79.3933052, 42.4406755 ], [ -79.3927558, 42.4409926 ], [ -79.3921079, 42.4413667 ], [ -79.3913518, 42.441803 ], [ -79.3904048, 42.4422067 ], [ -79.3892037, 42.4424993 ], [ -79.3878202, 42.4428363 ], [ -79.3864098, 42.4431798 ], [ -79.3852472, 42.4434631 ], [ -79.3842971, 42.4436945 ], [ -79.3835678, 42.4439492 ], [ -79.3832118, 42.4443817 ], [ -79.3829087, 42.4447497 ], [ -79.3826531, 42.4450602 ], [ -79.3824325, 42.445328 ], [ -79.3822522, 42.445547 ], [ -79.3821018, 42.4457298 ], [ -79.3819813, 42.445876 ], [ -79.3818807, 42.4459981 ], [ -79.3817758, 42.4461256 ], [ -79.3816602, 42.4462659 ], [ -79.3815276, 42.446427 ], [ -79.381387, 42.4465977 ], [ -79.3812286, 42.4467901 ], [ -79.3810492, 42.4470079 ], [ -79.3808555, 42.4472433 ], [ -79.3806383, 42.4475071 ], [ -79.3803956, 42.4478018 ], [ -79.3801354, 42.4481178 ], [ -79.3798609, 42.4484511 ], [ -79.3795523, 42.4488259 ], [ -79.3792002, 42.4492534 ], [ -79.3787955, 42.4497451 ], [ -79.3783132, 42.4503306 ], [ -79.3777416, 42.4510248 ], [ -79.3769483, 42.4517844 ], [ -79.3755698, 42.4523974 ], [ -79.3740047, 42.4530933 ], [ -79.3726558, 42.4536931 ], [ -79.3715063, 42.4541506 ], [ -79.3704701, 42.4543602 ], [ -79.3696188, 42.4545323 ], [ -79.3689212, 42.4546734 ], [ -79.3683517, 42.4547886 ], [ -79.3678854, 42.4548829 ], [ -79.3674902, 42.4549628 ], [ -79.3671756, 42.4550264 ], [ -79.3669028, 42.4550816 ], [ -79.366691, 42.4551244 ], [ -79.3665027, 42.4551625 ], [ -79.3662645, 42.4552107 ], [ -79.3659928, 42.4552656 ], [ -79.3656553, 42.4553339 ], [ -79.3652495, 42.4554159 ], [ -79.3647522, 42.4555165 ], [ -79.3641513, 42.455638 ], [ -79.3634405, 42.4557822 ], [ -79.362916, 42.4560841 ], [ -79.3624968, 42.4563497 ], [ -79.3621486, 42.4565703 ], [ -79.3618721, 42.4567456 ], [ -79.3616331, 42.4568971 ], [ -79.3614415, 42.4570184 ], [ -79.3612848, 42.4571178 ], [ -79.3611427, 42.4572078 ], [ -79.3609734, 42.4573151 ], [ -79.3607598, 42.4574504 ], [ -79.3605015, 42.4576141 ], [ -79.3601902, 42.4578114 ], [ -79.3598077, 42.4580538 ], [ -79.3593545, 42.4583409 ], [ -79.3588287, 42.4586818 ], [ -79.3583271, 42.4591605 ], [ -79.357741, 42.4597317 ], [ -79.3570435, 42.4604116 ], [ -79.3562002, 42.4612336 ], [ -79.3551953, 42.4622131 ], [ -79.3540108, 42.4633677 ], [ -79.3526185, 42.4647247 ], [ -79.3511719, 42.466342 ], [ -79.3496228, 42.4682413 ], [ -79.3480283, 42.4701962 ], [ -79.3463275, 42.471615 ], [ -79.3448859, 42.4727631 ], [ -79.3436961, 42.4737106 ], [ -79.3427061, 42.4744991 ], [ -79.3418749, 42.4751611 ], [ -79.3411949, 42.4757026 ], [ -79.3406315, 42.4761512 ], [ -79.340166, 42.4765219 ], [ -79.3397027, 42.4767528 ], [ -79.3393037, 42.4769169 ], [ -79.338975, 42.4770521 ], [ -79.3387012, 42.4771647 ], [ -79.3384777, 42.4772567 ], [ -79.3382874, 42.4773349 ], [ -79.3381074, 42.477409 ], [ -79.3379034, 42.4774929 ], [ -79.3376614, 42.4775924 ], [ -79.3373664, 42.4777137 ], [ -79.337002, 42.4778636 ], [ -79.3365691, 42.4780416 ], [ -79.3360491, 42.4782555 ], [ -79.3354254, 42.478512 ], [ -79.3346724, 42.4788217 ], [ -79.3337546, 42.4791992 ], [ -79.3326134, 42.4795898 ], [ -79.3311168, 42.4797775 ], [ -79.3293227, 42.4800024 ], [ -79.3271588, 42.4802739 ], [ -79.3245751, 42.4806708 ], [ -79.3219953, 42.4821128 ], [ -79.3188569, 42.483867 ], [ -79.3144724, 42.4851842 ], [ -79.3091615, 42.4863405 ], [ -79.3072212, 42.4891685 ], [ -79.306632, 42.492502 ], [ -79.306137, 42.4953017 ], [ -79.3057218, 42.4976509 ], [ -79.3042564, 42.4992424 ], [ -79.3027638, 42.5004392 ], [ -79.3015391, 42.5014214 ], [ -79.3005377, 42.5022244 ], [ -79.2997147, 42.5028843 ], [ -79.2990436, 42.5034224 ], [ -79.2984936, 42.5038634 ], [ -79.29804, 42.5042272 ], [ -79.29767, 42.5045239 ], [ -79.297369, 42.504765 ], [ -79.2971186, 42.5049606 ], [ -79.2969088, 42.5051229 ], [ -79.2967345, 42.5052577 ], [ -79.2965855, 42.505373 ], [ -79.2964287, 42.5054944 ], [ -79.2962488, 42.5056336 ], [ -79.2960485, 42.5057886 ], [ -79.2958277, 42.5059594 ], [ -79.2955728, 42.5061567 ], [ -79.2952763, 42.5063861 ], [ -79.2949273, 42.5066561 ], [ -79.294516, 42.5069743 ], [ -79.2940241, 42.5073549 ], [ -79.2934754, 42.5077794 ], [ -79.2928747, 42.5082442 ], [ -79.2921919, 42.5087725 ], [ -79.2912999, 42.5092744 ], [ -79.2900517, 42.5094881 ], [ -79.288695, 42.5097204 ], [ -79.2871935, 42.5099775 ], [ -79.2855417, 42.5102603 ], [ -79.2841172, 42.5105042 ], [ -79.2829489, 42.5107042 ], [ -79.2819948, 42.5108676 ], [ -79.281224, 42.5110194 ], [ -79.2806034, 42.5111628 ], [ -79.2800913, 42.511281 ], [ -79.2796725, 42.5113778 ], [ -79.2793197, 42.5114593 ], [ -79.2790319, 42.5115257 ], [ -79.2787876, 42.5115822 ], [ -79.2785725, 42.5116318 ], [ -79.2783499, 42.5116833 ], [ -79.2781006, 42.5117408 ], [ -79.2778721, 42.5117936 ], [ -79.2776728, 42.5118396 ], [ -79.2774598, 42.5118888 ], [ -79.2772194, 42.5119443 ], [ -79.2769146, 42.5120148 ], [ -79.2765582, 42.512097 ], [ -79.2761292, 42.512204 ], [ -79.2756438, 42.5123933 ], [ -79.2750611, 42.5126277 ], [ -79.2743527, 42.5129128 ], [ -79.2734912, 42.5132596 ], [ -79.2724391, 42.5136829 ], [ -79.2712276, 42.5141704 ], [ -79.2700892, 42.5146286 ], [ -79.2689884, 42.5150715 ], [ -79.2679191, 42.5155018 ], [ -79.2668769, 42.5159213 ], [ -79.2658368, 42.5163398 ], [ -79.2646187, 42.5164161 ], [ -79.2632304, 42.5163899 ], [ -79.2616865, 42.5163608 ], [ -79.2599748, 42.5163285 ], [ -79.2583468, 42.5164811 ], [ -79.2571791, 42.5170729 ], [ -79.2562244, 42.5175567 ], [ -79.2554406, 42.5179539 ], [ -79.254799, 42.518279 ], [ -79.2542776, 42.5185432 ], [ -79.2538449, 42.5187625 ], [ -79.2534919, 42.5189414 ], [ -79.2532026, 42.519088 ], [ -79.2529639, 42.519209 ], [ -79.2527659, 42.5193094 ], [ -79.2525951, 42.5193959 ], [ -79.2524026, 42.5194934 ], [ -79.2521715, 42.5196105 ], [ -79.2519053, 42.5197454 ], [ -79.2515797, 42.5199104 ], [ -79.2511891, 42.5201083 ], [ -79.2507271, 42.5203424 ], [ -79.2501789, 42.5206256 ], [ -79.2495587, 42.5209882 ], [ -79.2488065, 42.5214279 ], [ -79.247893, 42.521962 ], [ -79.2467832, 42.5226107 ], [ -79.2454339, 42.5233995 ], [ -79.2437917, 42.5243594 ], [ -79.2416676, 42.5253913 ], [ -79.2389612, 42.5264212 ], [ -79.2365053, 42.5273558 ], [ -79.2344611, 42.5280436 ], [ -79.2325875, 42.5280699 ], [ -79.2310397, 42.5280917 ], [ -79.2297521, 42.5281097 ], [ -79.2286714, 42.5281249 ], [ -79.2277762, 42.5281374 ], [ -79.2270387, 42.5281478 ], [ -79.2264303, 42.5281564 ], [ -79.2259268, 42.5281634 ], [ -79.2255074, 42.5281693 ], [ -79.2251561, 42.5281743 ], [ -79.2248641, 42.5281784 ], [ -79.2246216, 42.5281818 ], [ -79.2244144, 42.5281847 ], [ -79.2241823, 42.5281879 ], [ -79.2238935, 42.528192 ], [ -79.2235421, 42.5282004 ], [ -79.2231614, 42.5283141 ], [ -79.2227195, 42.5284812 ], [ -79.2221825, 42.5286842 ], [ -79.2215287, 42.5289314 ], [ -79.2207391, 42.5292299 ], [ -79.219776, 42.529594 ], [ -79.2186101, 42.5300347 ], [ -79.2172266, 42.5305725 ], [ -79.2156137, 42.5312092 ], [ -79.214106, 42.5318044 ], [ -79.212862, 42.5322955 ], [ -79.2118344, 42.5327011 ], [ -79.2109753, 42.5330403 ], [ -79.2102467, 42.5333279 ], [ -79.2096291, 42.5335717 ], [ -79.2091057, 42.5337784 ], [ -79.208692, 42.5339983 ], [ -79.2083759, 42.5342231 ], [ -79.2081229, 42.5344031 ], [ -79.2079062, 42.5345573 ], [ -79.2077163, 42.5346923 ], [ -79.2075548, 42.5348071 ], [ -79.2074056, 42.5349133 ], [ -79.2072532, 42.5350217 ], [ -79.2070568, 42.5351614 ], [ -79.2068236, 42.5353273 ], [ -79.2065462, 42.5355246 ], [ -79.2062218, 42.5357553 ], [ -79.2058248, 42.5360377 ], [ -79.2053463, 42.5363781 ], [ -79.2047618, 42.5367938 ], [ -79.2040483, 42.5373013 ], [ -79.2031832, 42.5379166 ], [ -79.2021024, 42.5386319 ], [ -79.2005447, 42.5392133 ], [ -79.1987165, 42.5398957 ], [ -79.1965422, 42.5407078 ], [ -79.1939753, 42.5416794 ], [ -79.1914072, 42.5426513 ], [ -79.1889177, 42.5435935 ], [ -79.186263, 42.5441732 ], [ -79.1836145, 42.5446318 ], [ -79.1811338, 42.5450615 ], [ -79.1790374, 42.5454246 ], [ -79.1772913, 42.5457128 ], [ -79.1758124, 42.5457584 ], [ -79.1745974, 42.5457945 ], [ -79.1735858, 42.5458246 ], [ -79.1727354, 42.5458499 ], [ -79.1720192, 42.5458711 ], [ -79.1714096, 42.5458893 ], [ -79.1708876, 42.5459048 ], [ -79.1704403, 42.5459181 ], [ -79.1700565, 42.5459295 ], [ -79.1697308, 42.5459392 ], [ -79.1694616, 42.5459472 ], [ -79.1692393, 42.5459538 ], [ -79.1690455, 42.5459595 ], [ -79.1688426, 42.5459656 ], [ -79.1686494, 42.5459714 ], [ -79.1684342, 42.5459777 ], [ -79.16822, 42.5459841 ], [ -79.1680211, 42.54599 ], [ -79.1678242, 42.5459959 ], [ -79.1676289, 42.5460017 ], [ -79.1674353, 42.5460074 ], [ -79.167243, 42.5460132 ], [ -79.1670524, 42.5460188 ], [ -79.1668633, 42.5460244 ], [ -79.1666756, 42.54603 ], [ -79.1664896, 42.5460355 ], [ -79.166305, 42.546041 ], [ -79.1661046, 42.546047 ], [ -79.1658907, 42.5460533 ], [ -79.1656615, 42.5460602 ], [ -79.165406, 42.5460678 ], [ -79.1651234, 42.5460762 ], [ -79.1647948, 42.5460934 ], [ -79.1644305, 42.5462058 ], [ -79.1640095, 42.5463638 ], [ -79.1634908, 42.5465585 ], [ -79.1628715, 42.546791 ], [ -79.1621201, 42.5470731 ], [ -79.1612102, 42.5474146 ], [ -79.1601068, 42.5478288 ], [ -79.158759, 42.5483348 ], [ -79.1571193, 42.5489503 ], [ -79.155186, 42.5494017 ], [ -79.1536676, 42.5481997 ], [ -79.1523715, 42.5471737 ], [ -79.1512497, 42.5462857 ], [ -79.1502751, 42.5455142 ], [ -79.1494402, 42.5448533 ], [ -79.1486833, 42.5445261 ], [ -79.1479235, 42.5448597 ], [ -79.1472652, 42.5451488 ], [ -79.1466956, 42.5453989 ], [ -79.1462056, 42.545614 ], [ -79.1457927, 42.5457953 ], [ -79.1454491, 42.5459462 ], [ -79.1451552, 42.5460753 ], [ -79.144914, 42.5461812 ], [ -79.1447, 42.5462751 ], [ -79.1445306, 42.5463495 ], [ -79.1443529, 42.5464276 ], [ -79.144141, 42.5465206 ], [ -79.1438912, 42.5466302 ], [ -79.1435905, 42.5467623 ], [ -79.1432674, 42.5469041 ], [ -79.1429225, 42.5470556 ], [ -79.1425324, 42.5472269 ], [ -79.1420807, 42.5474252 ], [ -79.1415525, 42.5476571 ], [ -79.1409975, 42.5479529 ], [ -79.1404496, 42.548367 ], [ -79.1398205, 42.5488426 ], [ -79.1390957, 42.5493905 ], [ -79.1382685, 42.5500158 ], [ -79.1373101, 42.5507403 ], [ -79.1362451, 42.5515452 ], [ -79.135052, 42.5524472 ], [ -79.1336287, 42.5534118 ], [ -79.1317788, 42.5543141 ], [ -79.1298996, 42.5552307 ], [ -79.1282752, 42.5560229 ], [ -79.1266141, 42.5563337 ], [ -79.124918, 42.5564928 ], [ -79.1233643, 42.5566385 ], [ -79.1220407, 42.5567626 ], [ -79.1208943, 42.556691 ], [ -79.1198658, 42.5565809 ], [ -79.1189668, 42.5564848 ], [ -79.1182226, 42.5564051 ], [ -79.1176007, 42.5563386 ], [ -79.1170913, 42.5562841 ], [ -79.1166616, 42.556238 ], [ -79.1162833, 42.5561976 ], [ -79.1159724, 42.5561643 ], [ -79.1157112, 42.5561364 ], [ -79.1154811, 42.5561117 ], [ -79.115262, 42.5560883 ], [ -79.1150399, 42.5560646 ], [ -79.1148071, 42.5560396 ], [ -79.1145429, 42.5560114 ], [ -79.1142293, 42.5559588 ], [ -79.1138753, 42.5558524 ], [ -79.1134436, 42.5557214 ], [ -79.1129198, 42.5555625 ], [ -79.1122804, 42.5553685 ], [ -79.1115031, 42.5551327 ], [ -79.1105586, 42.5548461 ], [ -79.1094056, 42.5544963 ], [ -79.1079948, 42.5540683 ], [ -79.1062736, 42.553546 ], [ -79.1041762, 42.5529096 ], [ -79.1019076, 42.5521969 ], [ -79.1000558, 42.5515348 ], [ -79.0985217, 42.5509863 ], [ -79.097245, 42.5505298 ], [ -79.0961779, 42.5501482 ], [ -79.0952857, 42.5498292 ], [ -79.0945336, 42.5495602 ], [ -79.093892, 42.5493308 ], [ -79.0933289, 42.54913 ], [ -79.092823, 42.5489547 ], [ -79.0923563, 42.5487933 ], [ -79.0919261, 42.5486444 ], [ -79.0915454, 42.5485127 ], [ -79.0911801, 42.5483864 ], [ -79.0908077, 42.5482574 ], [ -79.0904, 42.5481164 ], [ -79.0899331, 42.5479548 ], [ -79.0893937, 42.5477682 ], [ -79.0887798, 42.5475558 ], [ -79.0882195, 42.5473619 ], [ -79.0877035, 42.5471834 ], [ -79.0872367, 42.5470219 ], [ -79.0868074, 42.5468733 ], [ -79.0864043, 42.5467338 ], [ -79.0860065, 42.5465962 ], [ -79.085588, 42.5464514 ], [ -79.08514, 42.5462964 ], [ -79.0846792, 42.546137 ], [ -79.0842602, 42.545992 ], [ -79.0838905, 42.545864 ], [ -79.0835498, 42.5457461 ], [ -79.083233, 42.5456365 ], [ -79.0829528, 42.5455396 ], [ -79.082693, 42.5454497 ], [ -79.0824255, 42.5453571 ], [ -79.0821638, 42.5452665 ], [ -79.0819181, 42.5451815 ], [ -79.0816889, 42.5451023 ], [ -79.081475, 42.5450283 ], [ -79.0812699, 42.5449534 ], [ -79.0810526, 42.5448714 ], [ -79.0808522, 42.5447959 ], [ -79.0806489, 42.5447192 ], [ -79.0804299, 42.5446366 ], [ -79.0802261, 42.5445597 ], [ -79.0800059, 42.5444767 ], [ -79.0798011, 42.5443994 ], [ -79.0795807, 42.5443163 ], [ -79.0793378, 42.5442247 ], [ -79.0790667, 42.5441224 ], [ -79.0787705, 42.5440106 ], [ -79.0784516, 42.5438903 ], [ -79.0781219, 42.543766 ], [ -79.0778071, 42.5436472 ], [ -79.0774843, 42.5435255 ], [ -79.0771342, 42.5433934 ], [ -79.0767515, 42.5432491 ], [ -79.0763304, 42.5430902 ], [ -79.0758509, 42.5429093 ], [ -79.0753288, 42.5427124 ], [ -79.0748128, 42.5425177 ], [ -79.0743418, 42.54234 ], [ -79.07391, 42.5421772 ], [ -79.0735232, 42.5420312 ], [ -79.0731617, 42.5418949 ], [ -79.0728173, 42.541765 ], [ -79.072456, 42.5416291 ], [ -79.0720566, 42.5414922 ], [ -79.0716404, 42.5413497 ], [ -79.0712355, 42.5412111 ], [ -79.0708345, 42.5410738 ], [ -79.0704407, 42.5409389 ], [ -79.0700565, 42.5408075 ], [ -79.0696776, 42.5406777 ], [ -79.0693079, 42.5405511 ], [ -79.0689979, 42.540445 ], [ -79.068739, 42.5403563 ], [ -79.0685231, 42.5402824 ], [ -79.0683333, 42.5402174 ], [ -79.0681369, 42.5401502 ], [ -79.0678958, 42.5400676 ], [ -79.0676154, 42.5399717 ], [ -79.0672721, 42.5398541 ], [ -79.0668953, 42.5397251 ], [ -79.0665536, 42.539608 ], [ -79.066247, 42.539503 ], [ -79.0659402, 42.539398 ], [ -79.0656162, 42.5392871 ], [ -79.0653073, 42.5391813 ], [ -79.0650197, 42.5390828 ], [ -79.0647531, 42.5389915 ], [ -79.0644857, 42.5389 ], [ -79.064247, 42.5388183 ], [ -79.0640172, 42.5387396 ], [ -79.063824, 42.5386855 ], [ -79.0637889, 42.5388453 ], [ -79.0637567, 42.5389945 ], [ -79.0637251, 42.5391409 ], [ -79.0636876, 42.5393147 ], [ -79.0636413, 42.539529 ], [ -79.0635859, 42.5397857 ], [ -79.0635224, 42.5400799 ], [ -79.0634502, 42.5404139 ], [ -79.0633655, 42.5408061 ], [ -79.0632668, 42.5412637 ], [ -79.0631493, 42.541808 ], [ -79.06301, 42.5424531 ], [ -79.0628555, 42.5431686 ], [ -79.062681, 42.5439765 ], [ -79.0624799, 42.5449082 ], [ -79.0622464, 42.5459894 ], [ -79.0619721, 42.5472597 ], [ -79.0616469, 42.5487657 ], [ -79.0632286, 42.5498133 ], [ -79.0652866, 42.5507293 ], [ -79.0674798, 42.5517055 ], [ -79.0696823, 42.5527364 ], [ -79.0716543, 42.5536617 ], [ -79.0733058, 42.5544369 ], [ -79.0746584, 42.5551418 ], [ -79.0758231, 42.5557503 ], [ -79.0768443, 42.5562838 ], [ -79.0777545, 42.5567593 ], [ -79.0785885, 42.557195 ], [ -79.0793768, 42.5576069 ], [ -79.080141, 42.5580061 ], [ -79.0808638, 42.5583837 ], [ -79.0815569, 42.5587457 ], [ -79.0820867, 42.559257 ], [ -79.0826464, 42.5598618 ], [ -79.0832963, 42.5605638 ], [ -79.0840603, 42.5613893 ], [ -79.0849594, 42.5623609 ], [ -79.0859726, 42.5634556 ], [ -79.0869096, 42.5644679 ], [ -79.0877835, 42.5654121 ], [ -79.0886352, 42.5663322 ], [ -79.0893776, 42.56733 ], [ -79.090082, 42.5684096 ], [ -79.0908241, 42.5695467 ], [ -79.0916292, 42.5707807 ], [ -79.092173, 42.5722334 ], [ -79.0920609, 42.5740769 ], [ -79.0919269, 42.5762838 ], [ -79.0917985, 42.5783989 ], [ -79.0916835, 42.5802932 ], [ -79.0927083, 42.5818732 ], [ -79.0939703, 42.5834525 ], [ -79.0952392, 42.5850402 ], [ -79.0959779, 42.5867706 ], [ -79.0958464, 42.5885985 ], [ -79.0957166, 42.5903995 ], [ -79.0955857, 42.5922196 ], [ -79.0954493, 42.5941131 ], [ -79.0946111, 42.595807 ], [ -79.0925288, 42.5967203 ], [ -79.0907592, 42.5974965 ], [ -79.0892275, 42.5981683 ], [ -79.0878675, 42.5987648 ], [ -79.0866342, 42.5991507 ], [ -79.0858253, 42.5984534 ], [ -79.0851617, 42.5978813 ], [ -79.0846157, 42.5974106 ], [ -79.0841648, 42.597022 ], [ -79.0837951, 42.5967033 ], [ -79.0834894, 42.5964398 ], [ -79.0832323, 42.5962181 ], [ -79.0830184, 42.5960337 ], [ -79.0828273, 42.595869 ], [ -79.0826562, 42.5957215 ], [ -79.0825099, 42.5955954 ], [ -79.0823727, 42.5954771 ], [ -79.08224, 42.5953627 ], [ -79.0820915, 42.5952348 ], [ -79.0819378, 42.5951023 ], [ -79.0817774, 42.5949639 ], [ -79.0816027, 42.5948133 ], [ -79.0814108, 42.5946479 ], [ -79.0811845, 42.5944528 ], [ -79.08093, 42.5942335 ], [ -79.0806293, 42.5939742 ], [ -79.0802746, 42.5936684 ], [ -79.0798538, 42.5933057 ], [ -79.0793598, 42.5931991 ], [ -79.0789833, 42.5937343 ], [ -79.0785901, 42.594293 ], [ -79.0781822, 42.5948728 ], [ -79.07782, 42.5953874 ], [ -79.077505, 42.5958352 ], [ -79.0772161, 42.5962457 ], [ -79.0769576, 42.5966131 ], [ -79.0767183, 42.5969532 ], [ -79.0765098, 42.5972496 ], [ -79.0763332, 42.5975004 ], [ -79.0761917, 42.5977016 ], [ -79.0760743, 42.5978683 ], [ -79.0759687, 42.5980184 ], [ -79.0758695, 42.5981595 ], [ -79.075751, 42.5983279 ], [ -79.0756049, 42.5985355 ], [ -79.0754338, 42.5987787 ], [ -79.0752268, 42.5990728 ], [ -79.0749733, 42.5994331 ], [ -79.0746694, 42.5998649 ], [ -79.0742989, 42.6003914 ], [ -79.073849, 42.6010306 ], [ -79.073512, 42.6018413 ], [ -79.0734082, 42.6026592 ], [ -79.0733232, 42.6033299 ], [ -79.0732533, 42.6038801 ], [ -79.0731967, 42.6043264 ], [ -79.0731495, 42.6046979 ], [ -79.0731109, 42.6050025 ], [ -79.0730795, 42.6052502 ], [ -79.0730542, 42.6054494 ], [ -79.0730335, 42.6056117 ], [ -79.073015, 42.6057579 ], [ -79.0729941, 42.6059229 ], [ -79.0729703, 42.6061101 ], [ -79.0729418, 42.6063345 ], [ -79.0729073, 42.6066064 ], [ -79.0728661, 42.6069314 ], [ -79.0728156, 42.6073292 ], [ -79.0727534, 42.6078203 ], [ -79.0725965, 42.6084051 ], [ -79.0723086, 42.6091005 ], [ -79.0719602, 42.6099418 ], [ -79.071537, 42.6109634 ], [ -79.0710454, 42.6121506 ], [ -79.0705064, 42.6134521 ], [ -79.0699008, 42.6149144 ], [ -79.0692064, 42.6165909 ], [ -79.0685064, 42.6184963 ], [ -79.0680814, 42.6205942 ], [ -79.0676158, 42.6228927 ], [ -79.0667717, 42.6250424 ], [ -79.0647769, 42.6263212 ], [ -79.0631376, 42.627372 ], [ -79.0617864, 42.6282381 ], [ -79.0606755, 42.6289502 ], [ -79.0597569, 42.6295391 ], [ -79.0590001, 42.6300242 ], [ -79.0583647, 42.6304219 ], [ -79.0578245, 42.630747 ], [ -79.057372, 42.6310192 ], [ -79.0569918, 42.6312481 ], [ -79.0566755, 42.6314384 ], [ -79.0564094, 42.6315985 ], [ -79.0561874, 42.6317321 ], [ -79.0559823, 42.6318556 ], [ -79.0557906, 42.631971 ], [ -79.0556224, 42.6320721 ], [ -79.0554553, 42.6321727 ], [ -79.0552843, 42.6322756 ], [ -79.0551257, 42.632371 ], [ -79.0549656, 42.6324674 ], [ -79.0548145, 42.6325584 ], [ -79.0546473, 42.6326589 ], [ -79.0544521, 42.6327764 ], [ -79.0542444, 42.6329013 ], [ -79.054041, 42.6330237 ], [ -79.0538529, 42.633137 ], [ -79.0536859, 42.6332374 ], [ -79.0535309, 42.6333308 ], [ -79.0533624, 42.6334321 ], [ -79.0532067, 42.6335259 ], [ -79.0530649, 42.6336413 ], [ -79.0529945, 42.6338188 ], [ -79.0529503, 42.6340016 ], [ -79.0529056, 42.634186 ], [ -79.0528576, 42.6343845 ], [ -79.0528024, 42.6346124 ], [ -79.0527384, 42.6348765 ], [ -79.0526604, 42.635199 ], [ -79.0525655, 42.6355908 ], [ -79.0524499, 42.6360683 ], [ -79.0523101, 42.6366457 ], [ -79.0521514, 42.6373013 ], [ -79.0519866, 42.6379822 ], [ -79.0518155, 42.6386886 ], [ -79.0516346, 42.6394361 ], [ -79.0514345, 42.6402622 ], [ -79.0512058, 42.6412069 ], [ -79.0507064, 42.6422578 ], [ -79.0500788, 42.6435028 ], [ -79.0493279, 42.6449926 ], [ -79.0484229, 42.646788 ], [ -79.0468147, 42.6485172 ], [ -79.0453854, 42.6499774 ], [ -79.0441717, 42.6512174 ], [ -79.0431357, 42.6522757 ], [ -79.0422545, 42.6531759 ], [ -79.0411463, 42.6536436 ], [ -79.0400265, 42.6540077 ], [ -79.0389982, 42.654342 ], [ -79.0381168, 42.6546286 ], [ -79.0373537, 42.6548768 ], [ -79.0367, 42.6550893 ], [ -79.0361593, 42.6552651 ], [ -79.0357106, 42.655411 ], [ -79.0353374, 42.6555398 ], [ -79.0350973, 42.6557177 ], [ -79.0349018, 42.6558942 ], [ -79.0347342, 42.6560452 ], [ -79.0345926, 42.6561731 ], [ -79.0344664, 42.6562868 ], [ -79.0343251, 42.6564144 ], [ -79.0341605, 42.6565629 ], [ -79.0339643, 42.6567399 ], [ -79.0337288, 42.6569522 ], [ -79.0334473, 42.6572062 ], [ -79.0331055, 42.6575144 ], [ -79.032685, 42.6578937 ], [ -79.0321742, 42.6583544 ], [ -79.0315497, 42.6589177 ], [ -79.0307866, 42.6596061 ], [ -79.0298629, 42.6604392 ], [ -79.0289563, 42.6612569 ], [ -79.028114, 42.6620166 ], [ -79.0273016, 42.6627493 ], [ -79.0267926, 42.6634886 ], [ -79.026819, 42.6642117 ], [ -79.0268407, 42.664805 ], [ -79.0268587, 42.6652942 ], [ -79.0268735, 42.6656984 ], [ -79.0268857, 42.6660311 ], [ -79.0268958, 42.6663086 ], [ -79.0269044, 42.6665432 ], [ -79.0269117, 42.6667426 ], [ -79.0269178, 42.666908 ], [ -79.026923, 42.6670511 ], [ -79.026929, 42.6672149 ], [ -79.026936, 42.6674033 ], [ -79.0269443, 42.6676317 ], [ -79.0269546, 42.6679107 ], [ -79.026967, 42.6682505 ], [ -79.02698, 42.6686046 ], [ -79.0269906, 42.6688941 ], [ -79.0269992, 42.6691303 ], [ -79.0270062, 42.6693228 ], [ -79.027012, 42.6694811 ], [ -79.0270173, 42.6696257 ], [ -79.0270228, 42.6697751 ], [ -79.027029, 42.6699453 ], [ -79.0270362, 42.670141 ], [ -79.0270444, 42.6703649 ], [ -79.0270538, 42.6706226 ], [ -79.027065, 42.6709272 ], [ -79.0270785, 42.6712955 ], [ -79.027095, 42.6717441 ], [ -79.0272754, 42.6722582 ], [ -79.027753, 42.6728179 ], [ -79.0282524, 42.6734033 ], [ -79.0286647, 42.6738866 ], [ -79.0290056, 42.6742863 ], [ -79.0292863, 42.6746154 ], [ -79.029517, 42.6748858 ], [ -79.0297082, 42.6751098 ], [ -79.0298634, 42.6752918 ], [ -79.0299932, 42.675444 ], [ -79.0301031, 42.6755727 ], [ -79.0302092, 42.6756971 ], [ -79.0303358, 42.6758455 ], [ -79.030486, 42.6760217 ], [ -79.0305457, 42.6762579 ], [ -79.0305175, 42.6765687 ], [ -79.030484, 42.676939 ], [ -79.0304442, 42.6773787 ], [ -79.0303957, 42.6779144 ], [ -79.0303373, 42.6785606 ], [ -79.0302687, 42.6793182 ], [ -79.0301866, 42.6802253 ], [ -79.0300896, 42.6812984 ], [ -79.0299737, 42.6825783 ], [ -79.0298364, 42.6840953 ], [ -79.0296732, 42.6858991 ], [ -79.02755, 42.6870607 ], [ -79.0249694, 42.688137 ], [ -79.0227935, 42.6897218 ], [ -79.021777, 42.6924816 ], [ -79.0207476, 42.6952767 ], [ -79.0185619, 42.6973344 ], [ -79.016061, 42.6987716 ], [ -79.0139344, 42.6999936 ], [ -79.0121195, 42.7010364 ], [ -79.0105578, 42.7019147 ], [ -79.0090943, 42.7013256 ], [ -79.0078679, 42.7008319 ], [ -79.0068387, 42.7004176 ], [ -79.0059771, 42.7000708 ], [ -79.0052557, 42.6997804 ], [ -79.0046475, 42.6995355 ], [ -79.0041369, 42.6993299 ], [ -79.0037101, 42.6991581 ], [ -79.0033512, 42.6990136 ], [ -79.0030466, 42.698891 ], [ -79.0027771, 42.6987826 ], [ -79.0025409, 42.6986874 ], [ -79.0023269, 42.6986013 ], [ -79.0021188, 42.6985175 ], [ -79.0019207, 42.6984378 ], [ -79.0017387, 42.6983645 ], [ -79.0015746, 42.6982985 ], [ -79.0013983, 42.6982274 ], [ -79.0012054, 42.6981499 ], [ -79.001032, 42.69808 ], [ -79.0008428, 42.6980039 ], [ -79.0006459, 42.6979246 ], [ -79.0004275, 42.6978366 ], [ -79.0001788, 42.6978362 ], [ -78.999936, 42.6979839 ], [ -78.9996357, 42.6981683 ], [ -78.9992732, 42.6983909 ], [ -78.9988252, 42.698666 ], [ -78.998289, 42.6989953 ], [ -78.9977611, 42.6993194 ], [ -78.9973284, 42.6995852 ], [ -78.9969715, 42.6998043 ], [ -78.9966758, 42.6999859 ], [ -78.9964374, 42.7001323 ], [ -78.9962298, 42.7002598 ], [ -78.9960515, 42.7003693 ], [ -78.9958912, 42.7004677 ], [ -78.9956974, 42.7005867 ], [ -78.9954709, 42.7007258 ], [ -78.9952002, 42.7008921 ], [ -78.9948729, 42.701093 ], [ -78.9944745, 42.7013376 ], [ -78.994017, 42.7016186 ], [ -78.9935469, 42.7019073 ], [ -78.9930764, 42.7021961 ], [ -78.9925912, 42.7024941 ], [ -78.9920863, 42.7028066 ], [ -78.9915644, 42.7031315 ], [ -78.9910281, 42.7034657 ], [ -78.9904815, 42.7038059 ], [ -78.9899258, 42.704152 ], [ -78.9893661, 42.7045006 ], [ -78.9887763, 42.7048678 ], [ -78.9881467, 42.7052599 ], [ -78.9874686, 42.7056822 ], [ -78.9867319, 42.7061408 ], [ -78.9859209, 42.7066459 ], [ -78.9850208, 42.7072064 ], [ -78.9840421, 42.7078158 ], [ -78.9829663, 42.7084857 ], [ -78.9817265, 42.7091773 ], [ -78.9803218, 42.7099443 ], [ -78.9787027, 42.710828 ], [ -78.9771222, 42.7116909 ], [ -78.9757774, 42.7123435 ], [ -78.9746088, 42.7128008 ], [ -78.9736465, 42.7131774 ], [ -78.9728646, 42.7134834 ], [ -78.9722152, 42.7137375 ], [ -78.971683, 42.7139457 ], [ -78.9712413, 42.7141186 ], [ -78.9708802, 42.7142599 ], [ -78.9705837, 42.7143758 ], [ -78.9703482, 42.7144681 ], [ -78.9701505, 42.7145454 ], [ -78.9699827, 42.7146111 ], [ -78.9697995, 42.7146827 ], [ -78.969639, 42.7147456 ], [ -78.9694714, 42.7148112 ], [ -78.9692703, 42.7148898 ], [ -78.9690439, 42.7149785 ], [ -78.9687732, 42.7150844 ], [ -78.9684605, 42.7152067 ], [ -78.9680977, 42.7153486 ], [ -78.9677501, 42.7155785 ], [ -78.967412, 42.715899 ], [ -78.9670285, 42.7162624 ], [ -78.9665974, 42.7166709 ], [ -78.9660885, 42.7171532 ], [ -78.9654861, 42.7177241 ], [ -78.9647644, 42.718408 ], [ -78.9638955, 42.7192314 ], [ -78.9628424, 42.7202293 ], [ -78.9615616, 42.721443 ], [ -78.9595389, 42.722556 ], [ -78.9569715, 42.723834 ], [ -78.9538928, 42.7254467 ], [ -78.9501971, 42.7274787 ], [ -78.9458142, 42.729251 ], [ -78.9416089, 42.7298375 ], [ -78.9383243, 42.7307291 ], [ -78.9356628, 42.7316447 ], [ -78.9334263, 42.7324142 ], [ -78.9315045, 42.7330299 ], [ -78.9298105, 42.7334723 ], [ -78.928335, 42.7338577 ], [ -78.9270634, 42.7341898 ], [ -78.9259762, 42.7344736 ], [ -78.9250265, 42.7346475 ], [ -78.9242146, 42.734785 ], [ -78.9235077, 42.7349046 ], [ -78.9228837, 42.7350102 ], [ -78.922349, 42.7351006 ], [ -78.9218885, 42.7351786 ], [ -78.9215146, 42.7352418 ], [ -78.9211934, 42.7352962 ], [ -78.9209406, 42.735339 ], [ -78.9207341, 42.7353739 ], [ -78.920524, 42.7354095 ], [ -78.9202806, 42.7354507 ], [ -78.9199944, 42.7354991 ], [ -78.9196317, 42.7355605 ], [ -78.9192035, 42.7356329 ], [ -78.918673, 42.7357227 ], [ -78.9180699, 42.7358248 ], [ -78.9175592, 42.7359112 ], [ -78.9171309, 42.7359836 ], [ -78.9167896, 42.7360414 ], [ -78.916493, 42.7360916 ], [ -78.9162568, 42.7361316 ], [ -78.9160568, 42.7361654 ], [ -78.9158451, 42.7362012 ], [ -78.91559, 42.7362444 ], [ -78.9153067, 42.7362923 ], [ -78.9149524, 42.7363523 ], [ -78.9145622, 42.7364787 ], [ -78.914131, 42.7367122 ], [ -78.9136097, 42.7369945 ], [ -78.9129849, 42.737333 ], [ -78.9122509, 42.7377306 ], [ -78.9113724, 42.7382065 ], [ -78.9103191, 42.738777 ], [ -78.9090522, 42.7394632 ], [ -78.9077075, 42.7401915 ], [ -78.9065964, 42.7407933 ], [ -78.9056862, 42.7412863 ], [ -78.90494, 42.7416905 ], [ -78.9043258, 42.7420164 ], [ -78.9038035, 42.7422715 ], [ -78.9033719, 42.7424824 ], [ -78.9030199, 42.7426544 ], [ -78.9027312, 42.7427954 ], [ -78.9024899, 42.7429134 ], [ -78.9022896, 42.7430112 ], [ -78.9021213, 42.7430934 ], [ -78.9019329, 42.7431855 ], [ -78.9017167, 42.7432911 ], [ -78.9014607, 42.7434162 ], [ -78.90114, 42.7435729 ], [ -78.9007458, 42.7437654 ], [ -78.9002749, 42.7439956 ], [ -78.8997136, 42.7442698 ], [ -78.8990335, 42.7446021 ], [ -78.8982123, 42.7450033 ], [ -78.8972106, 42.7454927 ], [ -78.8960083, 42.746102 ], [ -78.8945515, 42.7468536 ], [ -78.8927922, 42.7477611 ], [ -78.8907724, 42.748803 ], [ -78.8889073, 42.7501818 ], [ -78.8874149, 42.7514878 ], [ -78.886194, 42.7525561 ], [ -78.885193, 42.7534319 ], [ -78.8843757, 42.7541516 ], [ -78.8838068, 42.7547979 ], [ -78.8833452, 42.7553312 ], [ -78.8829629, 42.7557727 ], [ -78.8826469, 42.7561377 ], [ -78.8823894, 42.7564351 ], [ -78.8821774, 42.75668 ], [ -78.8820035, 42.7568809 ], [ -78.8818607, 42.7570457 ], [ -78.881748, 42.7571759 ], [ -78.8816398, 42.7573009 ], [ -78.8815039, 42.7574578 ], [ -78.8813579, 42.7576265 ], [ -78.8812067, 42.7578012 ], [ -78.8810438, 42.7579892 ], [ -78.8808626, 42.7581986 ], [ -78.8806559, 42.7584373 ], [ -78.8804092, 42.7587223 ], [ -78.8801132, 42.7590641 ], [ -78.8797598, 42.7594723 ], [ -78.8793293, 42.7599695 ], [ -78.8788032, 42.7605771 ], [ -78.8781665, 42.7613124 ], [ -78.8773622, 42.7621877 ], [ -78.8761408, 42.7631235 ], [ -78.8746549, 42.7642618 ], [ -78.8728345, 42.7656564 ], [ -78.8704385, 42.7671089 ], [ -78.8676164, 42.7677068 ], [ -78.8652935, 42.7681989 ], [ -78.8633564, 42.7677624 ], [ -78.8616087, 42.7672798 ], [ -78.8599705, 42.7668274 ], [ -78.8583933, 42.7663918 ], [ -78.8570855, 42.7667388 ], [ -78.8560688, 42.7673099 ], [ -78.8552306, 42.7677807 ], [ -78.8545338, 42.7681721 ], [ -78.8539594, 42.7684946 ], [ -78.8534885, 42.7687591 ], [ -78.8531074, 42.7689733 ], [ -78.8527879, 42.7691526 ], [ -78.8525292, 42.769298 ], [ -78.8523183, 42.7694164 ], [ -78.8521487, 42.7695281 ], [ -78.8520133, 42.7696534 ], [ -78.8518628, 42.7698039 ], [ -78.8516905, 42.7699762 ], [ -78.8514864, 42.7701803 ], [ -78.8512454, 42.7704212 ], [ -78.8509618, 42.7707049 ], [ -78.850619, 42.7710477 ], [ -78.8502045, 42.7714623 ], [ -78.8497023, 42.7719644 ], [ -78.8490881, 42.7725786 ], [ -78.8483421, 42.7733246 ], [ -78.8474311, 42.7742356 ], [ -78.846215, 42.7752771 ], [ -78.844607, 42.7764667 ], [ -78.842711, 42.7778693 ], [ -78.8410228, 42.7791182 ], [ -78.839494, 42.7800526 ], [ -78.8382314, 42.7808082 ], [ -78.8371934, 42.7814295 ], [ -78.8363428, 42.7819386 ], [ -78.8356512, 42.7823525 ], [ -78.8350782, 42.7826955 ], [ -78.8346076, 42.7829773 ], [ -78.8342235, 42.7832071 ], [ -78.8339016, 42.7833997 ], [ -78.8336314, 42.7835615 ], [ -78.8334013, 42.7836992 ], [ -78.8331848, 42.7838288 ], [ -78.8329865, 42.7839474 ], [ -78.8327856, 42.7840676 ], [ -78.8325847, 42.7841879 ], [ -78.8324154, 42.7842892 ], [ -78.8322418, 42.7843931 ], [ -78.832038, 42.7845151 ], [ -78.8317968, 42.7846595 ], [ -78.8315202, 42.784825 ], [ -78.8312149, 42.7850077 ], [ -78.8309283, 42.7851873 ], [ -78.8306589, 42.7853807 ], [ -78.8303885, 42.7855763 ], [ -78.8301028, 42.785783 ], [ -78.829781, 42.7860157 ], [ -78.8294026, 42.7862895 ], [ -78.8289542, 42.7866138 ], [ -78.8284263, 42.7869957 ], [ -78.8278128, 42.7874394 ], [ -78.8270916, 42.7879611 ], [ -78.8262294, 42.7885848 ], [ -78.8251919, 42.7893353 ], [ -78.823941, 42.7902402 ], [ -78.8224503, 42.7913359 ], [ -78.8207124, 42.7926142 ], [ -78.8189134, 42.7939671 ], [ -78.817085, 42.7954222 ], [ -78.8155006, 42.7966829 ], [ -78.8141966, 42.7977206 ], [ -78.8131226, 42.7985752 ], [ -78.8122821, 42.7993098 ], [ -78.8115933, 42.7999235 ], [ -78.8110228, 42.800432 ], [ -78.8105496, 42.8008537 ], [ -78.8101637, 42.8011976 ], [ -78.8098427, 42.8014836 ], [ -78.8095782, 42.8017194 ], [ -78.8093585, 42.8019151 ], [ -78.8091693, 42.8020837 ], [ -78.8090156, 42.8022207 ], [ -78.8088861, 42.8023361 ], [ -78.8087508, 42.8024567 ], [ -78.8085932, 42.8025971 ], [ -78.8084179, 42.8027533 ], [ -78.8082132, 42.8029358 ], [ -78.807981, 42.8031428 ], [ -78.8076966, 42.8033673 ], [ -78.8073043, 42.8035718 ], [ -78.8068345, 42.803814 ], [ -78.8062679, 42.804106 ], [ -78.8055925, 42.8044541 ], [ -78.8047858, 42.8048698 ], [ -78.8038142, 42.8053706 ], [ -78.8026405, 42.8059755 ], [ -78.8012175, 42.8067088 ], [ -78.7995133, 42.8075871 ], [ -78.7984233, 42.8091318 ], [ -78.7972921, 42.8109251 ], [ -78.7960435, 42.8129045 ], [ -78.7949474, 42.8146419 ], [ -78.7940107, 42.8161267 ], [ -78.7931042, 42.8173581 ], [ -78.7918657, 42.8182101 ], [ -78.7907784, 42.8189581 ], [ -78.7898219, 42.8196162 ], [ -78.7889961, 42.8201842 ], [ -78.7882983, 42.8206643 ], [ -78.7877132, 42.8210669 ], [ -78.7872331, 42.8213971 ], [ -78.7868368, 42.8216698 ], [ -78.786514, 42.8218918 ], [ -78.7862556, 42.8220695 ], [ -78.7860448, 42.8222145 ], [ -78.7858664, 42.8223373 ], [ -78.7857127, 42.822443 ], [ -78.7855759, 42.8225371 ], [ -78.7854117, 42.8226501 ], [ -78.7852158, 42.8227849 ], [ -78.7849812, 42.8229462 ], [ -78.7846998, 42.8231398 ], [ -78.7843557, 42.8233765 ], [ -78.7839453, 42.8236588 ], [ -78.7834507, 42.823999 ], [ -78.7828439, 42.8244164 ], [ -78.7820995, 42.8249285 ], [ -78.7818269, 42.8256893 ], [ -78.7821578, 42.8266461 ], [ -78.7825238, 42.827704 ], [ -78.7829183, 42.8288445 ], [ -78.7833161, 42.8299946 ], [ -78.7836757, 42.831034 ], [ -78.7839812, 42.8319172 ], [ -78.7842421, 42.8326713 ], [ -78.7844648, 42.833315 ], [ -78.7845488, 42.8338662 ], [ -78.7841132, 42.8342189 ], [ -78.7837573, 42.8345069 ], [ -78.783459, 42.8347483 ], [ -78.783213, 42.8349475 ], [ -78.7830124, 42.8351098 ], [ -78.7828412, 42.8352483 ], [ -78.782699, 42.8353634 ], [ -78.7825717, 42.8354665 ], [ -78.7824299, 42.8355812 ], [ -78.7823014, 42.8356853 ], [ -78.7821559, 42.835803 ], [ -78.7819669, 42.835956 ], [ -78.7817474, 42.8361337 ], [ -78.7814811, 42.8363492 ], [ -78.7811572, 42.8366114 ], [ -78.7807672, 42.8369269 ], [ -78.7802949, 42.8373092 ], [ -78.779769, 42.8377349 ], [ -78.779232, 42.8381695 ], [ -78.7786816, 42.8386149 ], [ -78.7781095, 42.839078 ], [ -78.77748, 42.8395874 ], [ -78.7767747, 42.8401582 ], [ -78.775953, 42.8408232 ], [ -78.7749029, 42.8415331 ], [ -78.7735673, 42.8422532 ], [ -78.772085, 42.8430523 ], [ -78.7704799, 42.8439176 ], [ -78.7687473, 42.8448517 ], [ -78.7675348, 42.8463136 ], [ -78.766712, 42.8478029 ], [ -78.7660273, 42.8490418 ], [ -78.7654537, 42.85008 ], [ -78.7649667, 42.8509611 ], [ -78.7645507, 42.851714 ], [ -78.7641889, 42.8523688 ], [ -78.7638819, 42.8529242 ], [ -78.763629, 42.853382 ], [ -78.763418, 42.8537639 ], [ -78.7632436, 42.8540794 ], [ -78.7630982, 42.8543425 ], [ -78.7629768, 42.8545623 ], [ -78.7628772, 42.8547425 ], [ -78.7627933, 42.8548944 ], [ -78.7627208, 42.8550212 ], [ -78.7626383, 42.8551536 ], [ -78.7625452, 42.8553017 ], [ -78.7624316, 42.8554826 ], [ -78.7622965, 42.8556975 ], [ -78.7621358, 42.8559533 ], [ -78.7619484, 42.8562515 ], [ -78.7617296, 42.8565996 ], [ -78.7614705, 42.8570119 ], [ -78.7611673, 42.8574943 ], [ -78.7608117, 42.8580603 ], [ -78.7603887, 42.8587332 ], [ -78.7598925, 42.8595228 ], [ -78.7593012, 42.8604638 ], [ -78.7589071, 42.8616507 ], [ -78.7589172, 42.8631812 ], [ -78.7589293, 42.8650136 ], [ -78.7589404, 42.8666923 ], [ -78.7589496, 42.8680997 ], [ -78.7587449, 42.8692658 ], [ -78.7581129, 42.870199 ], [ -78.7575646, 42.8710084 ], [ -78.7570759, 42.8717298 ], [ -78.7566255, 42.8723948 ], [ -78.7562172, 42.8729976 ], [ -78.7558425, 42.8735509 ], [ -78.7555107, 42.8740406 ], [ -78.7552516, 42.8744631 ], [ -78.7552014, 42.8748433 ], [ -78.7551615, 42.8751674 ], [ -78.7551263, 42.8754524 ], [ -78.7550954, 42.8757033 ], [ -78.7550674, 42.875931 ], [ -78.7550429, 42.8761298 ], [ -78.7550212, 42.8763056 ], [ -78.7550007, 42.8764726 ], [ -78.7549808, 42.8766336 ], [ -78.7549615, 42.8767905 ], [ -78.7549412, 42.8769546 ], [ -78.7549216, 42.8771137 ], [ -78.7549044, 42.8772533 ], [ -78.7548876, 42.8773892 ], [ -78.7548702, 42.8775304 ], [ -78.7548509, 42.8776872 ], [ -78.7548311, 42.8778488 ], [ -78.7548107, 42.8780137 ], [ -78.7547921, 42.8781648 ], [ -78.7547729, 42.87832 ], [ -78.7547552, 42.8784633 ], [ -78.7547382, 42.8786024 ], [ -78.7547188, 42.8787594 ], [ -78.754698, 42.8789281 ], [ -78.7546743, 42.8791207 ], [ -78.7546463, 42.8793475 ], [ -78.7546131, 42.8796166 ], [ -78.754573, 42.8799426 ], [ -78.7545257, 42.8803256 ], [ -78.7544706, 42.8807727 ], [ -78.7544093, 42.8812701 ], [ -78.7543436, 42.8818033 ], [ -78.7542853, 42.8822764 ], [ -78.7542337, 42.8826955 ], [ -78.7541873, 42.8830712 ], [ -78.7541476, 42.8833937 ], [ -78.7541132, 42.8836729 ], [ -78.7540832, 42.8839159 ], [ -78.754057, 42.8841287 ], [ -78.7540767, 42.8843065 ], [ -78.7542196, 42.8844149 ], [ -78.7543876, 42.8845228 ], [ -78.7545574, 42.8846319 ], [ -78.7547233, 42.8847384 ], [ -78.7549164, 42.8848625 ], [ -78.7551554, 42.8850161 ], [ -78.7554419, 42.8852001 ], [ -78.7557971, 42.8854283 ], [ -78.7562269, 42.8857044 ], [ -78.756746, 42.8860378 ], [ -78.7573881, 42.8864502 ], [ -78.7581684, 42.8869515 ], [ -78.7591247, 42.8875658 ], [ -78.7603422, 42.8881233 ], [ -78.7618399, 42.8875372 ], [ -78.763376, 42.886936 ], [ -78.7649711, 42.8863117 ], [ -78.7666919, 42.8856383 ], [ -78.7688559, 42.885589 ], [ -78.7714753, 42.8856724 ], [ -78.7744626, 42.8857675 ], [ -78.7772792, 42.8861701 ], [ -78.7799824, 42.8873861 ], [ -78.7830197, 42.8887433 ], [ -78.7866388, 42.8899115 ], [ -78.7906894, 42.8912189 ], [ -78.7950969, 42.8930609 ], [ -78.7995007, 42.8946511 ], [ -78.8043003, 42.8947267 ], [ -78.8091639, 42.8946161 ], [ -78.8143644, 42.8943874 ], [ -78.8200238, 42.8947825 ], [ -78.8258253, 42.8953794 ], [ -78.8311757, 42.896135 ], [ -78.8364023, 42.8954846 ], [ -78.8419824, 42.8944835 ], [ -78.8481896, 42.8934997 ], [ -78.8550336, 42.8927402 ], [ -78.8613895, 42.8925822 ], [ -78.866399, 42.8910212 ], [ -78.8705849, 42.8897003 ], [ -78.8741143, 42.8885778 ], [ -78.8768321, 42.8881169 ], [ -78.8779422, 42.8904705 ], [ -78.879244, 42.8932308 ], [ -78.8816609, 42.8957864 ], [ -78.8861925, 42.8967472 ], [ -78.8898247, 42.8980845 ], [ -78.8928023, 42.8991808 ], [ -78.8952453, 42.9000803 ], [ -78.8966998, 42.9012002 ], [ -78.8974035, 42.902496 ], [ -78.8980083, 42.9036097 ], [ -78.8985403, 42.9045891 ], [ -78.8990222, 42.9054764 ], [ -78.8994692, 42.9062995 ], [ -78.899884, 42.9070632 ], [ -78.9002693, 42.9077726 ], [ -78.9006271, 42.9084313 ], [ -78.900808, 42.9090656 ], [ -78.9007424, 42.9097244 ], [ -78.9006756, 42.9103958 ], [ -78.9006078, 42.9110777 ], [ -78.9005463, 42.9116949 ], [ -78.9004901, 42.9122598 ], [ -78.9004365, 42.9127982 ], [ -78.9003858, 42.9133078 ], [ -78.9003369, 42.9137986 ], [ -78.9002879, 42.9142918 ], [ -78.9000852, 42.9147514 ], [ -78.8997991, 42.9152257 ], [ -78.899495, 42.9157298 ], [ -78.899171, 42.9162669 ], [ -78.8988081, 42.9168686 ], [ -78.8984034, 42.9175394 ], [ -78.8979816, 42.9182388 ], [ -78.8975679, 42.9189246 ], [ -78.8971537, 42.9196111 ], [ -78.8967217, 42.9203273 ], [ -78.8962658, 42.9210832 ], [ -78.8957836, 42.9218824 ], [ -78.8952774, 42.9227215 ], [ -78.8947092, 42.9235862 ], [ -78.8935331, 42.9241863 ], [ -78.8921936, 42.9248603 ], [ -78.8908021, 42.9255604 ], [ -78.8893353, 42.9262984 ], [ -78.8877663, 42.927014 ], [ -78.8858939, 42.9274848 ], [ -78.8838057, 42.92801 ], [ -78.8818041, 42.9285134 ], [ -78.880076, 42.928948 ], [ -78.8784934, 42.9291256 ], [ -78.8769646, 42.9290376 ], [ -78.8755354, 42.9289553 ], [ -78.8741535, 42.9288758 ], [ -78.8727578, 42.9287955 ], [ -78.8714196, 42.9287184 ], [ -78.8702912, 42.9286535 ], [ -78.8693435, 42.9286458 ], [ -78.8686349, 42.9289339 ], [ -78.8680517, 42.9291733 ], [ -78.8675755, 42.9293688 ], [ -78.8671774, 42.9295322 ], [ -78.8668512, 42.9296661 ], [ -78.8665859, 42.9297751 ], [ -78.8663671, 42.9298648 ], [ -78.8661865, 42.929939 ], [ -78.8660072, 42.9300126 ], [ -78.8658239, 42.9300878 ], [ -78.8656347, 42.9301655 ], [ -78.8654014, 42.9302613 ], [ -78.865109, 42.9303813 ], [ -78.864755, 42.9305267 ], [ -78.8643239, 42.9307036 ], [ -78.8637968, 42.93092 ], [ -78.8631516, 42.9311849 ], [ -78.8623646, 42.9315079 ], [ -78.8614054, 42.9319017 ], [ -78.8604369, 42.9325155 ], [ -78.8598827, 42.9336072 ], [ -78.8592386, 42.9348761 ], [ -78.8584828, 42.9363648 ], [ -78.8575844, 42.9381342 ], [ -78.856513, 42.9402445 ], [ -78.8552322, 42.942767 ], [ -78.855396, 42.9458801 ], [ -78.8561563, 42.94952 ], [ -78.857044, 42.9537689 ], [ -78.8610275, 42.957468 ], [ -78.8662914, 42.9609541 ], [ -78.8693033, 42.9652121 ], [ -78.8712034, 42.9692568 ], [ -78.8700153, 42.9722778 ], [ -78.8650674, 42.974782 ], [ -78.8591458, 42.9750477 ], [ -78.8521403, 42.9718322 ], [ -78.8470746, 42.9672191 ], [ -78.8402342, 42.9650006 ], [ -78.8338664, 42.9633443 ], [ -78.8277947, 42.9624438 ], [ -78.8227326, 42.9640165 ], [ -78.8183753, 42.9654558 ], [ -78.8144899, 42.9666622 ], [ -78.810883, 42.9676894 ], [ -78.8073381, 42.9684472 ], [ -78.8039841, 42.9689895 ], [ -78.8011628, 42.9694457 ], [ -78.7987747, 42.9698251 ], [ -78.7967909, 42.9700771 ], [ -78.7951688, 42.9702832 ], [ -78.7938392, 42.9704522 ], [ -78.7927492, 42.9705906 ], [ -78.7918589, 42.9707038 ], [ -78.7911289, 42.9707964 ], [ -78.790529, 42.9708727 ], [ -78.790042, 42.9709345 ], [ -78.7896286, 42.9709871 ], [ -78.7892981, 42.971029 ], [ -78.7890234, 42.9710639 ], [ -78.7887866, 42.971094 ], [ -78.7885764, 42.9711207 ], [ -78.7883573, 42.9711486 ], [ -78.7880965, 42.9711815 ], [ -78.7877679, 42.971207 ], [ -78.7873589, 42.9712255 ], [ -78.7868547, 42.9712483 ], [ -78.7862573, 42.9712753 ], [ -78.7855646, 42.9713066 ], [ -78.7847449, 42.9713437 ], [ -78.7837608, 42.9713882 ], [ -78.7826032, 42.9714405 ], [ -78.7812091, 42.9715035 ], [ -78.7795353, 42.9715792 ], [ -78.7775087, 42.9716809 ], [ -78.7750928, 42.9720536 ], [ -78.7726775, 42.9724261 ], [ -78.7706692, 42.972736 ], [ -78.7689862, 42.9727684 ], [ -78.7675254, 42.9724519 ], [ -78.7662354, 42.9721725 ], [ -78.7650619, 42.9719183 ], [ -78.7639503, 42.9716775 ], [ -78.7628421, 42.971476 ], [ -78.7616933, 42.9713597 ], [ -78.7605115, 42.9712401 ], [ -78.7592776, 42.9711151 ], [ -78.7580393, 42.9709897 ], [ -78.7570078, 42.9708852 ], [ -78.7561582, 42.9707992 ], [ -78.7554695, 42.9707295 ], [ -78.7548989, 42.9706717 ], [ -78.7544374, 42.970625 ], [ -78.7540539, 42.9705861 ], [ -78.7537358, 42.9705539 ], [ -78.7534689, 42.9705489 ], [ -78.7532515, 42.9705574 ], [ -78.7530461, 42.9705656 ], [ -78.7528295, 42.9705742 ], [ -78.7526078, 42.970583 ], [ -78.7523852, 42.9705918 ], [ -78.7521709, 42.9706003 ], [ -78.751945, 42.9706093 ], [ -78.7516867, 42.9706195 ], [ -78.7514197, 42.9706301 ], [ -78.7511972, 42.970639 ], [ -78.7510096, 42.9706464 ], [ -78.7508221, 42.9706539 ], [ -78.7506028, 42.9706626 ], [ -78.750375, 42.9706716 ], [ -78.7501702, 42.9706797 ], [ -78.7499779, 42.9706874 ], [ -78.7497722, 42.9706956 ], [ -78.7495613, 42.970704 ], [ -78.7493655, 42.9707117 ], [ -78.7491718, 42.9707194 ], [ -78.7489837, 42.9707268 ], [ -78.7487707, 42.9707354 ], [ -78.7485318, 42.9707448 ], [ -78.7482692, 42.9707552 ], [ -78.7479834, 42.9707666 ], [ -78.7476673, 42.9707792 ], [ -78.7472973, 42.9707938 ], [ -78.7468524, 42.9708115 ], [ -78.7463099, 42.970833 ], [ -78.7456593, 42.9708588 ], [ -78.7450005, 42.9710105 ], [ -78.7447541, 42.9716485 ], [ -78.7444725, 42.9723778 ], [ -78.7441823, 42.9731292 ], [ -78.7438971, 42.9738677 ], [ -78.7436009, 42.9746348 ], [ -78.7432828, 42.9754587 ], [ -78.7429422, 42.9763404 ], [ -78.7425733, 42.9772958 ], [ -78.7421591, 42.9783681 ], [ -78.7416724, 42.9795989 ], [ -78.7397257, 42.980068 ], [ -78.737317, 42.9805952 ], [ -78.7343993, 42.981234 ], [ -78.7315091, 42.9811618 ], [ -78.7291181, 42.9808747 ], [ -78.7271547, 42.980639 ], [ -78.725544, 42.9805518 ], [ -78.724267, 42.980867 ], [ -78.7232102, 42.9811278 ], [ -78.7223402, 42.9813426 ], [ -78.7216205, 42.9815203 ], [ -78.7210181, 42.9816689 ], [ -78.7205129, 42.9817937 ], [ -78.7200903, 42.981898 ], [ -78.7197149, 42.9819907 ], [ -78.7193749, 42.9820746 ], [ -78.7191019, 42.982142 ], [ -78.7188611, 42.9822015 ], [ -78.7186714, 42.9822482 ], [ -78.7184563, 42.9823013 ], [ -78.718202, 42.9823641 ], [ -78.7179087, 42.9824365 ], [ -78.717552, 42.9825246 ], [ -78.7171347, 42.9826276 ], [ -78.7166546, 42.9827461 ], [ -78.7160919, 42.9828849 ], [ -78.7154125, 42.9830527 ], [ -78.7146541, 42.9833475 ], [ -78.7137727, 42.9837278 ], [ -78.7127275, 42.9841786 ], [ -78.7114872, 42.9847136 ], [ -78.7100368, 42.9853391 ], [ -78.708344, 42.9859025 ], [ -78.7062838, 42.9861626 ], [ -78.7043351, 42.9864088 ], [ -78.7024953, 42.9866412 ], [ -78.7007235, 42.986865 ], [ -78.699542, 42.9876508 ], [ -78.6987008, 42.9885056 ], [ -78.6979855, 42.9892326 ], [ -78.6973786, 42.9898493 ], [ -78.6968607, 42.9903756 ], [ -78.6964133, 42.9908302 ], [ -78.6960207, 42.9912292 ], [ -78.6956677, 42.9915879 ], [ -78.6953434, 42.9919174 ], [ -78.6950282, 42.9922378 ], [ -78.6947088, 42.9925226 ], [ -78.6944062, 42.9927614 ], [ -78.6941436, 42.9929687 ], [ -78.6939143, 42.9931497 ], [ -78.693719, 42.9933039 ], [ -78.6935435, 42.9934424 ], [ -78.6933955, 42.9935592 ], [ -78.6932589, 42.993667 ], [ -78.693098, 42.993794 ], [ -78.6929188, 42.9939355 ], [ -78.692713, 42.9940979 ], [ -78.6924711, 42.9942889 ], [ -78.6921784, 42.99452 ], [ -78.6918283, 42.9947963 ], [ -78.6914115, 42.9951252 ], [ -78.6909187, 42.9955143 ], [ -78.690329, 42.9959798 ], [ -78.6896154, 42.9965429 ], [ -78.6884523, 42.9967918 ], [ -78.6870222, 42.9969696 ], [ -78.6854411, 42.9971662 ], [ -78.6840205, 42.9973428 ], [ -78.682756, 42.9975 ], [ -78.6816183, 42.9976415 ], [ -78.6805551, 42.9977737 ], [ -78.6795561, 42.9978978 ], [ -78.6785955, 42.9980173 ], [ -78.6776669, 42.99817 ], [ -78.6770281, 42.9986646 ], [ -78.6764248, 42.9991425 ], [ -78.6758924, 42.9995643 ], [ -78.6754492, 42.9999155 ], [ -78.6750753, 43.0002118 ], [ -78.674758, 43.0004631 ], [ -78.6744756, 43.0006869 ], [ -78.674235, 43.0008775 ], [ -78.6740298, 43.00104 ], [ -78.6738468, 43.001185 ], [ -78.6736944, 43.0013057 ], [ -78.6735612, 43.0014113 ], [ -78.6734162, 43.0015262 ], [ -78.6732492, 43.0016586 ], [ -78.6730491, 43.001817 ], [ -78.6728231, 43.0019961 ], [ -78.6725559, 43.0022078 ], [ -78.6722489, 43.0024509 ], [ -78.6718945, 43.0027318 ], [ -78.6715027, 43.0030415 ], [ -78.6710362, 43.0033038 ], [ -78.6705707, 43.0035454 ], [ -78.6701287, 43.0037749 ], [ -78.6696844, 43.0040056 ], [ -78.6692437, 43.0042343 ], [ -78.6688203, 43.0044541 ], [ -78.6683906, 43.0046773 ], [ -78.6679723, 43.0048944 ], [ -78.6675531, 43.0051121 ], [ -78.6671353, 43.005329 ], [ -78.6667111, 43.0055492 ], [ -78.66627, 43.0057781 ], [ -78.6658506, 43.005996 ], [ -78.6654627, 43.0062035 ], [ -78.6651142, 43.006441 ], [ -78.6647428, 43.0066982 ], [ -78.6643275, 43.0069858 ], [ -78.6638694, 43.0073029 ], [ -78.663378, 43.0076432 ], [ -78.6628366, 43.0080181 ], [ -78.6622287, 43.008439 ], [ -78.6615652, 43.0088984 ], [ -78.6608435, 43.0093981 ], [ -78.6600441, 43.0099515 ], [ -78.6592408, 43.0106513 ], [ -78.6584819, 43.0116019 ], [ -78.6576229, 43.012678 ], [ -78.6568911, 43.0135948 ], [ -78.656288, 43.0143501 ], [ -78.6557925, 43.0149708 ], [ -78.6553822, 43.0154847 ], [ -78.655045, 43.0159071 ], [ -78.654762, 43.0162625 ], [ -78.6546564, 43.0165952 ], [ -78.6546202, 43.0168724 ], [ -78.6545907, 43.017098 ], [ -78.6545661, 43.0172863 ], [ -78.6545456, 43.0174437 ], [ -78.6545253, 43.0175994 ], [ -78.6545021, 43.0177765 ], [ -78.6544817, 43.0179322 ], [ -78.6544604, 43.0180958 ], [ -78.6544367, 43.0182772 ], [ -78.6544082, 43.0184952 ], [ -78.6543729, 43.0187653 ], [ -78.6543304, 43.0190905 ], [ -78.6542827, 43.0194553 ], [ -78.6542277, 43.0198759 ], [ -78.6541619, 43.02038 ], [ -78.6540843, 43.0209738 ], [ -78.6539956, 43.0216529 ], [ -78.6538915, 43.0224494 ], [ -78.6537682, 43.0233925 ], [ -78.6536208, 43.024521 ], [ -78.6522205, 43.0251608 ], [ -78.6504674, 43.025697 ], [ -78.6485488, 43.0262838 ], [ -78.6468311, 43.0268091 ], [ -78.645417, 43.0272416 ], [ -78.6442528, 43.0275977 ], [ -78.6432964, 43.0278902 ], [ -78.6424893, 43.0278353 ], [ -78.6418187, 43.0276324 ], [ -78.6412534, 43.0274614 ], [ -78.6407664, 43.0273141 ], [ -78.640321, 43.0271794 ], [ -78.6399309, 43.0270614 ], [ -78.6396046, 43.0269627 ], [ -78.6393179, 43.0268759 ], [ -78.6390682, 43.0268005 ], [ -78.6388561, 43.0267363 ], [ -78.638672, 43.0266806 ], [ -78.6384452, 43.026612 ], [ -78.6381823, 43.0265325 ], [ -78.6378573, 43.0264342 ], [ -78.6374718, 43.0263176 ], [ -78.6370246, 43.0261823 ], [ -78.636506, 43.0260254 ], [ -78.6359238, 43.0258493 ], [ -78.6352624, 43.0256492 ], [ -78.6345627, 43.0254376 ], [ -78.633813, 43.0252108 ], [ -78.6329996, 43.0249647 ], [ -78.6321354, 43.0247034 ], [ -78.631308, 43.0244492 ], [ -78.6305236, 43.0241578 ], [ -78.6297199, 43.0238592 ], [ -78.6288811, 43.0235476 ], [ -78.6279693, 43.0232088 ], [ -78.626941, 43.0228268 ], [ -78.6257747, 43.0223934 ], [ -78.62452, 43.0219273 ], [ -78.623175, 43.0218445 ], [ -78.6217372, 43.0222419 ], [ -78.6205013, 43.0225834 ], [ -78.6194656, 43.0228696 ], [ -78.6186009, 43.0231085 ], [ -78.6178714, 43.0233102 ], [ -78.6172473, 43.0234826 ], [ -78.6167122, 43.0236305 ], [ -78.6162513, 43.0237579 ], [ -78.6158461, 43.0238698 ], [ -78.6154887, 43.0239686 ], [ -78.6151699, 43.0240567 ], [ -78.6148793, 43.024137 ], [ -78.6146352, 43.0242044 ], [ -78.6144298, 43.0242612 ], [ -78.614248, 43.0243114 ], [ -78.6140306, 43.0243715 ], [ -78.6137615, 43.0244458 ], [ -78.6134371, 43.0245355 ], [ -78.6130425, 43.0246446 ], [ -78.6125976, 43.0248188 ], [ -78.6121002, 43.025093 ], [ -78.6114946, 43.0254268 ], [ -78.6108548, 43.0257796 ], [ -78.6103143, 43.0260776 ], [ -78.6098497, 43.0263337 ], [ -78.6094495, 43.0265544 ], [ -78.6090975, 43.0267484 ], [ -78.6088126, 43.0269055 ], [ -78.6085748, 43.0270365 ], [ -78.6083792, 43.0271444 ], [ -78.6082226, 43.0272308 ], [ -78.6080426, 43.02733 ], [ -78.607835, 43.0274444 ], [ -78.6075846, 43.0275825 ], [ -78.6072871, 43.0277465 ], [ -78.606921, 43.0279483 ], [ -78.6064774, 43.0281929 ], [ -78.605928, 43.0284957 ], [ -78.6052642, 43.0288617 ], [ -78.6044507, 43.0293101 ], [ -78.603392, 43.0296333 ], [ -78.6022765, 43.0295738 ], [ -78.6013084, 43.0295222 ], [ -78.6004699, 43.0294775 ], [ -78.5997425, 43.0294387 ], [ -78.599109, 43.0294049 ], [ -78.5985557, 43.0293754 ], [ -78.5980781, 43.0293499 ], [ -78.5976676, 43.0293281 ], [ -78.5973246, 43.0293098 ], [ -78.5970302, 43.0292941 ], [ -78.5967791, 43.0292807 ], [ -78.5965702, 43.0292696 ], [ -78.5963514, 43.0292579 ], [ -78.5960771, 43.0292433 ], [ -78.5957523, 43.029226 ], [ -78.5953618, 43.0292052 ], [ -78.5949167, 43.0291278 ], [ -78.594461, 43.0288682 ], [ -78.5939352, 43.0285685 ], [ -78.593352, 43.028236 ], [ -78.592709, 43.0278695 ], [ -78.5920114, 43.0274719 ], [ -78.5914154, 43.0271322 ], [ -78.5909309, 43.026856 ], [ -78.5905329, 43.0266292 ], [ -78.5902095, 43.0264448 ], [ -78.5899382, 43.0262902 ], [ -78.589698, 43.0261856 ], [ -78.5894923, 43.0262432 ], [ -78.5893077, 43.0263348 ], [ -78.5891073, 43.0264342 ], [ -78.5889159, 43.0265291 ], [ -78.5887282, 43.0266222 ], [ -78.5885172, 43.0267269 ], [ -78.5883155, 43.026827 ], [ -78.5881486, 43.0269097 ], [ -78.5879922, 43.0269874 ], [ -78.5878146, 43.0270756 ], [ -78.5876342, 43.0271651 ], [ -78.5874626, 43.0272501 ], [ -78.5872868, 43.0273373 ], [ -78.5870978, 43.0274311 ], [ -78.5868714, 43.0275435 ], [ -78.5866026, 43.0276768 ], [ -78.5862846, 43.0278346 ], [ -78.5859021, 43.0280243 ], [ -78.5854453, 43.028251 ], [ -78.5848889, 43.0285271 ], [ -78.5842305, 43.0288537 ], [ -78.583448, 43.0292419 ], [ -78.5825174, 43.0297036 ], [ -78.5813975, 43.0302592 ], [ -78.5800275, 43.0309036 ], [ -78.5784649, 43.0315884 ], [ -78.5771309, 43.032173 ], [ -78.5760095, 43.0326644 ], [ -78.5750608, 43.0330802 ], [ -78.5742365, 43.0334414 ], [ -78.573505, 43.033762 ], [ -78.5728688, 43.0340683 ], [ -78.5723635, 43.0343489 ], [ -78.5719474, 43.03458 ], [ -78.5715976, 43.0347742 ], [ -78.5712965, 43.0349415 ], [ -78.5710344, 43.0350871 ], [ -78.5707882, 43.0352238 ], [ -78.5705403, 43.0353614 ], [ -78.5702822, 43.0355048 ], [ -78.5700154, 43.0356529 ], [ -78.5697321, 43.0358103 ], [ -78.5694286, 43.0359789 ], [ -78.5690978, 43.0361626 ], [ -78.5687425, 43.0363599 ], [ -78.568379, 43.0365618 ], [ -78.5680349, 43.0367528 ], [ -78.5677013, 43.0369381 ], [ -78.5673656, 43.0371245 ], [ -78.5670143, 43.0373196 ], [ -78.5666307, 43.0375327 ], [ -78.5662143, 43.0377639 ], [ -78.5657731, 43.0380089 ], [ -78.565319, 43.038261 ], [ -78.5648446, 43.0385245 ], [ -78.5643252, 43.0388129 ], [ -78.5637366, 43.0391398 ], [ -78.5630476, 43.0395224 ], [ -78.5621545, 43.0398716 ], [ -78.5611552, 43.0402362 ], [ -78.5601561, 43.0406006 ], [ -78.5592028, 43.0409484 ], [ -78.5583265, 43.041268 ], [ -78.5575022, 43.0415687 ], [ -78.5567462, 43.0418444 ], [ -78.5561118, 43.0420758 ], [ -78.5555809, 43.0422694 ], [ -78.5551367, 43.0424314 ], [ -78.5547688, 43.0425656 ], [ -78.5544624, 43.0426774 ], [ -78.5542063, 43.0427728 ], [ -78.5540011, 43.0428625 ], [ -78.5538294, 43.0429426 ], [ -78.5536572, 43.0430229 ], [ -78.5534568, 43.0431165 ], [ -78.5532185, 43.0432276 ], [ -78.5529368, 43.043359 ], [ -78.5526037, 43.0435144 ], [ -78.5522071, 43.0436994 ], [ -78.5517542, 43.0439107 ], [ -78.5512312, 43.0441547 ], [ -78.5506311, 43.0444347 ], [ -78.5499638, 43.044746 ], [ -78.5492413, 43.0451218 ], [ -78.5485375, 43.0456035 ], [ -78.5478643, 43.0460644 ], [ -78.5472004, 43.0465189 ], [ -78.5465302, 43.0469776 ], [ -78.5458663, 43.047432 ], [ -78.5452524, 43.0478523 ], [ -78.5446771, 43.048246 ], [ -78.5441284, 43.0486216 ], [ -78.5435869, 43.0489923 ], [ -78.5430299, 43.0493735 ], [ -78.542436, 43.04978 ], [ -78.5417154, 43.0501594 ], [ -78.540994, 43.0504474 ], [ -78.5403879, 43.0506894 ], [ -78.5398631, 43.0508989 ], [ -78.5394042, 43.0510821 ], [ -78.5389989, 43.0512439 ], [ -78.5386512, 43.0513827 ], [ -78.538345, 43.051505 ], [ -78.5380898, 43.0516069 ], [ -78.5378726, 43.0516935 ], [ -78.5376854, 43.0517683 ], [ -78.5374935, 43.0518449 ], [ -78.5372656, 43.0519359 ], [ -78.536991, 43.0520455 ], [ -78.5366556, 43.0521795 ], [ -78.536247, 43.0523425 ], [ -78.5357483, 43.0525416 ], [ -78.5351359, 43.0527861 ], [ -78.5344234, 43.0529684 ], [ -78.5337665, 43.0529313 ], [ -78.5332225, 43.0529007 ], [ -78.5327534, 43.0528742 ], [ -78.5323361, 43.0528507 ], [ -78.5319618, 43.0528296 ], [ -78.5316409, 43.0528115 ], [ -78.5313632, 43.0527959 ], [ -78.5311222, 43.0527823 ], [ -78.5309085, 43.0527703 ], [ -78.5307135, 43.0527593 ], [ -78.5304982, 43.0527471 ], [ -78.5302754, 43.0527346 ], [ -78.5300135, 43.0527198 ], [ -78.5296928, 43.0527017 ], [ -78.5293239, 43.0526809 ], [ -78.528892, 43.0526566 ], [ -78.5283858, 43.052628 ], [ -78.5277731, 43.0525935 ], [ -78.5270244, 43.0525513 ], [ -78.5261304, 43.0525009 ], [ -78.5252112, 43.0524491 ], [ -78.5244279, 43.052405 ], [ -78.5238638, 43.052585 ], [ -78.5234434, 43.0528552 ], [ -78.5230827, 43.0530872 ], [ -78.5227874, 43.0532771 ], [ -78.522545, 43.053433 ], [ -78.5223373, 43.0535665 ], [ -78.5221572, 43.0536823 ], [ -78.5219947, 43.0537868 ], [ -78.521829, 43.0538934 ], [ -78.5216717, 43.0539945 ], [ -78.5215199, 43.0540921 ], [ -78.5213469, 43.0542034 ], [ -78.5211486, 43.0543308 ], [ -78.5209071, 43.0544862 ], [ -78.520627, 43.0546663 ], [ -78.5203198, 43.0548638 ], [ -78.5199963, 43.0550719 ], [ -78.519669, 43.0552822 ], [ -78.5193293, 43.0555007 ], [ -78.5189702, 43.0557316 ], [ -78.5186298, 43.0559504 ], [ -78.5183185, 43.0561506 ], [ -78.5180053, 43.056352 ], [ -78.5176808, 43.0565607 ], [ -78.5173362, 43.0567823 ], [ -78.516983, 43.0570093 ], [ -78.5166086, 43.05725 ], [ -78.5162591, 43.0574747 ], [ -78.5159303, 43.0576861 ], [ -78.5155928, 43.0579032 ], [ -78.5152408, 43.0581294 ], [ -78.5148763, 43.0583922 ], [ -78.5144655, 43.0587009 ], [ -78.5139952, 43.0590543 ], [ -78.5134567, 43.0594591 ], [ -78.5128247, 43.059934 ], [ -78.5120781, 43.060495 ], [ -78.5112355, 43.0611283 ], [ -78.5104812, 43.0616951 ], [ -78.5098283, 43.0621858 ], [ -78.5092968, 43.0626087 ], [ -78.5089057, 43.0629833 ], [ -78.508583, 43.0632925 ], [ -78.5083244, 43.0635403 ], [ -78.5081059, 43.0637495 ], [ -78.5079277, 43.0639203 ], [ -78.5077759, 43.0640657 ], [ -78.5076455, 43.0641907 ], [ -78.5075026, 43.0643277 ], [ -78.5073411, 43.0644824 ], [ -78.5071392, 43.0646757 ], [ -78.5068963, 43.0649084 ], [ -78.5066009, 43.0651914 ], [ -78.5062445, 43.0655329 ], [ -78.5058181, 43.0659414 ], [ -78.505296, 43.0664415 ], [ -78.5046621, 43.0670489 ], [ -78.5038918, 43.0677868 ], [ -78.5028143, 43.0684069 ], [ -78.5016977, 43.0688964 ], [ -78.500723, 43.0693238 ], [ -78.4999218, 43.0696751 ], [ -78.4992614, 43.0699646 ], [ -78.4987213, 43.0702014 ], [ -78.4982615, 43.070403 ], [ -78.4978892, 43.0705832 ], [ -78.4975886, 43.0707562 ], [ -78.49732, 43.0709108 ], [ -78.4970841, 43.0710465 ], [ -78.496876, 43.0711663 ], [ -78.4967016, 43.0712667 ], [ -78.4965317, 43.0713644 ], [ -78.496338, 43.071476 ], [ -78.4961118, 43.0716061 ], [ -78.4958486, 43.0717577 ], [ -78.4955284, 43.071942 ], [ -78.4951419, 43.0721643 ], [ -78.4946682, 43.0724371 ], [ -78.4940945, 43.0727673 ], [ -78.4933922, 43.0731714 ], [ -78.4925375, 43.0736634 ], [ -78.4914948, 43.0742635 ], [ -78.4902154, 43.0749998 ], [ -78.4889351, 43.0760084 ], [ -78.487915, 43.0769541 ], [ -78.4870781, 43.0777298 ], [ -78.4863924, 43.0783655 ], [ -78.4858294, 43.0788873 ], [ -78.4853684, 43.0793146 ], [ -78.4849886, 43.0796666 ], [ -78.4846693, 43.0799627 ], [ -78.4844002, 43.0802121 ], [ -78.4841755, 43.0804247 ], [ -78.4840484, 43.0806293 ], [ -78.4839446, 43.0808051 ], [ -78.4838612, 43.0809467 ], [ -78.4837808, 43.0810831 ], [ -78.4836863, 43.0812433 ], [ -78.4835751, 43.0814319 ], [ -78.4834437, 43.0816548 ], [ -78.4832941, 43.0819085 ], [ -78.4831261, 43.0821937 ], [ -78.48296, 43.0824753 ], [ -78.4827903, 43.0827631 ], [ -78.4826159, 43.0830589 ], [ -78.4824447, 43.0833493 ], [ -78.4822984, 43.0835975 ], [ -78.482172, 43.0838119 ], [ -78.4820703, 43.0839843 ], [ -78.4819764, 43.0841435 ], [ -78.481891, 43.0842885 ], [ -78.4818136, 43.0844196 ], [ -78.481741, 43.0845429 ], [ -78.4816606, 43.0846793 ], [ -78.4815767, 43.0848213 ], [ -78.481491, 43.0849669 ], [ -78.4814022, 43.0851175 ], [ -78.481303, 43.0852857 ], [ -78.481188, 43.0854806 ], [ -78.4810496, 43.0857154 ], [ -78.480854, 43.0859781 ], [ -78.4805932, 43.0862777 ], [ -78.4803439, 43.0865639 ], [ -78.4801361, 43.0868024 ], [ -78.4799529, 43.0870128 ], [ -78.4797839, 43.0872068 ], [ -78.4796289, 43.0873848 ], [ -78.4794907, 43.0875435 ], [ -78.4793782, 43.0876727 ], [ -78.4792717, 43.087795 ], [ -78.4791668, 43.0879154 ], [ -78.4790415, 43.0880593 ], [ -78.4789026, 43.0882187 ], [ -78.4787459, 43.0883987 ], [ -78.4785599, 43.0886122 ], [ -78.4783422, 43.0888623 ], [ -78.478087, 43.0891553 ], [ -78.4777812, 43.0895063 ], [ -78.4774185, 43.0899228 ], [ -78.4769844, 43.0904213 ], [ -78.4764572, 43.0910264 ], [ -78.4758216, 43.0917563 ], [ -78.475045, 43.0926468 ], [ -78.4733909, 43.0927159 ], [ -78.471599, 43.0927341 ], [ -78.4699449, 43.0927509 ], [ -78.4684017, 43.0927666 ], [ -78.4669491, 43.0927813 ], [ -78.4657531, 43.0926683 ], [ -78.464789, 43.0923521 ], [ -78.4639425, 43.0920745 ], [ -78.4632101, 43.0918342 ], [ -78.462605, 43.0916357 ], [ -78.4621006, 43.0914703 ], [ -78.4616809, 43.0913326 ], [ -78.4613323, 43.0912183 ], [ -78.4610488, 43.0911253 ], [ -78.4608023, 43.0910444 ], [ -78.460587, 43.0909739 ], [ -78.4603902, 43.0909093 ], [ -78.4601993, 43.0908467 ], [ -78.4600234, 43.090789 ], [ -78.4598201, 43.0907223 ], [ -78.4596452, 43.0906649 ], [ -78.4594631, 43.0906052 ], [ -78.4592585, 43.090538 ], [ -78.4590457, 43.0904682 ], [ -78.4588446, 43.0904084 ], [ -78.4586422, 43.0903863 ], [ -78.458434, 43.090392 ], [ -78.4581926, 43.0903985 ], [ -78.4579116, 43.0904061 ], [ -78.4575795, 43.0904152 ], [ -78.4571875, 43.0904258 ], [ -78.4567646, 43.0904373 ], [ -78.4563647, 43.0904481 ], [ -78.4559695, 43.0904589 ], [ -78.4555634, 43.0904699 ], [ -78.4551338, 43.0904815 ], [ -78.4546851, 43.0904937 ], [ -78.4542185, 43.0905064 ], [ -78.4537561, 43.0905189 ], [ -78.4532969, 43.0905314 ], [ -78.4528818, 43.0905427 ], [ -78.4525305, 43.0905522 ], [ -78.4522293, 43.0905604 ], [ -78.4519714, 43.0905745 ], [ -78.4517753, 43.0906369 ], [ -78.4516125, 43.0907082 ], [ -78.4514393, 43.0907841 ], [ -78.4512387, 43.0908719 ], [ -78.4510432, 43.0909576 ], [ -78.4508667, 43.091035 ], [ -78.4506565, 43.0911271 ], [ -78.4504168, 43.091232 ], [ -78.4501548, 43.0913468 ], [ -78.4498606, 43.0914756 ], [ -78.4495362, 43.0916177 ], [ -78.4491793, 43.0917741 ], [ -78.4487713, 43.0919528 ], [ -78.4483284, 43.0921468 ], [ -78.4478335, 43.0923636 ], [ -78.4472595, 43.092615 ], [ -78.4465884, 43.092909 ], [ -78.4457835, 43.0932616 ], [ -78.4448169, 43.093685 ], [ -78.443646, 43.0941979 ], [ -78.4424449, 43.094724 ], [ -78.4414495, 43.0951683 ], [ -78.4406082, 43.095545 ], [ -78.4398825, 43.09587 ], [ -78.4392576, 43.0961499 ], [ -78.4387303, 43.0963859 ], [ -78.4382859, 43.096585 ], [ -78.4379104, 43.0967532 ], [ -78.4375922, 43.0968957 ], [ -78.4373061, 43.0970238 ], [ -78.4370278, 43.0971484 ], [ -78.4367619, 43.0972675 ], [ -78.4364943, 43.0973873 ], [ -78.43626, 43.0974989 ], [ -78.4360734, 43.0976363 ], [ -78.4359114, 43.0977668 ], [ -78.4357736, 43.0978777 ], [ -78.4356326, 43.0979914 ], [ -78.435465, 43.0981264 ], [ -78.4352597, 43.0982917 ], [ -78.4350175, 43.0984868 ], [ -78.4347251, 43.0987223 ], [ -78.4343683, 43.0990097 ], [ -78.4339574, 43.0993406 ], [ -78.4335889, 43.0996375 ], [ -78.4332873, 43.0998804 ], [ -78.4330422, 43.1000778 ], [ -78.4328379, 43.1002423 ], [ -78.4326742, 43.1003743 ], [ -78.4325305, 43.1004899 ], [ -78.4323822, 43.1006094 ], [ -78.4322018, 43.1007546 ], [ -78.4319873, 43.1009275 ], [ -78.4317552, 43.1011144 ], [ -78.4315014, 43.1013187 ], [ -78.4312184, 43.1015467 ], [ -78.4309104, 43.1017948 ], [ -78.4305658, 43.1020723 ], [ -78.4301564, 43.1024021 ], [ -78.4296706, 43.1027934 ], [ -78.4291062, 43.103248 ], [ -78.4285467, 43.1036985 ], [ -78.4279974, 43.1041409 ], [ -78.4274467, 43.1045845 ], [ -78.4268772, 43.1050588 ], [ -78.4263631, 43.1056234 ], [ -78.4258016, 43.10624 ], [ -78.4251841, 43.1069183 ], [ -78.4245063, 43.1076626 ], [ -78.4237638, 43.1084781 ], [ -78.4229353, 43.1093879 ], [ -78.421983, 43.1104338 ], [ -78.4206502, 43.1113302 ], [ -78.4182639, 43.1111578 ], [ -78.4153999, 43.1109509 ], [ -78.4119368, 43.1107007 ], [ -78.4077925, 43.1101667 ], [ -78.4028232, 43.1093342 ], [ -78.3971656, 43.1093438 ], [ -78.3914286, 43.1104609 ], [ -78.3863469, 43.1110358 ], [ -78.3819533, 43.1111359 ], [ -78.3780315, 43.1101892 ], [ -78.3746296, 43.1103005 ], [ -78.371685, 43.1106384 ], [ -78.3691029, 43.1109348 ], [ -78.3678302, 43.112484 ], [ -78.3666168, 43.1140073 ], [ -78.3653946, 43.1155415 ], [ -78.3641153, 43.1171475 ], [ -78.3628154, 43.1187791 ], [ -78.3616056, 43.1202978 ], [ -78.3598953, 43.1214375 ], [ -78.3579836, 43.1225534 ], [ -78.3561775, 43.1236076 ], [ -78.3543478, 43.1234642 ], [ -78.3522986, 43.1226893 ], [ -78.3504289, 43.1219822 ], [ -78.3487359, 43.1213419 ], [ -78.3472754, 43.1207895 ], [ -78.3460053, 43.1203748 ], [ -78.3449014, 43.1200667 ], [ -78.3439414, 43.1197987 ], [ -78.3430839, 43.1195594 ], [ -78.3423006, 43.1193408 ], [ -78.3416107, 43.1191483 ], [ -78.3410387, 43.1189886 ], [ -78.3405606, 43.1188552 ], [ -78.3401582, 43.1187428 ], [ -78.3398097, 43.1186456 ], [ -78.3395036, 43.1185602 ], [ -78.3391975, 43.1184747 ], [ -78.3388937, 43.1183899 ], [ -78.3386212, 43.1183138 ], [ -78.3383574, 43.1182403 ], [ -78.3381325, 43.1181775 ], [ -78.3379304, 43.1181211 ], [ -78.3377562, 43.1180725 ], [ -78.3375588, 43.1180174 ], [ -78.3373499, 43.1179591 ], [ -78.3371078, 43.1178915 ], [ -78.336826, 43.1178129 ], [ -78.3365037, 43.1177229 ], [ -78.3361145, 43.1176143 ], [ -78.335651, 43.1174798 ], [ -78.3351051, 43.1172905 ], [ -78.3344761, 43.1170708 ], [ -78.3337721, 43.1168249 ], [ -78.3331004, 43.1165904 ], [ -78.3325435, 43.1163959 ], [ -78.3320909, 43.1162378 ], [ -78.3317134, 43.116106 ], [ -78.3314013, 43.115997 ], [ -78.3311492, 43.1159089 ], [ -78.3309427, 43.1158368 ], [ -78.3307558, 43.1157715 ], [ -78.3305487, 43.1156992 ], [ -78.3302889, 43.1156084 ], [ -78.329978, 43.1154999 ], [ -78.3296002, 43.1153679 ], [ -78.3291415, 43.1152078 ], [ -78.3285811, 43.1150149 ], [ -78.3278663, 43.1148504 ], [ -78.3269999, 43.1146599 ], [ -78.3259531, 43.1144298 ], [ -78.3246927, 43.1141526 ], [ -78.3231735, 43.1138186 ], [ -78.3213393, 43.1134153 ], [ -78.3192178, 43.1129489 ], [ -78.317044, 43.112471 ], [ -78.3150461, 43.1120539 ], [ -78.3131909, 43.111674 ], [ -78.3114895, 43.1113256 ], [ -78.3100111, 43.1110229 ], [ -78.3089561, 43.1111104 ], [ -78.3085882, 43.111898 ], [ -78.3082689, 43.1125816 ], [ -78.3079903, 43.113178 ], [ -78.3077412, 43.113711 ], [ -78.3075097, 43.1142065 ], [ -78.3072851, 43.1146874 ], [ -78.3070735, 43.1151404 ], [ -78.3068974, 43.1155173 ], [ -78.3067517, 43.1158292 ], [ -78.3066307, 43.1160881 ], [ -78.3065315, 43.1163005 ], [ -78.3064485, 43.1164782 ], [ -78.3063819, 43.1166207 ], [ -78.3063192, 43.116755 ], [ -78.306242, 43.1169203 ], [ -78.3061488, 43.1171196 ], [ -78.3060366, 43.1173598 ] ] ] } }
]
}
