{
  "type": "FeatureCollection",
  "name": "sfincs_poly",
  "crs": {
    "type": "name",
    "properties": {
      "name": "urn:ogc:def:crs:OGC:1.3:CRS84"
    }
  },
  "features": [
    {
      "type": "Feature",
      "properties": {},
      "geometry": {
        "type": "Polygon",
        "coordinates": [
          [
            [
              -123.59843982875337,
              38.84850966923995
            ],
            [
              -123.60041110206923,
              38.848895788827015
            ],
            [
              -123.60094524029546,
              38.849332028516436
            ],
            [
              -123.60228246980658,
              38.849025427578646
            ],
            [
              -123.60378502594351,
              38.85007768809234
            ],
            [
              -123.60759331268859,
              38.85143927645244
            ],
            [
              -123.60899604076184,
              38.852235028674464
            ],
            [
              -123.61079863969616,
              38.85405652146633
            ],
            [
              -123.61383864351006,
              38.855314823385996
            ],
            [
              -123.61403859268862,
              38.8558276963042
            ],
            [
              -123.6155414557414,
              38.856879807335446
            ],
            [
              -123.61657567581544,
              38.858598159033804
            ],
            [
              -123.61801300070827,
              38.85854781851341
            ],
            [
              -123.61941597932693,
              38.85934345339431
            ],
            [
              -123.62058465160422,
              38.860472210435155
            ],
            [
              -123.62145334371391,
              38.86083166682875
            ],
            [
              -123.62312502967349,
              38.86044813735892
            ],
            [
              -123.6236593884865,
              38.86088427967296
            ],
            [
              -123.62867435234642,
              38.85973353666144
            ],
            [
              -123.6299774338399,
              38.8602726311561
            ],
            [
              -123.63027754789866,
              38.86104189793259
            ],
            [
              -123.63241522915781,
              38.862786350996124
            ],
            [
              -123.63328400718717,
              38.863145724539415
            ],
            [
              -123.63595867955807,
              38.862531811490136
            ],
            [
              -123.63779632758266,
              38.86350691102246
            ],
            [
              -123.63956806549413,
              38.86337958082889
            ],
            [
              -123.6408712927395,
              38.86391856097857
            ],
            [
              -123.6425429372528,
              38.863534771705126
            ],
            [
              -123.64444880173198,
              38.862817777140656
            ],
            [
              -123.64525158236344,
              38.862074661532596
            ],
            [
              -123.64692317155006,
              38.861690810945404
            ],
            [
              -123.64876094504356,
              38.86266574776707
            ],
            [
              -123.6499641171978,
              38.862948227479365
            ],
            [
              -123.65109936120773,
              38.86492269354262
            ],
            [
              -123.65420347115423,
              38.86620603551182
            ],
            [
              -123.654319,
              38.866058
            ],
            [
              -123.654437,
              38.865633
            ],
            [
              -123.654442,
              38.865152
            ],
            [
              -123.654426,
              38.864626
            ],
            [
              -123.654353,
              38.864049
            ],
            [
              -123.65413,
              38.863431
            ],
            [
              -123.653973,
              38.862726
            ],
            [
              -123.653936,
              38.861932
            ],
            [
              -123.653895,
              38.861055
            ],
            [
              -123.653852,
              38.860098
            ],
            [
              -123.65379,
              38.859041
            ],
            [
              -123.65324,
              38.858042
            ],
            [
              -123.652817,
              38.857056
            ],
            [
              -123.652795,
              38.856124
            ],
            [
              -123.652351,
              38.855308
            ],
            [
              -123.652142,
              38.854395
            ],
            [
              -123.651556,
              38.85367
            ],
            [
              -123.650582,
              38.853124
            ],
            [
              -123.649674,
              38.852417
            ],
            [
              -123.648767,
              38.851657
            ],
            [
              -123.648705,
              38.850647
            ],
            [
              -123.647939,
              38.849877
            ],
            [
              -123.647235,
              38.849089
            ],
            [
              -123.646986,
              38.84816
            ],
            [
              -123.646337,
              38.847361
            ],
            [
              -123.645259,
              38.846949
            ],
            [
              -123.644294,
              38.846264
            ],
            [
              -123.643049,
              38.845835
            ],
            [
              -123.642421,
              38.844846
            ],
            [
              -123.642085,
              38.84395
            ],
            [
              -123.640758,
              38.843762
            ],
            [
              -123.639531,
              38.843895
            ],
            [
              -123.638817,
              38.843382
            ],
            [
              -123.639772,
              38.842956
            ],
            [
              -123.640559,
              38.842111
            ],
            [
              -123.641421,
              38.841367
            ],
            [
              -123.64222,
              38.84065
            ],
            [
              -123.643014,
              38.839994
            ],
            [
              -123.643459,
              38.839225
            ],
            [
              -123.644343,
              38.838847
            ],
            [
              -123.645334,
              38.838477
            ],
            [
              -123.645988,
              38.837871
            ],
            [
              -123.646738,
              38.837237
            ],
            [
              -123.647242,
              38.836408
            ],
            [
              -123.64886,
              38.836271
            ],
            [
              -123.649293,
              38.835347
            ],
            [
              -123.650488,
              38.834882
            ],
            [
              -123.650589,
              38.833795
            ],
            [
              -123.651685,
              38.833247
            ],
            [
              -123.652958,
              38.832706
            ],
            [
              -123.65453,
              38.832091
            ],
            [
              -123.655753,
              38.832753
            ],
            [
              -123.656969,
              38.833433
            ],
            [
              -123.658453,
              38.833761
            ],
            [
              -123.65986,
              38.834388
            ],
            [
              -123.661535,
              38.834636
            ],
            [
              -123.663004,
              38.835266
            ],
            [
              -123.664653,
              38.835769
            ],
            [
              -123.665934,
              38.835382
            ],
            [
              -123.667438,
              38.836195
            ],
            [
              -123.669077,
              38.837115
            ],
            [
              -123.670673,
              38.837532
            ],
            [
              -123.671834,
              38.83884
            ],
            [
              -123.673562,
              38.839796
            ],
            [
              -123.674537,
              38.84073
            ],
            [
              -123.675988,
              38.841757
            ],
            [
              -123.677767,
              38.843011
            ],
            [
              -123.678321,
              38.844649
            ],
            [
              -123.679722,
              38.84575
            ],
            [
              -123.68118,
              38.846996
            ],
            [
              -123.682176,
              38.848252
            ],
            [
              -123.683283,
              38.849607
            ],
            [
              -123.684657,
              38.850739
            ],
            [
              -123.685861,
              38.851905
            ],
            [
              -123.686686,
              38.853047
            ],
            [
              -123.688713,
              38.853162
            ],
            [
              -123.69071,
              38.853716
            ],
            [
              -123.691742,
              38.85508
            ],
            [
              -123.692282,
              38.856665
            ],
            [
              -123.69376,
              38.857507
            ],
            [
              -123.694198,
              38.858961
            ],
            [
              -123.694776,
              38.860244
            ],
            [
              -123.694008,
              38.861414
            ],
            [
              -123.693842,
              38.862624
            ],
            [
              -123.693647,
              38.863736
            ],
            [
              -123.692799,
              38.864512
            ],
            [
              -123.692232,
              38.865354
            ],
            [
              -123.692593,
              38.866108
            ],
            [
              -123.692948,
              38.866925
            ],
            [
              -123.693221,
              38.867787
            ],
            [
              -123.693837,
              38.868535
            ],
            [
              -123.694652,
              38.869234
            ],
            [
              -123.695566,
              38.869974
            ],
            [
              -123.696523,
              38.870779
            ],
            [
              -123.697663,
              38.871208
            ],
            [
              -123.698704,
              38.872008
            ],
            [
              -123.69981,
              38.872934
            ],
            [
              -123.701054,
              38.873718
            ],
            [
              -123.701649,
              38.874891
            ],
            [
              -123.702832,
              38.875061
            ],
            [
              -123.703344,
              38.875731
            ],
            [
              -123.703489,
              38.877013
            ],
            [
              -123.704165,
              38.87811
            ],
            [
              -123.704454,
              38.879258
            ],
            [
              -123.705089,
              38.880251
            ],
            [
              -123.705512,
              38.881237
            ],
            [
              -123.706202,
              38.882092
            ],
            [
              -123.706665,
              38.882974
            ],
            [
              -123.70715,
              38.883798
            ],
            [
              -123.707675,
              38.884612
            ],
            [
              -123.708101,
              38.885443
            ],
            [
              -123.708636,
              38.886244
            ],
            [
              -123.709147,
              38.887046
            ],
            [
              -123.709774,
              38.887811
            ],
            [
              -123.710538,
              38.888527
            ],
            [
              -123.711172,
              38.889343
            ],
            [
              -123.712036,
              38.890051
            ],
            [
              -123.712924,
              38.890737
            ],
            [
              -123.713871,
              38.891402
            ],
            [
              -123.714731,
              38.892153
            ],
            [
              -123.715679,
              38.892866
            ],
            [
              -123.716705,
              38.893548
            ],
            [
              -123.717693,
              38.894302
            ],
            [
              -123.718789,
              38.894995
            ],
            [
              -123.719757,
              38.89583
            ],
            [
              -123.721007,
              38.896391
            ],
            [
              -123.722072,
              38.897206
            ],
            [
              -123.723127,
              38.897992
            ],
            [
              -123.724165,
              38.898859
            ],
            [
              -123.72564,
              38.899219
            ],
            [
              -123.726755,
              38.900013
            ],
            [
              -123.728093,
              38.900609
            ],
            [
              -123.728992,
              38.901548
            ],
            [
              -123.729883,
              38.902379
            ],
            [
              -123.73068,
              38.903168
            ],
            [
              -123.731527,
              38.903911
            ],
            [
              -123.732365,
              38.904622
            ],
            [
              -123.733175,
              38.905314
            ],
            [
              -123.73396,
              38.905879
            ],
            [
              -123.734871,
              38.906415
            ],
            [
              -123.735915,
              38.906857
            ],
            [
              -123.736697,
              38.907641
            ],
            [
              -123.737535,
              38.908435
            ],
            [
              -123.738348,
              38.909232
            ],
            [
              -123.73915,
              38.910047
            ],
            [
              -123.739988,
              38.910861
            ],
            [
              -123.740779,
              38.911692
            ],
            [
              -123.741512,
              38.912578
            ],
            [
              -123.741961,
              38.913533
            ],
            [
              -123.742382,
              38.914533
            ],
            [
              -123.742459,
              38.915615
            ],
            [
              -123.74318,
              38.916485
            ],
            [
              -123.743275,
              38.917589
            ],
            [
              -123.74377,
              38.918492
            ],
            [
              -123.744114,
              38.919555
            ],
            [
              -123.744159,
              38.920674
            ],
            [
              -123.744896,
              38.921582
            ],
            [
              -123.745754,
              38.922496
            ],
            [
              -123.74648,
              38.923461
            ],
            [
              -123.747047,
              38.924414
            ],
            [
              -123.748137,
              38.925216
            ],
            [
              -123.749207,
              38.925686
            ],
            [
              -123.750004,
              38.926803
            ],
            [
              -123.750412,
              38.928039
            ],
            [
              -123.751253,
              38.929065
            ],
            [
              -123.751266,
              38.930307
            ],
            [
              -123.751993,
              38.931427
            ],
            [
              -123.75309,
              38.932349
            ],
            [
              -123.75471,
              38.932692
            ],
            [
              -123.756191,
              38.933012
            ],
            [
              -123.757956,
              38.93274
            ],
            [
              -123.759701,
              38.933534
            ],
            [
              -123.761309,
              38.934642
            ],
            [
              -123.762828,
              38.935667
            ],
            [
              -123.762904,
              38.93733
            ],
            [
              -123.763357,
              38.938606
            ],
            [
              -123.764761,
              38.939463
            ],
            [
              -123.765387,
              38.940878
            ],
            [
              -123.766379,
              38.942215
            ],
            [
              -123.767518,
              38.943511
            ],
            [
              -123.768097,
              38.945018
            ],
            [
              -123.76878,
              38.946485
            ],
            [
              -123.769474,
              38.947998
            ],
            [
              -123.769776,
              38.949719
            ],
            [
              -123.770573,
              38.951306
            ],
            [
              -123.770749,
              38.953137
            ],
            [
              -123.77069,
              38.954988
            ],
            [
              -123.770675,
              38.956826
            ],
            [
              -123.770044,
              38.958458
            ],
            [
              -123.76941,
              38.960094
            ],
            [
              -123.76865,
              38.961639
            ],
            [
              -123.767931,
              38.963103
            ],
            [
              -123.766949,
              38.96443
            ],
            [
              -123.766773,
              38.965967
            ],
            [
              -123.765993,
              38.967352
            ],
            [
              -123.765305,
              38.968785
            ],
            [
              -123.764609,
              38.970176
            ],
            [
              -123.764393,
              38.971673
            ],
            [
              -123.763872,
              38.973076
            ],
            [
              -123.763561,
              38.974237
            ],
            [
              -123.763748,
              38.975069
            ],
            [
              -123.764702,
              38.97569
            ],
            [
              -123.765326,
              38.977305
            ],
            [
              -123.76605,
              38.978971
            ],
            [
              -123.766287,
              38.980784
            ],
            [
              -123.766053,
              38.982857
            ],
            [
              -123.764552,
              38.984593
            ],
            [
              -123.762619,
              38.984635
            ],
            [
              -123.760513,
              38.985385
            ],
            [
              -123.758949,
              38.986828
            ],
            [
              -123.757891,
              38.988448
            ],
            [
              -123.756792,
              38.990123
            ],
            [
              -123.756688,
              38.99202
            ],
            [
              -123.756746,
              38.994119
            ],
            [
              -123.755705,
              38.996134
            ],
            [
              -123.754899,
              38.998329
            ],
            [
              -123.752961,
              39.000074
            ],
            [
              -123.750478,
              39.00129
            ],
            [
              -123.748632,
              39.002884
            ],
            [
              -123.746494,
              39.004179
            ],
            [
              -123.745094,
              39.005872
            ],
            [
              -123.74391,
              39.007663
            ],
            [
              -123.743444,
              39.009631
            ],
            [
              -123.742875,
              39.011611
            ],
            [
              -123.742635,
              39.013647
            ],
            [
              -123.742062,
              39.015671
            ],
            [
              -123.741234,
              39.017656
            ],
            [
              -123.740702,
              39.019703
            ],
            [
              -123.740593,
              39.021832
            ],
            [
              -123.740457,
              39.024
            ],
            [
              -123.73985,
              39.026075
            ],
            [
              -123.739915,
              39.02829
            ],
            [
              -123.740462,
              39.03049
            ],
            [
              -123.740466,
              39.032685
            ],
            [
              -123.739527,
              39.034905
            ],
            [
              -123.739157,
              39.037278
            ],
            [
              -123.738447,
              39.039482
            ],
            [
              -123.738247,
              39.041805
            ],
            [
              -123.736818,
              39.043664
            ],
            [
              -123.734973,
              39.04479
            ],
            [
              -123.733004,
              39.045827
            ],
            [
              -123.731666,
              39.046931
            ],
            [
              -123.731498,
              39.04877
            ],
            [
              -123.730833,
              39.050479
            ],
            [
              -123.730162,
              39.052174
            ],
            [
              -123.729489,
              39.05369
            ],
            [
              -123.728508,
              39.055138
            ],
            [
              -123.727271,
              39.055623
            ],
            [
              -123.726044,
              39.056639
            ],
            [
              -123.725393,
              39.057908
            ],
            [
              -123.724368,
              39.059008
            ],
            [
              -123.724476,
              39.060342
            ],
            [
              -123.724874,
              39.061667
            ],
            [
              -123.725223,
              39.062969
            ],
            [
              -123.725297,
              39.064276
            ],
            [
              -123.725268,
              39.065553
            ],
            [
              -123.726268,
              39.06649
            ],
            [
              -123.726398,
              39.067779
            ],
            [
              -123.72625,
              39.06908
            ],
            [
              -123.72625,
              39.070333
            ],
            [
              -123.725964,
              39.071494
            ],
            [
              -123.727122,
              39.072196
            ],
            [
              -123.727342,
              39.07342
            ],
            [
              -123.728305,
              39.073829
            ],
            [
              -123.729485,
              39.074793
            ],
            [
              -123.730402,
              39.075798
            ],
            [
              -123.731035,
              39.076933
            ],
            [
              -123.73259,
              39.07763
            ],
            [
              -123.733255,
              39.07903
            ],
            [
              -123.733888,
              39.080513
            ],
            [
              -123.734444,
              39.082029
            ],
            [
              -123.734454,
              39.08364
            ],
            [
              -123.735277,
              39.084987
            ],
            [
              -123.735332,
              39.086552
            ],
            [
              -123.735583,
              39.088011
            ],
            [
              -123.736237,
              39.089376
            ],
            [
              -123.736478,
              39.090786
            ],
            [
              -123.736985,
              39.092112
            ],
            [
              -123.737664,
              39.093378
            ],
            [
              -123.738077,
              39.094727
            ],
            [
              -123.73887,
              39.095925
            ],
            [
              -123.740212,
              39.096847
            ],
            [
              -123.741156,
              39.098164
            ],
            [
              -123.742903,
              39.098676
            ],
            [
              -123.744776,
              39.099482
            ],
            [
              -123.745748,
              39.101037
            ],
            [
              -123.747281,
              39.102127
            ],
            [
              -123.747267,
              39.103887
            ],
            [
              -123.747725,
              39.105265
            ],
            [
              -123.748439,
              39.105097
            ],
            [
              -123.747653,
              39.106658
            ],
            [
              -123.748037,
              39.108254
            ],
            [
              -123.74919,
              39.109384
            ],
            [
              -123.749203,
              39.111067
            ],
            [
              -123.749542,
              39.112583
            ],
            [
              -123.750088,
              39.114008
            ],
            [
              -123.750084,
              39.115544
            ],
            [
              -123.75039,
              39.116955
            ],
            [
              -123.750938,
              39.118254
            ],
            [
              -123.75053,
              39.119568
            ],
            [
              -123.750113,
              39.120833
            ],
            [
              -123.750079,
              39.122146
            ],
            [
              -123.749656,
              39.123367
            ],
            [
              -123.749079,
              39.124496
            ],
            [
              -123.749101,
              39.125629
            ],
            [
              -123.749872,
              39.126559
            ],
            [
              -123.750716,
              39.127378
            ],
            [
              -123.751078,
              39.128488
            ],
            [
              -123.751869,
              39.129449
            ],
            [
              -123.752471,
              39.130478
            ],
            [
              -123.753619,
              39.131143
            ],
            [
              -123.754697,
              39.132017
            ],
            [
              -123.755833,
              39.132791
            ],
            [
              -123.756962,
              39.13381
            ],
            [
              -123.757987,
              39.134973
            ],
            [
              -123.759215,
              39.136092
            ],
            [
              -123.760171,
              39.137366
            ],
            [
              -123.761341,
              39.138587
            ],
            [
              -123.762864,
              39.13952
            ],
            [
              -123.76382,
              39.140997
            ],
            [
              -123.764618,
              39.142517
            ],
            [
              -123.765761,
              39.143898
            ],
            [
              -123.766976,
              39.145247
            ],
            [
              -123.767861,
              39.146662
            ],
            [
              -123.76915,
              39.147901
            ],
            [
              -123.76943,
              39.149482
            ],
            [
              -123.769915,
              39.15099
            ],
            [
              -123.77027,
              39.15245
            ],
            [
              -123.770578,
              39.153854
            ],
            [
              -123.770443,
              39.155197
            ],
            [
              -123.770967,
              39.156447
            ],
            [
              -123.771753,
              39.157561
            ],
            [
              -123.770738,
              39.158366
            ],
            [
              -123.770758,
              39.159611
            ],
            [
              -123.771479,
              39.16056
            ],
            [
              -123.772334,
              39.161619
            ],
            [
              -123.773397,
              39.162649
            ],
            [
              -123.774206,
              39.163763
            ],
            [
              -123.774981,
              39.164939
            ],
            [
              -123.775159,
              39.166278
            ],
            [
              -123.775025,
              39.167579
            ],
            [
              -123.774999,
              39.168811
            ],
            [
              -123.77502,
              39.169976
            ],
            [
              -123.775065,
              39.171091
            ],
            [
              -123.775019,
              39.172168
            ],
            [
              -123.77508,
              39.173222
            ],
            [
              -123.775132,
              39.174281
            ],
            [
              -123.775298,
              39.175318
            ],
            [
              -123.776076,
              39.176211
            ],
            [
              -123.776871,
              39.177121
            ],
            [
              -123.777519,
              39.178138
            ],
            [
              -123.778457,
              39.178998
            ],
            [
              -123.779421,
              39.179812
            ],
            [
              -123.780133,
              39.180611
            ],
            [
              -123.780287,
              39.181643
            ],
            [
              -123.780587,
              39.182576
            ],
            [
              -123.780914,
              39.183449
            ],
            [
              -123.780567,
              39.184261
            ],
            [
              -123.78042,
              39.185037
            ],
            [
              -123.780949,
              39.185682
            ],
            [
              -123.780894,
              39.186452
            ],
            [
              -123.780455,
              39.187126
            ],
            [
              -123.780289,
              39.187816
            ],
            [
              -123.78047,
              39.188483
            ],
            [
              -123.781155,
              39.188957
            ],
            [
              -123.781842,
              39.189343
            ],
            [
              -123.781879,
              39.190153
            ],
            [
              -123.781941,
              39.190945
            ],
            [
              -123.781842,
              39.191729
            ],
            [
              -123.781584,
              39.19246
            ],
            [
              -123.781544,
              39.193194
            ],
            [
              -123.781596,
              39.193923
            ],
            [
              -123.781396,
              39.194625
            ],
            [
              -123.781304,
              39.195308
            ],
            [
              -123.781292,
              39.19598
            ],
            [
              -123.781281,
              39.196644
            ],
            [
              -123.781424,
              39.197285
            ],
            [
              -123.781721,
              39.197903
            ],
            [
              -123.781751,
              39.198549
            ],
            [
              -123.781665,
              39.199174
            ],
            [
              -123.78197,
              39.199754
            ],
            [
              -123.782298,
              39.200366
            ],
            [
              -123.782542,
              39.201018
            ],
            [
              -123.782958,
              39.201643
            ],
            [
              -123.783348,
              39.20232
            ],
            [
              -123.783647,
              39.203037
            ],
            [
              -123.783988,
              39.203755
            ],
            [
              -123.784222,
              39.204513
            ],
            [
              -123.784548,
              39.205249
            ],
            [
              -123.784894,
              39.20598
            ],
            [
              -123.78516,
              39.206725
            ],
            [
              -123.785523,
              39.207448
            ],
            [
              -123.785794,
              39.208195
            ],
            [
              -123.786091,
              39.208921
            ],
            [
              -123.786402,
              39.209643
            ],
            [
              -123.786491,
              39.210397
            ],
            [
              -123.786529,
              39.211161
            ],
            [
              -123.786774,
              39.211895
            ],
            [
              -123.786999,
              39.212631
            ],
            [
              -123.787014,
              39.213395
            ],
            [
              -123.787224,
              39.214142
            ],
            [
              -123.787278,
              39.214923
            ],
            [
              -123.787682,
              39.215636
            ],
            [
              -123.787762,
              39.216418
            ],
            [
              -123.787992,
              39.217185
            ],
            [
              -123.788425,
              39.217923
            ],
            [
              -123.788903,
              39.21866
            ],
            [
              -123.789475,
              39.219325
            ],
            [
              -123.789441,
              39.220162
            ],
            [
              -123.789558,
              39.220984
            ],
            [
              -123.789527,
              39.221806
            ],
            [
              -123.789446,
              39.222592
            ],
            [
              -123.789504,
              39.223362
            ],
            [
              -123.78966,
              39.224113
            ],
            [
              -123.789671,
              39.224881
            ],
            [
              -123.789672,
              39.225649
            ],
            [
              -123.789681,
              39.226418
            ],
            [
              -123.789684,
              39.227187
            ],
            [
              -123.789847,
              39.227939
            ],
            [
              -123.789949,
              39.228649
            ],
            [
              -123.789654,
              39.229362
            ],
            [
              -123.789724,
              39.230101
            ],
            [
              -123.789797,
              39.230833
            ],
            [
              -123.790126,
              39.231525
            ],
            [
              -123.790128,
              39.232284
            ],
            [
              -123.790111,
              39.233048
            ],
            [
              -123.790214,
              39.233812
            ],
            [
              -123.790321,
              39.234576
            ],
            [
              -123.790493,
              39.235344
            ],
            [
              -123.790904,
              39.236083
            ],
            [
              -123.791138,
              39.236891
            ],
            [
              -123.791169,
              39.237727
            ],
            [
              -123.791262,
              39.238541
            ],
            [
              -123.791569,
              39.239334
            ],
            [
              -123.791751,
              39.240144
            ],
            [
              -123.792041,
              39.240934
            ],
            [
              -123.792481,
              39.241674
            ],
            [
              -123.792851,
              39.242447
            ],
            [
              -123.793175,
              39.243224
            ],
            [
              -123.793276,
              39.244024
            ],
            [
              -123.793759,
              39.244724
            ],
            [
              -123.794292,
              39.245428
            ],
            [
              -123.794873,
              39.246079
            ],
            [
              -123.795129,
              39.246784
            ],
            [
              -123.795702,
              39.247372
            ],
            [
              -123.796147,
              39.248064
            ],
            [
              -123.796427,
              39.248803
            ],
            [
              -123.796882,
              39.249484
            ],
            [
              -123.797245,
              39.250208
            ],
            [
              -123.797758,
              39.250911
            ],
            [
              -123.797929,
              39.251736
            ],
            [
              -123.798513,
              39.252471
            ],
            [
              -123.798695,
              39.253369
            ],
            [
              -123.799309,
              39.254127
            ],
            [
              -123.799279,
              39.25501
            ],
            [
              -123.799411,
              39.255855
            ],
            [
              -123.799376,
              39.256689
            ],
            [
              -123.799408,
              39.257507
            ],
            [
              -123.79954,
              39.25831
            ],
            [
              -123.800105,
              39.259
            ],
            [
              -123.800418,
              39.259808
            ],
            [
              -123.801134,
              39.260446
            ],
            [
              -123.801934,
              39.261027
            ],
            [
              -123.802137,
              39.261855
            ],
            [
              -123.80268,
              39.262541
            ],
            [
              -123.803122,
              39.263191
            ],
            [
              -123.803146,
              39.263773
            ],
            [
              -123.802525,
              39.26418
            ],
            [
              -123.802602,
              39.264791
            ],
            [
              -123.803159,
              39.26518
            ],
            [
              -123.8034,
              39.265734
            ],
            [
              -123.804156,
              39.265891
            ],
            [
              -123.804858,
              39.266175
            ],
            [
              -123.805227,
              39.266753
            ],
            [
              -123.805694,
              39.267297
            ],
            [
              -123.80643,
              39.267607
            ],
            [
              -123.807215,
              39.268002
            ],
            [
              -123.807816,
              39.268614
            ],
            [
              -123.808418,
              39.269257
            ],
            [
              -123.80946,
              39.269517
            ],
            [
              -123.810144,
              39.27016
            ],
            [
              -123.80944,
              39.270544
            ],
            [
              -123.809265,
              39.271344
            ],
            [
              -123.808216,
              39.271717
            ],
            [
              -123.807508,
              39.272217
            ],
            [
              -123.806638,
              39.272615
            ],
            [
              -123.806357,
              39.273416
            ],
            [
              -123.805759,
              39.273867
            ],
            [
              -123.805221,
              39.273986
            ],
            [
              -123.804752,
              39.274241
            ],
            [
              -123.804419,
              39.274664
            ],
            [
              -123.803665,
              39.274604
            ],
            [
              -123.803268,
              39.275041
            ],
            [
              -123.802826,
              39.275468
            ],
            [
              -123.802425,
              39.275948
            ],
            [
              -123.801754,
              39.276069
            ],
            [
              -123.801431,
              39.275498
            ],
            [
              -123.8009,
              39.27499
            ],
            [
              -123.800097,
              39.27474
            ],
            [
              -123.799466,
              39.274271
            ],
            [
              -123.798948,
              39.273719
            ],
            [
              -123.798622,
              39.273083
            ],
            [
              -123.798491,
              39.272412
            ],
            [
              -123.797678,
              39.272299
            ],
            [
              -123.797113,
              39.272712
            ],
            [
              -123.79644,
              39.272896
            ],
            [
              -123.795759,
              39.272927
            ],
            [
              -123.79545,
              39.273368
            ],
            [
              -123.795119,
              39.273809
            ],
            [
              -123.79472,
              39.27422
            ],
            [
              -123.794376,
              39.274687
            ],
            [
              -123.793789,
              39.274786
            ],
            [
              -123.793201,
              39.27457
            ],
            [
              -123.792783,
              39.274226
            ],
            [
              -123.792312,
              39.274059
            ],
            [
              -123.791907,
              39.274324
            ],
            [
              -123.79190545584967,
              39.2743248525812
            ],
            [
              -123.79262998784132,
              39.27566109660725
            ],
            [
              -123.79192532443031,
              39.27666153736903
            ],
            [
              -123.79283601450618,
              39.27896832912062
            ],
            [
              -123.79344317343072,
              39.2805061873212
            ],
            [
              -123.79283967072361,
              39.28176294911076
            ],
            [
              -123.79216746934186,
              39.281917291478244
            ],
            [
              -123.79156392972547,
              39.28317403984018
            ],
            [
              -123.78719449204166,
              39.284177150352676
            ],
            [
              -123.78729566971485,
              39.28443346256637
            ],
            [
              -123.78292608693992,
              39.28543642604985
            ],
            [
              -123.78302725430939,
              39.28569274949876
            ],
            [
              -123.77899367917244,
              39.28661842808979
            ],
            [
              -123.77768182405077,
              39.28608085970768
            ],
            [
              -123.77196744160389,
              39.28739195272518
            ],
            [
              -123.77186631098249,
              39.28713562019118
            ],
            [
              -123.76547940988793,
              39.288600647863106
            ],
            [
              -123.76416761914787,
              39.28806293696287
            ],
            [
              -123.760469844245,
              39.288910920045986
            ],
            [
              -123.75929443738542,
              39.290578024848514
            ],
            [
              -123.7588900898226,
              39.28955267544546
            ],
            [
              -123.75747724875997,
              39.288758550749755
            ],
            [
              -123.75680490721612,
              39.28891270262477
            ],
            [
              -123.7537793499995,
              39.289606337781954
            ],
            [
              -123.75300593863184,
              39.28950412713289
            ],
            [
              -123.7514921056438,
              39.288453594288434
            ],
            [
              -123.75028147636748,
              39.28817208636362
            ],
            [
              -123.74977621761708,
              39.28689035790464
            ],
            [
              -123.74708495905445,
              39.28471215758572
            ],
            [
              -123.74637771411975,
              39.2829177191529
            ],
            [
              -123.74506616799832,
              39.282379807968766
            ],
            [
              -123.7398880580664,
              39.28133047103219
            ],
            [
              -123.73844243077312,
              39.28138222153283
            ],
            [
              -123.73669382689611,
              39.28066489428596
            ],
            [
              -123.73544876238547,
              39.27843470819195
            ],
            [
              -123.73376803055297,
              39.2788197818395
            ],
            [
              -123.73033879242182,
              39.278487416820965
            ],
            [
              -123.72889322511138,
              39.27853905419756
            ],
            [
              -123.72835514378089,
              39.27810333540847
            ],
            [
              -123.72690958271833,
              39.27815494976851
            ],
            [
              -123.72637152624951,
              39.27771922014568
            ],
            [
              -123.72502691287652,
              39.27802718379665
            ],
            [
              -123.72415271700959,
              39.27766842440231
            ],
            [
              -123.721799626302,
              39.27820730822464
            ],
            [
              -123.7198836008773,
              39.27892553854413
            ],
            [
              -123.71810185892664,
              39.27905403206843
            ],
            [
              -123.7167905926455,
              39.278515823834944
            ],
            [
              -123.71534500807444,
              39.27856731404372
            ],
            [
              -123.71272255354566,
              39.277490825961515
            ],
            [
              -123.71067160313466,
              39.27600400212777
            ],
            [
              -123.70936044721334,
              39.27546571611429
            ],
            [
              -123.71070506953207,
              39.275157924020235
            ],
            [
              -123.71184789488879,
              39.27433736983276
            ],
            [
              -123.71198224318238,
              39.27374766435765
            ],
            [
              -123.71332682249454,
              39.27343984410204
            ],
            [
              -123.71346116717622,
              39.272850134853634
            ],
            [
              -123.7148057235576,
              39.27254229870706
            ],
            [
              -123.7168218198474,
              39.269285909197094
            ],
            [
              -123.716451587638,
              39.26741434945751
            ],
            [
              -123.71577936697064,
              39.26756827687443
            ],
            [
              -123.71359430464406,
              39.26667121553118
            ],
            [
              -123.71134238792841,
              39.26746626893698
            ],
            [
              -123.71087191746898,
              39.26813292515204
            ],
            [
              -123.70952742617334,
              39.268440718517674
            ],
            [
              -123.70784678843454,
              39.26882544158578
            ],
            [
              -123.70586352344182,
              39.26844100305413
            ],
            [
              -123.69981308617989,
              39.26982571947979
            ],
            [
              -123.69793068757885,
              39.26969753439229
            ],
            [
              -123.69722477542975,
              39.2706974376586
            ],
            [
              -123.695409542993,
              39.27167168234281
            ],
            [
              -123.69315726141193,
              39.272466410330615
            ],
            [
              -123.69194712595421,
              39.27218433691534
            ],
            [
              -123.69231697267013,
              39.27126136321619
            ],
            [
              -123.69201450165181,
              39.270492190237256
            ],
            [
              -123.69070358401146,
              39.26995370864661
            ],
            [
              -123.69019950583406,
              39.2686717446722
            ],
            [
              -123.68848540825259,
              39.26710767237331
            ],
            [
              -123.68660309019856,
              39.2669793185408
            ],
            [
              -123.68562842418811,
              39.26636389718519
            ],
            [
              -123.6839814818566,
              39.265902228695154
            ],
            [
              -123.68293985584616,
              39.264184323124844
            ],
            [
              -123.68152834168585,
              39.26338934266109
            ],
            [
              -123.67971379006737,
              39.26156875519381
            ],
            [
              -123.67749630232255,
              39.25872252908123
            ],
            [
              -123.67618654699191,
              39.25538929105208
            ],
            [
              -123.67511137518326,
              39.2545173910646
            ],
            [
              -123.67460768003866,
              39.253235368809506
            ],
            [
              -123.67605279134659,
              39.25318435919847
            ],
            [
              -123.67692645084321,
              39.25354344616336
            ],
            [
              -123.67894298165001,
              39.25308227891205
            ],
            [
              -123.68038808685431,
              39.2530312190094
            ],
            [
              -123.68136252914202,
              39.253646679380545
            ],
            [
              -123.68237078507804,
              39.25341606391765
            ],
            [
              -123.68331205044223,
              39.25208296985318
            ],
            [
              -123.68479088030774,
              39.251185795382746
            ],
            [
              -123.68714336893686,
              39.25064761399385
            ],
            [
              -123.68784922490634,
              39.24964777268605
            ],
            [
              -123.68885740459818,
              39.249417104940974
            ],
            [
              -123.68788294545506,
              39.248801706127715
            ],
            [
              -123.68758061516901,
              39.2480325265501
            ],
            [
              -123.68606859632636,
              39.24698120989211
            ],
            [
              -123.68526246704315,
              39.24493004961206
            ],
            [
              -123.68472490743883,
              39.24449414370236
            ],
            [
              -123.6835158306147,
              39.24141739430801
            ],
            [
              -123.68375109944824,
              39.241084117511214
            ],
            [
              -123.68311282579222,
              39.240391803935836
            ],
            [
              -123.68210536965286,
              39.23782783876467
            ],
            [
              -123.68166861058985,
              39.23764831717952
            ],
            [
              -123.68284494366688,
              39.23598196639475
            ],
            [
              -123.68203902782963,
              39.233930790553465
            ],
            [
              -123.68250954445624,
              39.233264256366
            ],
            [
              -123.6819389153859,
              39.230879814764535
            ],
            [
              -123.68314889874304,
              39.22836740282971
            ],
            [
              -123.6827459746457,
              39.22734182208071
            ],
            [
              -123.6850302085532,
              39.22849580767896
            ],
            [
              -123.68523168702269,
              39.2290085907812
            ],
            [
              -123.68838945491413,
              39.2305215435387
            ],
            [
              -123.69050603273985,
              39.230316580560256
            ],
            [
              -123.69191700160752,
              39.231111453076544
            ],
            [
              -123.69312645159255,
              39.2313935240239
            ],
            [
              -123.69420150016806,
              39.232265271445556
            ],
            [
              -123.69487343938623,
              39.2321114617456
            ],
            [
              -123.69699004528262,
              39.23190638848642
            ],
            [
              -123.69799794926043,
              39.23167564772184
            ],
            [
              -123.69870347092736,
              39.23067574937047
            ],
            [
              -123.69984572809621,
              39.229855306288954
            ],
            [
              -123.69977850811924,
              39.22875286075246
            ],
            [
              -123.7002488250896,
              39.228086252663125
            ],
            [
              -123.70159260766498,
              39.227778562375576
            ],
            [
              -123.70296992315467,
              39.226624789063486
            ],
            [
              -123.70374237588996,
              39.223932731714655
            ],
            [
              -123.70303679899015,
              39.2221380812651
            ],
            [
              -123.70360784058076,
              39.22172784579391
            ],
            [
              -123.70431318814988,
              39.220727917954115
            ],
            [
              -123.70303660871085,
              39.219343507263716
            ],
            [
              -123.70226401511997,
              39.21924097577222
            ],
            [
              -123.70112183595832,
              39.21726686635449
            ],
            [
              -123.69971103552913,
              39.216472100663196
            ],
            [
              -123.69850180873362,
              39.216190094633255
            ],
            [
              -123.69544520996192,
              39.21493378571333
            ],
            [
              -123.69514294064471,
              39.21416463053876
            ],
            [
              -123.69306049097172,
              39.21352361054264
            ],
            [
              -123.69275825281609,
              39.21275444982436
            ],
            [
              -123.69124689425264,
              39.21170320461075
            ],
            [
              -123.68862721456516,
              39.21062622645518
            ],
            [
              -123.68755256675101,
              39.20975444061575
            ],
            [
              -123.68718339346493,
              39.20788282010339
            ],
            [
              -123.68768739397038,
              39.20637020454435
            ],
            [
              -123.68678095902912,
              39.204062685174854
            ],
            [
              -123.68866200545887,
              39.201396464088624
            ],
            [
              -123.68762118463272,
              39.199678625724964
            ],
            [
              -123.68846094760308,
              39.19808912144514
            ],
            [
              -123.68735318889206,
              39.19526883646307
            ],
            [
              -123.68510319072304,
              39.19606340470644
            ],
            [
              -123.68292067118145,
              39.19516581802741
            ],
            [
              -123.68056995008128,
              39.19570391283456
            ],
            [
              -123.67905912629297,
              39.19465253136626
            ],
            [
              -123.67741386353156,
              39.194190781415855
            ],
            [
              -123.67556730505916,
              39.193216207743774
            ],
            [
              -123.67489567504504,
              39.19336991422571
            ],
            [
              -123.67227689998411,
              39.19229259643067
            ],
            [
              -123.6707323709949,
              39.192087158183746
            ],
            [
              -123.66972493025862,
              39.19231767620527
            ],
            [
              -123.66828102973255,
              39.192368619395396
            ],
            [
              -123.66559448240872,
              39.19298326161454
            ],
            [
              -123.66448639596476,
              39.19295733195102
            ],
            [
              -123.66374810335488,
              39.19200851516688
            ],
            [
              -123.66200239214488,
              39.19129015505013
            ],
            [
              -123.6618337828537,
              39.19272584602739
            ],
            [
              -123.66059108389376,
              39.19328951419523
            ],
            [
              -123.65857609821005,
              39.19375037804347
            ],
            [
              -123.65800502226742,
              39.19416040437216
            ],
            [
              -123.65860861322398,
              39.19569888745288
            ],
            [
              -123.65760108383057,
              39.19592930752379
            ],
            [
              -123.65561845483577,
              39.19833863994808
            ],
            [
              -123.65293156913472,
              39.19895301195521
            ],
            [
              -123.65101695545775,
              39.199670169853825
            ],
            [
              -123.64937175745716,
              39.199208048743344
            ],
            [
              -123.64907004211541,
              39.19843878451444
            ],
            [
              -123.64792770554969,
              39.19925875589564
            ],
            [
              -123.6483299814853,
              39.20028444271491
            ],
            [
              -123.6481610908112,
              39.20172011570478
            ],
            [
              -123.64769046322776,
              39.202386515287
            ],
            [
              -123.64829390388869,
              39.20392505118346
            ],
            [
              -123.64815916724785,
              39.204514678201754
            ],
            [
              -123.64715148224172,
              39.20474501413918
            ],
            [
              -123.64540561884766,
              39.20402642152892
            ],
            [
              -123.64318912088709,
              39.20397418504541
            ],
            [
              -123.64198031930842,
              39.203691623218944
            ],
            [
              -123.64057043403169,
              39.20289619767421
            ],
            [
              -123.63781700821826,
              39.20240777101982
            ],
            [
              -123.6365739568647,
              39.202971200587385
            ],
            [
              -123.63556866510145,
              39.20040688120423
            ],
            [
              -123.63385735521688,
              39.19884207477156
            ],
            [
              -123.63201125656704,
              39.19786686401149
            ],
            [
              -123.63097183486899,
              39.19614854362949
            ],
            [
              -123.62942734391544,
              39.195942600353455
            ],
            [
              -123.62771627177042,
              39.19437771104078
            ],
            [
              -123.62741480611011,
              39.193608395162876
            ],
            [
              -123.62523306738517,
              39.19270980760936
            ],
            [
              -123.62503211073489,
              39.192196924038306
            ],
            [
              -123.6236226346134,
              39.19140130857944
            ],
            [
              -123.62399293854304,
              39.190478555220686
            ],
            [
              -123.62349059111199,
              39.18919634526117
            ],
            [
              -123.62174533617697,
              39.188477423313486
            ],
            [
              -123.61979921994671,
              39.18724558324124
            ],
            [
              -123.61909607298381,
              39.185450464863486
            ],
            [
              -123.6186597952056,
              39.18527072217444
            ],
            [
              -123.61705276701498,
              39.18116759097938
            ],
            [
              -123.61618026214835,
              39.18080808469437
            ],
            [
              -123.61577854856975,
              39.17978229840892
            ],
            [
              -123.61534549659055,
              39.176807990044516
            ],
            [
              -123.6164878377618,
              39.175988324036524
            ],
            [
              -123.61682362944832,
              39.17591163028782
            ],
            [
              -123.61746071362279,
              39.17660427107473
            ],
            [
              -123.61876940132716,
              39.17714351156869
            ],
            [
              -123.6197767931323,
              39.17691340678006
            ],
            [
              -123.62142129722166,
              39.177375916772704
            ],
            [
              -123.62283047983622,
              39.17817156243125
            ],
            [
              -123.62417366598928,
              39.177864711101314
            ],
            [
              -123.62679120605058,
              39.178943037480416
            ],
            [
              -123.62833533781811,
              39.17914901040342
            ],
            [
              -123.630350110043,
              39.17868863760584
            ],
            [
              -123.63112217011515,
              39.17879161437048
            ],
            [
              -123.63182809887886,
              39.17779210696116
            ],
            [
              -123.63307076287525,
              39.17722871789652
            ],
            [
              -123.63286979671828,
              39.17671585639887
            ],
            [
              -123.63371048287759,
              39.17512673200944
            ],
            [
              -123.63528885521524,
              39.17448658861124
            ],
            [
              -123.63599468472567,
              39.173487058489194
            ],
            [
              -123.64069529331881,
              39.17241251812673
            ],
            [
              -123.64408699199751,
              39.17079883835588
            ],
            [
              -123.64237834181687,
              39.16643961813673
            ],
            [
              -123.64268198674947,
              39.1644143534771
            ],
            [
              -123.64409322685357,
              39.16241520984803
            ],
            [
              -123.64318872658632,
              39.1601073952864
            ],
            [
              -123.64436468635357,
              39.15844143669905
            ],
            [
              -123.64530541107341,
              39.15710866824113
            ],
            [
              -123.64621193565596,
              39.15662192300949
            ],
            [
              -123.64580993158809,
              39.15559623897494
            ],
            [
              -123.64493759168039,
              39.15523693627282
            ],
            [
              -123.64373168755723,
              39.15215986176648
            ],
            [
              -123.64386637607701,
              39.151570251568685
            ],
            [
              -123.6450079980991,
              39.15075032813647
            ],
            [
              -123.64571346304231,
              39.14975074787275
            ],
            [
              -123.64685503559456,
              39.14893080779725
            ],
            [
              -123.64829809026979,
              39.14888012133281
            ],
            [
              -123.65064752433103,
              39.14834264371298
            ],
            [
              -123.6523597632381,
              39.147112664855364
            ],
            [
              -123.65296457762182,
              39.14585662306627
            ],
            [
              -123.65289814723116,
              39.14475417254516
            ],
            [
              -123.65551655900508,
              39.14303735963712
            ],
            [
              -123.65719456228295,
              39.14265335333434
            ],
            [
              -123.65789978078818,
              39.14165370562573
            ],
            [
              -123.65927615676615,
              39.14050043726175
            ],
            [
              -123.65820288614162,
              39.13962840581694
            ],
            [
              -123.65759976985373,
              39.13808993901417
            ],
            [
              -123.65676162618296,
              39.13688468839899
            ],
            [
              -123.65833895096121,
              39.13624425234522
            ],
            [
              -123.6598822671773,
              39.1364498396686
            ],
            [
              -123.66055339243962,
              39.13629621835096
            ],
            [
              -123.66229915498805,
              39.13422006553317
            ],
            [
              -123.66266866578931,
              39.133297210570255
            ],
            [
              -123.6637092682534,
              39.13222071184991
            ],
            [
              -123.6633071521406,
              39.1311950894839
            ],
            [
              -123.66471717891928,
              39.1291957255833
            ],
            [
              -123.66538822691636,
              39.1290420783997
            ],
            [
              -123.66827350182126,
              39.128940246072766
            ],
            [
              -123.67196421655534,
              39.12809502708955
            ],
            [
              -123.67572331707574,
              39.12276310117897
            ],
            [
              -123.67525433298866,
              39.12063507869155
            ],
            [
              -123.67756887328102,
              39.12094313514531
            ],
            [
              -123.67978286195299,
              39.120994758605626
            ],
            [
              -123.68078928147398,
              39.120764162603535
            ],
            [
              -123.68176196269877,
              39.12137959979384
            ],
            [
              -123.6833050192443,
              39.12158489815536
            ],
            [
              -123.68548533948719,
              39.12248245431779
            ],
            [
              -123.68622319923301,
              39.12343113068908
            ],
            [
              -123.68887335913917,
              39.1236620935068
            ],
            [
              -123.69021525785044,
              39.12335453286951
            ],
            [
              -123.69135591299133,
              39.122534188856896
            ],
            [
              -123.69162439163449,
              39.121354867078374
            ],
            [
              -123.6923289294296,
              39.12035502849027
            ],
            [
              -123.69424104123894,
              39.11963723946866
            ],
            [
              -123.69571704957245,
              39.118739958802124
            ],
            [
              -123.69585124102544,
              39.11815029099149
            ],
            [
              -123.69709238072366,
              39.11758627963524
            ],
            [
              -123.69722656894301,
              39.1169966081664
            ],
            [
              -123.69846767824839,
              39.11643258320933
            ],
            [
              -123.69940686304105,
              39.11509940948227
            ],
            [
              -123.69913850391059,
              39.1134842329536
            ],
            [
              -123.70027890629753,
              39.11266381637053
            ],
            [
              -123.70078197346317,
              39.11115117793517
            ],
            [
              -123.7018216837251,
              39.11007436740735
            ],
            [
              -123.70225772554996,
              39.11025381342125
            ],
            [
              -123.70336476945214,
              39.113073923682144
            ],
            [
              -123.70433752888148,
              39.11368918564181
            ],
            [
              -123.70484078105036,
              39.114971048808805
            ],
            [
              -123.70702116881834,
              39.11586822617204
            ],
            [
              -123.7077592426305,
              39.116816773496296
            ],
            [
              -123.7090675228953,
              39.11735505750819
            ],
            [
              -123.70936953678617,
              39.11812416313869
            ],
            [
              -123.70846391310513,
              39.11861135700204
            ],
            [
              -123.70809505892463,
              39.11953434523047
            ],
            [
              -123.70849774287949,
              39.12055982029163
            ],
            [
              -123.7112151543525,
              39.12189273215249
            ],
            [
              -123.71275830195466,
              39.122097657337726
            ],
            [
              -123.71410007057348,
              39.12178983905512
            ],
            [
              -123.71550918928465,
              39.122584425728725
            ],
            [
              -123.71581129313485,
              39.12335351650203
            ],
            [
              -123.71672310580834,
              39.12567469097813
            ],
            [
              -123.717038,
              39.125691
            ],
            [
              -123.717525,
              39.125532
            ],
            [
              -123.717851,
              39.125179
            ],
            [
              -123.718067,
              39.124755
            ],
            [
              -123.718193,
              39.124268
            ],
            [
              -123.718653,
              39.123856
            ],
            [
              -123.718995,
              39.123339
            ],
            [
              -123.719547,
              39.122867
            ],
            [
              -123.719647,
              39.122232
            ],
            [
              -123.719003,
              39.121668
            ],
            [
              -123.718329,
              39.121067
            ],
            [
              -123.717441,
              39.120663
            ],
            [
              -123.717202,
              39.11978
            ],
            [
              -123.716895,
              39.118838
            ],
            [
              -123.716346,
              39.11787
            ],
            [
              -123.715398,
              39.117083
            ],
            [
              -123.714799,
              39.116049
            ],
            [
              -123.713995,
              39.114917
            ],
            [
              -123.714518,
              39.114029
            ],
            [
              -123.71566,
              39.11315
            ],
            [
              -123.715121,
              39.111865
            ],
            [
              -123.714464,
              39.110667
            ],
            [
              -123.713976,
              39.109665
            ],
            [
              -123.714131,
              39.108525
            ],
            [
              -123.713317,
              39.107744
            ],
            [
              -123.71266,
              39.106944
            ],
            [
              -123.711897,
              39.106319
            ],
            [
              -123.711461,
              39.105612
            ],
            [
              -123.710826,
              39.10512
            ],
            [
              -123.710444,
              39.104541
            ],
            [
              -123.709757,
              39.104328
            ],
            [
              -123.709057,
              39.104265
            ],
            [
              -123.708565,
              39.103958
            ],
            [
              -123.708105,
              39.103658
            ],
            [
              -123.707538,
              39.103558
            ],
            [
              -123.706963,
              39.103503
            ],
            [
              -123.7065199896011,
              39.103603166165364
            ],
            [
              -123.70594648130036,
              39.103818577598375
            ],
            [
              -123.70665098091118,
              39.105613166856976
            ],
            [
              -123.70752302997506,
              39.105972033177316
            ],
            [
              -123.70725486628706,
              39.10715138573335
            ],
            [
              -123.70500782514213,
              39.107946296955646
            ],
            [
              -123.70420294180646,
              39.10868983540137
            ],
            [
              -123.70252597175704,
              39.10907447324808
            ],
            [
              -123.70383385314904,
              39.10681830377908
            ],
            [
              -123.70272688636385,
              39.10399820109929
            ],
            [
              -123.70229089098824,
              39.1038187546391
            ],
            [
              -123.69994327924391,
              39.10435720284243
            ],
            [
              -123.6986353006637,
              39.10381882418497
            ],
            [
              -123.69816576775983,
              39.10169089599842
            ],
            [
              -123.6986352769795,
              39.10102431186146
            ],
            [
              -123.69823284051336,
              39.09999880874356
            ],
            [
              -123.69746151578137,
              39.09989626000774
            ],
            [
              -123.69638838674358,
              39.099024565096336
            ],
            [
              -123.69561708501904,
              39.098922002627894
            ],
            [
              -123.69481232892166,
              39.096870968876296
            ],
            [
              -123.69870230487935,
              39.09653772462938
            ],
            [
              -123.69977542192889,
              39.097409391462556
            ],
            [
              -123.7009826797639,
              39.09769138584545
            ],
            [
              -123.7013851422629,
              39.09871687961117
            ],
            [
              -123.70239118459156,
              39.09848610976677
            ],
            [
              -123.70426916520526,
              39.09861422043058
            ],
            [
              -123.70601306732128,
              39.09933197405235
            ],
            [
              -123.70681816688867,
              39.10138293623419
            ],
            [
              -123.70693384361716,
              39.101494086008984
            ],
            [
              -123.707269,
              39.101466
            ],
            [
              -123.707742,
              39.101244
            ],
            [
              -123.708047,
              39.100833
            ],
            [
              -123.708236,
              39.100338
            ],
            [
              -123.708272,
              39.099762
            ],
            [
              -123.708228,
              39.099126
            ],
            [
              -123.708532,
              39.098486
            ],
            [
              -123.709345,
              39.098092
            ],
            [
              -123.710145,
              39.097624
            ],
            [
              -123.709847,
              39.096834
            ],
            [
              -123.709648,
              39.095893
            ],
            [
              -123.709515,
              39.09485
            ],
            [
              -123.709109,
              39.093774
            ],
            [
              -123.708275,
              39.092778
            ],
            [
              -123.707298,
              39.091932
            ],
            [
              -123.706551,
              39.090745
            ],
            [
              -123.706653,
              39.089376
            ],
            [
              -123.70652,
              39.088057
            ],
            [
              -123.705914,
              39.08687
            ],
            [
              -123.70572,
              39.08557
            ],
            [
              -123.705281,
              39.084405
            ],
            [
              -123.704143,
              39.083427
            ],
            [
              -123.704041,
              39.082037
            ],
            [
              -123.704718,
              39.081203
            ],
            [
              -123.705819,
              39.080633
            ],
            [
              -123.705336,
              39.0795
            ],
            [
              -123.703873,
              39.079068
            ],
            [
              -123.703126,
              39.077877
            ],
            [
              -123.703071,
              39.076676
            ],
            [
              -123.703107,
              39.075362
            ],
            [
              -123.702423,
              39.074231
            ],
            [
              -123.702361,
              39.072932
            ],
            [
              -123.701963,
              39.071733
            ],
            [
              -123.701452,
              39.070506
            ],
            [
              -123.700769,
              39.06938
            ],
            [
              -123.699744,
              39.068318
            ],
            [
              -123.698909,
              39.067129
            ],
            [
              -123.698946,
              39.065739
            ],
            [
              -123.698512,
              39.06447
            ],
            [
              -123.697336,
              39.063486
            ],
            [
              -123.695843,
              39.062632
            ],
            [
              -123.695021,
              39.061236
            ],
            [
              -123.695466,
              39.059851
            ],
            [
              -123.694084,
              39.058892
            ],
            [
              -123.69427,
              39.057393
            ],
            [
              -123.695595,
              39.056374
            ],
            [
              -123.695345,
              39.054936
            ],
            [
              -123.694447,
              39.053583
            ],
            [
              -123.693125,
              39.052362
            ],
            [
              -123.6918,
              39.051002
            ],
            [
              -123.692395,
              39.049302
            ],
            [
              -123.69271,
              39.047746
            ],
            [
              -123.692309,
              39.045943
            ],
            [
              -123.691258,
              39.044243
            ],
            [
              -123.692292,
              39.042576
            ],
            [
              -123.694176,
              39.041449
            ],
            [
              -123.693749,
              39.039885
            ],
            [
              -123.692362,
              39.038556
            ],
            [
              -123.691522,
              39.036806
            ],
            [
              -123.690507,
              39.035076
            ],
            [
              -123.689847,
              39.033512
            ],
            [
              -123.689815,
              39.031881
            ],
            [
              -123.690922,
              39.030732
            ],
            [
              -123.69217,
              39.029902
            ],
            [
              -123.692185,
              39.028618
            ],
            [
              -123.691982,
              39.027471
            ],
            [
              -123.69186,
              39.026461
            ],
            [
              -123.692289,
              39.025571
            ],
            [
              -123.692263,
              39.024702
            ],
            [
              -123.691772,
              39.024021
            ],
            [
              -123.691284,
              39.023398
            ],
            [
              -123.690818,
              39.022836
            ],
            [
              -123.69073,
              39.022224
            ],
            [
              -123.690773,
              39.021662
            ],
            [
              -123.690838,
              39.021156
            ],
            [
              -123.690931,
              39.0207
            ],
            [
              -123.690994,
              39.02029
            ],
            [
              -123.690997,
              39.019922
            ],
            [
              -123.69099055558166,
              39.019901129641696
            ],
            [
              -123.69066189087269,
              39.02013783311446
            ],
            [
              -123.6869096200863,
              39.02267564551172
            ],
            [
              -123.68533499697345,
              39.023316425134176
            ],
            [
              -123.68486587756951,
              39.023982947487845
            ],
            [
              -123.68218568057138,
              39.02459793006797
            ],
            [
              -123.6799071967877,
              39.02623840489641
            ],
            [
              -123.67973933368364,
              39.02767407200157
            ],
            [
              -123.67903552070109,
              39.02867382237156
            ],
            [
              -123.67615423594673,
              39.02877589486612
            ],
            [
              -123.6750824148239,
              39.02790403482014
            ],
            [
              -123.67206693815052,
              39.028595648192386
            ],
            [
              -123.67069289305826,
              39.02974903184995
            ],
            [
              -123.66767729813718,
              39.03044053885048
            ],
            [
              -123.66714141638148,
              39.030004570573816
            ],
            [
              -123.66670595246974,
              39.02982500171215
            ],
            [
              -123.66134478554694,
              39.031054124059544
            ],
            [
              -123.65997051389469,
              39.03220739185958
            ],
            [
              -123.65836301057726,
              39.03089938312609
            ],
            [
              -123.65759247204504,
              39.03079658059618
            ],
            [
              -123.65685592874425,
              39.02984775814523
            ],
            [
              -123.6542092995673,
              39.029616114686526
            ],
            [
              -123.6528689683423,
              39.029923283796585
            ],
            [
              -123.65233318923431,
              39.02948724936244
            ],
            [
              -123.6509928625128,
              39.029794395914436
            ],
            [
              -123.64653835727694,
              39.02774164639281
            ],
            [
              -123.64519803825647,
              39.028048730313756
            ],
            [
              -123.64248534398641,
              39.02671439891028
            ],
            [
              -123.64198380472567,
              39.025432311784186
            ],
            [
              -123.6424533364918,
              39.02476594903
            ],
            [
              -123.64205211426767,
              39.023740278160176
            ],
            [
              -123.64322588510363,
              39.02207437520798
            ],
            [
              -123.64161890692026,
              39.02076615197808
            ],
            [
              -123.64312768934835,
              39.019023489191596
            ],
            [
              -123.64272648929224,
              39.017997821474445
            ],
            [
              -123.64329626820668,
              39.01758787912823
            ],
            [
              -123.64356513566027,
              39.01640867591898
            ],
            [
              -123.64296335069633,
              39.01487017285533
            ],
            [
              -123.64400254047014,
              39.013793864528324
            ],
            [
              -123.64380194878672,
              39.013281036508566
            ],
            [
              -123.64383607207726,
              39.0124350219851
            ],
            [
              -123.64510992596014,
              39.01102551592315
            ],
            [
              -123.64879492702549,
              39.01018100248603
            ],
            [
              -123.64929835895444,
              39.00866860783459
            ],
            [
              -123.64883088346204,
              39.006540529239714
            ],
            [
              -123.64930023056836,
              39.00587414265768
            ],
            [
              -123.65154651541444,
              39.002285796859105
            ],
            [
              -123.65060973128952,
              39.00082411929746
            ],
            [
              -123.65097871283659,
              38.99990132120679
            ],
            [
              -123.64933803259505,
              38.999439217171776
            ],
            [
              -123.64836725602567,
              38.9988235397249
            ],
            [
              -123.64776551496985,
              38.99728506428574
            ],
            [
              -123.64702943608393,
              38.996336181047354
            ],
            [
              -123.64796801600224,
              38.995003431957265
            ],
            [
              -123.6485716447645,
              38.9937474537749
            ],
            [
              -123.64756881790177,
              38.991183325197014
            ],
            [
              -123.64606471313766,
              38.987337126751555
            ],
            [
              -123.64589827680837,
              38.98597829037019
            ],
            [
              -123.64844301511265,
              38.98595369245382
            ],
            [
              -123.6501836691998,
              38.98667222291574
            ],
            [
              -123.6507191272045,
              38.98710825361846
            ],
            [
              -123.65480403454177,
              38.98728921170809
            ],
            [
              -123.65654479042571,
              38.98800764311187
            ],
            [
              -123.65952479379324,
              38.988162428951746
            ],
            [
              -123.66186896560681,
              38.987624752609115
            ],
            [
              -123.66344301289915,
              38.98698427653017
            ],
            [
              -123.6650835119068,
              38.98744619094043
            ],
            [
              -123.66943681133398,
              38.98644742272824
            ],
            [
              -123.67137839712161,
              38.987678440451084
            ],
            [
              -123.67291859605541,
              38.987883852855084
            ],
            [
              -123.67392319621716,
              38.98765331781256
            ],
            [
              -123.67512853278446,
              38.987935557940794
            ],
            [
              -123.67857678590197,
              38.990217859648595
            ],
            [
              -123.6793469213182,
              38.99032052361682
            ],
            [
              -123.68118838119,
              38.99129500412005
            ],
            [
              -123.68282907997322,
              38.99175668659389
            ],
            [
              -123.6845034501635,
              38.99137232232409
            ],
            [
              -123.68580930272879,
              38.991910839153014
            ],
            [
              -123.68664625749207,
              38.993115862667146
            ],
            [
              -123.6884878959193,
              38.99409023299581
            ],
            [
              -123.68878918058117,
              38.994859371877936
            ],
            [
              -123.69009512745468,
              38.995397843912485
            ],
            [
              -123.69210418980903,
              38.99773094010944
            ],
            [
              -123.6932762125998,
              38.9988590324755
            ],
            [
              -123.69458226448026,
              38.999397457642715
            ],
            [
              -123.69541946374603,
              39.00060242880161
            ],
            [
              -123.69612270412264,
              39.00239704522186
            ],
            [
              -123.69531889777693,
              39.00314051232133
            ],
            [
              -123.69629011915292,
              39.00375582525731
            ],
            [
              -123.69631373322655,
              39.003816083497924
            ],
            [
              -123.696595,
              39.003634
            ],
            [
              -123.696991,
              39.003332
            ],
            [
              -123.697489,
              39.003093
            ],
            [
              -123.697854,
              39.002694
            ],
            [
              -123.69805,
              39.002166
            ],
            [
              -123.69821,
              39.001572
            ],
            [
              -123.698496,
              39.000939
            ],
            [
              -123.698767,
              39.000238
            ],
            [
              -123.699086,
              38.999493
            ],
            [
              -123.69937,
              38.99868
            ],
            [
              -123.699394,
              38.997783
            ],
            [
              -123.699226,
              38.996849
            ],
            [
              -123.69913,
              38.995868
            ],
            [
              -123.698683,
              38.994892
            ],
            [
              -123.69798,
              38.993997
            ],
            [
              -123.697045,
              38.993194
            ],
            [
              -123.696054,
              38.99237
            ],
            [
              -123.694698,
              38.991936
            ],
            [
              -123.693297,
              38.991573
            ],
            [
              -123.693501,
              38.990568
            ],
            [
              -123.695035,
              38.990087
            ],
            [
              -123.696705,
              38.989924
            ],
            [
              -123.6975,
              38.988671
            ],
            [
              -123.696772,
              38.987262
            ],
            [
              -123.698418,
              38.986732
            ],
            [
              -123.699882,
              38.985881
            ],
            [
              -123.701594,
              38.986087
            ],
            [
              -123.702972,
              38.986955
            ],
            [
              -123.704619,
              38.986805
            ],
            [
              -123.705587,
              38.985862
            ],
            [
              -123.706137,
              38.984659
            ],
            [
              -123.706651,
              38.983585
            ],
            [
              -123.707115,
              38.982588
            ],
            [
              -123.707595,
              38.981694
            ],
            [
              -123.707521,
              38.980821
            ],
            [
              -123.707501,
              38.980019
            ],
            [
              -123.707519,
              38.979291
            ],
            [
              -123.707751,
              38.97866
            ],
            [
              -123.707916,
              38.978054
            ],
            [
              -123.707892,
              38.977482
            ],
            [
              -123.70777752309911,
              38.977196680239324
            ],
            [
              -123.70683676259871,
              38.97757995813695
            ],
            [
              -123.7060333398352,
              38.978323491733256
            ],
            [
              -123.70214971649843,
              38.978656958775666
            ],
            [
              -123.69545368279972,
              38.9801952273117
            ],
            [
              -123.69458320351639,
              38.97983629180178
            ],
            [
              -123.69213911138387,
              38.980118201697294
            ],
            [
              -123.69059903263044,
              38.97991302574131
            ],
            [
              -123.6866148433046,
              38.979989634085534
            ],
            [
              -123.68540959380822,
              38.9797075058476
            ],
            [
              -123.68340067929432,
              38.98016875318276
            ],
            [
              -123.67988536580965,
              38.979578631009566
            ],
            [
              -123.67958423852028,
              38.97880947233521
            ],
            [
              -123.67861348130528,
              38.97819403341452
            ],
            [
              -123.67750866073152,
              38.9781682206993
            ],
            [
              -123.67576794333358,
              38.97745008210289
            ],
            [
              -123.67546686837012,
              38.97668091368722
            ],
            [
              -123.67673948371639,
              38.975271091082746
            ],
            [
              -123.67617106650401,
              38.972886740702094
            ],
            [
              -123.67653959233382,
              38.97196386834298
            ],
            [
              -123.67794617072155,
              38.96996441003547
            ],
            [
              -123.67744439790175,
              38.968682477695715
            ],
            [
              -123.67791322882815,
              38.96801598917914
            ],
            [
              -123.6775118197664,
              38.966990442102194
            ],
            [
              -123.67630682082105,
              38.96670822601498
            ],
            [
              -123.67567102403356,
              38.96601591065768
            ],
            [
              -123.67486829945732,
              38.96396479377024
            ],
            [
              -123.67322827763903,
              38.96350300802205
            ],
            [
              -123.67302761864838,
              38.96299023123694
            ],
            [
              -123.67470136881623,
              38.962606003165696
            ],
            [
              -123.67583968978722,
              38.96178582186326
            ],
            [
              -123.67784814485351,
              38.96132469818871
            ],
            [
              -123.67958849713723,
              38.962042805884266
            ],
            [
              -123.68065940541268,
              38.96291462571229
            ],
            [
              -123.68106083634551,
              38.963940161989235
            ],
            [
              -123.68243287341878,
              38.96558111484705
            ],
            [
              -123.68340349470313,
              38.96619652272942
            ],
            [
              -123.68450813865203,
              38.96622229061268
            ],
            [
              -123.6875209129451,
              38.9655303819933
            ],
            [
              -123.6921402522974,
              38.9661459789022
            ],
            [
              -123.69565501331886,
              38.96673574508025
            ],
            [
              -123.69652534421867,
              38.967094680057976
            ],
            [
              -123.69839991426542,
              38.967222878826874
            ],
            [
              -123.70141259787654,
              38.96653063281839
            ],
            [
              -123.70318672895004,
              38.96640238358774
            ],
            [
              -123.705161749795,
              38.9667868420469
            ],
            [
              -123.70761869613025,
              38.96796767631982
            ],
            [
              -123.707804,
              38.967913
            ],
            [
              -123.708503,
              38.967692
            ],
            [
              -123.708692,
              38.967228
            ],
            [
              -123.708372,
              38.966805
            ],
            [
              -123.707855,
              38.966571
            ],
            [
              -123.707276,
              38.966424
            ],
            [
              -123.706731,
              38.966236
            ],
            [
              -123.706311,
              38.965931
            ],
            [
              -123.705914,
              38.965608
            ],
            [
              -123.705423,
              38.965373
            ],
            [
              -123.704953,
              38.965124
            ],
            [
              -123.704469,
              38.964894
            ],
            [
              -123.703946,
              38.964743
            ],
            [
              -123.703399,
              38.964633
            ],
            [
              -123.702856,
              38.964541
            ],
            [
              -123.702323,
              38.96451
            ],
            [
              -123.70179,
              38.964549
            ],
            [
              -123.701294,
              38.964703
            ],
            [
              -123.700833,
              38.964928
            ],
            [
              -123.700314,
              38.96504
            ],
            [
              -123.699809,
              38.964973
            ],
            [
              -123.699356,
              38.96479
            ],
            [
              -123.698864,
              38.964672
            ],
            [
              -123.698369,
              38.964624
            ],
            [
              -123.697901,
              38.964747
            ],
            [
              -123.697469,
              38.964958
            ],
            [
              -123.696993,
              38.965104
            ],
            [
              -123.696481,
              38.965077
            ],
            [
              -123.696103,
              38.964821
            ],
            [
              -123.695681,
              38.964622
            ],
            [
              -123.695224,
              38.964476
            ],
            [
              -123.694756,
              38.964349
            ],
            [
              -123.694308,
              38.964164
            ],
            [
              -123.694076,
              38.963835
            ],
            [
              -123.694025,
              38.963455
            ],
            [
              -123.693927,
              38.963096
            ],
            [
              -123.693766,
              38.96274
            ],
            [
              -123.693371,
              38.962522
            ],
            [
              -123.693249,
              38.962159
            ],
            [
              -123.693206,
              38.9618
            ],
            [
              -123.693151,
              38.961434
            ],
            [
              -123.693074,
              38.961061
            ],
            [
              -123.693027,
              38.960686
            ],
            [
              -123.69305,
              38.960301
            ],
            [
              -123.693054,
              38.959907
            ],
            [
              -123.692999,
              38.95954
            ],
            [
              -123.692921,
              38.959188
            ],
            [
              -123.693113,
              38.958859
            ],
            [
              -123.693523,
              38.959055
            ],
            [
              -123.693694,
              38.959426
            ],
            [
              -123.693783,
              38.959807
            ],
            [
              -123.693766,
              38.960197
            ],
            [
              -123.693661,
              38.960574
            ],
            [
              -123.693625,
              38.960958
            ],
            [
              -123.693666,
              38.961335
            ],
            [
              -123.693777,
              38.961706
            ],
            [
              -123.69408,
              38.962016
            ],
            [
              -123.694329,
              38.962344
            ],
            [
              -123.694534,
              38.962689
            ],
            [
              -123.694835,
              38.962991
            ],
            [
              -123.695155,
              38.963299
            ],
            [
              -123.695404,
              38.963655
            ],
            [
              -123.695796,
              38.963894
            ],
            [
              -123.696277,
              38.963965
            ],
            [
              -123.69678,
              38.963966
            ],
            [
              -123.697256,
              38.963868
            ],
            [
              -123.697709,
              38.963692
            ],
            [
              -123.698176,
              38.963525
            ],
            [
              -123.698669,
              38.963458
            ],
            [
              -123.699202,
              38.963472
            ],
            [
              -123.699707,
              38.963601
            ],
            [
              -123.700207,
              38.963575
            ],
            [
              -123.700655,
              38.963366
            ],
            [
              -123.701143,
              38.963219
            ],
            [
              -123.701666,
              38.963129
            ],
            [
              -123.70218,
              38.962974
            ],
            [
              -123.702662,
              38.962788
            ],
            [
              -123.70317,
              38.962581
            ],
            [
              -123.703605,
              38.962734
            ],
            [
              -123.704086,
              38.962958
            ],
            [
              -123.704655,
              38.963019
            ],
            [
              -123.705223,
              38.963044
            ],
            [
              -123.705797,
              38.963082
            ],
            [
              -123.706322,
              38.96327
            ],
            [
              -123.70681,
              38.963508
            ],
            [
              -123.707347,
              38.963715
            ],
            [
              -123.707937,
              38.963749
            ],
            [
              -123.708478,
              38.96364
            ],
            [
              -123.708714,
              38.963301
            ],
            [
              -123.708688,
              38.962913
            ],
            [
              -123.708607,
              38.962537
            ],
            [
              -123.70839,
              38.962186
            ],
            [
              -123.708126,
              38.961853
            ],
            [
              -123.707956,
              38.961481
            ],
            [
              -123.707704,
              38.96114
            ],
            [
              -123.707405,
              38.960817
            ],
            [
              -123.707254,
              38.960451
            ],
            [
              -123.707143,
              38.960072
            ],
            [
              -123.706977,
              38.959705
            ],
            [
              -123.706677,
              38.959414
            ],
            [
              -123.70648,
              38.9591
            ],
            [
              -123.706734,
              38.958906
            ],
            [
              -123.707204,
              38.958942
            ],
            [
              -123.707606,
              38.959143
            ],
            [
              -123.707741,
              38.959502
            ],
            [
              -123.707798,
              38.959868
            ],
            [
              -123.707901,
              38.960231
            ],
            [
              -123.708213,
              38.960525
            ],
            [
              -123.708581,
              38.960781
            ],
            [
              -123.70892,
              38.961095
            ],
            [
              -123.709351,
              38.961132
            ],
            [
              -123.709624,
              38.960828
            ],
            [
              -123.709846,
              38.96047
            ],
            [
              -123.710239,
              38.960483
            ],
            [
              -123.710366,
              38.960816
            ],
            [
              -123.71031,
              38.961191
            ],
            [
              -123.710194,
              38.961566
            ],
            [
              -123.710026,
              38.961934
            ],
            [
              -123.709814,
              38.962288
            ],
            [
              -123.709827,
              38.96267
            ],
            [
              -123.710128,
              38.96298
            ],
            [
              -123.710419,
              38.963327
            ],
            [
              -123.710744,
              38.963671
            ],
            [
              -123.711152,
              38.963972
            ],
            [
              -123.711507,
              38.964348
            ],
            [
              -123.712046,
              38.96463
            ],
            [
              -123.71261,
              38.964786
            ],
            [
              -123.713168,
              38.96441
            ],
            [
              -123.713693,
              38.964799
            ],
            [
              -123.714098,
              38.96528
            ],
            [
              -123.714721,
              38.96562
            ],
            [
              -123.71538,
              38.965725
            ],
            [
              -123.716165,
              38.965514
            ],
            [
              -123.71708,
              38.965388
            ],
            [
              -123.718068,
              38.965301
            ],
            [
              -123.718895,
              38.964877
            ],
            [
              -123.719754,
              38.964255
            ],
            [
              -123.720486,
              38.963444
            ],
            [
              -123.721119,
              38.962545
            ],
            [
              -123.721392,
              38.96159
            ],
            [
              -123.721574,
              38.960644
            ],
            [
              -123.721833,
              38.959755
            ],
            [
              -123.721572,
              38.958903
            ],
            [
              -123.721259,
              38.95804
            ],
            [
              -123.721618,
              38.957178
            ],
            [
              -123.72185,
              38.956336
            ],
            [
              -123.722004,
              38.955485
            ],
            [
              -123.722268,
              38.954673
            ],
            [
              -123.72228299917418,
              38.954187158904716
            ],
            [
              -123.71978647581129,
              38.9547613632324
            ],
            [
              -123.71754427549746,
              38.95555648057375
            ],
            [
              -123.7168416790563,
              38.95655643386299
            ],
            [
              -123.71570391199029,
              38.95737698832108
            ],
            [
              -123.71530202620211,
              38.95635155748318
            ],
            [
              -123.71443173419352,
              38.955992762467
            ],
            [
              -123.7137284877357,
              38.95419825474005
            ],
            [
              -123.71366131206115,
              38.95309587371158
            ],
            [
              -123.71151903276191,
              38.95135280256132
            ],
            [
              -123.70767022897115,
              38.95084042374622
            ],
            [
              -123.70131154165743,
              38.9523020652538
            ],
            [
              -123.70141195567889,
              38.952558430402625
            ],
            [
              -123.69739580244402,
              38.95348140695107
            ],
            [
              -123.69542119364614,
              38.953096823327876
            ],
            [
              -123.69441713847166,
              38.953327531176285
            ],
            [
              -123.69311191435027,
              38.95278910802266
            ],
            [
              -123.68862735726243,
              38.95158390515563
            ],
            [
              -123.68631815468365,
              38.95127606345878
            ],
            [
              -123.68531409577797,
              38.95150669757324
            ],
            [
              -123.68223518295332,
              38.951096153536845
            ],
            [
              -123.68093008894806,
              38.95055760239755
            ],
            [
              -123.67959133612878,
              38.950865053801586
            ],
            [
              -123.67872128276429,
              38.95050600090425
            ],
            [
              -123.67671313170649,
              38.95096713799311
            ],
            [
              -123.67564159749733,
              38.95288972507292
            ],
            [
              -123.67410213126342,
              38.95268434753524
            ],
            [
              -123.67219420314235,
              38.953401798811974
            ],
            [
              -123.67159131652099,
              38.95465788420551
            ],
            [
              -123.67045306918928,
              38.95547802337565
            ],
            [
              -123.66677108866574,
              38.95632317255558
            ],
            [
              -123.66616808426987,
              38.95757923212357
            ],
            [
              -123.66513002479896,
              38.95865571660539
            ],
            [
              -123.66446053695414,
              38.958809360189036
            ],
            [
              -123.66318798164632,
              38.96021905111681
            ],
            [
              -123.66298739943062,
              38.95970625065219
            ],
            [
              -123.66021055595188,
              38.95726991167961
            ],
            [
              -123.65673048631476,
              38.95583313168971
            ],
            [
              -123.65288182895674,
              38.955319045174996
            ],
            [
              -123.64986914825975,
              38.956010111673706
            ],
            [
              -123.64759402200565,
              38.95485554029599
            ],
            [
              -123.64495014880691,
              38.95462370220242
            ],
            [
              -123.64394591275975,
              38.95485400159783
            ],
            [
              -123.64454927799655,
              38.953598050563606
            ],
            [
              -123.6471269519435,
              38.952727470444245
            ],
            [
              -123.64806496783747,
              38.95139472935603
            ],
            [
              -123.64776429334155,
              38.95062549671659
            ],
            [
              -123.64893676468012,
              38.94895955626884
            ],
            [
              -123.64997492532362,
              38.94788320878743
            ],
            [
              -123.65265257006331,
              38.94726892873208
            ],
            [
              -123.6540593273217,
              38.94526974842931
            ],
            [
              -123.6524878399857,
              38.943115672805426
            ],
            [
              -123.65138535392535,
              38.94029519771724
            ],
            [
              -123.65044937060273,
              38.93883353246953
            ],
            [
              -123.65222466686744,
              38.93591158649878
            ],
            [
              -123.64998415634753,
              38.933911053068705
            ],
            [
              -123.65266128721763,
              38.93329677402004
            ],
            [
              -123.65490350707516,
              38.93250282427387
            ],
            [
              -123.65717805081258,
              38.93365725797363
            ],
            [
              -123.66152824295256,
              38.93265877493191
            ],
            [
              -123.66296699144992,
              38.93260792246234
            ],
            [
              -123.66577681534802,
              38.93419817296901
            ],
            [
              -123.66778457319177,
              38.933737214
            ],
            [
              -123.6683873522667,
              38.93248115080594
            ],
            [
              -123.66965933522638,
              38.931071417473206
            ],
            [
              -123.6704288325309,
              38.931174135883424
            ],
            [
              -123.67377489008388,
              38.930405728477055
            ],
            [
              -123.67390891215221,
              38.92981610282721
            ],
            [
              -123.67625109949974,
              38.92927815941632
            ],
            [
              -123.67685369562757,
              38.92802205584626
            ],
            [
              -123.67795775517335,
              38.92804787420932
            ],
            [
              -123.68264190161639,
              38.926971795143885
            ],
            [
              -123.68357894578021,
              38.92563878810478
            ],
            [
              -123.68364618526533,
              38.92394675949771
            ],
            [
              -123.68327857117039,
              38.9220752211044
            ],
            [
              -123.68508525250795,
              38.92110121763527
            ],
            [
              -123.6844833780258,
              38.91956293771654
            ],
            [
              -123.6852863725655,
              38.918819549869
            ],
            [
              -123.68465089844094,
              38.91812728748734
            ],
            [
              -123.6833463773496,
              38.91758876421252
            ],
            [
              -123.68227611641004,
              38.91671697848014
            ],
            [
              -123.68234337792492,
              38.91502495259423
            ],
            [
              -123.68144073791174,
              38.91271751363494
            ],
            [
              -123.68090564992836,
              38.91228161012126
            ],
            [
              -123.67960126122465,
              38.9117430478619
            ],
            [
              -123.67772814511346,
              38.91161457610566
            ],
            [
              -123.67639009455048,
              38.911921991321265
            ],
            [
              -123.67451697649516,
              38.91179346336016
            ],
            [
              -123.67354716528895,
              38.911177988327246
            ],
            [
              -123.6715400657558,
              38.91163903918834
            ],
            [
              -123.67073701008964,
              38.91238233730909
            ],
            [
              -123.66792675895297,
              38.913586615098176
            ],
            [
              -123.66625408947237,
              38.91397075147515
            ],
            [
              -123.66571908618427,
              38.913534790050186
            ],
            [
              -123.66137008367137,
              38.91453341983829
            ],
            [
              -123.6601660151445,
              38.91425104907771
            ],
            [
              -123.65859351088685,
              38.91489147694242
            ],
            [
              -123.65022960123513,
              38.916811301859404
            ],
            [
              -123.64942627107214,
              38.91755446244673
            ],
            [
              -123.64674970161195,
              38.918168668064155
            ],
            [
              -123.64631494661711,
              38.91798903303094
            ],
            [
              -123.64280293506332,
              38.91739786573797
            ],
            [
              -123.64179920551109,
              38.91762814656816
            ],
            [
              -123.64092974561053,
              38.917268827997255
            ],
            [
              -123.64052913701539,
              38.91624316866444
            ],
            [
              -123.63915896352543,
              38.91460176623925
            ],
            [
              -123.6379572873949,
              38.91152476100152
            ],
            [
              -123.63685348957738,
              38.91149857891126
            ],
            [
              -123.63478020624987,
              38.91085661881415
            ],
            [
              -123.6337448177449,
              38.90913841583706
            ],
            [
              -123.63304401164967,
              38.90734346292625
            ],
            [
              -123.63217471066781,
              38.906984093447306
            ],
            [
              -123.63147396398762,
              38.90518913216239
            ],
            [
              -123.6307390309244,
              38.90424017253307
            ],
            [
              -123.631342204637,
              38.9029842943963
            ],
            [
              -123.63324921145077,
              38.90226746866506
            ],
            [
              -123.63308319848846,
              38.900908633707594
            ],
            [
              -123.63278289056491,
              38.90013937001709
            ],
            [
              -123.63147907520265,
              38.89960030242804
            ],
            [
              -123.63087851036133,
              38.89806176687936
            ],
            [
              -123.62990925072785,
              38.89744595167886
            ],
            [
              -123.62980916130972,
              38.897189522942554
            ],
            [
              -123.62960899059237,
              38.896676680637874
            ],
            [
              -123.62897423877527,
              38.89598413503441
            ],
            [
              -123.6274361137887,
              38.89577817002389
            ],
            [
              -123.62613241604049,
              38.895239046501366
            ],
            [
              -123.62529758372354,
              38.89403362413259
            ],
            [
              -123.62446277199896,
              38.89282820631782
            ],
            [
              -123.62252450679365,
              38.891596471177635
            ],
            [
              -123.62165544258714,
              38.891237020970905
            ],
            [
              -123.61998305248758,
              38.89162052971909
            ],
            [
              -123.61867948428929,
              38.891081328097805
            ],
            [
              -123.61797922603054,
              38.88928630186101
            ],
            [
              -123.61557226935264,
              38.88872070785923
            ],
            [
              -123.61487211033054,
              38.886925664593996
            ],
            [
              -123.61423758353864,
              38.8862330443814
            ],
            [
              -123.61310301650128,
              38.884258233440974
            ],
            [
              -123.611365177706,
              38.883539200891505
            ],
            [
              -123.61063071486859,
              38.88259012695533
            ],
            [
              -123.61076516994166,
              38.882000571006785
            ],
            [
              -123.60956523042687,
              38.878923303385235
            ],
            [
              -123.60856192585902,
              38.87915331404209
            ],
            [
              -123.60615537998716,
              38.87858754557347
            ],
            [
              -123.6059899231932,
              38.87722867068213
            ],
            [
              -123.60682774057095,
              38.87563980738587
            ],
            [
              -123.60642784080642,
              38.874614043318324
            ],
            [
              -123.60382153273173,
              38.87353534355527
            ],
            [
              -123.59910886700565,
              38.872660021724066
            ],
            [
              -123.5970024174393,
              38.8728634108364
            ],
            [
              -123.59473073483153,
              38.871707880524866
            ],
            [
              -123.59413117567159,
              38.870169172318455
            ],
            [
              -123.59316258754232,
              38.86955307424951
            ],
            [
              -123.59129070893822,
              38.86942329742957
            ],
            [
              -123.58978793436849,
              38.86837088306158
            ],
            [
              -123.5890539154222,
              38.86742168070951
            ],
            [
              -123.58795502633123,
              38.86460066216615
            ],
            [
              -123.58708645456396,
              38.86424097078618
            ],
            [
              -123.58588780715617,
              38.8611634804736
            ],
            [
              -123.58425066286487,
              38.86070052508312
            ],
            [
              -123.58328228408155,
              38.86008435046809
            ],
            [
              -123.58428976905488,
              38.857060146276545
            ],
            [
              -123.58422465050512,
              38.85595770766485
            ],
            [
              -123.58482822301241,
              38.85470205559488
            ],
            [
              -123.58733369680616,
              38.85552469840028
            ],
            [
              -123.58770274381278,
              38.854602106790736
            ],
            [
              -123.5887404746129,
              38.85352628261814
            ],
            [
              -123.58834095068227,
              38.85250046283201
            ],
            [
              -123.58937863211585,
              38.851424635866536
            ],
            [
              -123.59181880248569,
              38.85114474693497
            ],
            [
              -123.59412443300964,
              38.85145434354447
            ],
            [
              -123.59512740189486,
              38.851224450506486
            ],
            [
              -123.59573075041061,
              38.84996875369269
            ],
            [
              -123.59673369379075,
              38.849738847688954
            ],
            [
              -123.59676829677727,
              38.8488928628408
            ],
            [
              -123.59843982875337,
              38.84850966923995
            ]
          ]
        ]
      }
    }
  ]
}
