{
  "type": "FeatureCollection",
  "name": "schism_poly",
  "crs": {
    "type": "name",
    "properties": {
      "name": "urn:ogc:def:crs:OGC:1.3:CRS84"
    }
  },
  "features": [
    {
      "type": "Feature",
      "properties": {},
      "geometry": {
        "type": "Polygon",
        "coordinates": [
          [
            [
              -123.801754,
              39.276069
            ],
            [
              -123.802425,
              39.275948
            ],
            [
              -123.802826,
              39.275468
            ],
            [
              -123.803268,
              39.275041
            ],
            [
              -123.803665,
              39.274604
            ],
            [
              -123.804419,
              39.274664
            ],
            [
              -123.804752,
              39.274241
            ],
            [
              -123.805221,
              39.273986
            ],
            [
              -123.805759,
              39.273867
            ],
            [
              -123.806357,
              39.273416
            ],
            [
              -123.806638,
              39.272615
            ],
            [
              -123.807508,
              39.272217
            ],
            [
              -123.808216,
              39.271717
            ],
            [
              -123.809265,
              39.271344
            ],
            [
              -123.80944,
              39.270544
            ],
            [
              -123.810144,
              39.27016
            ],
            [
              -123.80946,
              39.269517
            ],
            [
              -123.808418,
              39.269257
            ],
            [
              -123.807816,
              39.268614
            ],
            [
              -123.807215,
              39.268002
            ],
            [
              -123.80643,
              39.267607
            ],
            [
              -123.805694,
              39.267297
            ],
            [
              -123.805227,
              39.266753
            ],
            [
              -123.804858,
              39.266175
            ],
            [
              -123.804156,
              39.265891
            ],
            [
              -123.8034,
              39.265734
            ],
            [
              -123.803159,
              39.26518
            ],
            [
              -123.802602,
              39.264791
            ],
            [
              -123.802525,
              39.26418
            ],
            [
              -123.803146,
              39.263773
            ],
            [
              -123.803122,
              39.263191
            ],
            [
              -123.80268,
              39.262541
            ],
            [
              -123.802137,
              39.261855
            ],
            [
              -123.801934,
              39.261027
            ],
            [
              -123.801134,
              39.260446
            ],
            [
              -123.800418,
              39.259808
            ],
            [
              -123.800105,
              39.259
            ],
            [
              -123.79954,
              39.25831
            ],
            [
              -123.799408,
              39.257507
            ],
            [
              -123.799376,
              39.256689
            ],
            [
              -123.799411,
              39.255855
            ],
            [
              -123.799279,
              39.25501
            ],
            [
              -123.799309,
              39.254127
            ],
            [
              -123.798695,
              39.253369
            ],
            [
              -123.798513,
              39.252471
            ],
            [
              -123.797929,
              39.251736
            ],
            [
              -123.797758,
              39.250911
            ],
            [
              -123.797245,
              39.250208
            ],
            [
              -123.796882,
              39.249484
            ],
            [
              -123.796427,
              39.248803
            ],
            [
              -123.796147,
              39.248064
            ],
            [
              -123.795702,
              39.247372
            ],
            [
              -123.795129,
              39.246784
            ],
            [
              -123.794873,
              39.246079
            ],
            [
              -123.794292,
              39.245428
            ],
            [
              -123.793759,
              39.244724
            ],
            [
              -123.793276,
              39.244024
            ],
            [
              -123.793175,
              39.243224
            ],
            [
              -123.792851,
              39.242447
            ],
            [
              -123.792481,
              39.241674
            ],
            [
              -123.792041,
              39.240934
            ],
            [
              -123.791751,
              39.240144
            ],
            [
              -123.791569,
              39.239334
            ],
            [
              -123.791262,
              39.238541
            ],
            [
              -123.791169,
              39.237727
            ],
            [
              -123.791138,
              39.236891
            ],
            [
              -123.790904,
              39.236083
            ],
            [
              -123.790493,
              39.235344
            ],
            [
              -123.790321,
              39.234576
            ],
            [
              -123.790214,
              39.233812
            ],
            [
              -123.790111,
              39.233048
            ],
            [
              -123.790128,
              39.232284
            ],
            [
              -123.790126,
              39.231525
            ],
            [
              -123.789797,
              39.230833
            ],
            [
              -123.789724,
              39.230101
            ],
            [
              -123.789654,
              39.229362
            ],
            [
              -123.789949,
              39.228649
            ],
            [
              -123.789847,
              39.227939
            ],
            [
              -123.789684,
              39.227187
            ],
            [
              -123.789681,
              39.226418
            ],
            [
              -123.789672,
              39.225649
            ],
            [
              -123.789671,
              39.224881
            ],
            [
              -123.78966,
              39.224113
            ],
            [
              -123.789504,
              39.223362
            ],
            [
              -123.789446,
              39.222592
            ],
            [
              -123.789527,
              39.221806
            ],
            [
              -123.789558,
              39.220984
            ],
            [
              -123.789441,
              39.220162
            ],
            [
              -123.789475,
              39.219325
            ],
            [
              -123.788903,
              39.21866
            ],
            [
              -123.788425,
              39.217923
            ],
            [
              -123.787992,
              39.217185
            ],
            [
              -123.787762,
              39.216418
            ],
            [
              -123.787682,
              39.215636
            ],
            [
              -123.787278,
              39.214923
            ],
            [
              -123.787224,
              39.214142
            ],
            [
              -123.787014,
              39.213395
            ],
            [
              -123.786999,
              39.212631
            ],
            [
              -123.786774,
              39.211895
            ],
            [
              -123.786529,
              39.211161
            ],
            [
              -123.786491,
              39.210397
            ],
            [
              -123.786402,
              39.209643
            ],
            [
              -123.786091,
              39.208921
            ],
            [
              -123.785794,
              39.208195
            ],
            [
              -123.785523,
              39.207448
            ],
            [
              -123.78516,
              39.206725
            ],
            [
              -123.784894,
              39.20598
            ],
            [
              -123.784548,
              39.205249
            ],
            [
              -123.784222,
              39.204513
            ],
            [
              -123.783988,
              39.203755
            ],
            [
              -123.783647,
              39.203037
            ],
            [
              -123.783348,
              39.20232
            ],
            [
              -123.782958,
              39.201643
            ],
            [
              -123.782542,
              39.201018
            ],
            [
              -123.782298,
              39.200366
            ],
            [
              -123.78197,
              39.199754
            ],
            [
              -123.781665,
              39.199174
            ],
            [
              -123.781751,
              39.198549
            ],
            [
              -123.781721,
              39.197903
            ],
            [
              -123.781424,
              39.197285
            ],
            [
              -123.781281,
              39.196644
            ],
            [
              -123.781292,
              39.19598
            ],
            [
              -123.781304,
              39.195308
            ],
            [
              -123.781396,
              39.194625
            ],
            [
              -123.781596,
              39.193923
            ],
            [
              -123.781544,
              39.193194
            ],
            [
              -123.781584,
              39.19246
            ],
            [
              -123.781842,
              39.191729
            ],
            [
              -123.781941,
              39.190945
            ],
            [
              -123.781879,
              39.190153
            ],
            [
              -123.781842,
              39.189343
            ],
            [
              -123.781155,
              39.188957
            ],
            [
              -123.78047,
              39.188483
            ],
            [
              -123.780289,
              39.187816
            ],
            [
              -123.780455,
              39.187126
            ],
            [
              -123.780894,
              39.186452
            ],
            [
              -123.780949,
              39.185682
            ],
            [
              -123.78042,
              39.185037
            ],
            [
              -123.780567,
              39.184261
            ],
            [
              -123.780914,
              39.183449
            ],
            [
              -123.780587,
              39.182576
            ],
            [
              -123.780287,
              39.181643
            ],
            [
              -123.780133,
              39.180611
            ],
            [
              -123.779421,
              39.179812
            ],
            [
              -123.778457,
              39.178998
            ],
            [
              -123.777519,
              39.178138
            ],
            [
              -123.776871,
              39.177121
            ],
            [
              -123.776076,
              39.176211
            ],
            [
              -123.775298,
              39.175318
            ],
            [
              -123.775132,
              39.174281
            ],
            [
              -123.77508,
              39.173222
            ],
            [
              -123.775019,
              39.172168
            ],
            [
              -123.775065,
              39.171091
            ],
            [
              -123.77502,
              39.169976
            ],
            [
              -123.774999,
              39.168811
            ],
            [
              -123.775025,
              39.167579
            ],
            [
              -123.775159,
              39.166278
            ],
            [
              -123.774981,
              39.164939
            ],
            [
              -123.774206,
              39.163763
            ],
            [
              -123.773397,
              39.162649
            ],
            [
              -123.772334,
              39.161619
            ],
            [
              -123.771479,
              39.16056
            ],
            [
              -123.770758,
              39.159611
            ],
            [
              -123.770738,
              39.158366
            ],
            [
              -123.771753,
              39.157561
            ],
            [
              -123.770967,
              39.156447
            ],
            [
              -123.770443,
              39.155197
            ],
            [
              -123.770578,
              39.153854
            ],
            [
              -123.77027,
              39.15245
            ],
            [
              -123.769915,
              39.15099
            ],
            [
              -123.76943,
              39.149482
            ],
            [
              -123.76915,
              39.147901
            ],
            [
              -123.767861,
              39.146662
            ],
            [
              -123.766976,
              39.145247
            ],
            [
              -123.765761,
              39.143898
            ],
            [
              -123.764618,
              39.142517
            ],
            [
              -123.76382,
              39.140997
            ],
            [
              -123.762864,
              39.13952
            ],
            [
              -123.761341,
              39.138587
            ],
            [
              -123.760171,
              39.137366
            ],
            [
              -123.759215,
              39.136092
            ],
            [
              -123.757987,
              39.134973
            ],
            [
              -123.756962,
              39.13381
            ],
            [
              -123.755833,
              39.132791
            ],
            [
              -123.754697,
              39.132017
            ],
            [
              -123.753619,
              39.131143
            ],
            [
              -123.752471,
              39.130478
            ],
            [
              -123.751869,
              39.129449
            ],
            [
              -123.751078,
              39.128488
            ],
            [
              -123.750716,
              39.127378
            ],
            [
              -123.749872,
              39.126559
            ],
            [
              -123.749101,
              39.125629
            ],
            [
              -123.749079,
              39.124496
            ],
            [
              -123.749656,
              39.123367
            ],
            [
              -123.750079,
              39.122146
            ],
            [
              -123.750113,
              39.120833
            ],
            [
              -123.75053,
              39.119568
            ],
            [
              -123.750938,
              39.118254
            ],
            [
              -123.75039,
              39.116955
            ],
            [
              -123.750084,
              39.115544
            ],
            [
              -123.750088,
              39.114008
            ],
            [
              -123.749542,
              39.112583
            ],
            [
              -123.749203,
              39.111067
            ],
            [
              -123.74919,
              39.109384
            ],
            [
              -123.748037,
              39.108254
            ],
            [
              -123.747653,
              39.106658
            ],
            [
              -123.748439,
              39.105097
            ],
            [
              -123.747725,
              39.105265
            ],
            [
              -123.747267,
              39.103887
            ],
            [
              -123.747281,
              39.102127
            ],
            [
              -123.745748,
              39.101037
            ],
            [
              -123.744776,
              39.099482
            ],
            [
              -123.742903,
              39.098676
            ],
            [
              -123.741156,
              39.098164
            ],
            [
              -123.740212,
              39.096847
            ],
            [
              -123.73887,
              39.095925
            ],
            [
              -123.738077,
              39.094727
            ],
            [
              -123.737664,
              39.093378
            ],
            [
              -123.736985,
              39.092112
            ],
            [
              -123.736478,
              39.090786
            ],
            [
              -123.736237,
              39.089376
            ],
            [
              -123.735583,
              39.088011
            ],
            [
              -123.735332,
              39.086552
            ],
            [
              -123.735277,
              39.084987
            ],
            [
              -123.734454,
              39.08364
            ],
            [
              -123.734444,
              39.082029
            ],
            [
              -123.733888,
              39.080513
            ],
            [
              -123.733255,
              39.07903
            ],
            [
              -123.73259,
              39.07763
            ],
            [
              -123.731035,
              39.076933
            ],
            [
              -123.730402,
              39.075798
            ],
            [
              -123.729485,
              39.074793
            ],
            [
              -123.728305,
              39.073829
            ],
            [
              -123.727342,
              39.07342
            ],
            [
              -123.727122,
              39.072196
            ],
            [
              -123.725964,
              39.071494
            ],
            [
              -123.72625,
              39.070333
            ],
            [
              -123.72625,
              39.06908
            ],
            [
              -123.726398,
              39.067779
            ],
            [
              -123.726268,
              39.06649
            ],
            [
              -123.725268,
              39.065553
            ],
            [
              -123.725297,
              39.064276
            ],
            [
              -123.725223,
              39.062969
            ],
            [
              -123.724874,
              39.061667
            ],
            [
              -123.724476,
              39.060342
            ],
            [
              -123.724368,
              39.059008
            ],
            [
              -123.725393,
              39.057908
            ],
            [
              -123.726044,
              39.056639
            ],
            [
              -123.727271,
              39.055623
            ],
            [
              -123.728508,
              39.055138
            ],
            [
              -123.729489,
              39.05369
            ],
            [
              -123.730162,
              39.052174
            ],
            [
              -123.730833,
              39.050479
            ],
            [
              -123.731498,
              39.04877
            ],
            [
              -123.731666,
              39.046931
            ],
            [
              -123.733004,
              39.045827
            ],
            [
              -123.734973,
              39.04479
            ],
            [
              -123.736818,
              39.043664
            ],
            [
              -123.738247,
              39.041805
            ],
            [
              -123.738447,
              39.039482
            ],
            [
              -123.739157,
              39.037278
            ],
            [
              -123.739527,
              39.034905
            ],
            [
              -123.740466,
              39.032685
            ],
            [
              -123.740462,
              39.03049
            ],
            [
              -123.739915,
              39.02829
            ],
            [
              -123.73985,
              39.026075
            ],
            [
              -123.740457,
              39.024
            ],
            [
              -123.740593,
              39.021832
            ],
            [
              -123.740702,
              39.019703
            ],
            [
              -123.741234,
              39.017656
            ],
            [
              -123.742062,
              39.015671
            ],
            [
              -123.742635,
              39.013647
            ],
            [
              -123.742875,
              39.011611
            ],
            [
              -123.743444,
              39.009631
            ],
            [
              -123.74391,
              39.007663
            ],
            [
              -123.745094,
              39.005872
            ],
            [
              -123.746494,
              39.004179
            ],
            [
              -123.748632,
              39.002884
            ],
            [
              -123.750478,
              39.00129
            ],
            [
              -123.752961,
              39.000074
            ],
            [
              -123.754899,
              38.998329
            ],
            [
              -123.755705,
              38.996134
            ],
            [
              -123.756746,
              38.994119
            ],
            [
              -123.756688,
              38.99202
            ],
            [
              -123.756792,
              38.990123
            ],
            [
              -123.757891,
              38.988448
            ],
            [
              -123.758949,
              38.986828
            ],
            [
              -123.760513,
              38.985385
            ],
            [
              -123.762619,
              38.984635
            ],
            [
              -123.764552,
              38.984593
            ],
            [
              -123.766053,
              38.982857
            ],
            [
              -123.766287,
              38.980784
            ],
            [
              -123.76605,
              38.978971
            ],
            [
              -123.765326,
              38.977305
            ],
            [
              -123.764702,
              38.97569
            ],
            [
              -123.763748,
              38.975069
            ],
            [
              -123.763561,
              38.974237
            ],
            [
              -123.763872,
              38.973076
            ],
            [
              -123.764393,
              38.971673
            ],
            [
              -123.764609,
              38.970176
            ],
            [
              -123.765305,
              38.968785
            ],
            [
              -123.765993,
              38.967352
            ],
            [
              -123.766773,
              38.965967
            ],
            [
              -123.766949,
              38.96443
            ],
            [
              -123.767931,
              38.963103
            ],
            [
              -123.76865,
              38.961639
            ],
            [
              -123.76941,
              38.960094
            ],
            [
              -123.770044,
              38.958458
            ],
            [
              -123.770675,
              38.956826
            ],
            [
              -123.77069,
              38.954988
            ],
            [
              -123.770749,
              38.953137
            ],
            [
              -123.770573,
              38.951306
            ],
            [
              -123.769776,
              38.949719
            ],
            [
              -123.769474,
              38.947998
            ],
            [
              -123.76878,
              38.946485
            ],
            [
              -123.768097,
              38.945018
            ],
            [
              -123.767518,
              38.943511
            ],
            [
              -123.766379,
              38.942215
            ],
            [
              -123.765387,
              38.940878
            ],
            [
              -123.764761,
              38.939463
            ],
            [
              -123.763357,
              38.938606
            ],
            [
              -123.762904,
              38.93733
            ],
            [
              -123.762828,
              38.935667
            ],
            [
              -123.761309,
              38.934642
            ],
            [
              -123.759701,
              38.933534
            ],
            [
              -123.757956,
              38.93274
            ],
            [
              -123.756191,
              38.933012
            ],
            [
              -123.75471,
              38.932692
            ],
            [
              -123.75309,
              38.932349
            ],
            [
              -123.751993,
              38.931427
            ],
            [
              -123.751266,
              38.930307
            ],
            [
              -123.751253,
              38.929065
            ],
            [
              -123.750412,
              38.928039
            ],
            [
              -123.750004,
              38.926803
            ],
            [
              -123.749207,
              38.925686
            ],
            [
              -123.748137,
              38.925216
            ],
            [
              -123.747047,
              38.924414
            ],
            [
              -123.74648,
              38.923461
            ],
            [
              -123.745754,
              38.922496
            ],
            [
              -123.744896,
              38.921582
            ],
            [
              -123.744159,
              38.920674
            ],
            [
              -123.744114,
              38.919555
            ],
            [
              -123.74377,
              38.918492
            ],
            [
              -123.743275,
              38.917589
            ],
            [
              -123.74318,
              38.916485
            ],
            [
              -123.742459,
              38.915615
            ],
            [
              -123.742382,
              38.914533
            ],
            [
              -123.741961,
              38.913533
            ],
            [
              -123.741512,
              38.912578
            ],
            [
              -123.740779,
              38.911692
            ],
            [
              -123.739988,
              38.910861
            ],
            [
              -123.73915,
              38.910047
            ],
            [
              -123.738348,
              38.909232
            ],
            [
              -123.737535,
              38.908435
            ],
            [
              -123.736697,
              38.907641
            ],
            [
              -123.735915,
              38.906857
            ],
            [
              -123.734871,
              38.906415
            ],
            [
              -123.73396,
              38.905879
            ],
            [
              -123.733175,
              38.905314
            ],
            [
              -123.732365,
              38.904622
            ],
            [
              -123.731527,
              38.903911
            ],
            [
              -123.73068,
              38.903168
            ],
            [
              -123.729883,
              38.902379
            ],
            [
              -123.728992,
              38.901548
            ],
            [
              -123.728093,
              38.900609
            ],
            [
              -123.726755,
              38.900013
            ],
            [
              -123.72564,
              38.899219
            ],
            [
              -123.724165,
              38.898859
            ],
            [
              -123.723127,
              38.897992
            ],
            [
              -123.722072,
              38.897206
            ],
            [
              -123.721007,
              38.896391
            ],
            [
              -123.719757,
              38.89583
            ],
            [
              -123.718789,
              38.894995
            ],
            [
              -123.717693,
              38.894302
            ],
            [
              -123.716705,
              38.893548
            ],
            [
              -123.715679,
              38.892866
            ],
            [
              -123.714731,
              38.892153
            ],
            [
              -123.713871,
              38.891402
            ],
            [
              -123.712924,
              38.890737
            ],
            [
              -123.712036,
              38.890051
            ],
            [
              -123.711172,
              38.889343
            ],
            [
              -123.710538,
              38.888527
            ],
            [
              -123.709774,
              38.887811
            ],
            [
              -123.709147,
              38.887046
            ],
            [
              -123.708636,
              38.886244
            ],
            [
              -123.708101,
              38.885443
            ],
            [
              -123.707675,
              38.884612
            ],
            [
              -123.70715,
              38.883798
            ],
            [
              -123.706665,
              38.882974
            ],
            [
              -123.706202,
              38.882092
            ],
            [
              -123.705512,
              38.881237
            ],
            [
              -123.705089,
              38.880251
            ],
            [
              -123.704454,
              38.879258
            ],
            [
              -123.704165,
              38.87811
            ],
            [
              -123.703489,
              38.877013
            ],
            [
              -123.703344,
              38.875731
            ],
            [
              -123.702832,
              38.875061
            ],
            [
              -123.701649,
              38.874891
            ],
            [
              -123.701054,
              38.873718
            ],
            [
              -123.69981,
              38.872934
            ],
            [
              -123.698704,
              38.872008
            ],
            [
              -123.697663,
              38.871208
            ],
            [
              -123.696523,
              38.870779
            ],
            [
              -123.695566,
              38.869974
            ],
            [
              -123.694652,
              38.869234
            ],
            [
              -123.693837,
              38.868535
            ],
            [
              -123.693221,
              38.867787
            ],
            [
              -123.692948,
              38.866925
            ],
            [
              -123.692593,
              38.866108
            ],
            [
              -123.692232,
              38.865354
            ],
            [
              -123.692799,
              38.864512
            ],
            [
              -123.693647,
              38.863736
            ],
            [
              -123.693842,
              38.862624
            ],
            [
              -123.694008,
              38.861414
            ],
            [
              -123.694776,
              38.860244
            ],
            [
              -123.694198,
              38.858961
            ],
            [
              -123.69376,
              38.857507
            ],
            [
              -123.692282,
              38.856665
            ],
            [
              -123.691742,
              38.85508
            ],
            [
              -123.69071,
              38.853716
            ],
            [
              -123.688713,
              38.853162
            ],
            [
              -123.686686,
              38.853047
            ],
            [
              -123.685861,
              38.851905
            ],
            [
              -123.684657,
              38.850739
            ],
            [
              -123.683283,
              38.849607
            ],
            [
              -123.682176,
              38.848252
            ],
            [
              -123.68118,
              38.846996
            ],
            [
              -123.679722,
              38.84575
            ],
            [
              -123.678321,
              38.844649
            ],
            [
              -123.677767,
              38.843011
            ],
            [
              -123.675988,
              38.841757
            ],
            [
              -123.674537,
              38.84073
            ],
            [
              -123.673562,
              38.839796
            ],
            [
              -123.671834,
              38.83884
            ],
            [
              -123.670673,
              38.837532
            ],
            [
              -123.669077,
              38.837115
            ],
            [
              -123.667438,
              38.836195
            ],
            [
              -123.665934,
              38.835382
            ],
            [
              -123.664653,
              38.835769
            ],
            [
              -123.663004,
              38.835266
            ],
            [
              -123.661535,
              38.834636
            ],
            [
              -123.65986,
              38.834388
            ],
            [
              -123.658453,
              38.833761
            ],
            [
              -123.656969,
              38.833433
            ],
            [
              -123.655753,
              38.832753
            ],
            [
              -123.65453,
              38.832091
            ],
            [
              -123.652958,
              38.832706
            ],
            [
              -123.651685,
              38.833247
            ],
            [
              -123.650589,
              38.833795
            ],
            [
              -123.650488,
              38.834882
            ],
            [
              -123.649293,
              38.835347
            ],
            [
              -123.64886,
              38.836271
            ],
            [
              -123.647242,
              38.836408
            ],
            [
              -123.646738,
              38.837237
            ],
            [
              -123.645988,
              38.837871
            ],
            [
              -123.645334,
              38.838477
            ],
            [
              -123.644343,
              38.838847
            ],
            [
              -123.643459,
              38.839225
            ],
            [
              -123.643014,
              38.839994
            ],
            [
              -123.64222,
              38.84065
            ],
            [
              -123.641421,
              38.841367
            ],
            [
              -123.640559,
              38.842111
            ],
            [
              -123.639772,
              38.842956
            ],
            [
              -123.638817,
              38.843382
            ],
            [
              -123.639531,
              38.843895
            ],
            [
              -123.640758,
              38.843762
            ],
            [
              -123.642085,
              38.84395
            ],
            [
              -123.642421,
              38.844846
            ],
            [
              -123.643049,
              38.845835
            ],
            [
              -123.644294,
              38.846264
            ],
            [
              -123.645259,
              38.846949
            ],
            [
              -123.646337,
              38.847361
            ],
            [
              -123.646986,
              38.84816
            ],
            [
              -123.647235,
              38.849089
            ],
            [
              -123.647939,
              38.849877
            ],
            [
              -123.648705,
              38.850647
            ],
            [
              -123.648767,
              38.851657
            ],
            [
              -123.649674,
              38.852417
            ],
            [
              -123.650582,
              38.853124
            ],
            [
              -123.651556,
              38.85367
            ],
            [
              -123.652142,
              38.854395
            ],
            [
              -123.652351,
              38.855308
            ],
            [
              -123.652795,
              38.856124
            ],
            [
              -123.652817,
              38.857056
            ],
            [
              -123.65324,
              38.858042
            ],
            [
              -123.65379,
              38.859041
            ],
            [
              -123.653852,
              38.860098
            ],
            [
              -123.653895,
              38.861055
            ],
            [
              -123.653936,
              38.861932
            ],
            [
              -123.653973,
              38.862726
            ],
            [
              -123.65413,
              38.863431
            ],
            [
              -123.654353,
              38.864049
            ],
            [
              -123.654426,
              38.864626
            ],
            [
              -123.654442,
              38.865152
            ],
            [
              -123.654437,
              38.865633
            ],
            [
              -123.654319,
              38.866058
            ],
            [
              -123.654056,
              38.866395
            ],
            [
              -123.653915,
              38.866744
            ],
            [
              -123.653856,
              38.867111
            ],
            [
              -123.653823,
              38.867469
            ],
            [
              -123.654175,
              38.867572
            ],
            [
              -123.654542,
              38.867286
            ],
            [
              -123.65492,
              38.867056
            ],
            [
              -123.655365,
              38.867097
            ],
            [
              -123.655771,
              38.867284
            ],
            [
              -123.656051,
              38.867609
            ],
            [
              -123.656141,
              38.868031
            ],
            [
              -123.656161,
              38.868439
            ],
            [
              -123.656088,
              38.868819
            ],
            [
              -123.656096,
              38.869191
            ],
            [
              -123.656387,
              38.869458
            ],
            [
              -123.656824,
              38.869586
            ],
            [
              -123.657319,
              38.869701
            ],
            [
              -123.657734,
              38.869978
            ],
            [
              -123.65791,
              38.870438
            ],
            [
              -123.658099,
              38.870938
            ],
            [
              -123.658605,
              38.871348
            ],
            [
              -123.659064,
              38.871853
            ],
            [
              -123.659905,
              38.872054
            ],
            [
              -123.660544,
              38.872585
            ],
            [
              -123.661496,
              38.872862
            ],
            [
              -123.662241,
              38.87347
            ],
            [
              -123.662932,
              38.874071
            ],
            [
              -123.663559,
              38.874609
            ],
            [
              -123.663989,
              38.875204
            ],
            [
              -123.664556,
              38.875636
            ],
            [
              -123.664936,
              38.876109
            ],
            [
              -123.665561,
              38.876196
            ],
            [
              -123.666094,
              38.876373
            ],
            [
              -123.66634,
              38.876756
            ],
            [
              -123.666584,
              38.877125
            ],
            [
              -123.666964,
              38.877388
            ],
            [
              -123.667255,
              38.877681
            ],
            [
              -123.667638,
              38.877834
            ],
            [
              -123.66811,
              38.877846
            ],
            [
              -123.668631,
              38.877836
            ],
            [
              -123.669209,
              38.877819
            ],
            [
              -123.669844,
              38.877818
            ],
            [
              -123.670543,
              38.877826
            ],
            [
              -123.671182,
              38.878104
            ],
            [
              -123.671711,
              38.878574
            ],
            [
              -123.67255,
              38.87875
            ],
            [
              -123.673044,
              38.879229
            ],
            [
              -123.673484,
              38.879692
            ],
            [
              -123.673893,
              38.880117
            ],
            [
              -123.674403,
              38.88037
            ],
            [
              -123.674897,
              38.880582
            ],
            [
              -123.675123,
              38.880887
            ],
            [
              -123.674941,
              38.88122
            ],
            [
              -123.674644,
              38.88153
            ],
            [
              -123.674459,
              38.881881
            ],
            [
              -123.674149,
              38.882134
            ],
            [
              -123.673753,
              38.882327
            ],
            [
              -123.673347,
              38.882551
            ],
            [
              -123.673333,
              38.882965
            ],
            [
              -123.673333,
              38.883378
            ],
            [
              -123.673333,
              38.88378
            ],
            [
              -123.67343,
              38.884143
            ],
            [
              -123.673721,
              38.884414
            ],
            [
              -123.674168,
              38.884429
            ],
            [
              -123.674281,
              38.884056
            ],
            [
              -123.674419,
              38.883685
            ],
            [
              -123.674582,
              38.883319
            ],
            [
              -123.674801,
              38.882987
            ],
            [
              -123.67511,
              38.882678
            ],
            [
              -123.675428,
              38.882394
            ],
            [
              -123.67571,
              38.882095
            ],
            [
              -123.675957,
              38.88175
            ],
            [
              -123.676297,
              38.881438
            ],
            [
              -123.676816,
              38.881415
            ],
            [
              -123.677238,
              38.881767
            ],
            [
              -123.677847,
              38.881939
            ],
            [
              -123.678589,
              38.881951
            ],
            [
              -123.679419,
              38.881977
            ],
            [
              -123.680322,
              38.882005
            ],
            [
              -123.681184,
              38.882311
            ],
            [
              -123.68134,
              38.883123
            ],
            [
              -123.681378,
              38.883959
            ],
            [
              -123.681566,
              38.884825
            ],
            [
              -123.682156,
              38.885632
            ],
            [
              -123.682897,
              38.886455
            ],
            [
              -123.683625,
              38.887411
            ],
            [
              -123.684931,
              38.887998
            ],
            [
              -123.686031,
              38.888787
            ],
            [
              -123.686545,
              38.889905
            ],
            [
              -123.68678,
              38.89115
            ],
            [
              -123.687364,
              38.892426
            ],
            [
              -123.68871,
              38.893268
            ],
            [
              -123.689612,
              38.894318
            ],
            [
              -123.691256,
              38.894626
            ],
            [
              -123.692622,
              38.895274
            ],
            [
              -123.69363,
              38.896222
            ],
            [
              -123.694491,
              38.897269
            ],
            [
              -123.695516,
              38.898193
            ],
            [
              -123.696879,
              38.89855
            ],
            [
              -123.697853,
              38.899281
            ],
            [
              -123.698986,
              38.899812
            ],
            [
              -123.7002,
              38.900146
            ],
            [
              -123.701337,
              38.900494
            ],
            [
              -123.702166,
              38.90107
            ],
            [
              -123.703023,
              38.90164
            ],
            [
              -123.703278,
              38.902565
            ],
            [
              -123.703947,
              38.903321
            ],
            [
              -123.70416,
              38.904291
            ],
            [
              -123.704932,
              38.905086
            ],
            [
              -123.705591,
              38.905831
            ],
            [
              -123.705728,
              38.906667
            ],
            [
              -123.706316,
              38.907292
            ],
            [
              -123.706509,
              38.908
            ],
            [
              -123.707016,
              38.908454
            ],
            [
              -123.707809,
              38.908706
            ],
            [
              -123.708305,
              38.909231
            ],
            [
              -123.708904,
              38.909593
            ],
            [
              -123.709264,
              38.910146
            ],
            [
              -123.709817,
              38.910585
            ],
            [
              -123.710256,
              38.911067
            ],
            [
              -123.710652,
              38.911539
            ],
            [
              -123.710695,
              38.912077
            ],
            [
              -123.710635,
              38.912571
            ],
            [
              -123.710521,
              38.912998
            ],
            [
              -123.710187,
              38.913308
            ],
            [
              -123.709781,
              38.913327
            ],
            [
              -123.709303,
              38.913188
            ],
            [
              -123.708876,
              38.912978
            ],
            [
              -123.708405,
              38.912846
            ],
            [
              -123.707995,
              38.912638
            ],
            [
              -123.707561,
              38.912472
            ],
            [
              -123.707068,
              38.912434
            ],
            [
              -123.70658,
              38.912376
            ],
            [
              -123.706102,
              38.912307
            ],
            [
              -123.705917,
              38.911993
            ],
            [
              -123.70572,
              38.911683
            ],
            [
              -123.705292,
              38.911594
            ],
            [
              -123.705015,
              38.911477
            ],
            [
              -123.705163,
              38.911765
            ],
            [
              -123.705514,
              38.911961
            ],
            [
              -123.705677,
              38.912283
            ],
            [
              -123.705927,
              38.912544
            ],
            [
              -123.706336,
              38.912692
            ],
            [
              -123.70679,
              38.91283
            ],
            [
              -123.707149,
              38.913045
            ],
            [
              -123.707448,
              38.913323
            ],
            [
              -123.707848,
              38.913519
            ],
            [
              -123.708314,
              38.91363
            ],
            [
              -123.708753,
              38.9138
            ],
            [
              -123.709131,
              38.914011
            ],
            [
              -123.709523,
              38.914191
            ],
            [
              -123.709951,
              38.914303
            ],
            [
              -123.710299,
              38.91455
            ],
            [
              -123.710565,
              38.914902
            ],
            [
              -123.710967,
              38.915203
            ],
            [
              -123.711426,
              38.915467
            ],
            [
              -123.711693,
              38.915878
            ],
            [
              -123.71227,
              38.915988
            ],
            [
              -123.712848,
              38.916138
            ],
            [
              -123.713144,
              38.916569
            ],
            [
              -123.713741,
              38.9168
            ],
            [
              -123.714476,
              38.916814
            ],
            [
              -123.715234,
              38.91691
            ],
            [
              -123.715686,
              38.917469
            ],
            [
              -123.716565,
              38.917654
            ],
            [
              -123.717579,
              38.917696
            ],
            [
              -123.718679,
              38.917762
            ],
            [
              -123.719631,
              38.918191
            ],
            [
              -123.720434,
              38.918963
            ],
            [
              -123.721462,
              38.919473
            ],
            [
              -123.722854,
              38.919513
            ],
            [
              -123.724256,
              38.919492
            ],
            [
              -123.725122,
              38.918817
            ],
            [
              -123.726319,
              38.918868
            ],
            [
              -123.727083,
              38.919422
            ],
            [
              -123.727732,
              38.920087
            ],
            [
              -123.728229,
              38.920751
            ],
            [
              -123.728487,
              38.921504
            ],
            [
              -123.728449,
              38.922299
            ],
            [
              -123.728535,
              38.923108
            ],
            [
              -123.728618,
              38.92393
            ],
            [
              -123.728099,
              38.924642
            ],
            [
              -123.728048,
              38.925474
            ],
            [
              -123.728334,
              38.926325
            ],
            [
              -123.728542,
              38.927211
            ],
            [
              -123.729087,
              38.928009
            ],
            [
              -123.729362,
              38.92886
            ],
            [
              -123.728478,
              38.929386
            ],
            [
              -123.727587,
              38.93014
            ],
            [
              -123.726843,
              38.930965
            ],
            [
              -123.726806,
              38.932022
            ],
            [
              -123.726685,
              38.932934
            ],
            [
              -123.726929,
              38.934026
            ],
            [
              -123.726175,
              38.934988
            ],
            [
              -123.726971,
              38.936022
            ],
            [
              -123.727296,
              38.936978
            ],
            [
              -123.72684,
              38.938012
            ],
            [
              -123.727565,
              38.938763
            ],
            [
              -123.728689,
              38.939153
            ],
            [
              -123.729675,
              38.939662
            ],
            [
              -123.730902,
              38.939853
            ],
            [
              -123.731759,
              38.940591
            ],
            [
              -123.732186,
              38.941206
            ],
            [
              -123.731578,
              38.94203
            ],
            [
              -123.731574,
              38.94279
            ],
            [
              -123.732617,
              38.943115
            ],
            [
              -123.732866,
              38.943979
            ],
            [
              -123.733389,
              38.944745
            ],
            [
              -123.734024,
              38.945538
            ],
            [
              -123.73452,
              38.946434
            ],
            [
              -123.735256,
              38.947263
            ],
            [
              -123.736118,
              38.948149
            ],
            [
              -123.737001,
              38.949053
            ],
            [
              -123.737585,
              38.950068
            ],
            [
              -123.737161,
              38.951063
            ],
            [
              -123.73797,
              38.951958
            ],
            [
              -123.738936,
              38.952803
            ],
            [
              -123.739228,
              38.953694
            ],
            [
              -123.738135,
              38.954416
            ],
            [
              -123.737356,
              38.955158
            ],
            [
              -123.736549,
              38.954503
            ],
            [
              -123.735857,
              38.955225
            ],
            [
              -123.734903,
              38.955013
            ],
            [
              -123.734702,
              38.954208
            ],
            [
              -123.734545,
              38.953402
            ],
            [
              -123.734065,
              38.952688
            ],
            [
              -123.733709,
              38.95193
            ],
            [
              -123.733158,
              38.951264
            ],
            [
              -123.732571,
              38.95064
            ],
            [
              -123.73233,
              38.94988
            ],
            [
              -123.73218,
              38.949068
            ],
            [
              -123.731947,
              38.94823
            ],
            [
              -123.73177,
              38.947386
            ],
            [
              -123.731305,
              38.94667
            ],
            [
              -123.730509,
              38.946262
            ],
            [
              -123.72979,
              38.945886
            ],
            [
              -123.729036,
              38.945694
            ],
            [
              -123.728342,
              38.945579
            ],
            [
              -123.727698,
              38.945604
            ],
            [
              -123.727122,
              38.945549
            ],
            [
              -123.726649,
              38.945351
            ],
            [
              -123.726289,
              38.945058
            ],
            [
              -123.725935,
              38.944752
            ],
            [
              -123.725471,
              38.944549
            ],
            [
              -123.724961,
              38.944355
            ],
            [
              -123.72443,
              38.944116
            ],
            [
              -123.723821,
              38.943907
            ],
            [
              -123.723156,
              38.943795
            ],
            [
              -123.722532,
              38.943672
            ],
            [
              -123.722064,
              38.943342
            ],
            [
              -123.721725,
              38.942933
            ],
            [
              -123.721171,
              38.942731
            ],
            [
              -123.720604,
              38.942612
            ],
            [
              -123.720075,
              38.942478
            ],
            [
              -123.719543,
              38.942381
            ],
            [
              -123.719002,
              38.942219
            ],
            [
              -123.718535,
              38.941939
            ],
            [
              -123.717972,
              38.941919
            ],
            [
              -123.717461,
              38.941987
            ],
            [
              -123.717064,
              38.941738
            ],
            [
              -123.716764,
              38.941374
            ],
            [
              -123.716559,
              38.941013
            ],
            [
              -123.71655,
              38.94064
            ],
            [
              -123.716725,
              38.940279
            ],
            [
              -123.716809,
              38.939879
            ],
            [
              -123.716861,
              38.93946
            ],
            [
              -123.716864,
              38.939056
            ],
            [
              -123.716745,
              38.938653
            ],
            [
              -123.716493,
              38.938305
            ],
            [
              -123.716064,
              38.938031
            ],
            [
              -123.715737,
              38.937637
            ],
            [
              -123.71521,
              38.937335
            ],
            [
              -123.714661,
              38.936978
            ],
            [
              -123.714206,
              38.936475
            ],
            [
              -123.713705,
              38.935985
            ],
            [
              -123.713129,
              38.935632
            ],
            [
              -123.712427,
              38.935533
            ],
            [
              -123.71196,
              38.935149
            ],
            [
              -123.711412,
              38.934889
            ],
            [
              -123.7108,
              38.934804
            ],
            [
              -123.710232,
              38.934687
            ],
            [
              -123.710058,
              38.934257
            ],
            [
              -123.709564,
              38.934021
            ],
            [
              -123.709171,
              38.933704
            ],
            [
              -123.70889,
              38.933347
            ],
            [
              -123.708695,
              38.932997
            ],
            [
              -123.708539,
              38.932658
            ],
            [
              -123.708243,
              38.932395
            ],
            [
              -123.707816,
              38.932174
            ],
            [
              -123.707637,
              38.931788
            ],
            [
              -123.707246,
              38.931507
            ],
            [
              -123.706905,
              38.931304
            ],
            [
              -123.706814,
              38.930886
            ],
            [
              -123.706758,
              38.930438
            ],
            [
              -123.706547,
              38.930031
            ],
            [
              -123.705999,
              38.929888
            ],
            [
              -123.705563,
              38.929607
            ],
            [
              -123.705255,
              38.929225
            ],
            [
              -123.704982,
              38.92881
            ],
            [
              -123.704428,
              38.928637
            ],
            [
              -123.703874,
              38.928461
            ],
            [
              -123.70332,
              38.92832
            ],
            [
              -123.702746,
              38.928292
            ],
            [
              -123.702189,
              38.928241
            ],
            [
              -123.701663,
              38.928137
            ],
            [
              -123.701207,
              38.927969
            ],
            [
              -123.700924,
              38.927667
            ],
            [
              -123.700477,
              38.927701
            ],
            [
              -123.700105,
              38.927918
            ],
            [
              -123.699794,
              38.92823
            ],
            [
              -123.699459,
              38.928567
            ],
            [
              -123.699093,
              38.928876
            ],
            [
              -123.698724,
              38.929166
            ],
            [
              -123.698418,
              38.929487
            ],
            [
              -123.698018,
              38.929727
            ],
            [
              -123.697527,
              38.929836
            ],
            [
              -123.697034,
              38.929848
            ],
            [
              -123.696552,
              38.92982
            ],
            [
              -123.696099,
              38.929784
            ],
            [
              -123.695638,
              38.929744
            ],
            [
              -123.695175,
              38.929739
            ],
            [
              -123.694848,
              38.929943
            ],
            [
              -123.695273,
              38.930096
            ],
            [
              -123.695749,
              38.930153
            ],
            [
              -123.696195,
              38.930248
            ],
            [
              -123.696629,
              38.93039
            ],
            [
              -123.696954,
              38.930627
            ],
            [
              -123.697256,
              38.930897
            ],
            [
              -123.697728,
              38.931
            ],
            [
              -123.69825,
              38.930972
            ],
            [
              -123.698746,
              38.930859
            ],
            [
              -123.699085,
              38.930531
            ],
            [
              -123.699491,
              38.930284
            ],
            [
              -123.699996,
              38.930152
            ],
            [
              -123.700518,
              38.930052
            ],
            [
              -123.701078,
              38.930023
            ],
            [
              -123.701647,
              38.930089
            ],
            [
              -123.702196,
              38.930209
            ],
            [
              -123.702651,
              38.93045
            ],
            [
              -123.702957,
              38.930831
            ],
            [
              -123.703392,
              38.931136
            ],
            [
              -123.703806,
              38.931453
            ],
            [
              -123.704151,
              38.931833
            ],
            [
              -123.704535,
              38.932187
            ],
            [
              -123.704876,
              38.932577
            ],
            [
              -123.705311,
              38.932884
            ],
            [
              -123.705647,
              38.933254
            ],
            [
              -123.706095,
              38.933509
            ],
            [
              -123.706605,
              38.933666
            ],
            [
              -123.706913,
              38.933998
            ],
            [
              -123.706867,
              38.934402
            ],
            [
              -123.706545,
              38.934796
            ],
            [
              -123.706832,
              38.935168
            ],
            [
              -123.707372,
              38.9354
            ],
            [
              -123.707777,
              38.93571
            ],
            [
              -123.70807,
              38.93609
            ],
            [
              -123.708355,
              38.936489
            ],
            [
              -123.708228,
              38.936929
            ],
            [
              -123.707705,
              38.937222
            ],
            [
              -123.706971,
              38.937286
            ],
            [
              -123.706169,
              38.937275
            ],
            [
              -123.705313,
              38.937262
            ],
            [
              -123.70439,
              38.937272
            ],
            [
              -123.703399,
              38.937311
            ],
            [
              -123.70241,
              38.937365
            ],
            [
              -123.701435,
              38.937263
            ],
            [
              -123.700482,
              38.937303
            ],
            [
              -123.699505,
              38.937363
            ],
            [
              -123.698574,
              38.93754
            ],
            [
              -123.69773,
              38.937894
            ],
            [
              -123.696812,
              38.938076
            ],
            [
              -123.695933,
              38.938357
            ],
            [
              -123.695196,
              38.938758
            ],
            [
              -123.694501,
              38.939077
            ],
            [
              -123.693824,
              38.939338
            ],
            [
              -123.693246,
              38.939667
            ],
            [
              -123.692839,
              38.94008
            ],
            [
              -123.692428,
              38.940434
            ],
            [
              -123.691927,
              38.940686
            ],
            [
              -123.691362,
              38.940715
            ],
            [
              -123.690824,
              38.94053
            ],
            [
              -123.690492,
              38.940141
            ],
            [
              -123.690384,
              38.939637
            ],
            [
              -123.690303,
              38.93909
            ],
            [
              -123.690176,
              38.938502
            ],
            [
              -123.68984,
              38.937933
            ],
            [
              -123.689132,
              38.937552
            ],
            [
              -123.688305,
              38.937603
            ],
            [
              -123.687749,
              38.938083
            ],
            [
              -123.687078,
              38.938338
            ],
            [
              -123.68635,
              38.938492
            ],
            [
              -123.685759,
              38.938812
            ],
            [
              -123.685187,
              38.939098
            ],
            [
              -123.684648,
              38.939375
            ],
            [
              -123.684205,
              38.93971
            ],
            [
              -123.683862,
              38.940044
            ],
            [
              -123.683429,
              38.940284
            ],
            [
              -123.683023,
              38.940529
            ],
            [
              -123.682596,
              38.940736
            ],
            [
              -123.682307,
              38.941024
            ],
            [
              -123.682051,
              38.941338
            ],
            [
              -123.681628,
              38.941507
            ],
            [
              -123.681179,
              38.941671
            ],
            [
              -123.680837,
              38.941958
            ],
            [
              -123.680544,
              38.942264
            ],
            [
              -123.680113,
              38.942474
            ],
            [
              -123.679632,
              38.942685
            ],
            [
              -123.67916,
              38.942899
            ],
            [
              -123.678716,
              38.943104
            ],
            [
              -123.67828,
              38.943327
            ],
            [
              -123.677773,
              38.94349
            ],
            [
              -123.677255,
              38.943605
            ],
            [
              -123.676723,
              38.943708
            ],
            [
              -123.676179,
              38.94367
            ],
            [
              -123.67565,
              38.943557
            ],
            [
              -123.67516,
              38.94341
            ],
            [
              -123.674651,
              38.943335
            ],
            [
              -123.674114,
              38.943333
            ],
            [
              -123.673571,
              38.943331
            ],
            [
              -123.673016,
              38.943322
            ],
            [
              -123.672478,
              38.943315
            ],
            [
              -123.671968,
              38.943315
            ],
            [
              -123.671482,
              38.943327
            ],
            [
              -123.671105,
              38.943586
            ],
            [
              -123.670797,
              38.943872
            ],
            [
              -123.670475,
              38.944052
            ],
            [
              -123.670025,
              38.944065
            ],
            [
              -123.669606,
              38.944213
            ],
            [
              -123.669294,
              38.944464
            ],
            [
              -123.669075,
              38.944778
            ],
            [
              -123.668713,
              38.944928
            ],
            [
              -123.668264,
              38.945027
            ],
            [
              -123.667906,
              38.94526
            ],
            [
              -123.66759,
              38.94554
            ],
            [
              -123.667246,
              38.945771
            ],
            [
              -123.66699,
              38.946078
            ],
            [
              -123.666668,
              38.946371
            ],
            [
              -123.66639,
              38.946687
            ],
            [
              -123.666065,
              38.946967
            ],
            [
              -123.665762,
              38.947257
            ],
            [
              -123.665486,
              38.947555
            ],
            [
              -123.665274,
              38.947879
            ],
            [
              -123.665209,
              38.94824
            ],
            [
              -123.665528,
              38.948422
            ],
            [
              -123.665988,
              38.948365
            ],
            [
              -123.666208,
              38.948038
            ],
            [
              -123.666463,
              38.947707
            ],
            [
              -123.66677,
              38.947396
            ],
            [
              -123.667085,
              38.947082
            ],
            [
              -123.667415,
              38.946795
            ],
            [
              -123.667847,
              38.946667
            ],
            [
              -123.66836,
              38.946667
            ],
            [
              -123.6689,
              38.946666
            ],
            [
              -123.669384,
              38.94645
            ],
            [
              -123.669728,
              38.946108
            ],
            [
              -123.67008,
              38.945797
            ],
            [
              -123.670497,
              38.945519
            ],
            [
              -123.670986,
              38.945341
            ],
            [
              -123.671423,
              38.94513
            ],
            [
              -123.67191,
              38.945
            ],
            [
              -123.672467,
              38.945
            ],
            [
              -123.673031,
              38.945007
            ],
            [
              -123.673569,
              38.945117
            ],
            [
              -123.67408,
              38.945341
            ],
            [
              -123.674663,
              38.945413
            ],
            [
              -123.675233,
              38.945371
            ],
            [
              -123.675781,
              38.94529
            ],
            [
              -123.676317,
              38.945229
            ],
            [
              -123.676842,
              38.945143
            ],
            [
              -123.677355,
              38.945111
            ],
            [
              -123.677829,
              38.945088
            ],
            [
              -123.678289,
              38.945109
            ],
            [
              -123.67879,
              38.945096
            ],
            [
              -123.679227,
              38.944905
            ],
            [
              -123.679453,
              38.944505
            ],
            [
              -123.679879,
              38.944319
            ],
            [
              -123.680338,
              38.944212
            ],
            [
              -123.680704,
              38.944009
            ],
            [
              -123.681031,
              38.943751
            ],
            [
              -123.681454,
              38.943579
            ],
            [
              -123.681948,
              38.943496
            ],
            [
              -123.682499,
              38.943488
            ],
            [
              -123.683058,
              38.943402
            ],
            [
              -123.683554,
              38.943159
            ],
            [
              -123.683998,
              38.942879
            ],
            [
              -123.684555,
              38.94278
            ],
            [
              -123.685171,
              38.942799
            ],
            [
              -123.685815,
              38.942887
            ],
            [
              -123.686508,
              38.942932
            ],
            [
              -123.687174,
              38.943126
            ],
            [
              -123.687815,
              38.943337
            ],
            [
              -123.688493,
              38.943423
            ],
            [
              -123.689071,
              38.943672
            ],
            [
              -123.689726,
              38.943745
            ],
            [
              -123.690347,
              38.943613
            ],
            [
              -123.690836,
              38.943338
            ],
            [
              -123.691299,
              38.943098
            ],
            [
              -123.691793,
              38.943027
            ],
            [
              -123.692278,
              38.943096
            ],
            [
              -123.692722,
              38.943245
            ],
            [
              -123.693104,
              38.943482
            ],
            [
              -123.693413,
              38.943804
            ],
            [
              -123.693755,
              38.944136
            ],
            [
              -123.694109,
              38.944464
            ],
            [
              -123.694351,
              38.944854
            ],
            [
              -123.69453,
              38.945288
            ],
            [
              -123.694628,
              38.945759
            ],
            [
              -123.694765,
              38.946261
            ],
            [
              -123.695268,
              38.946533
            ],
            [
              -123.695967,
              38.94644
            ],
            [
              -123.696639,
              38.946611
            ],
            [
              -123.697351,
              38.946659
            ],
            [
              -123.698059,
              38.946551
            ],
            [
              -123.698742,
              38.946335
            ],
            [
              -123.69938,
              38.946092
            ],
            [
              -123.699887,
              38.945785
            ],
            [
              -123.700405,
              38.945593
            ],
            [
              -123.700928,
              38.945531
            ],
            [
              -123.701418,
              38.945587
            ],
            [
              -123.701903,
              38.945688
            ],
            [
              -123.702406,
              38.945812
            ],
            [
              -123.702911,
              38.945942
            ],
            [
              -123.703445,
              38.946046
            ],
            [
              -123.704013,
              38.946139
            ],
            [
              -123.704638,
              38.946165
            ],
            [
              -123.705294,
              38.946121
            ],
            [
              -123.70595,
              38.94612
            ],
            [
              -123.706435,
              38.94644
            ],
            [
              -123.706998,
              38.946787
            ],
            [
              -123.707625,
              38.947024
            ],
            [
              -123.708079,
              38.94743
            ],
            [
              -123.708669,
              38.947663
            ],
            [
              -123.709307,
              38.947724
            ],
            [
              -123.709915,
              38.947747
            ],
            [
              -123.710494,
              38.94789
            ],
            [
              -123.711057,
              38.948022
            ],
            [
              -123.7116,
              38.948052
            ],
            [
              -123.712007,
              38.948304
            ],
            [
              -123.712345,
              38.948657
            ],
            [
              -123.712852,
              38.94886
            ],
            [
              -123.713441,
              38.948979
            ],
            [
              -123.713966,
              38.949273
            ],
            [
              -123.714593,
              38.949509
            ],
            [
              -123.715234,
              38.949826
            ],
            [
              -123.715468,
              38.950443
            ],
            [
              -123.715754,
              38.951124
            ],
            [
              -123.71635,
              38.951765
            ],
            [
              -123.717342,
              38.952133
            ],
            [
              -123.718379,
              38.951992
            ],
            [
              -123.719333,
              38.952146
            ],
            [
              -123.720103,
              38.952615
            ],
            [
              -123.721046,
              38.952777
            ],
            [
              -123.721681,
              38.953317
            ],
            [
              -123.722291,
              38.953928
            ],
            [
              -123.722268,
              38.954673
            ],
            [
              -123.722004,
              38.955485
            ],
            [
              -123.72185,
              38.956336
            ],
            [
              -123.721618,
              38.957178
            ],
            [
              -123.721259,
              38.95804
            ],
            [
              -123.721572,
              38.958903
            ],
            [
              -123.721833,
              38.959755
            ],
            [
              -123.721574,
              38.960644
            ],
            [
              -123.721392,
              38.96159
            ],
            [
              -123.721119,
              38.962545
            ],
            [
              -123.720486,
              38.963444
            ],
            [
              -123.719754,
              38.964255
            ],
            [
              -123.718895,
              38.964877
            ],
            [
              -123.718068,
              38.965301
            ],
            [
              -123.71708,
              38.965388
            ],
            [
              -123.716165,
              38.965514
            ],
            [
              -123.71538,
              38.965725
            ],
            [
              -123.714721,
              38.96562
            ],
            [
              -123.714098,
              38.96528
            ],
            [
              -123.713693,
              38.964799
            ],
            [
              -123.713168,
              38.96441
            ],
            [
              -123.71261,
              38.964786
            ],
            [
              -123.712046,
              38.96463
            ],
            [
              -123.711507,
              38.964348
            ],
            [
              -123.711152,
              38.963972
            ],
            [
              -123.710744,
              38.963671
            ],
            [
              -123.710419,
              38.963327
            ],
            [
              -123.710128,
              38.96298
            ],
            [
              -123.709827,
              38.96267
            ],
            [
              -123.709814,
              38.962288
            ],
            [
              -123.710026,
              38.961934
            ],
            [
              -123.710194,
              38.961566
            ],
            [
              -123.71031,
              38.961191
            ],
            [
              -123.710366,
              38.960816
            ],
            [
              -123.710239,
              38.960483
            ],
            [
              -123.709846,
              38.96047
            ],
            [
              -123.709624,
              38.960828
            ],
            [
              -123.709351,
              38.961132
            ],
            [
              -123.70892,
              38.961095
            ],
            [
              -123.708581,
              38.960781
            ],
            [
              -123.708213,
              38.960525
            ],
            [
              -123.707901,
              38.960231
            ],
            [
              -123.707798,
              38.959868
            ],
            [
              -123.707741,
              38.959502
            ],
            [
              -123.707606,
              38.959143
            ],
            [
              -123.707204,
              38.958942
            ],
            [
              -123.706734,
              38.958906
            ],
            [
              -123.70648,
              38.9591
            ],
            [
              -123.706677,
              38.959414
            ],
            [
              -123.706977,
              38.959705
            ],
            [
              -123.707143,
              38.960072
            ],
            [
              -123.707254,
              38.960451
            ],
            [
              -123.707405,
              38.960817
            ],
            [
              -123.707704,
              38.96114
            ],
            [
              -123.707956,
              38.961481
            ],
            [
              -123.708126,
              38.961853
            ],
            [
              -123.70839,
              38.962186
            ],
            [
              -123.708607,
              38.962537
            ],
            [
              -123.708688,
              38.962913
            ],
            [
              -123.708714,
              38.963301
            ],
            [
              -123.708478,
              38.96364
            ],
            [
              -123.707937,
              38.963749
            ],
            [
              -123.707347,
              38.963715
            ],
            [
              -123.70681,
              38.963508
            ],
            [
              -123.706322,
              38.96327
            ],
            [
              -123.705797,
              38.963082
            ],
            [
              -123.705223,
              38.963044
            ],
            [
              -123.704655,
              38.963019
            ],
            [
              -123.704086,
              38.962958
            ],
            [
              -123.703605,
              38.962734
            ],
            [
              -123.70317,
              38.962581
            ],
            [
              -123.702662,
              38.962788
            ],
            [
              -123.70218,
              38.962974
            ],
            [
              -123.701666,
              38.963129
            ],
            [
              -123.701143,
              38.963219
            ],
            [
              -123.700655,
              38.963366
            ],
            [
              -123.700207,
              38.963575
            ],
            [
              -123.699707,
              38.963601
            ],
            [
              -123.699202,
              38.963472
            ],
            [
              -123.698669,
              38.963458
            ],
            [
              -123.698176,
              38.963525
            ],
            [
              -123.697709,
              38.963692
            ],
            [
              -123.697256,
              38.963868
            ],
            [
              -123.69678,
              38.963966
            ],
            [
              -123.696277,
              38.963965
            ],
            [
              -123.695796,
              38.963894
            ],
            [
              -123.695404,
              38.963655
            ],
            [
              -123.695155,
              38.963299
            ],
            [
              -123.694835,
              38.962991
            ],
            [
              -123.694534,
              38.962689
            ],
            [
              -123.694329,
              38.962344
            ],
            [
              -123.69408,
              38.962016
            ],
            [
              -123.693777,
              38.961706
            ],
            [
              -123.693666,
              38.961335
            ],
            [
              -123.693625,
              38.960958
            ],
            [
              -123.693661,
              38.960574
            ],
            [
              -123.693766,
              38.960197
            ],
            [
              -123.693783,
              38.959807
            ],
            [
              -123.693694,
              38.959426
            ],
            [
              -123.693523,
              38.959055
            ],
            [
              -123.693113,
              38.958859
            ],
            [
              -123.692921,
              38.959188
            ],
            [
              -123.692999,
              38.95954
            ],
            [
              -123.693054,
              38.959907
            ],
            [
              -123.69305,
              38.960301
            ],
            [
              -123.693027,
              38.960686
            ],
            [
              -123.693074,
              38.961061
            ],
            [
              -123.693151,
              38.961434
            ],
            [
              -123.693206,
              38.9618
            ],
            [
              -123.693249,
              38.962159
            ],
            [
              -123.693371,
              38.962522
            ],
            [
              -123.693766,
              38.96274
            ],
            [
              -123.693927,
              38.963096
            ],
            [
              -123.694025,
              38.963455
            ],
            [
              -123.694076,
              38.963835
            ],
            [
              -123.694308,
              38.964164
            ],
            [
              -123.694756,
              38.964349
            ],
            [
              -123.695224,
              38.964476
            ],
            [
              -123.695681,
              38.964622
            ],
            [
              -123.696103,
              38.964821
            ],
            [
              -123.696481,
              38.965077
            ],
            [
              -123.696993,
              38.965104
            ],
            [
              -123.697469,
              38.964958
            ],
            [
              -123.697901,
              38.964747
            ],
            [
              -123.698369,
              38.964624
            ],
            [
              -123.698864,
              38.964672
            ],
            [
              -123.699356,
              38.96479
            ],
            [
              -123.699809,
              38.964973
            ],
            [
              -123.700314,
              38.96504
            ],
            [
              -123.700833,
              38.964928
            ],
            [
              -123.701294,
              38.964703
            ],
            [
              -123.70179,
              38.964549
            ],
            [
              -123.702323,
              38.96451
            ],
            [
              -123.702856,
              38.964541
            ],
            [
              -123.703399,
              38.964633
            ],
            [
              -123.703946,
              38.964743
            ],
            [
              -123.704469,
              38.964894
            ],
            [
              -123.704953,
              38.965124
            ],
            [
              -123.705423,
              38.965373
            ],
            [
              -123.705914,
              38.965608
            ],
            [
              -123.706311,
              38.965931
            ],
            [
              -123.706731,
              38.966236
            ],
            [
              -123.707276,
              38.966424
            ],
            [
              -123.707855,
              38.966571
            ],
            [
              -123.708372,
              38.966805
            ],
            [
              -123.708692,
              38.967228
            ],
            [
              -123.708503,
              38.967692
            ],
            [
              -123.707804,
              38.967913
            ],
            [
              -123.707055,
              38.968134
            ],
            [
              -123.706378,
              38.968539
            ],
            [
              -123.705807,
              38.969076
            ],
            [
              -123.704967,
              38.969246
            ],
            [
              -123.704401,
              38.969765
            ],
            [
              -123.704168,
              38.970333
            ],
            [
              -123.703906,
              38.970789
            ],
            [
              -123.703258,
              38.970903
            ],
            [
              -123.702639,
              38.971098
            ],
            [
              -123.702043,
              38.971191
            ],
            [
              -123.701533,
              38.97141
            ],
            [
              -123.701109,
              38.971713
            ],
            [
              -123.700643,
              38.97195
            ],
            [
              -123.700277,
              38.972254
            ],
            [
              -123.700199,
              38.972602
            ],
            [
              -123.700433,
              38.972898
            ],
            [
              -123.700793,
              38.973122
            ],
            [
              -123.701192,
              38.973346
            ],
            [
              -123.701546,
              38.973626
            ],
            [
              -123.701922,
              38.973902
            ],
            [
              -123.702322,
              38.974095
            ],
            [
              -123.702704,
              38.974284
            ],
            [
              -123.703087,
              38.974477
            ],
            [
              -123.703517,
              38.974631
            ],
            [
              -123.703917,
              38.974846
            ],
            [
              -123.704192,
              38.975134
            ],
            [
              -123.704389,
              38.975455
            ],
            [
              -123.704633,
              38.975755
            ],
            [
              -123.704927,
              38.976027
            ],
            [
              -123.705295,
              38.976245
            ],
            [
              -123.705743,
              38.976402
            ],
            [
              -123.706214,
              38.976526
            ],
            [
              -123.706717,
              38.976633
            ],
            [
              -123.707281,
              38.976667
            ],
            [
              -123.707695,
              38.976991
            ],
            [
              -123.707892,
              38.977482
            ],
            [
              -123.707916,
              38.978054
            ],
            [
              -123.707751,
              38.97866
            ],
            [
              -123.707519,
              38.979291
            ],
            [
              -123.707501,
              38.980019
            ],
            [
              -123.707521,
              38.980821
            ],
            [
              -123.707595,
              38.981694
            ],
            [
              -123.707115,
              38.982588
            ],
            [
              -123.706651,
              38.983585
            ],
            [
              -123.706137,
              38.984659
            ],
            [
              -123.705587,
              38.985862
            ],
            [
              -123.704619,
              38.986805
            ],
            [
              -123.702972,
              38.986955
            ],
            [
              -123.701594,
              38.986087
            ],
            [
              -123.699882,
              38.985881
            ],
            [
              -123.698418,
              38.986732
            ],
            [
              -123.696772,
              38.987262
            ],
            [
              -123.6975,
              38.988671
            ],
            [
              -123.696705,
              38.989924
            ],
            [
              -123.695035,
              38.990087
            ],
            [
              -123.693501,
              38.990568
            ],
            [
              -123.693297,
              38.991573
            ],
            [
              -123.694698,
              38.991936
            ],
            [
              -123.696054,
              38.99237
            ],
            [
              -123.697045,
              38.993194
            ],
            [
              -123.69798,
              38.993997
            ],
            [
              -123.698683,
              38.994892
            ],
            [
              -123.69913,
              38.995868
            ],
            [
              -123.699226,
              38.996849
            ],
            [
              -123.699394,
              38.997783
            ],
            [
              -123.69937,
              38.99868
            ],
            [
              -123.699086,
              38.999493
            ],
            [
              -123.698767,
              39.000238
            ],
            [
              -123.698496,
              39.000939
            ],
            [
              -123.69821,
              39.001572
            ],
            [
              -123.69805,
              39.002166
            ],
            [
              -123.697854,
              39.002694
            ],
            [
              -123.697489,
              39.003093
            ],
            [
              -123.696991,
              39.003332
            ],
            [
              -123.696595,
              39.003634
            ],
            [
              -123.696215,
              39.00388
            ],
            [
              -123.695728,
              39.003997
            ],
            [
              -123.695198,
              39.004063
            ],
            [
              -123.694691,
              39.003984
            ],
            [
              -123.694269,
              39.003754
            ],
            [
              -123.694048,
              39.003371
            ],
            [
              -123.693932,
              39.00297
            ],
            [
              -123.6939,
              39.002556
            ],
            [
              -123.693925,
              39.002146
            ],
            [
              -123.694034,
              39.001756
            ],
            [
              -123.693799,
              39.001439
            ],
            [
              -123.6934,
              39.001265
            ],
            [
              -123.692975,
              39.001108
            ],
            [
              -123.692627,
              39.000848
            ],
            [
              -123.692584,
              39.00048
            ],
            [
              -123.692581,
              39.000122
            ],
            [
              -123.692284,
              38.999874
            ],
            [
              -123.691832,
              38.999794
            ],
            [
              -123.691355,
              38.999812
            ],
            [
              -123.690932,
              38.999985
            ],
            [
              -123.690565,
              39.000269
            ],
            [
              -123.690219,
              39.000619
            ],
            [
              -123.690272,
              39.001029
            ],
            [
              -123.69065,
              39.001412
            ],
            [
              -123.690999,
              39.001841
            ],
            [
              -123.691221,
              39.002296
            ],
            [
              -123.691254,
              39.002766
            ],
            [
              -123.69147,
              39.003158
            ],
            [
              -123.691894,
              39.003336
            ],
            [
              -123.692346,
              39.00343
            ],
            [
              -123.692772,
              39.003555
            ],
            [
              -123.693204,
              39.003669
            ],
            [
              -123.693601,
              39.00384
            ],
            [
              -123.693872,
              39.00416
            ],
            [
              -123.69407,
              39.004546
            ],
            [
              -123.694387,
              39.004833
            ],
            [
              -123.69478,
              39.005041
            ],
            [
              -123.695212,
              39.005213
            ],
            [
              -123.695562,
              39.005496
            ],
            [
              -123.695644,
              39.005932
            ],
            [
              -123.695509,
              39.006404
            ],
            [
              -123.695266,
              39.006918
            ],
            [
              -123.694968,
              39.007452
            ],
            [
              -123.694956,
              39.008103
            ],
            [
              -123.694959,
              39.008823
            ],
            [
              -123.694839,
              39.009614
            ],
            [
              -123.694465,
              39.010434
            ],
            [
              -123.694067,
              39.011337
            ],
            [
              -123.693923,
              39.012385
            ],
            [
              -123.693794,
              39.013438
            ],
            [
              -123.693291,
              39.014298
            ],
            [
              -123.693204,
              39.015163
            ],
            [
              -123.693123,
              39.01595
            ],
            [
              -123.692917,
              39.016646
            ],
            [
              -123.692519,
              39.017217
            ],
            [
              -123.692212,
              39.017752
            ],
            [
              -123.691922,
              39.018229
            ],
            [
              -123.691632,
              39.018654
            ],
            [
              -123.691286,
              39.018992
            ],
            [
              -123.690869,
              39.01921
            ],
            [
              -123.690888,
              39.019569
            ],
            [
              -123.690997,
              39.019922
            ],
            [
              -123.690994,
              39.02029
            ],
            [
              -123.690931,
              39.0207
            ],
            [
              -123.690838,
              39.021156
            ],
            [
              -123.690773,
              39.021662
            ],
            [
              -123.69073,
              39.022224
            ],
            [
              -123.690818,
              39.022836
            ],
            [
              -123.691284,
              39.023398
            ],
            [
              -123.691772,
              39.024021
            ],
            [
              -123.692263,
              39.024702
            ],
            [
              -123.692289,
              39.025571
            ],
            [
              -123.69186,
              39.026461
            ],
            [
              -123.691982,
              39.027471
            ],
            [
              -123.692185,
              39.028618
            ],
            [
              -123.69217,
              39.029902
            ],
            [
              -123.690922,
              39.030732
            ],
            [
              -123.689815,
              39.031881
            ],
            [
              -123.689847,
              39.033512
            ],
            [
              -123.690507,
              39.035076
            ],
            [
              -123.691522,
              39.036806
            ],
            [
              -123.692362,
              39.038556
            ],
            [
              -123.693749,
              39.039885
            ],
            [
              -123.694176,
              39.041449
            ],
            [
              -123.692292,
              39.042576
            ],
            [
              -123.691258,
              39.044243
            ],
            [
              -123.692309,
              39.045943
            ],
            [
              -123.69271,
              39.047746
            ],
            [
              -123.692395,
              39.049302
            ],
            [
              -123.6918,
              39.051002
            ],
            [
              -123.693125,
              39.052362
            ],
            [
              -123.694447,
              39.053583
            ],
            [
              -123.695345,
              39.054936
            ],
            [
              -123.695595,
              39.056374
            ],
            [
              -123.69427,
              39.057393
            ],
            [
              -123.694084,
              39.058892
            ],
            [
              -123.695466,
              39.059851
            ],
            [
              -123.695021,
              39.061236
            ],
            [
              -123.695843,
              39.062632
            ],
            [
              -123.697336,
              39.063486
            ],
            [
              -123.698512,
              39.06447
            ],
            [
              -123.698946,
              39.065739
            ],
            [
              -123.698909,
              39.067129
            ],
            [
              -123.699744,
              39.068318
            ],
            [
              -123.700769,
              39.06938
            ],
            [
              -123.701452,
              39.070506
            ],
            [
              -123.701963,
              39.071733
            ],
            [
              -123.702361,
              39.072932
            ],
            [
              -123.702423,
              39.074231
            ],
            [
              -123.703107,
              39.075362
            ],
            [
              -123.703071,
              39.076676
            ],
            [
              -123.703126,
              39.077877
            ],
            [
              -123.703873,
              39.079068
            ],
            [
              -123.705336,
              39.0795
            ],
            [
              -123.705819,
              39.080633
            ],
            [
              -123.704718,
              39.081203
            ],
            [
              -123.704041,
              39.082037
            ],
            [
              -123.704143,
              39.083427
            ],
            [
              -123.705281,
              39.084405
            ],
            [
              -123.70572,
              39.08557
            ],
            [
              -123.705914,
              39.08687
            ],
            [
              -123.70652,
              39.088057
            ],
            [
              -123.706653,
              39.089376
            ],
            [
              -123.706551,
              39.090745
            ],
            [
              -123.707298,
              39.091932
            ],
            [
              -123.708275,
              39.092778
            ],
            [
              -123.709109,
              39.093774
            ],
            [
              -123.709515,
              39.09485
            ],
            [
              -123.709648,
              39.095893
            ],
            [
              -123.709847,
              39.096834
            ],
            [
              -123.710145,
              39.097624
            ],
            [
              -123.709345,
              39.098092
            ],
            [
              -123.708532,
              39.098486
            ],
            [
              -123.708228,
              39.099126
            ],
            [
              -123.708272,
              39.099762
            ],
            [
              -123.708236,
              39.100338
            ],
            [
              -123.708047,
              39.100833
            ],
            [
              -123.707742,
              39.101244
            ],
            [
              -123.707269,
              39.101466
            ],
            [
              -123.706732,
              39.101511
            ],
            [
              -123.706208,
              39.101483
            ],
            [
              -123.705702,
              39.101441
            ],
            [
              -123.705224,
              39.101418
            ],
            [
              -123.704765,
              39.101326
            ],
            [
              -123.704382,
              39.101139
            ],
            [
              -123.70399,
              39.10091
            ],
            [
              -123.703515,
              39.100821
            ],
            [
              -123.703039,
              39.100881
            ],
            [
              -123.702635,
              39.101095
            ],
            [
              -123.702368,
              39.101414
            ],
            [
              -123.701947,
              39.101561
            ],
            [
              -123.701462,
              39.101607
            ],
            [
              -123.700974,
              39.10162
            ],
            [
              -123.700507,
              39.101537
            ],
            [
              -123.700056,
              39.101529
            ],
            [
              -123.699618,
              39.101524
            ],
            [
              -123.699401,
              39.101752
            ],
            [
              -123.699616,
              39.102078
            ],
            [
              -123.699817,
              39.102439
            ],
            [
              -123.700035,
              39.102832
            ],
            [
              -123.700345,
              39.103245
            ],
            [
              -123.700559,
              39.103715
            ],
            [
              -123.700845,
              39.104028
            ],
            [
              -123.700895,
              39.103519
            ],
            [
              -123.701067,
              39.103076
            ],
            [
              -123.701214,
              39.102694
            ],
            [
              -123.701635,
              39.102478
            ],
            [
              -123.702,
              39.102241
            ],
            [
              -123.702389,
              39.102091
            ],
            [
              -123.702835,
              39.102032
            ],
            [
              -123.703315,
              39.102012
            ],
            [
              -123.703762,
              39.102165
            ],
            [
              -123.704118,
              39.102479
            ],
            [
              -123.704562,
              39.10276
            ],
            [
              -123.704886,
              39.103123
            ],
            [
              -123.705302,
              39.103434
            ],
            [
              -123.705847,
              39.103639
            ],
            [
              -123.706419,
              39.103626
            ],
            [
              -123.706963,
              39.103503
            ],
            [
              -123.707538,
              39.103558
            ],
            [
              -123.708105,
              39.103658
            ],
            [
              -123.708565,
              39.103958
            ],
            [
              -123.709057,
              39.104265
            ],
            [
              -123.709757,
              39.104328
            ],
            [
              -123.710444,
              39.104541
            ],
            [
              -123.710826,
              39.10512
            ],
            [
              -123.711461,
              39.105612
            ],
            [
              -123.711897,
              39.106319
            ],
            [
              -123.71266,
              39.106944
            ],
            [
              -123.713317,
              39.107744
            ],
            [
              -123.714131,
              39.108525
            ],
            [
              -123.713976,
              39.109665
            ],
            [
              -123.714464,
              39.110667
            ],
            [
              -123.715121,
              39.111865
            ],
            [
              -123.71566,
              39.11315
            ],
            [
              -123.714518,
              39.114029
            ],
            [
              -123.713995,
              39.114917
            ],
            [
              -123.714799,
              39.116049
            ],
            [
              -123.715398,
              39.117083
            ],
            [
              -123.716346,
              39.11787
            ],
            [
              -123.716895,
              39.118838
            ],
            [
              -123.717202,
              39.11978
            ],
            [
              -123.717441,
              39.120663
            ],
            [
              -123.718329,
              39.121067
            ],
            [
              -123.719003,
              39.121668
            ],
            [
              -123.719647,
              39.122232
            ],
            [
              -123.719547,
              39.122867
            ],
            [
              -123.718995,
              39.123339
            ],
            [
              -123.718653,
              39.123856
            ],
            [
              -123.718193,
              39.124268
            ],
            [
              -123.718067,
              39.124755
            ],
            [
              -123.717851,
              39.125179
            ],
            [
              -123.717525,
              39.125532
            ],
            [
              -123.717038,
              39.125691
            ],
            [
              -123.716536,
              39.125665
            ],
            [
              -123.716129,
              39.1255
            ],
            [
              -123.715868,
              39.125169
            ],
            [
              -123.715455,
              39.12496
            ],
            [
              -123.714951,
              39.124982
            ],
            [
              -123.714513,
              39.125173
            ],
            [
              -123.714212,
              39.125449
            ],
            [
              -123.714078,
              39.125793
            ],
            [
              -123.714239,
              39.126033
            ],
            [
              -123.714693,
              39.126043
            ],
            [
              -123.715158,
              39.12605
            ],
            [
              -123.715597,
              39.126214
            ],
            [
              -123.715816,
              39.126561
            ],
            [
              -123.716135,
              39.126864
            ],
            [
              -123.7164,
              39.127203
            ],
            [
              -123.716736,
              39.127508
            ],
            [
              -123.71729,
              39.127593
            ],
            [
              -123.717762,
              39.127845
            ],
            [
              -123.718066,
              39.12828
            ],
            [
              -123.718621,
              39.128583
            ],
            [
              -123.719299,
              39.128808
            ],
            [
              -123.71981,
              39.129306
            ],
            [
              -123.720637,
              39.129545
            ],
            [
              -123.72109,
              39.130115
            ],
            [
              -123.720296,
              39.130573
            ],
            [
              -123.719782,
              39.131161
            ],
            [
              -123.719783,
              39.132043
            ],
            [
              -123.719826,
              39.133009
            ],
            [
              -123.720404,
              39.133936
            ],
            [
              -123.72084,
              39.135008
            ],
            [
              -123.72229,
              39.134718
            ],
            [
              -123.72345,
              39.135569
            ],
            [
              -123.723273,
              39.13678
            ],
            [
              -123.724644,
              39.137677
            ],
            [
              -123.726571,
              39.137768
            ],
            [
              -123.727978,
              39.138329
            ],
            [
              -123.728021,
              39.139381
            ],
            [
              -123.72886,
              39.140526
            ],
            [
              -123.730306,
              39.141254
            ],
            [
              -123.731764,
              39.141861
            ],
            [
              -123.732841,
              39.141181
            ],
            [
              -123.733721,
              39.140283
            ],
            [
              -123.734694,
              39.140865
            ],
            [
              -123.735082,
              39.141864
            ],
            [
              -123.736442,
              39.141842
            ],
            [
              -123.737142,
              39.142495
            ],
            [
              -123.737258,
              39.14346
            ],
            [
              -123.73801,
              39.144139
            ],
            [
              -123.737262,
              39.144938
            ],
            [
              -123.736291,
              39.145725
            ],
            [
              -123.73497,
              39.146397
            ],
            [
              -123.734389,
              39.14759
            ],
            [
              -123.735646,
              39.148393
            ],
            [
              -123.737091,
              39.148872
            ],
            [
              -123.737997,
              39.149703
            ],
            [
              -123.738597,
              39.150714
            ],
            [
              -123.738063,
              39.151686
            ],
            [
              -123.738873,
              39.152624
            ],
            [
              -123.738485,
              39.153768
            ],
            [
              -123.73762,
              39.152832
            ],
            [
              -123.736374,
              39.153387
            ],
            [
              -123.735752,
              39.154758
            ],
            [
              -123.735813,
              39.156314
            ],
            [
              -123.735001,
              39.157482
            ],
            [
              -123.736022,
              39.15867
            ],
            [
              -123.737833,
              39.159504
            ],
            [
              -123.738188,
              39.161127
            ],
            [
              -123.738559,
              39.162839
            ],
            [
              -123.740392,
              39.163698
            ],
            [
              -123.742046,
              39.164656
            ],
            [
              -123.743302,
              39.165956
            ],
            [
              -123.744696,
              39.167138
            ],
            [
              -123.744829,
              39.168684
            ],
            [
              -123.74616,
              39.169467
            ],
            [
              -123.74724,
              39.170424
            ],
            [
              -123.747517,
              39.171762
            ],
            [
              -123.749297,
              39.172005
            ],
            [
              -123.749827,
              39.173244
            ],
            [
              -123.751142,
              39.173911
            ],
            [
              -123.752053,
              39.175035
            ],
            [
              -123.753472,
              39.175261
            ],
            [
              -123.753873,
              39.176308
            ],
            [
              -123.75307,
              39.17733
            ],
            [
              -123.753072,
              39.178672
            ],
            [
              -123.753888,
              39.179819
            ],
            [
              -123.755224,
              39.180457
            ],
            [
              -123.756243,
              39.181319
            ],
            [
              -123.756502,
              39.182413
            ],
            [
              -123.757174,
              39.183285
            ],
            [
              -123.756612,
              39.184089
            ],
            [
              -123.757217,
              39.184825
            ],
            [
              -123.757834,
              39.185504
            ],
            [
              -123.758038,
              39.18623
            ],
            [
              -123.757936,
              39.18694
            ],
            [
              -123.75766,
              39.187601
            ],
            [
              -123.757823,
              39.188236
            ],
            [
              -123.75804,
              39.188825
            ],
            [
              -123.758203,
              39.189398
            ],
            [
              -123.758394,
              39.189952
            ],
            [
              -123.758606,
              39.190486
            ],
            [
              -123.758894,
              39.190958
            ],
            [
              -123.758985,
              39.19144
            ],
            [
              -123.758935,
              39.191902
            ],
            [
              -123.758782,
              39.192344
            ],
            [
              -123.758548,
              39.192768
            ],
            [
              -123.75824,
              39.193162
            ],
            [
              -123.757977,
              39.193568
            ],
            [
              -123.757644,
              39.193928
            ],
            [
              -123.757216,
              39.194218
            ],
            [
              -123.756743,
              39.194495
            ],
            [
              -123.756296,
              39.194801
            ],
            [
              -123.75585,
              39.195099
            ],
            [
              -123.755571,
              39.195488
            ],
            [
              -123.755191,
              39.195816
            ],
            [
              -123.754825,
              39.196155
            ],
            [
              -123.75437,
              39.196403
            ],
            [
              -123.753801,
              39.19653
            ],
            [
              -123.753214,
              39.19659
            ],
            [
              -123.752611,
              39.196628
            ],
            [
              -123.752008,
              39.196634
            ],
            [
              -123.751419,
              39.196628
            ],
            [
              -123.750846,
              39.196577
            ],
            [
              -123.750313,
              39.196443
            ],
            [
              -123.749804,
              39.196273
            ],
            [
              -123.749266,
              39.19616
            ],
            [
              -123.748757,
              39.196006
            ],
            [
              -123.748251,
              39.195841
            ],
            [
              -123.747704,
              39.195775
            ],
            [
              -123.747186,
              39.195696
            ],
            [
              -123.746697,
              39.195565
            ],
            [
              -123.74626,
              39.195337
            ],
            [
              -123.745899,
              39.195022
            ],
            [
              -123.745403,
              39.194865
            ],
            [
              -123.74491,
              39.19472
            ],
            [
              -123.744517,
              39.194446
            ],
            [
              -123.744194,
              39.19409
            ],
            [
              -123.743723,
              39.193862
            ],
            [
              -123.743327,
              39.193549
            ],
            [
              -123.742898,
              39.193267
            ],
            [
              -123.74243,
              39.193039
            ],
            [
              -123.74199,
              39.192775
            ],
            [
              -123.741613,
              39.192465
            ],
            [
              -123.74108,
              39.192312
            ],
            [
              -123.740572,
              39.192132
            ],
            [
              -123.740167,
              39.191834
            ],
            [
              -123.739717,
              39.191601
            ],
            [
              -123.739165,
              39.191507
            ],
            [
              -123.738594,
              39.191464
            ],
            [
              -123.738017,
              39.191435
            ],
            [
              -123.737437,
              39.191443
            ],
            [
              -123.73687,
              39.191516
            ],
            [
              -123.736295,
              39.19162
            ],
            [
              -123.735745,
              39.191712
            ],
            [
              -123.735215,
              39.191842
            ],
            [
              -123.734654,
              39.191934
            ],
            [
              -123.734071,
              39.191882
            ],
            [
              -123.733565,
              39.191652
            ],
            [
              -123.733109,
              39.191386
            ],
            [
              -123.732829,
              39.191007
            ],
            [
              -123.732697,
              39.190577
            ],
            [
              -123.732618,
              39.190126
            ],
            [
              -123.732495,
              39.189679
            ],
            [
              -123.73229,
              39.189251
            ],
            [
              -123.732148,
              39.188808
            ],
            [
              -123.731986,
              39.188357
            ],
            [
              -123.731641,
              39.187952
            ],
            [
              -123.731204,
              39.187625
            ],
            [
              -123.730691,
              39.187426
            ],
            [
              -123.730153,
              39.187326
            ],
            [
              -123.729663,
              39.187161
            ],
            [
              -123.729204,
              39.186932
            ],
            [
              -123.728686,
              39.186816
            ],
            [
              -123.728132,
              39.18679
            ],
            [
              -123.727575,
              39.18679
            ],
            [
              -123.727018,
              39.186794
            ],
            [
              -123.726464,
              39.186813
            ],
            [
              -123.725916,
              39.186836
            ],
            [
              -123.72538,
              39.186896
            ],
            [
              -123.724834,
              39.186914
            ],
            [
              -123.724294,
              39.186851
            ],
            [
              -123.723786,
              39.186685
            ],
            [
              -123.723273,
              39.186487
            ],
            [
              -123.722721,
              39.186307
            ],
            [
              -123.722162,
              39.186165
            ],
            [
              -123.721609,
              39.186022
            ],
            [
              -123.721062,
              39.185885
            ],
            [
              -123.720525,
              39.185766
            ],
            [
              -123.720038,
              39.185581
            ],
            [
              -123.719666,
              39.185281
            ],
            [
              -123.719362,
              39.18493
            ],
            [
              -123.718988,
              39.184621
            ],
            [
              -123.718715,
              39.184261
            ],
            [
              -123.718382,
              39.183945
            ],
            [
              -123.718034,
              39.183644
            ],
            [
              -123.717725,
              39.183302
            ],
            [
              -123.717385,
              39.182976
            ],
            [
              -123.717047,
              39.182672
            ],
            [
              -123.716815,
              39.182285
            ],
            [
              -123.71656,
              39.181911
            ],
            [
              -123.716222,
              39.181574
            ],
            [
              -123.715917,
              39.18122
            ],
            [
              -123.715601,
              39.180879
            ],
            [
              -123.715124,
              39.180667
            ],
            [
              -123.714703,
              39.180433
            ],
            [
              -123.714388,
              39.180112
            ],
            [
              -123.714041,
              39.179798
            ],
            [
              -123.7137,
              39.179493
            ],
            [
              -123.713462,
              39.179142
            ],
            [
              -123.713056,
              39.178909
            ],
            [
              -123.712732,
              39.178672
            ],
            [
              -123.712471,
              39.178346
            ],
            [
              -123.711977,
              39.178226
            ],
            [
              -123.711458,
              39.178154
            ],
            [
              -123.710952,
              39.17812
            ],
            [
              -123.71047,
              39.177984
            ],
            [
              -123.709978,
              39.177819
            ],
            [
              -123.709564,
              39.177586
            ],
            [
              -123.709161,
              39.17737
            ],
            [
              -123.708696,
              39.17735
            ],
            [
              -123.708183,
              39.177345
            ],
            [
              -123.707658,
              39.177332
            ],
            [
              -123.707148,
              39.177282
            ],
            [
              -123.706675,
              39.177178
            ],
            [
              -123.706257,
              39.176986
            ],
            [
              -123.705839,
              39.176726
            ],
            [
              -123.705311,
              39.176609
            ],
            [
              -123.704744,
              39.176558
            ],
            [
              -123.704209,
              39.176528
            ],
            [
              -123.703691,
              39.176555
            ],
            [
              -123.703237,
              39.17674
            ],
            [
              -123.702932,
              39.177061
            ],
            [
              -123.702543,
              39.177316
            ],
            [
              -123.702104,
              39.17753
            ],
            [
              -123.701668,
              39.177749
            ],
            [
              -123.701206,
              39.177876
            ],
            [
              -123.700756,
              39.177929
            ],
            [
              -123.700376,
              39.178092
            ],
            [
              -123.700043,
              39.178394
            ],
            [
              -123.699612,
              39.178613
            ],
            [
              -123.699125,
              39.178758
            ],
            [
              -123.698615,
              39.178872
            ],
            [
              -123.698084,
              39.178882
            ],
            [
              -123.697585,
              39.178774
            ],
            [
              -123.69711,
              39.178612
            ],
            [
              -123.696713,
              39.178368
            ],
            [
              -123.696264,
              39.178152
            ],
            [
              -123.695912,
              39.177849
            ],
            [
              -123.69557,
              39.177522
            ],
            [
              -123.695112,
              39.177302
            ],
            [
              -123.694756,
              39.177006
            ],
            [
              -123.6945,
              39.176676
            ],
            [
              -123.694162,
              39.176398
            ],
            [
              -123.693806,
              39.176126
            ],
            [
              -123.693451,
              39.175832
            ],
            [
              -123.693,
              39.175623
            ],
            [
              -123.692492,
              39.175462
            ],
            [
              -123.691999,
              39.175316
            ],
            [
              -123.691503,
              39.175339
            ],
            [
              -123.691046,
              39.175486
            ],
            [
              -123.690565,
              39.175591
            ],
            [
              -123.690088,
              39.175625
            ],
            [
              -123.689599,
              39.175633
            ],
            [
              -123.689103,
              39.175674
            ],
            [
              -123.688621,
              39.175746
            ],
            [
              -123.688142,
              39.175853
            ],
            [
              -123.687754,
              39.176099
            ],
            [
              -123.687379,
              39.176355
            ],
            [
              -123.686928,
              39.176522
            ],
            [
              -123.686426,
              39.176611
            ],
            [
              -123.685921,
              39.176685
            ],
            [
              -123.68545,
              39.17684
            ],
            [
              -123.685001,
              39.177062
            ],
            [
              -123.684621,
              39.177322
            ],
            [
              -123.684121,
              39.177421
            ],
            [
              -123.683589,
              39.177452
            ],
            [
              -123.683049,
              39.177423
            ],
            [
              -123.682512,
              39.177316
            ],
            [
              -123.682067,
              39.177042
            ],
            [
              -123.681693,
              39.176744
            ],
            [
              -123.681225,
              39.176549
            ],
            [
              -123.680883,
              39.176234
            ],
            [
              -123.680509,
              39.175919
            ],
            [
              -123.680104,
              39.175654
            ],
            [
              -123.679782,
              39.175359
            ],
            [
              -123.679496,
              39.175029
            ],
            [
              -123.679267,
              39.174684
            ],
            [
              -123.679186,
              39.174301
            ],
            [
              -123.67882,
              39.174002
            ],
            [
              -123.678527,
              39.173707
            ],
            [
              -123.678388,
              39.173333
            ],
            [
              -123.678104,
              39.172994
            ],
            [
              -123.677784,
              39.172689
            ],
            [
              -123.677404,
              39.172479
            ],
            [
              -123.676955,
              39.172548
            ],
            [
              -123.67648,
              39.172677
            ],
            [
              -123.675967,
              39.17279
            ],
            [
              -123.675462,
              39.172839
            ],
            [
              -123.674962,
              39.172849
            ],
            [
              -123.674481,
              39.172745
            ],
            [
              -123.673993,
              39.172607
            ],
            [
              -123.673551,
              39.172426
            ],
            [
              -123.673043,
              39.172287
            ],
            [
              -123.67261,
              39.1721
            ],
            [
              -123.672204,
              39.172038
            ],
            [
              -123.671736,
              39.172129
            ],
            [
              -123.671261,
              39.172131
            ],
            [
              -123.670809,
              39.172039
            ],
            [
              -123.670478,
              39.171789
            ],
            [
              -123.670138,
              39.171533
            ],
            [
              -123.669678,
              39.171409
            ],
            [
              -123.669253,
              39.171225
            ],
            [
              -123.668907,
              39.170943
            ],
            [
              -123.668514,
              39.170714
            ],
            [
              -123.668014,
              39.170622
            ],
            [
              -123.667512,
              39.17057
            ],
            [
              -123.667019,
              39.170546
            ],
            [
              -123.66653,
              39.170537
            ],
            [
              -123.666036,
              39.170554
            ],
            [
              -123.665544,
              39.170584
            ],
            [
              -123.665072,
              39.170647
            ],
            [
              -123.664578,
              39.17061
            ],
            [
              -123.664091,
              39.170499
            ],
            [
              -123.663704,
              39.170254
            ],
            [
              -123.663349,
              39.169976
            ],
            [
              -123.662927,
              39.169794
            ],
            [
              -123.662756,
              39.169485
            ],
            [
              -123.662596,
              39.169116
            ],
            [
              -123.662341,
              39.168769
            ],
            [
              -123.662037,
              39.168476
            ],
            [
              -123.661904,
              39.168098
            ],
            [
              -123.661835,
              39.167715
            ],
            [
              -123.661733,
              39.167345
            ],
            [
              -123.661537,
              39.166998
            ],
            [
              -123.661293,
              39.166663
            ],
            [
              -123.66114,
              39.166309
            ],
            [
              -123.661035,
              39.165936
            ],
            [
              -123.660921,
              39.165558
            ],
            [
              -123.66085,
              39.165178
            ],
            [
              -123.660705,
              39.164795
            ],
            [
              -123.660519,
              39.164428
            ],
            [
              -123.660284,
              39.164086
            ],
            [
              -123.659938,
              39.163799
            ],
            [
              -123.659596,
              39.163502
            ],
            [
              -123.659248,
              39.163239
            ],
            [
              -123.658871,
              39.163004
            ],
            [
              -123.658535,
              39.162728
            ],
            [
              -123.658163,
              39.162467
            ],
            [
              -123.6577,
              39.162329
            ],
            [
              -123.657283,
              39.162132
            ],
            [
              -123.657007,
              39.161866
            ],
            [
              -123.656819,
              39.161514
            ],
            [
              -123.656671,
              39.161151
            ],
            [
              -123.656362,
              39.160855
            ],
            [
              -123.655997,
              39.160586
            ],
            [
              -123.655566,
              39.160409
            ],
            [
              -123.655178,
              39.160198
            ],
            [
              -123.654781,
              39.160005
            ],
            [
              -123.654328,
              39.159881
            ],
            [
              -123.65388,
              39.159796
            ],
            [
              -123.653548,
              39.159624
            ],
            [
              -123.653356,
              39.159298
            ],
            [
              -123.65312,
              39.159524
            ],
            [
              -123.652908,
              39.159831
            ],
            [
              -123.652707,
              39.159997
            ],
            [
              -123.653158,
              39.160095
            ],
            [
              -123.653601,
              39.160222
            ],
            [
              -123.654045,
              39.160377
            ],
            [
              -123.654503,
              39.16043
            ],
            [
              -123.654819,
              39.160653
            ],
            [
              -123.655138,
              39.160907
            ],
            [
              -123.655482,
              39.161132
            ],
            [
              -123.655771,
              39.161397
            ],
            [
              -123.656022,
              39.161687
            ],
            [
              -123.656289,
              39.161998
            ],
            [
              -123.65654,
              39.162312
            ],
            [
              -123.656848,
              39.162598
            ],
            [
              -123.657227,
              39.162827
            ],
            [
              -123.657583,
              39.16308
            ],
            [
              -123.657956,
              39.163338
            ],
            [
              -123.658349,
              39.163579
            ],
            [
              -123.658725,
              39.163826
            ],
            [
              -123.658962,
              39.164163
            ],
            [
              -123.659088,
              39.164519
            ],
            [
              -123.659194,
              39.164884
            ],
            [
              -123.65951,
              39.165157
            ],
            [
              -123.659724,
              39.165478
            ],
            [
              -123.659867,
              39.165845
            ],
            [
              -123.660086,
              39.166182
            ],
            [
              -123.660354,
              39.166465
            ],
            [
              -123.660526,
              39.166788
            ],
            [
              -123.660657,
              39.167125
            ],
            [
              -123.660773,
              39.167467
            ],
            [
              -123.660973,
              39.16781
            ],
            [
              -123.661171,
              39.168128
            ],
            [
              -123.661255,
              39.168484
            ],
            [
              -123.661285,
              39.168849
            ],
            [
              -123.661278,
              39.169215
            ],
            [
              -123.661192,
              39.169581
            ],
            [
              -123.661153,
              39.16994
            ],
            [
              -123.661512,
              39.170116
            ],
            [
              -123.661985,
              39.170265
            ],
            [
              -123.662353,
              39.170526
            ],
            [
              -123.662625,
              39.170842
            ],
            [
              -123.66301,
              39.17109
            ],
            [
              -123.663311,
              39.171397
            ],
            [
              -123.663686,
              39.171644
            ],
            [
              -123.664163,
              39.171699
            ],
            [
              -123.664619,
              39.171609
            ],
            [
              -123.664949,
              39.171365
            ],
            [
              -123.66519,
              39.171069
            ],
            [
              -123.665641,
              39.171026
            ],
            [
              -123.666102,
              39.171046
            ],
            [
              -123.666546,
              39.17112
            ],
            [
              -123.66696,
              39.171283
            ],
            [
              -123.66735,
              39.171521
            ],
            [
              -123.667826,
              39.17168
            ],
            [
              -123.668329,
              39.171729
            ],
            [
              -123.668806,
              39.171799
            ],
            [
              -123.669225,
              39.171938
            ],
            [
              -123.66963,
              39.172128
            ],
            [
              -123.670018,
              39.172332
            ],
            [
              -123.670434,
              39.172519
            ],
            [
              -123.670897,
              39.172583
            ],
            [
              -123.671362,
              39.172638
            ],
            [
              -123.671823,
              39.17274
            ],
            [
              -123.672225,
              39.172913
            ],
            [
              -123.672529,
              39.173205
            ],
            [
              -123.672977,
              39.173347
            ],
            [
              -123.673447,
              39.173395
            ],
            [
              -123.673913,
              39.173468
            ],
            [
              -123.674385,
              39.173554
            ],
            [
              -123.674876,
              39.173602
            ],
            [
              -123.675343,
              39.173698
            ],
            [
              -123.675767,
              39.173891
            ],
            [
              -123.676221,
              39.174064
            ],
            [
              -123.676697,
              39.174216
            ],
            [
              -123.677157,
              39.174369
            ],
            [
              -123.677427,
              39.174673
            ],
            [
              -123.677679,
              39.175015
            ],
            [
              -123.678095,
              39.17527
            ],
            [
              -123.678263,
              39.175643
            ],
            [
              -123.678548,
              39.175961
            ],
            [
              -123.678893,
              39.176247
            ],
            [
              -123.679123,
              39.176602
            ],
            [
              -123.679442,
              39.17691
            ],
            [
              -123.679763,
              39.177229
            ],
            [
              -123.680088,
              39.177502
            ],
            [
              -123.680501,
              39.177673
            ],
            [
              -123.680786,
              39.177974
            ],
            [
              -123.680929,
              39.178335
            ],
            [
              -123.68098,
              39.178738
            ],
            [
              -123.681063,
              39.179148
            ],
            [
              -123.681391,
              39.179419
            ],
            [
              -123.681862,
              39.179393
            ],
            [
              -123.682341,
              39.179358
            ],
            [
              -123.682831,
              39.179258
            ],
            [
              -123.683324,
              39.179171
            ],
            [
              -123.683735,
              39.178986
            ],
            [
              -123.684102,
              39.178776
            ],
            [
              -123.684508,
              39.178621
            ],
            [
              -123.68495,
              39.178516
            ],
            [
              -123.685436,
              39.178444
            ],
            [
              -123.685939,
              39.178312
            ],
            [
              -123.686204,
              39.177982
            ],
            [
              -123.686593,
              39.177754
            ],
            [
              -123.687055,
              39.177644
            ],
            [
              -123.687545,
              39.177582
            ],
            [
              -123.688045,
              39.177503
            ],
            [
              -123.688491,
              39.177308
            ],
            [
              -123.688899,
              39.177032
            ],
            [
              -123.689379,
              39.176837
            ],
            [
              -123.689876,
              39.176752
            ],
            [
              -123.690374,
              39.176727
            ],
            [
              -123.690886,
              39.176737
            ],
            [
              -123.691395,
              39.176804
            ],
            [
              -123.691909,
              39.176875
            ],
            [
              -123.692417,
              39.17695
            ],
            [
              -123.692856,
              39.177163
            ],
            [
              -123.693171,
              39.177502
            ],
            [
              -123.693343,
              39.177877
            ],
            [
              -123.693563,
              39.178243
            ],
            [
              -123.693988,
              39.178415
            ],
            [
              -123.69438,
              39.178609
            ],
            [
              -123.69468,
              39.178889
            ],
            [
              -123.694894,
              39.179194
            ],
            [
              -123.69532,
              39.17933
            ],
            [
              -123.695786,
              39.179384
            ],
            [
              -123.696278,
              39.179467
            ],
            [
              -123.696754,
              39.179607
            ],
            [
              -123.697137,
              39.17985
            ],
            [
              -123.69757,
              39.180032
            ],
            [
              -123.698104,
              39.180071
            ],
            [
              -123.698626,
              39.180092
            ],
            [
              -123.699147,
              39.180079
            ],
            [
              -123.699653,
              39.180048
            ],
            [
              -123.700139,
              39.18002
            ],
            [
              -123.700595,
              39.179923
            ],
            [
              -123.700964,
              39.179694
            ],
            [
              -123.701345,
              39.179444
            ],
            [
              -123.701771,
              39.179238
            ],
            [
              -123.702075,
              39.17896
            ],
            [
              -123.702368,
              39.178683
            ],
            [
              -123.702783,
              39.178504
            ],
            [
              -123.703241,
              39.178399
            ],
            [
              -123.703749,
              39.17835
            ],
            [
              -123.70429,
              39.1783
            ],
            [
              -123.704848,
              39.178234
            ],
            [
              -123.705401,
              39.178255
            ],
            [
              -123.705927,
              39.178326
            ],
            [
              -123.706463,
              39.178369
            ],
            [
              -123.706997,
              39.178406
            ],
            [
              -123.707497,
              39.178483
            ],
            [
              -123.707981,
              39.1786
            ],
            [
              -123.708474,
              39.178724
            ],
            [
              -123.708979,
              39.178845
            ],
            [
              -123.709484,
              39.178951
            ],
            [
              -123.709986,
              39.179073
            ],
            [
              -123.710487,
              39.179182
            ],
            [
              -123.710956,
              39.179341
            ],
            [
              -123.711337,
              39.17961
            ],
            [
              -123.711637,
              39.179961
            ],
            [
              -123.712066,
              39.18023
            ],
            [
              -123.712338,
              39.180576
            ],
            [
              -123.712659,
              39.180918
            ],
            [
              -123.713125,
              39.181088
            ],
            [
              -123.713433,
              39.181426
            ],
            [
              -123.713863,
              39.181664
            ],
            [
              -123.714147,
              39.181989
            ],
            [
              -123.71443,
              39.182349
            ],
            [
              -123.714769,
              39.182663
            ],
            [
              -123.715015,
              39.183025
            ],
            [
              -123.715331,
              39.183333
            ],
            [
              -123.715714,
              39.183592
            ],
            [
              -123.715985,
              39.183945
            ],
            [
              -123.716392,
              39.1842
            ],
            [
              -123.716712,
              39.184508
            ],
            [
              -123.717014,
              39.184851
            ],
            [
              -123.717322,
              39.185182
            ],
            [
              -123.71751,
              39.185559
            ],
            [
              -123.717858,
              39.185864
            ],
            [
              -123.718212,
              39.186149
            ],
            [
              -123.718432,
              39.186545
            ],
            [
              -123.718894,
              39.186746
            ],
            [
              -123.719301,
              39.187012
            ],
            [
              -123.719611,
              39.187321
            ],
            [
              -123.719907,
              39.187584
            ],
            [
              -123.72034,
              39.187706
            ],
            [
              -123.720668,
              39.187877
            ],
            [
              -123.720865,
              39.188189
            ],
            [
              -123.721213,
              39.188392
            ],
            [
              -123.72168,
              39.188511
            ],
            [
              -123.722204,
              39.188595
            ],
            [
              -123.72277,
              39.188721
            ],
            [
              -123.723379,
              39.188768
            ],
            [
              -123.723963,
              39.188713
            ],
            [
              -123.724519,
              39.188658
            ],
            [
              -123.725066,
              39.188634
            ],
            [
              -123.725606,
              39.188607
            ],
            [
              -123.726145,
              39.188561
            ],
            [
              -123.726704,
              39.188511
            ],
            [
              -123.727271,
              39.18848
            ],
            [
              -123.727804,
              39.188473
            ],
            [
              -123.728326,
              39.188508
            ],
            [
              -123.728854,
              39.18859
            ],
            [
              -123.729265,
              39.188857
            ],
            [
              -123.729599,
              39.189178
            ],
            [
              -123.729762,
              39.189579
            ],
            [
              -123.72988,
              39.189998
            ],
            [
              -123.729958,
              39.190431
            ],
            [
              -123.730024,
              39.190876
            ],
            [
              -123.730154,
              39.191318
            ],
            [
              -123.730429,
              39.191702
            ],
            [
              -123.730778,
              39.192041
            ],
            [
              -123.731005,
              39.192441
            ],
            [
              -123.73133,
              39.192797
            ],
            [
              -123.731549,
              39.193203
            ],
            [
              -123.731841,
              39.193604
            ],
            [
              -123.732218,
              39.193971
            ],
            [
              -123.732704,
              39.194215
            ],
            [
              -123.733246,
              39.19426
            ],
            [
              -123.733765,
              39.194315
            ],
            [
              -123.734276,
              39.194347
            ],
            [
              -123.734802,
              39.194311
            ],
            [
              -123.735258,
              39.194126
            ],
            [
              -123.735631,
              39.193826
            ],
            [
              -123.736085,
              39.193574
            ],
            [
              -123.736599,
              39.193426
            ],
            [
              -123.737151,
              39.193354
            ],
            [
              -123.737717,
              39.193343
            ],
            [
              -123.738296,
              39.193382
            ],
            [
              -123.738842,
              39.193517
            ],
            [
              -123.739297,
              39.193777
            ],
            [
              -123.73976,
              39.194026
            ],
            [
              -123.740283,
              39.194192
            ],
            [
              -123.740757,
              39.194392
            ],
            [
              -123.741203,
              39.194639
            ],
            [
              -123.741623,
              39.194927
            ],
            [
              -123.742126,
              39.195119
            ],
            [
              -123.742557,
              39.195371
            ],
            [
              -123.742972,
              39.195656
            ],
            [
              -123.743468,
              39.195858
            ],
            [
              -123.744004,
              39.195915
            ],
            [
              -123.744517,
              39.196011
            ],
            [
              -123.744909,
              39.196249
            ],
            [
              -123.745269,
              39.196543
            ],
            [
              -123.745728,
              39.196755
            ],
            [
              -123.746254,
              39.196841
            ],
            [
              -123.746728,
              39.196989
            ],
            [
              -123.74711,
              39.197261
            ],
            [
              -123.747502,
              39.197555
            ],
            [
              -123.748051,
              39.197642
            ],
            [
              -123.748581,
              39.197732
            ],
            [
              -123.749094,
              39.197882
            ],
            [
              -123.749485,
              39.19818
            ],
            [
              -123.749914,
              39.198442
            ],
            [
              -123.750452,
              39.198548
            ],
            [
              -123.750977,
              39.19869
            ],
            [
              -123.751396,
              39.198988
            ],
            [
              -123.751914,
              39.199196
            ],
            [
              -123.752529,
              39.199242
            ],
            [
              -123.753151,
              39.199242
            ],
            [
              -123.75377,
              39.199219
            ],
            [
              -123.754281,
              39.198999
            ],
            [
              -123.754602,
              39.198635
            ],
            [
              -123.75512,
              39.198429
            ],
            [
              -123.755589,
              39.198169
            ],
            [
              -123.756023,
              39.197892
            ],
            [
              -123.756513,
              39.197673
            ],
            [
              -123.757,
              39.197425
            ],
            [
              -123.757385,
              39.197078
            ],
            [
              -123.757801,
              39.196763
            ],
            [
              -123.758204,
              39.196427
            ],
            [
              -123.758619,
              39.196108
            ],
            [
              -123.759125,
              39.195874
            ],
            [
              -123.759476,
              39.195518
            ],
            [
              -123.75987,
              39.195179
            ],
            [
              -123.760266,
              39.194854
            ],
            [
              -123.760627,
              39.194494
            ],
            [
              -123.760973,
              39.194118
            ],
            [
              -123.761211,
              39.193709
            ],
            [
              -123.761577,
              39.193361
            ],
            [
              -123.761799,
              39.192923
            ],
            [
              -123.761971,
              39.192478
            ],
            [
              -123.762293,
              39.192114
            ],
            [
              -123.7628,
              39.191914
            ],
            [
              -123.763395,
              39.191794
            ],
            [
              -123.763929,
              39.191506
            ],
            [
              -123.764499,
              39.19163
            ],
            [
              -123.764911,
              39.192131
            ],
            [
              -123.765409,
              39.192636
            ],
            [
              -123.765678,
              39.193259
            ],
            [
              -123.766467,
              39.193506
            ],
            [
              -123.767524,
              39.193558
            ],
            [
              -123.768682,
              39.19363
            ],
            [
              -123.769845,
              39.193569
            ],
            [
              -123.770861,
              39.193762
            ],
            [
              -123.771538,
              39.194296
            ],
            [
              -123.772155,
              39.194823
            ],
            [
              -123.771984,
              39.195484
            ],
            [
              -123.77149,
              39.19609
            ],
            [
              -123.771535,
              39.196858
            ],
            [
              -123.771859,
              39.197548
            ],
            [
              -123.77249,
              39.198014
            ],
            [
              -123.773309,
              39.198091
            ],
            [
              -123.773439,
              39.198587
            ],
            [
              -123.772736,
              39.198617
            ],
            [
              -123.772034,
              39.198767
            ],
            [
              -123.771307,
              39.198932
            ],
            [
              -123.770713,
              39.199175
            ],
            [
              -123.770643,
              39.199718
            ],
            [
              -123.770835,
              39.200174
            ],
            [
              -123.771248,
              39.200499
            ],
            [
              -123.771403,
              39.200884
            ],
            [
              -123.771168,
              39.201224
            ],
            [
              -123.77077,
              39.201418
            ],
            [
              -123.770326,
              39.201515
            ],
            [
              -123.770111,
              39.201723
            ],
            [
              -123.770405,
              39.202009
            ],
            [
              -123.770643,
              39.202371
            ],
            [
              -123.770856,
              39.202786
            ],
            [
              -123.771207,
              39.20319
            ],
            [
              -123.771589,
              39.203588
            ],
            [
              -123.771992,
              39.203935
            ],
            [
              -123.772331,
              39.204323
            ],
            [
              -123.772758,
              39.204625
            ],
            [
              -123.77294,
              39.205032
            ],
            [
              -123.772655,
              39.205448
            ],
            [
              -123.772399,
              39.205918
            ],
            [
              -123.772751,
              39.206408
            ],
            [
              -123.773063,
              39.206954
            ],
            [
              -123.773134,
              39.207593
            ],
            [
              -123.773224,
              39.208285
            ],
            [
              -123.773202,
              39.209038
            ],
            [
              -123.773986,
              39.209435
            ],
            [
              -123.774768,
              39.209871
            ],
            [
              -123.77506,
              39.210604
            ],
            [
              -123.775211,
              39.211383
            ],
            [
              -123.775506,
              39.212138
            ],
            [
              -123.775966,
              39.212801
            ],
            [
              -123.776416,
              39.21342
            ],
            [
              -123.775901,
              39.213986
            ],
            [
              -123.775035,
              39.214082
            ],
            [
              -123.774459,
              39.214498
            ],
            [
              -123.773872,
              39.214817
            ],
            [
              -123.773371,
              39.215142
            ],
            [
              -123.772922,
              39.214887
            ],
            [
              -123.772419,
              39.214625
            ],
            [
              -123.771979,
              39.214318
            ],
            [
              -123.771512,
              39.214054
            ],
            [
              -123.77093,
              39.213988
            ],
            [
              -123.770362,
              39.214026
            ],
            [
              -123.769883,
              39.214199
            ],
            [
              -123.769653,
              39.214562
            ],
            [
              -123.76932,
              39.214854
            ],
            [
              -123.768893,
              39.215081
            ],
            [
              -123.768501,
              39.215313
            ],
            [
              -123.768118,
              39.215173
            ],
            [
              -123.767797,
              39.214902
            ],
            [
              -123.767336,
              39.214765
            ],
            [
              -123.766834,
              39.21467
            ],
            [
              -123.7664,
              39.214498
            ],
            [
              -123.766099,
              39.214209
            ],
            [
              -123.765756,
              39.21394
            ],
            [
              -123.765395,
              39.213683
            ],
            [
              -123.765118,
              39.21339
            ],
            [
              -123.764694,
              39.21326
            ],
            [
              -123.764273,
              39.213266
            ],
            [
              -123.76455,
              39.21343
            ],
            [
              -123.764848,
              39.213629
            ],
            [
              -123.764975,
              39.213962
            ],
            [
              -123.765196,
              39.214252
            ],
            [
              -123.76551,
              39.214503
            ],
            [
              -123.765621,
              39.214828
            ],
            [
              -123.765647,
              39.215177
            ],
            [
              -123.765565,
              39.215521
            ],
            [
              -123.765428,
              39.215882
            ],
            [
              -123.765281,
              39.216229
            ],
            [
              -123.765042,
              39.216529
            ],
            [
              -123.765113,
              39.216798
            ],
            [
              -123.765558,
              39.216673
            ],
            [
              -123.765879,
              39.216467
            ],
            [
              -123.766005,
              39.216098
            ],
            [
              -123.766245,
              39.215792
            ],
            [
              -123.766648,
              39.215554
            ],
            [
              -123.767127,
              39.215501
            ],
            [
              -123.76761,
              39.215557
            ],
            [
              -123.768002,
              39.215758
            ],
            [
              -123.768412,
              39.215913
            ],
            [
              -123.768898,
              39.215952
            ],
            [
              -123.769407,
              39.215921
            ],
            [
              -123.7699,
              39.215869
            ],
            [
              -123.770363,
              39.21601
            ],
            [
              -123.77064,
              39.216363
            ],
            [
              -123.770872,
              39.21676
            ],
            [
              -123.7712,
              39.217125
            ],
            [
              -123.77142,
              39.217546
            ],
            [
              -123.771627,
              39.217978
            ],
            [
              -123.77194,
              39.218371
            ],
            [
              -123.772158,
              39.218795
            ],
            [
              -123.77227,
              39.219275
            ],
            [
              -123.772331,
              39.219788
            ],
            [
              -123.77264,
              39.220268
            ],
            [
              -123.77301,
              39.220757
            ],
            [
              -123.773528,
              39.221195
            ],
            [
              -123.774221,
              39.221557
            ],
            [
              -123.774955,
              39.221936
            ],
            [
              -123.775848,
              39.222047
            ],
            [
              -123.776398,
              39.222579
            ],
            [
              -123.77705,
              39.223114
            ],
            [
              -123.777627,
              39.223697
            ],
            [
              -123.777945,
              39.224302
            ],
            [
              -123.777473,
              39.224815
            ],
            [
              -123.777107,
              39.225347
            ],
            [
              -123.776625,
              39.225787
            ],
            [
              -123.776101,
              39.226153
            ],
            [
              -123.77548,
              39.226126
            ],
            [
              -123.77487,
              39.225928
            ],
            [
              -123.774274,
              39.226163
            ],
            [
              -123.773778,
              39.226472
            ],
            [
              -123.773239,
              39.226632
            ],
            [
              -123.772655,
              39.22653
            ],
            [
              -123.77205,
              39.226544
            ],
            [
              -123.771471,
              39.226516
            ],
            [
              -123.771044,
              39.226275
            ],
            [
              -123.770746,
              39.225927
            ],
            [
              -123.770286,
              39.225729
            ],
            [
              -123.769845,
              39.225516
            ],
            [
              -123.769457,
              39.225244
            ],
            [
              -123.769082,
              39.224943
            ],
            [
              -123.768562,
              39.224806
            ],
            [
              -123.768021,
              39.224733
            ],
            [
              -123.767481,
              39.224715
            ],
            [
              -123.766955,
              39.224709
            ],
            [
              -123.76646,
              39.224712
            ],
            [
              -123.76598,
              39.224716
            ],
            [
              -123.765525,
              39.224846
            ],
            [
              -123.765201,
              39.22514
            ],
            [
              -123.764964,
              39.225491
            ],
            [
              -123.76482,
              39.225866
            ],
            [
              -123.764566,
              39.226195
            ],
            [
              -123.764168,
              39.226415
            ],
            [
              -123.763678,
              39.226494
            ],
            [
              -123.763142,
              39.226586
            ],
            [
              -123.762854,
              39.226961
            ],
            [
              -123.762532,
              39.227327
            ],
            [
              -123.762285,
              39.227706
            ],
            [
              -123.762019,
              39.228065
            ],
            [
              -123.761702,
              39.228313
            ],
            [
              -123.761996,
              39.228586
            ],
            [
              -123.762249,
              39.228898
            ],
            [
              -123.762269,
              39.229298
            ],
            [
              -123.762151,
              39.229692
            ],
            [
              -123.761783,
              39.229948
            ],
            [
              -123.761551,
              39.230303
            ],
            [
              -123.761305,
              39.230605
            ],
            [
              -123.760822,
              39.230702
            ],
            [
              -123.760398,
              39.230886
            ],
            [
              -123.760052,
              39.231157
            ],
            [
              -123.759832,
              39.231503
            ],
            [
              -123.759575,
              39.231836
            ],
            [
              -123.759203,
              39.232088
            ],
            [
              -123.758731,
              39.231956
            ],
            [
              -123.758303,
              39.231718
            ],
            [
              -123.757784,
              39.231635
            ],
            [
              -123.757248,
              39.23162
            ],
            [
              -123.756718,
              39.231641
            ],
            [
              -123.756291,
              39.231877
            ],
            [
              -123.755915,
              39.232138
            ],
            [
              -123.755465,
              39.232311
            ],
            [
              -123.754996,
              39.232472
            ],
            [
              -123.754723,
              39.2328
            ],
            [
              -123.754578,
              39.233197
            ],
            [
              -123.75439,
              39.233562
            ],
            [
              -123.754127,
              39.233904
            ],
            [
              -123.753907,
              39.234244
            ],
            [
              -123.753635,
              39.234546
            ],
            [
              -123.753329,
              39.234829
            ],
            [
              -123.753103,
              39.235179
            ],
            [
              -123.752913,
              39.235542
            ],
            [
              -123.752537,
              39.235815
            ],
            [
              -123.752387,
              39.236205
            ],
            [
              -123.752189,
              39.236565
            ],
            [
              -123.751908,
              39.236897
            ],
            [
              -123.751658,
              39.237238
            ],
            [
              -123.751437,
              39.237585
            ],
            [
              -123.751284,
              39.237946
            ],
            [
              -123.750868,
              39.238152
            ],
            [
              -123.750465,
              39.238375
            ],
            [
              -123.750068,
              39.238614
            ],
            [
              -123.749694,
              39.238872
            ],
            [
              -123.74926,
              39.23903
            ],
            [
              -123.748804,
              39.23919
            ],
            [
              -123.748437,
              39.239466
            ],
            [
              -123.748103,
              39.239768
            ],
            [
              -123.747607,
              39.23989
            ],
            [
              -123.747117,
              39.240007
            ],
            [
              -123.746623,
              39.240129
            ],
            [
              -123.746095,
              39.240186
            ],
            [
              -123.745583,
              39.24011
            ],
            [
              -123.745106,
              39.239969
            ],
            [
              -123.744661,
              39.239776
            ],
            [
              -123.744326,
              39.239499
            ],
            [
              -123.744098,
              39.239147
            ],
            [
              -123.743876,
              39.23879
            ],
            [
              -123.743743,
              39.238399
            ],
            [
              -123.743682,
              39.237982
            ],
            [
              -123.74364,
              39.237541
            ],
            [
              -123.74357,
              39.237078
            ],
            [
              -123.74347,
              39.236576
            ],
            [
              -123.74313,
              39.236119
            ],
            [
              -123.742671,
              39.235681
            ],
            [
              -123.742045,
              39.235363
            ],
            [
              -123.741516,
              39.23557
            ],
            [
              -123.741013,
              39.235988
            ],
            [
              -123.740526,
              39.236379
            ],
            [
              -123.739946,
              39.236673
            ],
            [
              -123.739634,
              39.237135
            ],
            [
              -123.739769,
              39.237621
            ],
            [
              -123.739896,
              39.238091
            ],
            [
              -123.740002,
              39.238547
            ],
            [
              -123.740166,
              39.238976
            ],
            [
              -123.740376,
              39.239381
            ],
            [
              -123.740512,
              39.239788
            ],
            [
              -123.740493,
              39.240195
            ],
            [
              -123.740262,
              39.24056
            ],
            [
              -123.740005,
              39.240906
            ],
            [
              -123.739844,
              39.241274
            ],
            [
              -123.739458,
              39.241528
            ],
            [
              -123.739028,
              39.241773
            ],
            [
              -123.738701,
              39.242122
            ],
            [
              -123.738286,
              39.242364
            ],
            [
              -123.737786,
              39.242467
            ],
            [
              -123.737398,
              39.242743
            ],
            [
              -123.737124,
              39.24306
            ],
            [
              -123.736676,
              39.243218
            ],
            [
              -123.736175,
              39.243258
            ],
            [
              -123.735647,
              39.243242
            ],
            [
              -123.735138,
              39.243182
            ],
            [
              -123.734661,
              39.243081
            ],
            [
              -123.734279,
              39.242864
            ],
            [
              -123.733985,
              39.242591
            ],
            [
              -123.733564,
              39.242409
            ],
            [
              -123.733137,
              39.242257
            ],
            [
              -123.73274,
              39.242045
            ],
            [
              -123.732376,
              39.241784
            ],
            [
              -123.73201,
              39.241575
            ],
            [
              -123.731617,
              39.241375
            ],
            [
              -123.731296,
              39.241096
            ],
            [
              -123.731074,
              39.240753
            ],
            [
              -123.730917,
              39.240388
            ],
            [
              -123.730733,
              39.240043
            ],
            [
              -123.73056,
              39.239702
            ],
            [
              -123.730367,
              39.239342
            ],
            [
              -123.730033,
              39.239042
            ],
            [
              -123.729582,
              39.238875
            ],
            [
              -123.729071,
              39.238778
            ],
            [
              -123.728761,
              39.239078
            ],
            [
              -123.728486,
              39.239378
            ],
            [
              -123.728249,
              39.239709
            ],
            [
              -123.72812,
              39.240073
            ],
            [
              -123.727989,
              39.240439
            ],
            [
              -123.727759,
              39.240773
            ],
            [
              -123.727523,
              39.241102
            ],
            [
              -123.727371,
              39.241467
            ],
            [
              -123.727251,
              39.241831
            ],
            [
              -123.727118,
              39.242192
            ],
            [
              -123.726775,
              39.24246
            ],
            [
              -123.726622,
              39.242819
            ],
            [
              -123.726536,
              39.243196
            ],
            [
              -123.726373,
              39.243566
            ],
            [
              -123.726081,
              39.243854
            ],
            [
              -123.725655,
              39.243864
            ],
            [
              -123.725345,
              39.243594
            ],
            [
              -123.725146,
              39.243235
            ],
            [
              -123.724871,
              39.242884
            ],
            [
              -123.724498,
              39.242627
            ],
            [
              -123.724192,
              39.242327
            ],
            [
              -123.72383,
              39.242063
            ],
            [
              -123.723501,
              39.241759
            ],
            [
              -123.723141,
              39.241487
            ],
            [
              -123.722777,
              39.241216
            ],
            [
              -123.722533,
              39.240865
            ],
            [
              -123.72213,
              39.240631
            ],
            [
              -123.721772,
              39.240363
            ],
            [
              -123.72142,
              39.24009
            ],
            [
              -123.720954,
              39.239975
            ],
            [
              -123.720458,
              39.23993
            ],
            [
              -123.719988,
              39.239786
            ],
            [
              -123.719618,
              39.239533
            ],
            [
              -123.719371,
              39.2392
            ],
            [
              -123.719237,
              39.238833
            ],
            [
              -123.719108,
              39.238466
            ],
            [
              -123.71878,
              39.238205
            ],
            [
              -123.718603,
              39.237905
            ],
            [
              -123.718501,
              39.237548
            ],
            [
              -123.718425,
              39.2372
            ],
            [
              -123.718386,
              39.236849
            ],
            [
              -123.718235,
              39.237026
            ],
            [
              -123.718237,
              39.237404
            ],
            [
              -123.718259,
              39.237778
            ],
            [
              -123.71828,
              39.238154
            ],
            [
              -123.718304,
              39.238526
            ],
            [
              -123.71845,
              39.238866
            ],
            [
              -123.718489,
              39.239215
            ],
            [
              -123.718421,
              39.239562
            ],
            [
              -123.71835,
              39.239916
            ],
            [
              -123.718277,
              39.240281
            ],
            [
              -123.718143,
              39.24063
            ],
            [
              -123.717742,
              39.240793
            ],
            [
              -123.717849,
              39.240884
            ],
            [
              -123.718297,
              39.240918
            ],
            [
              -123.718758,
              39.240977
            ],
            [
              -123.719159,
              39.241189
            ],
            [
              -123.71946,
              39.241528
            ],
            [
              -123.719596,
              39.241919
            ],
            [
              -123.719697,
              39.242299
            ],
            [
              -123.719786,
              39.242647
            ],
            [
              -123.719871,
              39.24299
            ],
            [
              -123.719928,
              39.243339
            ],
            [
              -123.719971,
              39.243714
            ],
            [
              -123.72004,
              39.24411
            ],
            [
              -123.720255,
              39.244474
            ],
            [
              -123.720455,
              39.244814
            ],
            [
              -123.720461,
              39.245173
            ],
            [
              -123.720198,
              39.245472
            ],
            [
              -123.719786,
              39.245656
            ],
            [
              -123.719328,
              39.245759
            ],
            [
              -123.718953,
              39.245855
            ],
            [
              -123.719182,
              39.246168
            ],
            [
              -123.719585,
              39.246357
            ],
            [
              -123.720044,
              39.246328
            ],
            [
              -123.72038,
              39.246098
            ],
            [
              -123.720825,
              39.245999
            ],
            [
              -123.721123,
              39.245711
            ],
            [
              -123.721247,
              39.245342
            ],
            [
              -123.721438,
              39.244986
            ],
            [
              -123.721619,
              39.244629
            ],
            [
              -123.72164,
              39.244241
            ],
            [
              -123.721453,
              39.243887
            ],
            [
              -123.721221,
              39.24353
            ],
            [
              -123.721064,
              39.243162
            ],
            [
              -123.720934,
              39.24278
            ],
            [
              -123.720877,
              39.242381
            ],
            [
              -123.720882,
              39.24197
            ],
            [
              -123.721173,
              39.241692
            ],
            [
              -123.721675,
              39.2417
            ],
            [
              -123.722124,
              39.241807
            ],
            [
              -123.72241,
              39.242088
            ],
            [
              -123.722686,
              39.242378
            ],
            [
              -123.723063,
              39.242606
            ],
            [
              -123.723469,
              39.242806
            ],
            [
              -123.723802,
              39.243017
            ],
            [
              -123.723972,
              39.243343
            ],
            [
              -123.724089,
              39.243704
            ],
            [
              -123.724174,
              39.244098
            ],
            [
              -123.724333,
              39.244473
            ],
            [
              -123.724527,
              39.244866
            ],
            [
              -123.724821,
              39.245184
            ],
            [
              -123.724763,
              39.24556
            ],
            [
              -123.72483,
              39.245936
            ],
            [
              -123.724879,
              39.246308
            ],
            [
              -123.724999,
              39.24665
            ],
            [
              -123.725381,
              39.246796
            ],
            [
              -123.725769,
              39.246656
            ],
            [
              -123.725396,
              39.246464
            ],
            [
              -123.725224,
              39.246146
            ],
            [
              -123.725201,
              39.245793
            ],
            [
              -123.725207,
              39.245442
            ],
            [
              -123.725392,
              39.245175
            ],
            [
              -123.725852,
              39.245054
            ],
            [
              -123.726257,
              39.244829
            ],
            [
              -123.726635,
              39.244576
            ],
            [
              -123.72687,
              39.244228
            ],
            [
              -123.727067,
              39.243874
            ],
            [
              -123.727299,
              39.243529
            ],
            [
              -123.727515,
              39.24319
            ],
            [
              -123.72757,
              39.242807
            ],
            [
              -123.727664,
              39.242429
            ],
            [
              -123.727769,
              39.242063
            ],
            [
              -123.728036,
              39.241778
            ],
            [
              -123.72832,
              39.241474
            ],
            [
              -123.728429,
              39.241106
            ],
            [
              -123.728562,
              39.240737
            ],
            [
              -123.728792,
              39.240404
            ],
            [
              -123.729197,
              39.24021
            ],
            [
              -123.729645,
              39.240314
            ],
            [
              -123.729968,
              39.2406
            ],
            [
              -123.730283,
              39.240862
            ],
            [
              -123.730564,
              39.241138
            ],
            [
              -123.730694,
              39.24147
            ],
            [
              -123.730953,
              39.241734
            ],
            [
              -123.731382,
              39.241827
            ],
            [
              -123.731789,
              39.242001
            ],
            [
              -123.732126,
              39.242274
            ],
            [
              -123.732379,
              39.242574
            ],
            [
              -123.732834,
              39.242688
            ],
            [
              -123.733274,
              39.242807
            ],
            [
              -123.733622,
              39.243038
            ],
            [
              -123.733889,
              39.243355
            ],
            [
              -123.734254,
              39.243569
            ],
            [
              -123.734663,
              39.243774
            ],
            [
              -123.735052,
              39.243991
            ],
            [
              -123.735504,
              39.244111
            ],
            [
              -123.735968,
              39.244172
            ],
            [
              -123.736445,
              39.244207
            ],
            [
              -123.736946,
              39.244185
            ],
            [
              -123.737399,
              39.244052
            ],
            [
              -123.737805,
              39.243832
            ],
            [
              -123.738241,
              39.243678
            ],
            [
              -123.738731,
              39.243599
            ],
            [
              -123.73926,
              39.243577
            ],
            [
              -123.739745,
              39.243396
            ],
            [
              -123.740035,
              39.243046
            ],
            [
              -123.740168,
              39.242656
            ],
            [
              -123.740385,
              39.242284
            ],
            [
              -123.740729,
              39.242009
            ],
            [
              -123.741059,
              39.241714
            ],
            [
              -123.741337,
              39.241362
            ],
            [
              -123.74169,
              39.241077
            ],
            [
              -123.741892,
              39.240713
            ],
            [
              -123.742071,
              39.240326
            ],
            [
              -123.742399,
              39.239993
            ],
            [
              -123.742906,
              39.239945
            ],
            [
              -123.743378,
              39.240071
            ],
            [
              -123.743794,
              39.240243
            ],
            [
              -123.744095,
              39.240548
            ],
            [
              -123.744424,
              39.240839
            ],
            [
              -123.744868,
              39.241017
            ],
            [
              -123.745332,
              39.24115
            ],
            [
              -123.745792,
              39.241262
            ],
            [
              -123.746273,
              39.241346
            ],
            [
              -123.746798,
              39.241344
            ],
            [
              -123.747305,
              39.241223
            ],
            [
              -123.74774,
              39.24099
            ],
            [
              -123.748095,
              39.240712
            ],
            [
              -123.748475,
              39.240467
            ],
            [
              -123.748922,
              39.240368
            ],
            [
              -123.749393,
              39.240342
            ],
            [
              -123.749906,
              39.240326
            ],
            [
              -123.750318,
              39.240052
            ],
            [
              -123.750573,
              39.239705
            ],
            [
              -123.750842,
              39.239372
            ],
            [
              -123.751136,
              39.239062
            ],
            [
              -123.751416,
              39.238744
            ],
            [
              -123.751749,
              39.238463
            ],
            [
              -123.75212,
              39.238194
            ],
            [
              -123.752445,
              39.237884
            ],
            [
              -123.75278,
              39.237583
            ],
            [
              -123.753093,
              39.237276
            ],
            [
              -123.753381,
              39.236961
            ],
            [
              -123.753599,
              39.236611
            ],
            [
              -123.753842,
              39.23625
            ],
            [
              -123.754135,
              39.235916
            ],
            [
              -123.754273,
              39.235525
            ],
            [
              -123.754383,
              39.235158
            ],
            [
              -123.754655,
              39.234824
            ],
            [
              -123.754969,
              39.23451
            ],
            [
              -123.755276,
              39.234185
            ],
            [
              -123.755533,
              39.233827
            ],
            [
              -123.755913,
              39.233539
            ],
            [
              -123.756154,
              39.233175
            ],
            [
              -123.756433,
              39.232877
            ],
            [
              -123.756861,
              39.232757
            ],
            [
              -123.757323,
              39.232739
            ],
            [
              -123.757776,
              39.232796
            ],
            [
              -123.75813,
              39.233017
            ],
            [
              -123.758475,
              39.233277
            ],
            [
              -123.758952,
              39.233367
            ],
            [
              -123.759462,
              39.233377
            ],
            [
              -123.759962,
              39.23332
            ],
            [
              -123.76033,
              39.233026
            ],
            [
              -123.760686,
              39.232714
            ],
            [
              -123.760954,
              39.232369
            ],
            [
              -123.761091,
              39.231987
            ],
            [
              -123.761488,
              39.231725
            ],
            [
              -123.761861,
              39.231452
            ],
            [
              -123.762212,
              39.231171
            ],
            [
              -123.762643,
              39.230947
            ],
            [
              -123.762995,
              39.230669
            ],
            [
              -123.763284,
              39.230328
            ],
            [
              -123.763451,
              39.22996
            ],
            [
              -123.763491,
              39.229559
            ],
            [
              -123.763544,
              39.229155
            ],
            [
              -123.763697,
              39.228759
            ],
            [
              -123.764038,
              39.228439
            ],
            [
              -123.764306,
              39.228066
            ],
            [
              -123.764595,
              39.227754
            ],
            [
              -123.765076,
              39.227609
            ],
            [
              -123.765523,
              39.227389
            ],
            [
              -123.76592,
              39.227094
            ],
            [
              -123.766376,
              39.226837
            ],
            [
              -123.766857,
              39.226612
            ],
            [
              -123.767276,
              39.226327
            ],
            [
              -123.767788,
              39.226296
            ],
            [
              -123.768265,
              39.226477
            ],
            [
              -123.768726,
              39.226683
            ],
            [
              -123.769218,
              39.226861
            ],
            [
              -123.769619,
              39.227126
            ],
            [
              -123.769803,
              39.227502
            ],
            [
              -123.769975,
              39.227892
            ],
            [
              -123.770254,
              39.228258
            ],
            [
              -123.77065,
              39.228564
            ],
            [
              -123.771099,
              39.228846
            ],
            [
              -123.771491,
              39.22921
            ],
            [
              -123.772089,
              39.229348
            ],
            [
              -123.772714,
              39.229224
            ],
            [
              -123.77324,
              39.228974
            ],
            [
              -123.773738,
              39.229157
            ],
            [
              -123.774272,
              39.229358
            ],
            [
              -123.774879,
              39.229463
            ],
            [
              -123.775365,
              39.229764
            ],
            [
              -123.775727,
              39.230198
            ],
            [
              -123.776208,
              39.230585
            ],
            [
              -123.776652,
              39.23104
            ],
            [
              -123.777426,
              39.231136
            ],
            [
              -123.778217,
              39.231065
            ],
            [
              -123.778747,
              39.230653
            ],
            [
              -123.779344,
              39.230523
            ],
            [
              -123.779474,
              39.23105
            ],
            [
              -123.77894,
              39.231522
            ],
            [
              -123.779336,
              39.232088
            ],
            [
              -123.779831,
              39.232717
            ],
            [
              -123.7801,
              39.233394
            ],
            [
              -123.779262,
              39.23368
            ],
            [
              -123.77877,
              39.23429
            ],
            [
              -123.778557,
              39.234945
            ],
            [
              -123.778143,
              39.235483
            ],
            [
              -123.777861,
              39.23602
            ],
            [
              -123.777386,
              39.236403
            ],
            [
              -123.777191,
              39.236869
            ],
            [
              -123.777208,
              39.237356
            ],
            [
              -123.777162,
              39.237813
            ],
            [
              -123.777002,
              39.238226
            ],
            [
              -123.776707,
              39.238579
            ],
            [
              -123.776225,
              39.238811
            ],
            [
              -123.775691,
              39.238898
            ],
            [
              -123.775152,
              39.23893
            ],
            [
              -123.774636,
              39.239026
            ],
            [
              -123.774135,
              39.239157
            ],
            [
              -123.773619,
              39.239116
            ],
            [
              -123.773123,
              39.239091
            ],
            [
              -123.772643,
              39.239092
            ],
            [
              -123.772192,
              39.239113
            ],
            [
              -123.772036,
              39.239259
            ],
            [
              -123.77241,
              39.239455
            ],
            [
              -123.772842,
              39.239621
            ],
            [
              -123.773243,
              39.239827
            ],
            [
              -123.773654,
              39.240035
            ],
            [
              -123.774123,
              39.240197
            ],
            [
              -123.774642,
              39.240281
            ],
            [
              -123.775157,
              39.240412
            ],
            [
              -123.775637,
              39.240597
            ],
            [
              -123.776154,
              39.240717
            ],
            [
              -123.77669,
              39.240819
            ],
            [
              -123.777198,
              39.241046
            ],
            [
              -123.77779,
              39.241226
            ],
            [
              -123.778387,
              39.241466
            ],
            [
              -123.778868,
              39.241906
            ],
            [
              -123.779428,
              39.242374
            ],
            [
              -123.779508,
              39.243071
            ],
            [
              -123.779825,
              39.243787
            ],
            [
              -123.780412,
              39.244476
            ],
            [
              -123.780706,
              39.245274
            ],
            [
              -123.781299,
              39.245966
            ],
            [
              -123.781923,
              39.246614
            ],
            [
              -123.781977,
              39.247425
            ],
            [
              -123.782544,
              39.248098
            ],
            [
              -123.782427,
              39.248832
            ],
            [
              -123.782308,
              39.249675
            ],
            [
              -123.782781,
              39.250392
            ],
            [
              -123.783611,
              39.250888
            ],
            [
              -123.783825,
              39.251716
            ],
            [
              -123.78342,
              39.252522
            ],
            [
              -123.784444,
              39.252673
            ],
            [
              -123.785484,
              39.252685
            ],
            [
              -123.786401,
              39.252848
            ],
            [
              -123.787038,
              39.253232
            ],
            [
              -123.786786,
              39.253783
            ],
            [
              -123.786305,
              39.254353
            ],
            [
              -123.785542,
              39.254728
            ],
            [
              -123.784536,
              39.25491
            ],
            [
              -123.784011,
              39.255452
            ],
            [
              -123.783848,
              39.256135
            ],
            [
              -123.783696,
              39.25675
            ],
            [
              -123.783385,
              39.257263
            ],
            [
              -123.783185,
              39.257755
            ],
            [
              -123.783179,
              39.258227
            ],
            [
              -123.783319,
              39.258636
            ],
            [
              -123.783557,
              39.258984
            ],
            [
              -123.783713,
              39.259317
            ],
            [
              -123.783949,
              39.259615
            ],
            [
              -123.784398,
              39.259733
            ],
            [
              -123.784919,
              39.259751
            ],
            [
              -123.785485,
              39.259802
            ],
            [
              -123.78598,
              39.260018
            ],
            [
              -123.786258,
              39.26038
            ],
            [
              -123.786585,
              39.260673
            ],
            [
              -123.786792,
              39.260988
            ],
            [
              -123.786863,
              39.261342
            ],
            [
              -123.786955,
              39.261713
            ],
            [
              -123.787218,
              39.262072
            ],
            [
              -123.787615,
              39.262422
            ],
            [
              -123.787979,
              39.262843
            ],
            [
              -123.788441,
              39.263259
            ],
            [
              -123.78823,
              39.263836
            ],
            [
              -123.788391,
              39.26445
            ],
            [
              -123.788764,
              39.265102
            ],
            [
              -123.788768,
              39.265902
            ],
            [
              -123.788663,
              39.266759
            ],
            [
              -123.788838,
              39.267647
            ],
            [
              -123.788991,
              39.26849
            ],
            [
              -123.789771,
              39.268972
            ],
            [
              -123.790038,
              39.26959
            ],
            [
              -123.790141,
              39.270268
            ],
            [
              -123.790352,
              39.270875
            ],
            [
              -123.790463,
              39.271439
            ],
            [
              -123.790602,
              39.271944
            ],
            [
              -123.790899,
              39.272355
            ],
            [
              -123.790821,
              39.272718
            ],
            [
              -123.790559,
              39.273092
            ],
            [
              -123.790432,
              39.273496
            ],
            [
              -123.790272,
              39.273862
            ],
            [
              -123.789934,
              39.274182
            ],
            [
              -123.789534,
              39.274458
            ],
            [
              -123.789184,
              39.274745
            ],
            [
              -123.789021,
              39.275102
            ],
            [
              -123.789041,
              39.275453
            ],
            [
              -123.789192,
              39.275694
            ],
            [
              -123.78942,
              39.275401
            ],
            [
              -123.789838,
              39.275278
            ],
            [
              -123.790277,
              39.275206
            ],
            [
              -123.790697,
              39.275033
            ],
            [
              -123.791075,
              39.274796
            ],
            [
              -123.791485,
              39.274557
            ],
            [
              -123.791907,
              39.274324
            ],
            [
              -123.792312,
              39.274059
            ],
            [
              -123.792783,
              39.274226
            ],
            [
              -123.793201,
              39.27457
            ],
            [
              -123.793789,
              39.274786
            ],
            [
              -123.794376,
              39.274687
            ],
            [
              -123.79472,
              39.27422
            ],
            [
              -123.795119,
              39.273809
            ],
            [
              -123.79545,
              39.273368
            ],
            [
              -123.795759,
              39.272927
            ],
            [
              -123.79644,
              39.272896
            ],
            [
              -123.797113,
              39.272712
            ],
            [
              -123.797678,
              39.272299
            ],
            [
              -123.798491,
              39.272412
            ],
            [
              -123.798622,
              39.273083
            ],
            [
              -123.798948,
              39.273719
            ],
            [
              -123.799466,
              39.274271
            ],
            [
              -123.800097,
              39.27474
            ],
            [
              -123.8009,
              39.27499
            ],
            [
              -123.801431,
              39.275498
            ],
            [
              -123.801754,
              39.276069
            ]
          ]
        ]
      }
    }
  ]
}
